{
  "sim": "MICC",
  "gauge": "SU2",
  "rep": "fundamental",
  "L": 12,
  "b": 3.0,
  "kappa": 1.0,
  "seed": 4,
  "measurement_model": "dephasing",
  "f": 0.05,
  "schedule": "during",
  "sigma": 0.08934046157366922,
  "sigma_err": 0.002077139749948914,
  "visibility": 0.00017980031488319141,
  "visibility_err": 1.7110258259015143e-05,
  "coherence": {
    "C": 0.5908814103552479,
    "P_entropy": 0.3501083853949722
  },
  "twist_scan": {
    "phi_values": [
      0.0,
      0.09817477042468103,
      0.19634954084936207,
      0.2945243112740431,
      0.39269908169872414,
      0.4908738521234052,
      0.5890486225480862,
      0.6872233929727672,
      0.7853981633974483,
      0.8835729338221293,
      0.9817477042468103,
      1.0799224746714913,
      1.1780972450961724,
      1.2762720155208536,
      1.3744467859455345,
      1.4726215563702154,
      1.5707963267948966,
      1.6689710972195777,
      1.7671458676442586,
      1.8653206380689396,
      1.9634954084936207,
      2.061670178918302,
      2.1598449493429825,
      2.2580197197676637,
      2.356194490192345,
      2.454369260617026,
      2.552544031041707,
      2.650718801466388,
      2.748893571891069,
      2.84706834231575,
      2.945243112740431,
      3.043417883165112,
      3.141592653589793,
      3.2397674240144743,
      3.3379421944391554,
      3.436116964863836,
      3.5342917352885173,
      3.6324665057131984,
      3.730641276137879,
      3.8288160465625602,
      3.9269908169872414,
      4.025165587411922,
      4.123340357836604,
      4.221515128261284,
      4.319689898685965,
      4.417864669110647,
      4.516039439535327,
      4.614214209960009,
      4.71238898038469,
      4.81056375080937,
      4.908738521234052,
      5.006913291658733,
      5.105088062083414,
      5.203262832508095,
      5.301437602932776,
      5.399612373357457,
      5.497787143782138,
      5.595961914206819,
      5.6941366846315,
      5.792311455056181,
      5.890486225480862,
      5.988660995905543,
      6.086835766330224,
      6.1850105367549055
    ],
    "mean_I": [
      -0.8882955487141977,
      -0.7351988716776867,
      0.19515485066016386,
      0.9191895912316183,
      0.671451097001851,
      -0.2861498791018004,
      -0.9412313355053358,
      -0.6012368812093823,
      0.37438912778225114,
      0.9542085074887502,
      0.5252324255813555,
      -0.4590228045002409,
      -0.9579961299216193,
      -0.4441696945737289,
      0.5392358406835069,
      0.9525577259293868,
      0.3588293665995047,
      -0.6142557409446953,
      -0.9379456703154334,
      -0.27003331566884414,
      0.6833600226342395,
      0.9143006851630839,
      0.1786366962930654,
      -0.7458831737432297,
      -0.8818504846050181,
      -0.0855197078792293,
      0.801223062147856,
      0.8409075818116949,
      -0.008420882071307296,
      -0.848846734470916,
      -0.7918662793186824,
      0.10228037432417479,
      0.8882955487141968,
      0.7351988716776869,
      -0.19515485066016525,
      -0.9191895912316179,
      -0.6714510970018531,
      0.2861498791018004,
      0.9412313355053362,
      0.6012368812093837,
      -0.3743891277822496,
      -0.954208507488751,
      -0.5252324255813544,
      0.4590228045002405,
      0.9579961299216192,
      0.4441696945737296,
      -0.5392358406835036,
      -0.9525577259293863,
      -0.3588293665995062,
      0.6142557409446905,
      0.9379456703154333,
      0.2700333156688454,
      -0.6833600226342422,
      -0.914300685163084,
      -0.17863669629306697,
      0.7458831737432312,
      0.8818504846050188,
      0.08551970787923541,
      -0.8012230621478548,
      -0.8409075818116954,
      0.00842088207130169,
      0.8488467344709159,
      0.7918662793186831,
      -0.10228037432417814
    ],
    "fit": {
      "A": 0.009666834170727452,
      "I0": 6.327489828585433e-16,
      "phi0": -2.9722833004998837,
      "R2": 5.943085148951699e-05,
      "visibility_fit": 1.0,
      "visibility_fourier": 0.00017980031488319141,
      "visibility": 0.00017980031488319141
    },
    "cycles": 16,
    "per_cycle_V": [
      0.00019708508700315137,
      0.00028329157133714244,
      0.00015509291332120316,
      0.0002772221635167289,
      0.00035796948972063267,
      0.0003057478576972058,
      0.00023311618089919082,
      0.00024085155328278261,
      0.0001810638403063055,
      0.00020194271780826667,
      9.281403870531666e-05,
      0.00026537001564864277,
      0.0001489749019889623,
      0.0001816020696896846,
      0.00022893899318952878,
      0.00029456813809131143
    ]
  },
  "diagnostics": {
    "measured_link_count": 14,
    "selection_policy": "uniform",
    "num_links": 288,
    "creutz_sizes": [
      [
        2,
        2
      ],
      [
        3,
        3
      ]
    ],
    "loop_sizes_measured": [
      [
        1,
        1
      ],
      [
        1,
        2
      ],
      [
        2,
        1
      ],
      [
        2,
        2
      ],
      [
        2,
        3
      ],
      [
        3,
        2
      ],
      [
        3,
        3
      ]
    ],
    "visibility_qc": {
      "r2_ok": false,
      "v_in_unit_interval": true,
      "i0_very_small": true
    },
    "hybrid_knobs": {
      "kick_passes": 3,
      "loop_measurement_cycles": 6
    }
  },
  "artifacts": {
    "kernel_hash": "c5f37351f163441ec05d09116a3864130c1bfed1c4688da9e07e9067e5bf8f54",
    "flip_counts_hash": "7a11042fb34eaa3744d5206ec23f7fdadc3f7966920f4b324b412fb9e9cc0219",
    "pivot_fit_hash": "e730f86cf82cf01e0490c7477184968845e3929e6af95e60cac897b00c6a8382",
    "config_hash": "3e53227bb97f97d3e0f7892c2fd75b0f2e140b1e74473c1589a222acbe454fae"
  }
}