{
  "sim": "MICC",
  "gauge": "SU2",
  "rep": "fundamental",
  "L": 12,
  "b": 3.5,
  "kappa": 0.75,
  "seed": 3,
  "measurement_model": "dephasing",
  "f": 0.3,
  "schedule": "during",
  "sigma": 0.34313618334900614,
  "sigma_err": 0.04426848307072661,
  "visibility": 5.339076512604073e-06,
  "visibility_err": 3.585549979778826e-05,
  "coherence": {
    "C": 0.477071099122397,
    "P_entropy": 0.20770707318246176
  },
  "twist_scan": {
    "phi_values": [
      0.0,
      0.09817477042468103,
      0.19634954084936207,
      0.2945243112740431,
      0.39269908169872414,
      0.4908738521234052,
      0.5890486225480862,
      0.6872233929727672,
      0.7853981633974483,
      0.8835729338221293,
      0.9817477042468103,
      1.0799224746714913,
      1.1780972450961724,
      1.2762720155208536,
      1.3744467859455345,
      1.4726215563702154,
      1.5707963267948966,
      1.6689710972195777,
      1.7671458676442586,
      1.8653206380689396,
      1.9634954084936207,
      2.061670178918302,
      2.1598449493429825,
      2.2580197197676637,
      2.356194490192345,
      2.454369260617026,
      2.552544031041707,
      2.650718801466388,
      2.748893571891069,
      2.84706834231575,
      2.945243112740431,
      3.043417883165112,
      3.141592653589793,
      3.2397674240144743,
      3.3379421944391554,
      3.436116964863836,
      3.5342917352885173,
      3.6324665057131984,
      3.730641276137879,
      3.8288160465625602,
      3.9269908169872414,
      4.025165587411922,
      4.123340357836604,
      4.221515128261284,
      4.319689898685965,
      4.417864669110647,
      4.516039439535327,
      4.614214209960009,
      4.71238898038469,
      4.81056375080937,
      4.908738521234052,
      5.006913291658733,
      5.105088062083414,
      5.203262832508095,
      5.301437602932776,
      5.399612373357457,
      5.497787143782138,
      5.595961914206819,
      5.6941366846315,
      5.792311455056181,
      5.890486225480862,
      5.988660995905543,
      6.086835766330224,
      6.1850105367549055
    ],
    "mean_I": [
      -0.32200287061985816,
      -0.13210377025645142,
      0.19745629817725296,
      0.3182642795094479,
      0.10260118744080883,
      -0.22153254960130817,
      -0.31146062940640923,
      -0.07211049910259723,
      0.243475321470693,
      0.3016574431804876,
      0.04092534723841898,
      -0.26307329289716447,
      -0.2889491308740058,
      -0.009346061908263696,
      0.2801377247025469,
      0.27345808048154463,
      -0.022323231107144677,
      -0.2945042770801859,
      -0.25533347928665334,
      0.05377753920387138,
      0.30603459227712815,
      0.2347498771067537,
      -0.08471394020027166,
      -0.31461762705491636,
      -0.21190550528297986,
      0.11483449964319478,
      0.32017072209667624,
      0.18702036760399854,
      -0.1438491400796293,
      -0.32264039806152445,
      -0.16033412154925872,
      0.17147843466115775,
      0.322002870619858,
      0.13210377025645148,
      -0.19745629817725333,
      -0.3182642795094482,
      -0.10260118744080923,
      0.22153254960130817,
      0.31146062940640984,
      0.07211049910259792,
      -0.24347532147069262,
      -0.3016574431804887,
      -0.04092534723841874,
      0.26307329289716447,
      0.2889491308740065,
      0.009346061908264137,
      -0.28013772470254605,
      -0.2734580804815441,
      0.02232323110714419,
      0.2945042770801849,
      0.255333479286653,
      -0.05377753920387118,
      -0.3060345922771282,
      -0.23474987710675388,
      0.08471394020027129,
      0.31461762705491636,
      0.2119055052829803,
      -0.11483449964319249,
      -0.3201707220966758,
      -0.18702036760399895,
      0.14384914007962735,
      0.32264039806152445,
      0.16033412154925905,
      -0.1714784346611589
    ],
    "fit": {
      "A": 3.806049972323341e-15,
      "I0": 1.737240309432259e-18,
      "phi0": -2.1354208360918747,
      "R2": 1.1102230246251565e-16,
      "visibility_fit": 0.003806049972323341,
      "visibility_fourier": 5.339076512604073e-06,
      "visibility": 5.339076512604073e-06
    },
    "cycles": 8,
    "per_cycle_V": [
      0.00030290408645296404,
      0.000312038131886036,
      0.0003113681072390325,
      0.00037419855415478647,
      0.0002963306818989127,
      0.00035496919867862597,
      0.00014659439799662445,
      8.693111113155245e-05
    ]
  },
  "diagnostics": {
    "measured_link_count": 86,
    "selection_policy": "uniform",
    "num_links": 288,
    "visibility_qc": {
      "r2_ok": false,
      "v_in_unit_interval": true,
      "i0_very_small": true
    },
    "hybrid_knobs": {
      "kick_passes": 3,
      "loop_measurement_cycles": 4
    }
  },
  "artifacts": {
    "kernel_hash": "c5f37351f163441ec05d09116a3864130c1bfed1c4688da9e07e9067e5bf8f54",
    "flip_counts_hash": "f9f0d5ea10777d9547c57c830847aa737adfb2a8c3d087b6a31b748452bdd993",
    "pivot_fit_hash": "32e5af21ae29df0c4428cd8be3189fb5b9433eb374572ce92302aca28369a080",
    "config_hash": "09be816148e3d54a4ba01072548fde7efe2f97f681380c3e050adf0677f43c72"
  }
}