{
  "sim": "MICC",
  "gauge": "SU2",
  "rep": "fundamental",
  "L": 8,
  "b": 3.0,
  "kappa": 1.0,
  "seed": 0,
  "measurement_model": "dephasing",
  "f": 0.5,
  "schedule": "during",
  "sigma": 0.4263477837910155,
  "sigma_err": 0.04549348203121256,
  "visibility": 7.497318778578123e-05,
  "visibility_err": 1.2428337405777068e-05,
  "coherence": {
    "C": 0.5864660575881407,
    "P_entropy": 0.1523531656542818
  },
  "twist_scan": {
    "phi_values": [
      0.0,
      0.09817477042468103,
      0.19634954084936207,
      0.2945243112740431,
      0.39269908169872414,
      0.4908738521234052,
      0.5890486225480862,
      0.6872233929727672,
      0.7853981633974483,
      0.8835729338221293,
      0.9817477042468103,
      1.0799224746714913,
      1.1780972450961724,
      1.2762720155208536,
      1.3744467859455345,
      1.4726215563702154,
      1.5707963267948966,
      1.6689710972195777,
      1.7671458676442586,
      1.8653206380689396,
      1.9634954084936207,
      2.061670178918302,
      2.1598449493429825,
      2.2580197197676637,
      2.356194490192345,
      2.454369260617026,
      2.552544031041707,
      2.650718801466388,
      2.748893571891069,
      2.84706834231575,
      2.945243112740431,
      3.043417883165112,
      3.141592653589793,
      3.2397674240144743,
      3.3379421944391554,
      3.436116964863836,
      3.5342917352885173,
      3.6324665057131984,
      3.730641276137879,
      3.8288160465625602,
      3.9269908169872414,
      4.025165587411922,
      4.123340357836604,
      4.221515128261284,
      4.319689898685965,
      4.417864669110647,
      4.516039439535327,
      4.614214209960009,
      4.71238898038469,
      4.81056375080937,
      4.908738521234052,
      5.006913291658733,
      5.105088062083414,
      5.203262832508095,
      5.301437602932776,
      5.399612373357457,
      5.497787143782138,
      5.595961914206819,
      5.6941366846315,
      5.792311455056181,
      5.890486225480862,
      5.988660995905543,
      6.086835766330224,
      6.1850105367549055
    ],
    "mean_I": [
      0.4619114288897691,
      0.3414542710902593,
      0.06598401290647918,
      -0.23944160762719865,
      -0.4361657442380862,
      -0.43487975176235844,
      -0.23616744389810415,
      0.06975994600797394,
      0.34401777887847235,
      0.462098732423405,
      0.3703965224194531,
      0.11054203501548018,
      -0.19949622521354168,
      -0.41896737000842943,
      -0.44823608805527676,
      -0.2740149932738696,
      0.024603179697634682,
      0.3120520234583365,
      0.4578357725549411,
      0.39577165275841214,
      0.15403547689885802,
      -0.1576295850953488,
      -0.3977341109747284,
      -0.4572756657894523,
      -0.30922362847257495,
      -0.02079052868265871,
      0.27708103646730897,
      0.44916360391828136,
      0.4173352857305146,
      0.19604547293534313,
      -0.11424488590358974,
      -0.3726704550287604,
      -0.4619114288897691,
      -0.3414542710902593,
      -0.06598401290647889,
      0.23944160762719807,
      0.43616574423808635,
      0.43487975176235844,
      0.2361674438981051,
      -0.06975994600797308,
      -0.3440177788784719,
      -0.4620987324234052,
      -0.37039652241945276,
      -0.11054203501548047,
      0.1994962252135401,
      0.4189673700084289,
      0.4482360880552769,
      0.27401499327386875,
      -0.024603179697634155,
      -0.31205202345833505,
      -0.4578357725549412,
      -0.39577165275841225,
      -0.154035476898857,
      0.1576295850953485,
      0.39773411097472827,
      0.4572756657894521,
      0.3092236284725753,
      0.02079052868266066,
      -0.27708103646730875,
      -0.44916360391828103,
      -0.4173352857305153,
      -0.19604547293534358,
      0.11424488590358924,
      0.37267045502876106
    ],
    "fit": {
      "A": 3.414681102230327e-05,
      "I0": 5.3611961343758425e-17,
      "phi0": 2.840400350649302,
      "R2": 5.8499023403157935e-09,
      "visibility_fit": 1.0,
      "visibility_fourier": 7.497318778578123e-05,
      "visibility": 7.497318778578123e-05
    },
    "cycles": 16,
    "per_cycle_V": [
      0.00017348874538052473,
      0.0001377976602912481,
      0.0001330165399837741,
      0.00015049979808282756,
      0.00014604746561712315,
      0.00019194396318403514,
      0.00018001099797904397,
      4.246766072847779e-05,
      0.00017636473830740198,
      0.00018132013146676727,
      0.00016524109016757986,
      0.00023004920444326838,
      0.00014968902382044613,
      0.00015898293484185305,
      0.0002615379710747504,
      9.606422825675252e-05
    ]
  },
  "diagnostics": {
    "measured_link_count": 64,
    "selection_policy": "uniform",
    "num_links": 128,
    "creutz_sizes": [
      [
        2,
        2
      ],
      [
        3,
        3
      ]
    ],
    "loop_sizes_measured": [
      [
        1,
        1
      ],
      [
        1,
        2
      ],
      [
        2,
        1
      ],
      [
        2,
        2
      ],
      [
        2,
        3
      ],
      [
        3,
        2
      ],
      [
        3,
        3
      ]
    ],
    "visibility_qc": {
      "r2_ok": false,
      "v_in_unit_interval": true,
      "i0_very_small": true
    },
    "hybrid_knobs": {
      "kick_passes": 3,
      "loop_measurement_cycles": 6
    }
  },
  "artifacts": {
    "kernel_hash": "bb669db8d373312f24e4630fcfc599d4f7b832920772c12cef62ec22cd65bc64",
    "flip_counts_hash": "051ffecc2b526e5161a7cdb343471ea2bcf4c30d07d6aca6b7e9329b81a2e42c",
    "pivot_fit_hash": "e730f86cf82cf01e0490c7477184968845e3929e6af95e60cac897b00c6a8382",
    "config_hash": "3e53227bb97f97d3e0f7892c2fd75b0f2e140b1e74473c1589a222acbe454fae"
  }
}