{
  "sim": "MICC",
  "gauge": "SU2",
  "rep": "fundamental",
  "L": 8,
  "b": 3.0,
  "kappa": 0.75,
  "seed": 2,
  "measurement_model": "dephasing",
  "f": 0.2,
  "schedule": "during",
  "sigma": 0.28585320055985175,
  "sigma_err": 0.04016452258536488,
  "visibility": 0.00016309892959475775,
  "visibility_err": 2.2527132014014337e-05,
  "coherence": {
    "C": 0.5912162053255373,
    "P_entropy": 0.2901691884946046
  },
  "twist_scan": {
    "phi_values": [
      0.0,
      0.09817477042468103,
      0.19634954084936207,
      0.2945243112740431,
      0.39269908169872414,
      0.4908738521234052,
      0.5890486225480862,
      0.6872233929727672,
      0.7853981633974483,
      0.8835729338221293,
      0.9817477042468103,
      1.0799224746714913,
      1.1780972450961724,
      1.2762720155208536,
      1.3744467859455345,
      1.4726215563702154,
      1.5707963267948966,
      1.6689710972195777,
      1.7671458676442586,
      1.8653206380689396,
      1.9634954084936207,
      2.061670178918302,
      2.1598449493429825,
      2.2580197197676637,
      2.356194490192345,
      2.454369260617026,
      2.552544031041707,
      2.650718801466388,
      2.748893571891069,
      2.84706834231575,
      2.945243112740431,
      3.043417883165112,
      3.141592653589793,
      3.2397674240144743,
      3.3379421944391554,
      3.436116964863836,
      3.5342917352885173,
      3.6324665057131984,
      3.730641276137879,
      3.8288160465625602,
      3.9269908169872414,
      4.025165587411922,
      4.123340357836604,
      4.221515128261284,
      4.319689898685965,
      4.417864669110647,
      4.516039439535327,
      4.614214209960009,
      4.71238898038469,
      4.81056375080937,
      4.908738521234052,
      5.006913291658733,
      5.105088062083414,
      5.203262832508095,
      5.301437602932776,
      5.399612373357457,
      5.497787143782138,
      5.595961914206819,
      5.6941366846315,
      5.792311455056181,
      5.890486225480862,
      5.988660995905543,
      6.086835766330224,
      6.1850105367549055
    ],
    "mean_I": [
      0.7313720160443787,
      0.392828765472755,
      -0.12405053186034115,
      -0.5846134812192569,
      -0.7797741324581906,
      -0.6209336300848245,
      -0.18020224134188978,
      0.3423371975314735,
      0.7094627058753562,
      0.7545069782938522,
      0.45702085683720367,
      -0.0479431788139453,
      -0.531142013618442,
      -0.773213478680432,
      -0.6642621897834369,
      -0.2537497542720068,
      0.2719597646024637,
      0.6742052361355538,
      0.7703756258868869,
      0.5168115875172967,
      0.028625893252834572,
      -0.47255535807472226,
      -0.7592063564214966,
      -0.701193541471785,
      -0.32485351835475756,
      0.1989632104720027,
      0.6324548014136943,
      0.7788251350724757,
      0.5716251400916456,
      0.10491928231908551,
      -0.4094177361077054,
      -0.7378876619258122,
      -0.7313720160443788,
      -0.39282876547275525,
      0.12405053186034176,
      0.5846134812192564,
      0.7797741324581907,
      0.6209336300848245,
      0.1802022413418916,
      -0.342337197531472,
      -0.7094627058753558,
      -0.7545069782938534,
      -0.45702085683720295,
      0.047943178813945046,
      0.5311420136184396,
      0.7732134786804314,
      0.6642621897834377,
      0.2537497542720052,
      -0.271959764602463,
      -0.674205236135552,
      -0.7703756258868868,
      -0.5168115875172972,
      -0.028625893252833004,
      0.4725553580747219,
      0.7592063564214966,
      0.7011935414717845,
      0.32485351835475823,
      -0.19896321047199925,
      -0.6324548014136937,
      -0.7788251350724756,
      -0.5716251400916477,
      -0.10491928231908615,
      0.4094177361077044,
      0.7378876619258133
    ],
    "fit": {
      "A": 0.09446325594930917,
      "I0": 3.626390772641685e-16,
      "phi0": 0.48132530557188685,
      "R2": 0.010194047591697508,
      "visibility_fit": 1.0,
      "visibility_fourier": 0.00016309892959475775,
      "visibility": 0.00016309892959475775
    },
    "cycles": 8,
    "per_cycle_V": [
      0.00021357461901681625,
      0.00022406196698972092,
      0.00018862326085642832,
      4.5290591099972316e-05,
      0.00017731462772062375,
      0.0001018180719655009,
      0.00019170509503715368,
      0.00010614538609346587
    ]
  },
  "diagnostics": {
    "measured_link_count": 26,
    "selection_policy": "uniform",
    "num_links": 128,
    "visibility_qc": {
      "r2_ok": false,
      "v_in_unit_interval": true,
      "i0_very_small": true
    },
    "hybrid_knobs": {
      "kick_passes": 3,
      "loop_measurement_cycles": 4
    }
  },
  "artifacts": {
    "kernel_hash": "bb669db8d373312f24e4630fcfc599d4f7b832920772c12cef62ec22cd65bc64",
    "flip_counts_hash": "2268e99a6015a7b96d81d3b1a331fda63562012ba66381118831ac9c8b2f0d5d",
    "pivot_fit_hash": "d04f83ead3fcfaea1653e658999e83d0abac9536c46d06a4e4ad9b696714687e",
    "config_hash": "09be816148e3d54a4ba01072548fde7efe2f97f681380c3e050adf0677f43c72"
  }
}