{
  "sim": "MICC",
  "gauge": "SU2",
  "rep": "fundamental",
  "L": 12,
  "b": 3.5,
  "kappa": 0.75,
  "seed": 4,
  "measurement_model": "dephasing",
  "f": 0.3,
  "schedule": "during",
  "sigma": 0.3752946238519086,
  "sigma_err": 0.045695427375759254,
  "visibility": 0.0001117315447169188,
  "visibility_err": 4.1407466996504874e-05,
  "coherence": {
    "C": 0.47138828677268285,
    "P_entropy": 0.20862208456642348
  },
  "twist_scan": {
    "phi_values": [
      0.0,
      0.09817477042468103,
      0.19634954084936207,
      0.2945243112740431,
      0.39269908169872414,
      0.4908738521234052,
      0.5890486225480862,
      0.6872233929727672,
      0.7853981633974483,
      0.8835729338221293,
      0.9817477042468103,
      1.0799224746714913,
      1.1780972450961724,
      1.2762720155208536,
      1.3744467859455345,
      1.4726215563702154,
      1.5707963267948966,
      1.6689710972195777,
      1.7671458676442586,
      1.8653206380689396,
      1.9634954084936207,
      2.061670178918302,
      2.1598449493429825,
      2.2580197197676637,
      2.356194490192345,
      2.454369260617026,
      2.552544031041707,
      2.650718801466388,
      2.748893571891069,
      2.84706834231575,
      2.945243112740431,
      3.043417883165112,
      3.141592653589793,
      3.2397674240144743,
      3.3379421944391554,
      3.436116964863836,
      3.5342917352885173,
      3.6324665057131984,
      3.730641276137879,
      3.8288160465625602,
      3.9269908169872414,
      4.025165587411922,
      4.123340357836604,
      4.221515128261284,
      4.319689898685965,
      4.417864669110647,
      4.516039439535327,
      4.614214209960009,
      4.71238898038469,
      4.81056375080937,
      4.908738521234052,
      5.006913291658733,
      5.105088062083414,
      5.203262832508095,
      5.301437602932776,
      5.399612373357457,
      5.497787143782138,
      5.595961914206819,
      5.6941366846315,
      5.792311455056181,
      5.890486225480862,
      5.988660995905543,
      6.086835766330224,
      6.1850105367549055
    ],
    "mean_I": [
      -0.3289605513869022,
      -0.3715440569933209,
      -0.02132876072058565,
      0.3514354405848674,
      0.35265980051401213,
      -0.018950082240842075,
      -0.3705258143758467,
      -0.33037923737229696,
      0.05904642555112222,
      0.3860478220243728,
      0.3049169415710242,
      -0.09857411950528418,
      -0.39785197811159845,
      -0.27651812893786665,
      0.13715249080251676,
      0.40582460216159455,
      0.24545629556285226,
      -0.1744100086381429,
      -0.4098889134464811,
      -0.21203058388150814,
      0.2099878627483739,
      0.4100057704268054,
      0.17656290176967732,
      -0.24354341894929576,
      -0.40617404770596666,
      -0.13939482239470288,
      0.2747535188913619,
      0.3984306468683992,
      0.10088429467910835,
      -0.3033175922509512,
      -0.38685014109714255,
      -0.06140219605678841,
      0.32896055138690206,
      0.37154405699332094,
      0.021328760720584997,
      -0.35143544058486703,
      -0.3526598005140129,
      0.018950082240842075,
      0.3705258143758464,
      0.33037923737229735,
      -0.05904642555112145,
      -0.38604782202437266,
      -0.30491694157102356,
      0.09857411950528407,
      0.39785197811159806,
      0.27651812893786676,
      -0.1371524908025151,
      -0.405824602161595,
      -0.24545629556285262,
      0.1744100086381405,
      0.4098889134464811,
      0.2120305838815085,
      -0.20998786274837494,
      -0.4100057704268055,
      -0.17656290176967798,
      0.24354341894929676,
      0.4061740477059665,
      0.13939482239470563,
      -0.2747535188913615,
      -0.39843064686839896,
      -0.10088429467911061,
      0.303317592250951,
      0.3868501410971422,
      0.06140219605678697
    ],
    "fit": {
      "A": 2.912962700150419e-09,
      "I0": -4.828170624706677e-17,
      "phi0": -2.685681611854457,
      "R2": 0.0,
      "visibility_fit": 1.0,
      "visibility_fourier": 0.0001117315447169188,
      "visibility": 0.0001117315447169188
    },
    "cycles": 8,
    "per_cycle_V": [
      0.0002449462567744472,
      0.0001632485914954013,
      0.00011175700191704682,
      0.0003980235976089115,
      0.00011123745212054149,
      0.00017201885691143037,
      0.0004013177526837763,
      0.0002803800482606666
    ]
  },
  "diagnostics": {
    "measured_link_count": 86,
    "selection_policy": "uniform",
    "num_links": 288,
    "visibility_qc": {
      "r2_ok": false,
      "v_in_unit_interval": true,
      "i0_very_small": true
    },
    "hybrid_knobs": {
      "kick_passes": 3,
      "loop_measurement_cycles": 4
    }
  },
  "artifacts": {
    "kernel_hash": "c5f37351f163441ec05d09116a3864130c1bfed1c4688da9e07e9067e5bf8f54",
    "flip_counts_hash": "7a11042fb34eaa3744d5206ec23f7fdadc3f7966920f4b324b412fb9e9cc0219",
    "pivot_fit_hash": "32e5af21ae29df0c4428cd8be3189fb5b9433eb374572ce92302aca28369a080",
    "config_hash": "09be816148e3d54a4ba01072548fde7efe2f97f681380c3e050adf0677f43c72"
  }
}