{
  "sim": "MICC",
  "gauge": "SU2",
  "rep": "fundamental",
  "L": 12,
  "b": 3.0,
  "kappa": 0.75,
  "seed": 4,
  "measurement_model": "dephasing",
  "f": 0.2,
  "schedule": "during",
  "sigma": 0.19128938515554092,
  "sigma_err": 0.013803187130300142,
  "visibility": 0.00015399165060179542,
  "visibility_err": 2.6797431199780083e-05,
  "coherence": {
    "C": 0.5862648403038543,
    "P_entropy": 0.28979434908554336
  },
  "twist_scan": {
    "phi_values": [
      0.0,
      0.09817477042468103,
      0.19634954084936207,
      0.2945243112740431,
      0.39269908169872414,
      0.4908738521234052,
      0.5890486225480862,
      0.6872233929727672,
      0.7853981633974483,
      0.8835729338221293,
      0.9817477042468103,
      1.0799224746714913,
      1.1780972450961724,
      1.2762720155208536,
      1.3744467859455345,
      1.4726215563702154,
      1.5707963267948966,
      1.6689710972195777,
      1.7671458676442586,
      1.8653206380689396,
      1.9634954084936207,
      2.061670178918302,
      2.1598449493429825,
      2.2580197197676637,
      2.356194490192345,
      2.454369260617026,
      2.552544031041707,
      2.650718801466388,
      2.748893571891069,
      2.84706834231575,
      2.945243112740431,
      3.043417883165112,
      3.141592653589793,
      3.2397674240144743,
      3.3379421944391554,
      3.436116964863836,
      3.5342917352885173,
      3.6324665057131984,
      3.730641276137879,
      3.8288160465625602,
      3.9269908169872414,
      4.025165587411922,
      4.123340357836604,
      4.221515128261284,
      4.319689898685965,
      4.417864669110647,
      4.516039439535327,
      4.614214209960009,
      4.71238898038469,
      4.81056375080937,
      4.908738521234052,
      5.006913291658733,
      5.105088062083414,
      5.203262832508095,
      5.301437602932776,
      5.399612373357457,
      5.497787143782138,
      5.595961914206819,
      5.6941366846315,
      5.792311455056181,
      5.890486225480862,
      5.988660995905543,
      6.086835766330224,
      6.1850105367549055
    ],
    "mean_I": [
      -0.5070719399299695,
      -0.5015424397660683,
      0.034221000959021156,
      0.5338057761320718,
      0.46904760097603415,
      -0.09159075909974145,
      -0.5553987709021027,
      -0.4320355773811008,
      0.14807844816172983,
      0.5716429718964942,
      0.3908628150013169,
      -0.20314006082000516,
      -0.5823819385796879,
      -0.3459258300457204,
      0.25624532364493285,
      0.5875122488320066,
      0.29765739024449,
      -0.30688280392521705,
      -0.586984494961209,
      -0.24652234705912524,
      0.35456483504449465,
      0.5808037595255704,
      0.19301315890875706,
      -0.39883221297743926,
      -0.5690295663860683,
      -0.13764514852636983,
      0.4392586186755477,
      0.5517753074590668,
      0.08095154011918448,
      -0.47545472375262193,
      -0.5292071506901695,
      -0.023478324128038002,
      0.5070719399299688,
      0.5015424397660684,
      -0.034221000959021954,
      -0.5338057761320714,
      -0.46904760097603515,
      0.09159075909974145,
      0.5553987709021027,
      0.43203557738110143,
      -0.1480784481617287,
      -0.571642971896494,
      -0.3908628150013162,
      0.203140060820005,
      0.582381938579687,
      0.345925830045721,
      -0.2562453236449305,
      -0.5875122488320068,
      -0.29765739024449084,
      0.3068828039252138,
      0.5869844949612089,
      0.2465223470591259,
      -0.35456483504449626,
      -0.5808037595255702,
      -0.1930131589087579,
      0.39883221297744065,
      0.5690295663860686,
      0.13764514852637372,
      -0.43925861867554705,
      -0.5517753074590668,
      -0.080951540119188,
      0.47545472375262177,
      0.5292071506901695,
      0.02347832412803579
    ],
    "fit": {
      "A": 3.697274524580326e-15,
      "I0": 3.146698385008035e-17,
      "phi0": -2.845175494476348,
      "R2": 2.220446049250313e-16,
      "visibility_fit": 0.003697274524580326,
      "visibility_fourier": 0.00015399165060179542,
      "visibility": 0.00015399165060179542
    },
    "cycles": 16,
    "per_cycle_V": [
      0.00023139069080264164,
      0.0002994537548397877,
      0.00016593210394612716,
      0.00015441996606150397,
      0.00034479238303539243,
      0.00027399882568851383,
      0.00039019645395993924,
      0.0003859915661098904,
      0.0004782280962322549,
      0.0002772628670349345,
      0.00045401069214651325,
      0.00018191351989143783,
      0.00015544056473018153,
      0.0004333583073111884,
      0.0003388269696726901,
      0.0003251352215095418
    ]
  },
  "diagnostics": {
    "measured_link_count": 58,
    "selection_policy": "uniform",
    "num_links": 288,
    "creutz_sizes": [
      [
        2,
        2
      ],
      [
        3,
        3
      ]
    ],
    "loop_sizes_measured": [
      [
        1,
        1
      ],
      [
        1,
        2
      ],
      [
        2,
        1
      ],
      [
        2,
        2
      ],
      [
        2,
        3
      ],
      [
        3,
        2
      ],
      [
        3,
        3
      ]
    ],
    "visibility_qc": {
      "r2_ok": false,
      "v_in_unit_interval": true,
      "i0_very_small": true
    },
    "hybrid_knobs": {
      "kick_passes": 3,
      "loop_measurement_cycles": 6
    }
  },
  "artifacts": {
    "kernel_hash": "c5f37351f163441ec05d09116a3864130c1bfed1c4688da9e07e9067e5bf8f54",
    "flip_counts_hash": "7a11042fb34eaa3744d5206ec23f7fdadc3f7966920f4b324b412fb9e9cc0219",
    "pivot_fit_hash": "d04f83ead3fcfaea1653e658999e83d0abac9536c46d06a4e4ad9b696714687e",
    "config_hash": "3e53227bb97f97d3e0f7892c2fd75b0f2e140b1e74473c1589a222acbe454fae"
  }
}