{
  "sim": "MICC",
  "gauge": "SU2",
  "rep": "fundamental",
  "L": 8,
  "b": 3.5,
  "kappa": 0.75,
  "seed": 0,
  "measurement_model": "dephasing",
  "f": 0.1,
  "schedule": "during",
  "sigma": 0.25983820730239215,
  "sigma_err": 0.014871752578234539,
  "visibility": 0.00014501357060418265,
  "visibility_err": 8.890468090658419e-06,
  "coherence": {
    "C": 0.4649466837523463,
    "P_entropy": 0.30015521363164477
  },
  "twist_scan": {
    "phi_values": [
      0.0,
      0.09817477042468103,
      0.19634954084936207,
      0.2945243112740431,
      0.39269908169872414,
      0.4908738521234052,
      0.5890486225480862,
      0.6872233929727672,
      0.7853981633974483,
      0.8835729338221293,
      0.9817477042468103,
      1.0799224746714913,
      1.1780972450961724,
      1.2762720155208536,
      1.3744467859455345,
      1.4726215563702154,
      1.5707963267948966,
      1.6689710972195777,
      1.7671458676442586,
      1.8653206380689396,
      1.9634954084936207,
      2.061670178918302,
      2.1598449493429825,
      2.2580197197676637,
      2.356194490192345,
      2.454369260617026,
      2.552544031041707,
      2.650718801466388,
      2.748893571891069,
      2.84706834231575,
      2.945243112740431,
      3.043417883165112,
      3.141592653589793,
      3.2397674240144743,
      3.3379421944391554,
      3.436116964863836,
      3.5342917352885173,
      3.6324665057131984,
      3.730641276137879,
      3.8288160465625602,
      3.9269908169872414,
      4.025165587411922,
      4.123340357836604,
      4.221515128261284,
      4.319689898685965,
      4.417864669110647,
      4.516039439535327,
      4.614214209960009,
      4.71238898038469,
      4.81056375080937,
      4.908738521234052,
      5.006913291658733,
      5.105088062083414,
      5.203262832508095,
      5.301437602932776,
      5.399612373357457,
      5.497787143782138,
      5.595961914206819,
      5.6941366846315,
      5.792311455056181,
      5.890486225480862,
      5.988660995905543,
      6.086835766330224,
      6.1850105367549055
    ],
    "mean_I": [
      0.6858746371859098,
      0.1272119187926695,
      -0.4892023511477797,
      -0.8835289812863933,
      -0.8767519256188445,
      -0.47194782573215815,
      0.1471107201532978,
      0.6993840746925971,
      0.9341516811523077,
      0.744833954421619,
      0.21737718442252515,
      -0.40876428265927606,
      -0.849335311336408,
      -0.9043258654869999,
      -0.5487713831991018,
      0.05591383404853084,
      0.6352153396133106,
      0.9261423612663687,
      0.7966201135085919,
      0.30544898893593575,
      -0.3243895906754788,
      -0.8069620780443442,
      -0.9231906529157099,
      -0.6203099722568857,
      -0.03582153284373259,
      0.5649291335695216,
      0.9092137841605205,
      0.8407343854256255,
      0.3905791527104898,
      -0.23689084960408738,
      -0.7568173588103675,
      -0.933164609689496,
      -0.6858746371859106,
      -0.12721191879266952,
      0.4892023511477805,
      0.883528981286393,
      0.8767519256188454,
      0.47194782573215815,
      -0.14711072015329577,
      -0.6993840746925959,
      -0.9341516811523081,
      -0.7448339544216216,
      -0.21737718442252438,
      0.4087642826592759,
      0.8493353113364065,
      0.9043258654869996,
      0.5487713831991037,
      -0.05591383404853295,
      -0.6352153396133097,
      -0.9261423612663676,
      -0.7966201135085913,
      -0.3054489889359364,
      0.3243895906754807,
      0.8069620780443436,
      0.9231906529157105,
      0.6203099722568839,
      0.03582153284373359,
      -0.5649291335695182,
      -0.90921378416052,
      -0.8407343854256255,
      -0.39057915271049287,
      0.23689084960408688,
      0.7568173588103666,
      0.9331646096894965
    ],
    "fit": {
      "A": 0.3145856899799124,
      "I0": 6.056596197733744e-16,
      "phi0": -0.33246446881818015,
      "R2": 0.06958420210157101,
      "visibility_fit": 1.0,
      "visibility_fourier": 0.00014501357060418265,
      "visibility": 0.00014501357060418265
    },
    "cycles": 16,
    "per_cycle_V": [
      0.00013962924523455738,
      0.00016486776231886587,
      0.0001764722224734867,
      0.0001690131743991049,
      0.00018402804510619662,
      0.00012991203420793617,
      0.000128064425906153,
      0.0001786524376411039,
      0.00019350381612090448,
      0.0001980516592597156,
      0.000216208181826447,
      0.0001534190131119836,
      0.00010752487245935066,
      0.00014238696527756877,
      8.239965042476556e-05,
      0.0001819404960340658
    ]
  },
  "diagnostics": {
    "measured_link_count": 13,
    "selection_policy": "uniform",
    "num_links": 128,
    "creutz_sizes": [
      [
        2,
        2
      ],
      [
        3,
        3
      ]
    ],
    "loop_sizes_measured": [
      [
        1,
        1
      ],
      [
        1,
        2
      ],
      [
        2,
        1
      ],
      [
        2,
        2
      ],
      [
        2,
        3
      ],
      [
        3,
        2
      ],
      [
        3,
        3
      ]
    ],
    "visibility_qc": {
      "r2_ok": false,
      "v_in_unit_interval": true,
      "i0_very_small": true
    },
    "hybrid_knobs": {
      "kick_passes": 3,
      "loop_measurement_cycles": 6
    }
  },
  "artifacts": {
    "kernel_hash": "bb669db8d373312f24e4630fcfc599d4f7b832920772c12cef62ec22cd65bc64",
    "flip_counts_hash": "051ffecc2b526e5161a7cdb343471ea2bcf4c30d07d6aca6b7e9329b81a2e42c",
    "pivot_fit_hash": "32e5af21ae29df0c4428cd8be3189fb5b9433eb374572ce92302aca28369a080",
    "config_hash": "3e53227bb97f97d3e0f7892c2fd75b0f2e140b1e74473c1589a222acbe454fae"
  }
}