{
  "sim": "MICC",
  "gauge": "SU2",
  "rep": "fundamental",
  "L": 8,
  "b": 3.0,
  "kappa": 0.75,
  "seed": 1,
  "measurement_model": "dephasing",
  "f": 0.3,
  "schedule": "during",
  "sigma": 0.3232635864037118,
  "sigma_err": 0.03515180089264156,
  "visibility": 0.0001378972295355124,
  "visibility_err": 1.8538082279696085e-05,
  "coherence": {
    "C": 0.5860435161569961,
    "P_entropy": 0.2443484893526188
  },
  "twist_scan": {
    "phi_values": [
      0.0,
      0.09817477042468103,
      0.19634954084936207,
      0.2945243112740431,
      0.39269908169872414,
      0.4908738521234052,
      0.5890486225480862,
      0.6872233929727672,
      0.7853981633974483,
      0.8835729338221293,
      0.9817477042468103,
      1.0799224746714913,
      1.1780972450961724,
      1.2762720155208536,
      1.3744467859455345,
      1.4726215563702154,
      1.5707963267948966,
      1.6689710972195777,
      1.7671458676442586,
      1.8653206380689396,
      1.9634954084936207,
      2.061670178918302,
      2.1598449493429825,
      2.2580197197676637,
      2.356194490192345,
      2.454369260617026,
      2.552544031041707,
      2.650718801466388,
      2.748893571891069,
      2.84706834231575,
      2.945243112740431,
      3.043417883165112,
      3.141592653589793,
      3.2397674240144743,
      3.3379421944391554,
      3.436116964863836,
      3.5342917352885173,
      3.6324665057131984,
      3.730641276137879,
      3.8288160465625602,
      3.9269908169872414,
      4.025165587411922,
      4.123340357836604,
      4.221515128261284,
      4.319689898685965,
      4.417864669110647,
      4.516039439535327,
      4.614214209960009,
      4.71238898038469,
      4.81056375080937,
      4.908738521234052,
      5.006913291658733,
      5.105088062083414,
      5.203262832508095,
      5.301437602932776,
      5.399612373357457,
      5.497787143782138,
      5.595961914206819,
      5.6941366846315,
      5.792311455056181,
      5.890486225480862,
      5.988660995905543,
      6.086835766330224,
      6.1850105367549055
    ],
    "mean_I": [
      0.5749213452852729,
      0.28650591902621214,
      -0.1319772045701536,
      -0.490545436502854,
      -0.6264162959620323,
      -0.4779072533679802,
      -0.11243830922061307,
      0.3040752765960488,
      0.5825450440564358,
      0.5965515406245127,
      0.33973610968835244,
      -0.0713124122767407,
      -0.44998658997722085,
      -0.624376263574146,
      -0.5153121671715434,
      -0.1723071203630734,
      0.24892175671257033,
      0.5571453603795388,
      0.6124366185192948,
      0.3896944558955454,
      -0.009960842469774467,
      -0.4050941266024154,
      -0.6163231464492548,
      -0.54775434310696,
      -0.23051651974378268,
      0.1913709842374763,
      0.5263800623155523,
      0.6224235969858247,
      0.4358998314638043,
      0.05148665569532675,
      -0.35630038534145164,
      -0.6023345005075547,
      -0.5749213452852734,
      -0.28650591902621214,
      0.13197720457015405,
      0.4905454365028533,
      0.6264162959620327,
      0.4779072533679802,
      0.11243830922061454,
      -0.3040752765960478,
      -0.5825450440564357,
      -0.5965515406245139,
      -0.3397361096883521,
      0.07131241227674057,
      0.4499865899772193,
      0.6243762635741457,
      0.5153121671715442,
      0.17230712036307202,
      -0.24892175671256977,
      -0.5571453603795374,
      -0.6124366185192945,
      -0.3896944558955457,
      0.009960842469775792,
      0.40509412660241495,
      0.6163231464492547,
      0.5477543431069591,
      0.23051651974378345,
      -0.19137098423747353,
      -0.5263800623155519,
      -0.6224235969858244,
      -0.43589983146380595,
      -0.05148665569532723,
      0.3563003853414509,
      0.6023345005075552
    ],
    "fit": {
      "A": 0.00019705941101463986,
      "I0": -6.966359608293903e-20,
      "phi0": -2.9660356188254795,
      "R2": 8.776372506513752e-08,
      "visibility_fit": 1.0,
      "visibility_fourier": 0.0001378972295355124,
      "visibility": 0.0001378972295355124
    },
    "cycles": 16,
    "per_cycle_V": [
      2.9908459274012026e-05,
      0.0001403440140620759,
      0.00010634028237178236,
      5.594483210025203e-05,
      0.00014454785694519284,
      0.0002183126621478691,
      0.00020538360864529005,
      0.00015795888017368113,
      3.191384549900384e-05,
      4.354311188809626e-05,
      0.0002542480679254195,
      0.00021551258512414863,
      0.00015793860003656917,
      0.00022340627041633713,
      0.00017881728385957339,
      8.624935611336314e-05
    ]
  },
  "diagnostics": {
    "measured_link_count": 38,
    "selection_policy": "uniform",
    "num_links": 128,
    "creutz_sizes": [
      [
        2,
        2
      ],
      [
        3,
        3
      ]
    ],
    "loop_sizes_measured": [
      [
        1,
        1
      ],
      [
        1,
        2
      ],
      [
        2,
        1
      ],
      [
        2,
        2
      ],
      [
        2,
        3
      ],
      [
        3,
        2
      ],
      [
        3,
        3
      ]
    ],
    "visibility_qc": {
      "r2_ok": false,
      "v_in_unit_interval": true,
      "i0_very_small": true
    },
    "hybrid_knobs": {
      "kick_passes": 3,
      "loop_measurement_cycles": 6
    }
  },
  "artifacts": {
    "kernel_hash": "bb669db8d373312f24e4630fcfc599d4f7b832920772c12cef62ec22cd65bc64",
    "flip_counts_hash": "2f22c538feb77f48a899689bff9bdbb91197c5203a770852a4a789b6ab244652",
    "pivot_fit_hash": "d04f83ead3fcfaea1653e658999e83d0abac9536c46d06a4e4ad9b696714687e",
    "config_hash": "3e53227bb97f97d3e0f7892c2fd75b0f2e140b1e74473c1589a222acbe454fae"
  }
}