{
  "sim": "MICC",
  "gauge": "SU2",
  "rep": "fundamental",
  "L": 8,
  "b": 3.5,
  "kappa": 1.0,
  "seed": 4,
  "measurement_model": "dephasing",
  "f": 0.3,
  "schedule": "pre",
  "sigma": 0.28278083702474804,
  "sigma_err": 0.07642476091674501,
  "visibility": 0.00018407901095846712,
  "visibility_err": 7.171323298281502e-20,
  "coherence": {
    "C": 0.4735078993186853,
    "P_entropy": 0.28285756450144395
  },
  "twist_scan": {
    "phi_values": [
      0.0,
      0.09817477042468103,
      0.19634954084936207,
      0.2945243112740431,
      0.39269908169872414,
      0.4908738521234052,
      0.5890486225480862,
      0.6872233929727672,
      0.7853981633974483,
      0.8835729338221293,
      0.9817477042468103,
      1.0799224746714913,
      1.1780972450961724,
      1.2762720155208536,
      1.3744467859455345,
      1.4726215563702154,
      1.5707963267948966,
      1.6689710972195777,
      1.7671458676442586,
      1.8653206380689396,
      1.9634954084936207,
      2.061670178918302,
      2.1598449493429825,
      2.2580197197676637,
      2.356194490192345,
      2.454369260617026,
      2.552544031041707,
      2.650718801466388,
      2.748893571891069,
      2.84706834231575,
      2.945243112740431,
      3.043417883165112,
      3.141592653589793,
      3.2397674240144743,
      3.3379421944391554,
      3.436116964863836,
      3.5342917352885173,
      3.6324665057131984,
      3.730641276137879,
      3.8288160465625602,
      3.9269908169872414,
      4.025165587411922,
      4.123340357836604,
      4.221515128261284,
      4.319689898685965,
      4.417864669110647,
      4.516039439535327,
      4.614214209960009,
      4.71238898038469,
      4.81056375080937,
      4.908738521234052,
      5.006913291658733,
      5.105088062083414,
      5.203262832508095,
      5.301437602932776,
      5.399612373357457,
      5.497787143782138,
      5.595961914206819,
      5.6941366846315,
      5.792311455056181,
      5.890486225480862,
      5.988660995905543,
      6.086835766330224,
      6.1850105367549055
    ],
    "mean_I": [
      0.9682243619621255,
      0.589796478363415,
      -0.05638667569922702,
      -0.6769714578551693,
      -0.9902253514012874,
      -0.8539376377808006,
      -0.3299800896475948,
      0.34378152038247295,
      0.861473507504768,
      0.9880745328100218,
      0.6661103776225322,
      0.04174603718121379,
      -0.6015701313674383,
      -0.9717860371368624,
      -0.9008313989100485,
      -0.4209181390128283,
      0.25008315597623715,
      0.8075519265719784,
      0.9984090057704754,
      0.7360092698121729,
      0.13947671290289176,
      -0.5203753556629542,
      -0.9439878921025222,
      -0.9390496612232583,
      -0.5078025166021072,
      0.15397635406859136,
      0.7458531791335135,
      0.999128254219479,
      0.7988199903899272,
      0.2358641516335895,
      -0.4341690808173282,
      -0.907098627630962,
      -0.9682243619621256,
      -0.589796478363415,
      0.05638667569922801,
      0.6769714578551681,
      0.990225351401288,
      0.8539376377808006,
      0.32998008964759723,
      -0.3437815203824712,
      -0.8614735075047675,
      -0.9880745328100227,
      -0.6661103776225316,
      -0.04174603718121411,
      0.601570131367435,
      0.9717860371368621,
      0.900831398910049,
      0.42091813901282654,
      -0.2500831559762359,
      -0.8075519265719756,
      -0.998409005770476,
      -0.7360092698121732,
      -0.13947671290288985,
      0.5203753556629537,
      0.9439878921025217,
      0.9390496612232571,
      0.5078025166021077,
      -0.15397635406858698,
      -0.7458531791335129,
      -0.9991282542194784,
      -0.7988199903899292,
      -0.23586415163359037,
      0.43416908081732697,
      0.9070986276309637
    ],
    "fit": {
      "A": 2.0403552415128763e-16,
      "I0": 9.479028859615823e-17,
      "phi0": -2.7421381706223706,
      "R2": 0.0,
      "visibility_fit": 0.00020403552415128762,
      "visibility_fourier": 0.00018407901095846712,
      "visibility": 0.00018407901095846712
    },
    "cycles": 8,
    "per_cycle_V": [
      0.0001796109097044796,
      0.0001796109097044796,
      0.0001796109097044796,
      0.0001796109097044796,
      0.0001796109097044796,
      0.0001796109097044796,
      0.0001796109097044796,
      0.0001796109097044796
    ]
  },
  "diagnostics": {
    "measured_link_count": 38,
    "selection_policy": "uniform",
    "num_links": 128,
    "visibility_qc": {
      "r2_ok": false,
      "v_in_unit_interval": true,
      "i0_very_small": true
    },
    "hybrid_knobs": {
      "kick_passes": 3,
      "loop_measurement_cycles": 4
    }
  },
  "artifacts": {
    "kernel_hash": "bb669db8d373312f24e4630fcfc599d4f7b832920772c12cef62ec22cd65bc64",
    "flip_counts_hash": "b3326e9c852a05e144e201e0a4a89d13606dfe15c97d7e29e97870d36629453e",
    "pivot_fit_hash": "18f843e4852e0cb06a5603a8f3e251da6d346190d1181f60fc167ac1ef296fd4",
    "config_hash": "09be816148e3d54a4ba01072548fde7efe2f97f681380c3e050adf0677f43c72"
  }
}