{
  "sim": "MICC",
  "gauge": "SU2",
  "rep": "fundamental",
  "L": 8,
  "b": 3.5,
  "kappa": 1.0,
  "seed": 0,
  "measurement_model": "dephasing",
  "f": 0.05,
  "schedule": "during",
  "sigma": 0.22723805240550438,
  "sigma_err": 0.015011269921737864,
  "visibility": 0.00018304055820388216,
  "visibility_err": 1.0771371704987559e-05,
  "coherence": {
    "C": 0.46787840291364313,
    "P_entropy": 0.33855902244290803
  },
  "twist_scan": {
    "phi_values": [
      0.0,
      0.09817477042468103,
      0.19634954084936207,
      0.2945243112740431,
      0.39269908169872414,
      0.4908738521234052,
      0.5890486225480862,
      0.6872233929727672,
      0.7853981633974483,
      0.8835729338221293,
      0.9817477042468103,
      1.0799224746714913,
      1.1780972450961724,
      1.2762720155208536,
      1.3744467859455345,
      1.4726215563702154,
      1.5707963267948966,
      1.6689710972195777,
      1.7671458676442586,
      1.8653206380689396,
      1.9634954084936207,
      2.061670178918302,
      2.1598449493429825,
      2.2580197197676637,
      2.356194490192345,
      2.454369260617026,
      2.552544031041707,
      2.650718801466388,
      2.748893571891069,
      2.84706834231575,
      2.945243112740431,
      3.043417883165112,
      3.141592653589793,
      3.2397674240144743,
      3.3379421944391554,
      3.436116964863836,
      3.5342917352885173,
      3.6324665057131984,
      3.730641276137879,
      3.8288160465625602,
      3.9269908169872414,
      4.025165587411922,
      4.123340357836604,
      4.221515128261284,
      4.319689898685965,
      4.417864669110647,
      4.516039439535327,
      4.614214209960009,
      4.71238898038469,
      4.81056375080937,
      4.908738521234052,
      5.006913291658733,
      5.105088062083414,
      5.203262832508095,
      5.301437602932776,
      5.399612373357457,
      5.497787143782138,
      5.595961914206819,
      5.6941366846315,
      5.792311455056181,
      5.890486225480862,
      5.988660995905543,
      6.086835766330224,
      6.1850105367549055
    ],
    "mean_I": [
      0.8039641256436107,
      0.28747474397152634,
      -0.35952216130807807,
      -0.8433035217849433,
      -0.944242714086665,
      -0.6165154552162456,
      -0.00890306899702287,
      0.6027511244128289,
      0.9407689088915439,
      0.8516972771308098,
      0.3759728877538489,
      -0.27043533230140904,
      -0.7940715654090792,
      -0.9572159092572519,
      -0.6858042425528657,
      -0.10305178765050718,
      0.5264840243697486,
      0.9170070963831021,
      0.8912281182541482,
      0.46085020709941554,
      -0.1787440632096889,
      -0.7371922657746538,
      -0.9609705919542467,
      -0.7484883601349676,
      -0.19620806125507823,
      0.44514659536654466,
      0.8844140042494207,
      0.9221759454038518,
      0.5412892870242643,
      -0.08533139107781432,
      -0.673213401630531,
      -0.9554706025307609,
      -0.8039641256436114,
      -0.28747474397152645,
      0.35952216130807885,
      0.8433035217849427,
      0.944242714086666,
      0.6165154552162456,
      0.008903068997025079,
      -0.6027511244128273,
      -0.9407689088915437,
      -0.8516972771308118,
      -0.375972887753848,
      0.27043533230140887,
      0.7940715654090772,
      0.9572159092572514,
      0.685804242552867,
      0.10305178765050516,
      -0.5264840243697476,
      -0.9170070963831004,
      -0.8912281182541482,
      -0.46085020709941626,
      0.17874406320969094,
      0.7371922657746531,
      0.9609705919542468,
      0.7484883601349662,
      0.19620806125507906,
      -0.4451465953665407,
      -0.8844140042494202,
      -0.9221759454038518,
      -0.5412892870242673,
      0.08533139107781375,
      0.6732134016305299,
      0.9554706025307617
    ],
    "fit": {
      "A": 0.28992947951478687,
      "I0": 3.7136426553022635e-16,
      "phi0": 1.939520421915342,
      "R2": 0.05661666077988148,
      "visibility_fit": 1.0,
      "visibility_fourier": 0.00018304055820388216,
      "visibility": 0.00018304055820388216
    },
    "cycles": 8,
    "per_cycle_V": [
      0.00014074263890014472,
      0.00019804026317196037,
      0.0001821970137432942,
      0.0002154990577587599,
      0.00016582396398711873,
      0.00020713063215459896,
      0.0002319089945994111,
      0.00016375720845486545
    ]
  },
  "diagnostics": {
    "measured_link_count": 6,
    "selection_policy": "uniform",
    "num_links": 128,
    "visibility_qc": {
      "r2_ok": false,
      "v_in_unit_interval": true,
      "i0_very_small": true
    },
    "hybrid_knobs": {
      "kick_passes": 3,
      "loop_measurement_cycles": 4
    }
  },
  "artifacts": {
    "kernel_hash": "bb669db8d373312f24e4630fcfc599d4f7b832920772c12cef62ec22cd65bc64",
    "flip_counts_hash": "051ffecc2b526e5161a7cdb343471ea2bcf4c30d07d6aca6b7e9329b81a2e42c",
    "pivot_fit_hash": "18f843e4852e0cb06a5603a8f3e251da6d346190d1181f60fc167ac1ef296fd4",
    "config_hash": "09be816148e3d54a4ba01072548fde7efe2f97f681380c3e050adf0677f43c72"
  }
}