{
  "sim": "MICC",
  "gauge": "SU2",
  "rep": "fundamental",
  "L": 12,
  "b": 3.0,
  "kappa": 0.75,
  "seed": 3,
  "measurement_model": "dephasing",
  "f": 0.2,
  "schedule": "during",
  "sigma": 0.219613386455798,
  "sigma_err": 0.010802915916791,
  "visibility": 0.00012532477878530974,
  "visibility_err": 3.4856361138786816e-05,
  "coherence": {
    "C": 0.5882965531633061,
    "P_entropy": 0.27897149410536065
  },
  "twist_scan": {
    "phi_values": [
      0.0,
      0.09817477042468103,
      0.19634954084936207,
      0.2945243112740431,
      0.39269908169872414,
      0.4908738521234052,
      0.5890486225480862,
      0.6872233929727672,
      0.7853981633974483,
      0.8835729338221293,
      0.9817477042468103,
      1.0799224746714913,
      1.1780972450961724,
      1.2762720155208536,
      1.3744467859455345,
      1.4726215563702154,
      1.5707963267948966,
      1.6689710972195777,
      1.7671458676442586,
      1.8653206380689396,
      1.9634954084936207,
      2.061670178918302,
      2.1598449493429825,
      2.2580197197676637,
      2.356194490192345,
      2.454369260617026,
      2.552544031041707,
      2.650718801466388,
      2.748893571891069,
      2.84706834231575,
      2.945243112740431,
      3.043417883165112,
      3.141592653589793,
      3.2397674240144743,
      3.3379421944391554,
      3.436116964863836,
      3.5342917352885173,
      3.6324665057131984,
      3.730641276137879,
      3.8288160465625602,
      3.9269908169872414,
      4.025165587411922,
      4.123340357836604,
      4.221515128261284,
      4.319689898685965,
      4.417864669110647,
      4.516039439535327,
      4.614214209960009,
      4.71238898038469,
      4.81056375080937,
      4.908738521234052,
      5.006913291658733,
      5.105088062083414,
      5.203262832508095,
      5.301437602932776,
      5.399612373357457,
      5.497787143782138,
      5.595961914206819,
      5.6941366846315,
      5.792311455056181,
      5.890486225480862,
      5.988660995905543,
      6.086835766330224,
      6.1850105367549055
    ],
    "mean_I": [
      -0.45143121745330295,
      -0.43143330644530214,
      0.04467871182057103,
      0.4735561043609142,
      0.4017868927789623,
      -0.09475404404999488,
      -0.4911203871114309,
      -0.3682710516961042,
      0.14391684303738791,
      0.5039549120603515,
      0.33120855906797736,
      -0.19169364415338058,
      -0.5119360757163532,
      -0.29095634695900985,
      0.23762433068577277,
      0.5149870151104801,
      0.24790206617590949,
      -0.2812665650149884,
      -0.5130783480285546,
      -0.20246035297848158,
      0.32220004856716383,
      0.5062284559779588,
      0.15506883590578316,
      -0.3600305695191747,
      -0.49450330716367136,
      -0.10618392117406164,
      0.3943937992739883,
      0.4780158211783928,
      0.05627639723540062,
      -0.42495880114421003,
      -0.4569247815251385,
      -0.005826900827554306,
      0.4514312174533026,
      0.43143330644530214,
      -0.044678711820571704,
      -0.47355610436091394,
      -0.4017868927789631,
      0.09475404404999488,
      0.4911203871114308,
      0.3682710516961049,
      -0.1439168430373871,
      -0.5039549120603515,
      -0.33120855906797686,
      0.19169364415338036,
      0.5119360757163527,
      0.29095634695901024,
      -0.23762433068577088,
      -0.5149870151104805,
      -0.24790206617591,
      0.2812665650149856,
      0.5130783480285546,
      0.20246035297848203,
      -0.32220004856716516,
      -0.5062284559779584,
      -0.1550688359057839,
      0.36003056951917606,
      0.49450330716367147,
      0.10618392117406504,
      -0.3943937992739879,
      -0.4780158211783929,
      -0.056276397235403605,
      0.42495880114420975,
      0.45692478152513855,
      0.005826900827552488
    ],
    "fit": {
      "A": 4.17265718118526e-09,
      "I0": 8.302570811722694e-18,
      "phi0": -1.137888573265393,
      "R2": 1.1102230246251565e-16,
      "visibility_fit": 1.0,
      "visibility_fourier": 0.00012532477878530974,
      "visibility": 0.00012532477878530974
    },
    "cycles": 16,
    "per_cycle_V": [
      0.00013382762020273833,
      0.00040876601752393675,
      0.00045210850990291297,
      9.323230935044168e-05,
      0.0004413060853959655,
      0.0003997568533099839,
      0.0002307894655637835,
      0.00028520115377980335,
      0.0002696114996165236,
      0.00048506560584363667,
      0.00040656234143982706,
      0.0002415526175714442,
      2.589859217369155e-05,
      0.0004456652825226685,
      0.00038775265590249545,
      0.000299380320067942
    ]
  },
  "diagnostics": {
    "measured_link_count": 58,
    "selection_policy": "uniform",
    "num_links": 288,
    "creutz_sizes": [
      [
        2,
        2
      ],
      [
        3,
        3
      ]
    ],
    "loop_sizes_measured": [
      [
        1,
        1
      ],
      [
        1,
        2
      ],
      [
        2,
        1
      ],
      [
        2,
        2
      ],
      [
        2,
        3
      ],
      [
        3,
        2
      ],
      [
        3,
        3
      ]
    ],
    "visibility_qc": {
      "r2_ok": false,
      "v_in_unit_interval": true,
      "i0_very_small": true
    },
    "hybrid_knobs": {
      "kick_passes": 3,
      "loop_measurement_cycles": 6
    }
  },
  "artifacts": {
    "kernel_hash": "c5f37351f163441ec05d09116a3864130c1bfed1c4688da9e07e9067e5bf8f54",
    "flip_counts_hash": "f9f0d5ea10777d9547c57c830847aa737adfb2a8c3d087b6a31b748452bdd993",
    "pivot_fit_hash": "d04f83ead3fcfaea1653e658999e83d0abac9536c46d06a4e4ad9b696714687e",
    "config_hash": "3e53227bb97f97d3e0f7892c2fd75b0f2e140b1e74473c1589a222acbe454fae"
  }
}