{
  "sim": "MICC",
  "gauge": "SU2",
  "rep": "fundamental",
  "L": 12,
  "b": 3.0,
  "kappa": 0.75,
  "seed": 1,
  "measurement_model": "dephasing",
  "f": 0.3,
  "schedule": "during",
  "sigma": 0.3307438033755378,
  "sigma_err": 0.0222432660702245,
  "visibility": 3.948648273886148e-05,
  "visibility_err": 4.499546402005873e-05,
  "coherence": {
    "C": 0.5868082113250146,
    "P_entropy": 0.2472099167436081
  },
  "twist_scan": {
    "phi_values": [
      0.0,
      0.09817477042468103,
      0.19634954084936207,
      0.2945243112740431,
      0.39269908169872414,
      0.4908738521234052,
      0.5890486225480862,
      0.6872233929727672,
      0.7853981633974483,
      0.8835729338221293,
      0.9817477042468103,
      1.0799224746714913,
      1.1780972450961724,
      1.2762720155208536,
      1.3744467859455345,
      1.4726215563702154,
      1.5707963267948966,
      1.6689710972195777,
      1.7671458676442586,
      1.8653206380689396,
      1.9634954084936207,
      2.061670178918302,
      2.1598449493429825,
      2.2580197197676637,
      2.356194490192345,
      2.454369260617026,
      2.552544031041707,
      2.650718801466388,
      2.748893571891069,
      2.84706834231575,
      2.945243112740431,
      3.043417883165112,
      3.141592653589793,
      3.2397674240144743,
      3.3379421944391554,
      3.436116964863836,
      3.5342917352885173,
      3.6324665057131984,
      3.730641276137879,
      3.8288160465625602,
      3.9269908169872414,
      4.025165587411922,
      4.123340357836604,
      4.221515128261284,
      4.319689898685965,
      4.417864669110647,
      4.516039439535327,
      4.614214209960009,
      4.71238898038469,
      4.81056375080937,
      4.908738521234052,
      5.006913291658733,
      5.105088062083414,
      5.203262832508095,
      5.301437602932776,
      5.399612373357457,
      5.497787143782138,
      5.595961914206819,
      5.6941366846315,
      5.792311455056181,
      5.890486225480862,
      5.988660995905543,
      6.086835766330224,
      6.1850105367549055
    ],
    "mean_I": [
      0.1387756848224983,
      0.010766541490061704,
      -0.1286250597718646,
      -0.13203340839107353,
      0.004144824036732192,
      0.1359411214423402,
      0.12401957806003985,
      -0.01901627264226069,
      -0.14194799580035017,
      -0.1148113713962902,
      0.03370458414689209,
      0.14658783336213466,
      0.10449746846371469,
      -0.04806830208138957,
      -0.14981594995558117,
      -0.09317719778570668,
      0.06196909599003597,
      0.1516012570532266,
      0.08095957975718458,
      -0.07527309362854442,
      -0.151926561171772,
      -0.06796227671859258,
      0.08785217022695162,
      0.1507887294547272,
      0.054310459803241215,
      -0.09958518240119241,
      -0.14819871984352878,
      -0.04013560347086724,
      0.11035913483011105,
      0.14418147554657623,
      0.025574219336716275,
      -0.12007026846217554,
      -0.13877568482249839,
      -0.010766541490061787,
      0.12862505977186478,
      0.13203340839107375,
      -0.004144824036731526,
      -0.1359411214423402,
      -0.12401957806004021,
      0.01901627264226033,
      0.14194799580034995,
      0.11481137139629091,
      -0.03370458414689233,
      -0.14658783336213463,
      -0.10449746846371544,
      0.04806830208138929,
      0.14981594995558095,
      0.09317719778570632,
      -0.06196909599003568,
      -0.1516012570532263,
      -0.08095957975718426,
      0.07527309362854434,
      0.15192656117177195,
      0.06796227671859256,
      -0.0878521702269515,
      -0.15078872945472718,
      -0.0543104598032413,
      0.09958518240119175,
      0.1481987198435287,
      0.04013560347086749,
      -0.11035913483011028,
      -0.1441814755465763,
      -0.025574219336716594,
      0.12007026846217585
    ],
    "fit": {
      "A": 2.516166898638816e-10,
      "I0": 3.041250947626041e-18,
      "phi0": 2.599215297755939,
      "R2": -2.220446049250313e-16,
      "visibility_fit": 1.0,
      "visibility_fourier": 3.948648273886148e-05,
      "visibility": 3.948648273886148e-05
    },
    "cycles": 8,
    "per_cycle_V": [
      0.00044073265059244184,
      0.00031055779543958474,
      0.00013898643029260402,
      0.00047402676234094065,
      0.0004112031669364322,
      0.0005079926741151501,
      0.0004533027370866987,
      0.000526413849752664
    ]
  },
  "diagnostics": {
    "measured_link_count": 86,
    "selection_policy": "uniform",
    "num_links": 288,
    "visibility_qc": {
      "r2_ok": false,
      "v_in_unit_interval": true,
      "i0_very_small": true
    },
    "hybrid_knobs": {
      "kick_passes": 3,
      "loop_measurement_cycles": 4
    }
  },
  "artifacts": {
    "kernel_hash": "c5f37351f163441ec05d09116a3864130c1bfed1c4688da9e07e9067e5bf8f54",
    "flip_counts_hash": "1045813912820017453b344ca74f8b8f873bba658c2e9b55c71942b9dd07c053",
    "pivot_fit_hash": "d04f83ead3fcfaea1653e658999e83d0abac9536c46d06a4e4ad9b696714687e",
    "config_hash": "09be816148e3d54a4ba01072548fde7efe2f97f681380c3e050adf0677f43c72"
  }
}