{
  "sim": "MICC",
  "gauge": "SU2",
  "rep": "fundamental",
  "L": 8,
  "b": 3.0,
  "kappa": 1.0,
  "seed": 1,
  "measurement_model": "dephasing",
  "f": 0.2,
  "schedule": "during",
  "sigma": 0.28421411280709713,
  "sigma_err": 0.05429515811559139,
  "visibility": 9.932806826760277e-05,
  "visibility_err": 2.5092638535342642e-05,
  "coherence": {
    "C": 0.5769495725880418,
    "P_entropy": 0.2787451886319593
  },
  "twist_scan": {
    "phi_values": [
      0.0,
      0.09817477042468103,
      0.19634954084936207,
      0.2945243112740431,
      0.39269908169872414,
      0.4908738521234052,
      0.5890486225480862,
      0.6872233929727672,
      0.7853981633974483,
      0.8835729338221293,
      0.9817477042468103,
      1.0799224746714913,
      1.1780972450961724,
      1.2762720155208536,
      1.3744467859455345,
      1.4726215563702154,
      1.5707963267948966,
      1.6689710972195777,
      1.7671458676442586,
      1.8653206380689396,
      1.9634954084936207,
      2.061670178918302,
      2.1598449493429825,
      2.2580197197676637,
      2.356194490192345,
      2.454369260617026,
      2.552544031041707,
      2.650718801466388,
      2.748893571891069,
      2.84706834231575,
      2.945243112740431,
      3.043417883165112,
      3.141592653589793,
      3.2397674240144743,
      3.3379421944391554,
      3.436116964863836,
      3.5342917352885173,
      3.6324665057131984,
      3.730641276137879,
      3.8288160465625602,
      3.9269908169872414,
      4.025165587411922,
      4.123340357836604,
      4.221515128261284,
      4.319689898685965,
      4.417864669110647,
      4.516039439535327,
      4.614214209960009,
      4.71238898038469,
      4.81056375080937,
      4.908738521234052,
      5.006913291658733,
      5.105088062083414,
      5.203262832508095,
      5.301437602932776,
      5.399612373357457,
      5.497787143782138,
      5.595961914206819,
      5.6941366846315,
      5.792311455056181,
      5.890486225480862,
      5.988660995905543,
      6.086835766330224,
      6.1850105367549055
    ],
    "mean_I": [
      0.24436682794597275,
      -0.06971510230636654,
      -0.3521478336261205,
      -0.4747128107376996,
      -0.3817680964647762,
      -0.11550864791763212,
      0.20318931187652534,
      0.429643572101903,
      0.46104863303323035,
      0.2831472535846717,
      -0.02329705930942812,
      -0.31916499434227064,
      -0.47013869463864055,
      -0.40767925662969057,
      -0.16014195934916103,
      0.1600964394319062,
      0.4076544018031974,
      0.4701457884745034,
      0.3192008163873168,
      0.023345347104128545,
      -0.28310842168957195,
      -0.46103688590625824,
      -0.42966424269311004,
      -0.20323301616965822,
      0.11546175075794254,
      0.3817392967685632,
      0.47471518296493587,
      0.35218030083523655,
      0.06976292506320658,
      -0.2443253601731964,
      -0.4474950399341996,
      -0.4475113272210272,
      -0.2443668279459731,
      0.06971510230636642,
      0.3521478336261209,
      0.47471281073769983,
      0.3817680964647768,
      0.11550864791763212,
      -0.20318931187652442,
      -0.4296435721019024,
      -0.46104863303323046,
      -0.2831472535846733,
      0.02329705930942848,
      0.3191649943422705,
      0.4701386946386401,
      0.40767925662969073,
      0.1601419593491623,
      -0.16009643943190738,
      -0.40765440180319723,
      -0.4701457884745034,
      -0.3192008163873166,
      -0.023345347104128902,
      0.283108421689573,
      0.461036885906258,
      0.42966424269311027,
      0.20323301616965717,
      -0.11546175075794207,
      -0.38173929676856183,
      -0.4747151829649357,
      -0.3521803008352369,
      -0.06976292506320855,
      0.2443253601731962,
      0.4474950399341991,
      0.4475113272210271
    ],
    "fit": {
      "A": 0.018978918943857823,
      "I0": -1.6761775774569488e-16,
      "phi0": -1.7494893344139768,
      "R2": 0.001144310551858596,
      "visibility_fit": 1.0,
      "visibility_fourier": 9.932806826760277e-05,
      "visibility": 9.932806826760277e-05
    },
    "cycles": 8,
    "per_cycle_V": [
      5.584220101197091e-05,
      7.270190002630096e-05,
      2.5189040663266932e-05,
      0.0001529960343141913,
      0.00017063234276523003,
      4.499634951700313e-05,
      0.00016954600385227402,
      0.00021257441905499837
    ]
  },
  "diagnostics": {
    "measured_link_count": 26,
    "selection_policy": "uniform",
    "num_links": 128,
    "visibility_qc": {
      "r2_ok": false,
      "v_in_unit_interval": true,
      "i0_very_small": true
    },
    "hybrid_knobs": {
      "kick_passes": 3,
      "loop_measurement_cycles": 4
    }
  },
  "artifacts": {
    "kernel_hash": "bb669db8d373312f24e4630fcfc599d4f7b832920772c12cef62ec22cd65bc64",
    "flip_counts_hash": "2f22c538feb77f48a899689bff9bdbb91197c5203a770852a4a789b6ab244652",
    "pivot_fit_hash": "e730f86cf82cf01e0490c7477184968845e3929e6af95e60cac897b00c6a8382",
    "config_hash": "09be816148e3d54a4ba01072548fde7efe2f97f681380c3e050adf0677f43c72"
  }
}