{
  "sim": "MICC",
  "gauge": "SU2",
  "rep": "fundamental",
  "L": 8,
  "b": 3.5,
  "kappa": 1.0,
  "seed": 3,
  "measurement_model": "dephasing",
  "f": 0.1,
  "schedule": "during",
  "sigma": 0.2521278270693828,
  "sigma_err": 0.02523070900973816,
  "visibility": 0.0001379657382250939,
  "visibility_err": 1.4731455003844694e-05,
  "coherence": {
    "C": 0.46627355945424137,
    "P_entropy": 0.3165613414404361
  },
  "twist_scan": {
    "phi_values": [
      0.0,
      0.09817477042468103,
      0.19634954084936207,
      0.2945243112740431,
      0.39269908169872414,
      0.4908738521234052,
      0.5890486225480862,
      0.6872233929727672,
      0.7853981633974483,
      0.8835729338221293,
      0.9817477042468103,
      1.0799224746714913,
      1.1780972450961724,
      1.2762720155208536,
      1.3744467859455345,
      1.4726215563702154,
      1.5707963267948966,
      1.6689710972195777,
      1.7671458676442586,
      1.8653206380689396,
      1.9634954084936207,
      2.061670178918302,
      2.1598449493429825,
      2.2580197197676637,
      2.356194490192345,
      2.454369260617026,
      2.552544031041707,
      2.650718801466388,
      2.748893571891069,
      2.84706834231575,
      2.945243112740431,
      3.043417883165112,
      3.141592653589793,
      3.2397674240144743,
      3.3379421944391554,
      3.436116964863836,
      3.5342917352885173,
      3.6324665057131984,
      3.730641276137879,
      3.8288160465625602,
      3.9269908169872414,
      4.025165587411922,
      4.123340357836604,
      4.221515128261284,
      4.319689898685965,
      4.417864669110647,
      4.516039439535327,
      4.614214209960009,
      4.71238898038469,
      4.81056375080937,
      4.908738521234052,
      5.006913291658733,
      5.105088062083414,
      5.203262832508095,
      5.301437602932776,
      5.399612373357457,
      5.497787143782138,
      5.595961914206819,
      5.6941366846315,
      5.792311455056181,
      5.890486225480862,
      5.988660995905543,
      6.086835766330224,
      6.1850105367549055
    ],
    "mean_I": [
      0.7461196699498586,
      0.28874875990805887,
      -0.2997080503409451,
      -0.7521036716490908,
      -0.8630599500535401,
      -0.5822050548911258,
      -0.037041236809392364,
      0.5249385283728363,
      0.8486071764195006,
      0.7870259079689839,
      0.3681513314351481,
      -0.21785625273142556,
      -0.7049616528188015,
      -0.8720292009661862,
      -0.6432137231500322,
      -0.12239266251649497,
      0.4539921080697366,
      0.8242739530806782,
      0.8203526562622435,
      0.444008404388528,
      -0.13390638031576213,
      -0.6510304679006282,
      -0.8726003339738754,
      -0.698027891638616,
      -0.2065653799769272,
      0.378673495588595,
      0.7920025209797114,
      0.8457789600253192,
      0.5155894336879617,
      -0.0486669162569836,
      -0.5908295036871145,
      -0.864767848753532,
      -0.746119669949859,
      -0.28874875990805887,
      0.29970805034094583,
      0.7521036716490902,
      0.863059950053541,
      0.5822050548911258,
      0.037041236809394334,
      -0.5249385283728348,
      -0.8486071764195006,
      -0.7870259079689857,
      -0.3681513314351472,
      0.21785625273142525,
      0.7049616528187996,
      0.8720292009661862,
      0.6432137231500332,
      0.12239266251649311,
      -0.4539921080697359,
      -0.8242739530806767,
      -0.8203526562622435,
      -0.4440084043885287,
      0.13390638031576393,
      0.6510304679006276,
      0.8726003339738755,
      0.6980278916386146,
      0.20656537997692803,
      -0.3786734955885915,
      -0.7920025209797108,
      -0.8457789600253189,
      -0.5155894336879645,
      0.04866691625698293,
      0.5908295036871135,
      0.8647678487535332
    ],
    "fit": {
      "A": 0.05477768540383657,
      "I0": -2.259470723634712e-16,
      "phi0": 2.659236017787372,
      "R2": 0.0027411588344261606,
      "visibility_fit": 1.0,
      "visibility_fourier": 0.0001379657382250939,
      "visibility": 0.0001379657382250939
    },
    "cycles": 16,
    "per_cycle_V": [
      0.00013251345867959047,
      0.0001969110840848246,
      8.405609046971219e-05,
      0.00014475735365146854,
      0.00020482642304787675,
      0.00014007892068512717,
      0.000183701093691372,
      0.0001095119334357188,
      7.255443350772165e-05,
      0.00022207890710983764,
      0.00013106654547994596,
      0.00020047329148181205,
      1.574829314155548e-05,
      0.00017783295425494725,
      0.00018758489878838047,
      0.0002210643563732989
    ]
  },
  "diagnostics": {
    "measured_link_count": 13,
    "selection_policy": "uniform",
    "num_links": 128,
    "creutz_sizes": [
      [
        2,
        2
      ],
      [
        3,
        3
      ]
    ],
    "loop_sizes_measured": [
      [
        1,
        1
      ],
      [
        1,
        2
      ],
      [
        2,
        1
      ],
      [
        2,
        2
      ],
      [
        2,
        3
      ],
      [
        3,
        2
      ],
      [
        3,
        3
      ]
    ],
    "visibility_qc": {
      "r2_ok": false,
      "v_in_unit_interval": true,
      "i0_very_small": true
    },
    "hybrid_knobs": {
      "kick_passes": 3,
      "loop_measurement_cycles": 6
    }
  },
  "artifacts": {
    "kernel_hash": "bb669db8d373312f24e4630fcfc599d4f7b832920772c12cef62ec22cd65bc64",
    "flip_counts_hash": "c1b27689be21b2ac0fdae0da5c804f2dab3460dc84baee0f4b6cda147a262623",
    "pivot_fit_hash": "18f843e4852e0cb06a5603a8f3e251da6d346190d1181f60fc167ac1ef296fd4",
    "config_hash": "3e53227bb97f97d3e0f7892c2fd75b0f2e140b1e74473c1589a222acbe454fae"
  }
}