{
  "sim": "MICC",
  "gauge": "SU2",
  "rep": "fundamental",
  "L": 8,
  "b": 3.0,
  "kappa": 0.75,
  "seed": 0,
  "measurement_model": "dephasing",
  "f": 0.0,
  "schedule": "during",
  "sigma": 0.20269669522026584,
  "sigma_err": 0.034834736807086986,
  "visibility": 0.00021163637515542947,
  "visibility_err": 3.149322718468695e-19,
  "coherence": {
    "C": 0.5930676551239737,
    "P_entropy": 0.35917350980617924
  },
  "twist_scan": {
    "phi_values": [
      0.0,
      0.09817477042468103,
      0.19634954084936207,
      0.2945243112740431,
      0.39269908169872414,
      0.4908738521234052,
      0.5890486225480862,
      0.6872233929727672,
      0.7853981633974483,
      0.8835729338221293,
      0.9817477042468103,
      1.0799224746714913,
      1.1780972450961724,
      1.2762720155208536,
      1.3744467859455345,
      1.4726215563702154,
      1.5707963267948966,
      1.6689710972195777,
      1.7671458676442586,
      1.8653206380689396,
      1.9634954084936207,
      2.061670178918302,
      2.1598449493429825,
      2.2580197197676637,
      2.356194490192345,
      2.454369260617026,
      2.552544031041707,
      2.650718801466388,
      2.748893571891069,
      2.84706834231575,
      2.945243112740431,
      3.043417883165112,
      3.141592653589793,
      3.2397674240144743,
      3.3379421944391554,
      3.436116964863836,
      3.5342917352885173,
      3.6324665057131984,
      3.730641276137879,
      3.8288160465625602,
      3.9269908169872414,
      4.025165587411922,
      4.123340357836604,
      4.221515128261284,
      4.319689898685965,
      4.417864669110647,
      4.516039439535327,
      4.614214209960009,
      4.71238898038469,
      4.81056375080937,
      4.908738521234052,
      5.006913291658733,
      5.105088062083414,
      5.203262832508095,
      5.301437602932776,
      5.399612373357457,
      5.497787143782138,
      5.595961914206819,
      5.6941366846315,
      5.792311455056181,
      5.890486225480862,
      5.988660995905543,
      6.086835766330224,
      6.1850105367549055
    ],
    "mean_I": [
      0.8492472584382701,
      0.3215203015013814,
      -0.3521701503804569,
      -0.8659827167142218,
      -0.9866572345226543,
      -0.65940999562974,
      -0.032804404824677266,
      0.608693699938103,
      0.9738575907210673,
      0.8969104954899656,
      0.4127847867679248,
      -0.2587365851685367,
      -0.8127969567732394,
      -0.9978645029257329,
      -0.729922426829166,
      -0.13061082923995343,
      0.5279953541794483,
      0.9469026854553012,
      0.9359359941689419,
      0.5000739288867762,
      -0.1628112452016401,
      -0.7517835178185186,
      -0.9994617906774116,
      -0.7934053060420408,
      -0.22715939997050502,
      0.44221212452842606,
      0.9108285896989403,
      0.965947917589414,
      0.5825470857022292,
      -0.0653179439417714,
      -0.6835299926205283,
      -0.9914337150234757,
      -0.8492472584382711,
      -0.32152030150138156,
      0.3521701503804581,
      0.8659827167142212,
      0.9866572345226546,
      0.65940999562974,
      0.03280440482467954,
      -0.6086936999381011,
      -0.9738575907210669,
      -0.8969104954899675,
      -0.4127847867679242,
      0.2587365851685362,
      0.8127969567732373,
      0.9978645029257328,
      0.7299224268291672,
      0.13061082923995088,
      -0.5279953541794475,
      -0.9469026854552998,
      -0.9359359941689417,
      -0.5000739288867768,
      0.16281124520164242,
      0.7517835178185183,
      0.9994617906774118,
      0.7934053060420395,
      0.22715939997050594,
      -0.4422121245284218,
      -0.9108285896989391,
      -0.9659479175894137,
      -0.5825470857022327,
      0.06531794394177039,
      0.6835299926205275,
      0.9914337150234762
    ],
    "fit": {
      "A": 2.255589235306345e-16,
      "I0": 5.712437031579752e-17,
      "phi0": -3.1001414798804663,
      "R2": 0.0,
      "visibility_fit": 0.0002255589235306345,
      "visibility_fourier": 0.00021163637515542947,
      "visibility": 0.00021163637515542947
    },
    "cycles": 16,
    "per_cycle_V": [
      0.0001978774411776649,
      0.0001978774411776649,
      0.0001978774411776649,
      0.0001978774411776649,
      0.0001978774411776649,
      0.0001978774411776649,
      0.0001978774411776649,
      0.0001978774411776649,
      0.0001978774411776649,
      0.0001978774411776649,
      0.0001978774411776649,
      0.0001978774411776649,
      0.0001978774411776649,
      0.0001978774411776649,
      0.0001978774411776649,
      0.0001978774411776649
    ]
  },
  "diagnostics": {
    "measured_link_count": 0,
    "selection_policy": "uniform",
    "num_links": 128,
    "creutz_sizes": [
      [
        2,
        2
      ],
      [
        3,
        3
      ]
    ],
    "loop_sizes_measured": [
      [
        1,
        1
      ],
      [
        1,
        2
      ],
      [
        2,
        1
      ],
      [
        2,
        2
      ],
      [
        2,
        3
      ],
      [
        3,
        2
      ],
      [
        3,
        3
      ]
    ],
    "visibility_qc": {
      "r2_ok": false,
      "v_in_unit_interval": true,
      "i0_very_small": true
    },
    "hybrid_knobs": {
      "kick_passes": 3,
      "loop_measurement_cycles": 6
    }
  },
  "artifacts": {
    "kernel_hash": "bb669db8d373312f24e4630fcfc599d4f7b832920772c12cef62ec22cd65bc64",
    "flip_counts_hash": "051ffecc2b526e5161a7cdb343471ea2bcf4c30d07d6aca6b7e9329b81a2e42c",
    "pivot_fit_hash": "d04f83ead3fcfaea1653e658999e83d0abac9536c46d06a4e4ad9b696714687e",
    "config_hash": "3e53227bb97f97d3e0f7892c2fd75b0f2e140b1e74473c1589a222acbe454fae"
  }
}