{
  "sim": "MICC",
  "gauge": "SU2",
  "rep": "fundamental",
  "L": 8,
  "b": 3.0,
  "kappa": 0.75,
  "seed": 0,
  "measurement_model": "dephasing",
  "f": 0.1,
  "schedule": "during",
  "sigma": 0.2230973127628606,
  "sigma_err": 0.012572771892462826,
  "visibility": 0.0002241119061177751,
  "visibility_err": 9.492941043942096e-06,
  "coherence": {
    "C": 0.5880241016042027,
    "P_entropy": 0.3282109809258494
  },
  "twist_scan": {
    "phi_values": [
      0.0,
      0.09817477042468103,
      0.19634954084936207,
      0.2945243112740431,
      0.39269908169872414,
      0.4908738521234052,
      0.5890486225480862,
      0.6872233929727672,
      0.7853981633974483,
      0.8835729338221293,
      0.9817477042468103,
      1.0799224746714913,
      1.1780972450961724,
      1.2762720155208536,
      1.3744467859455345,
      1.4726215563702154,
      1.5707963267948966,
      1.6689710972195777,
      1.7671458676442586,
      1.8653206380689396,
      1.9634954084936207,
      2.061670178918302,
      2.1598449493429825,
      2.2580197197676637,
      2.356194490192345,
      2.454369260617026,
      2.552544031041707,
      2.650718801466388,
      2.748893571891069,
      2.84706834231575,
      2.945243112740431,
      3.043417883165112,
      3.141592653589793,
      3.2397674240144743,
      3.3379421944391554,
      3.436116964863836,
      3.5342917352885173,
      3.6324665057131984,
      3.730641276137879,
      3.8288160465625602,
      3.9269908169872414,
      4.025165587411922,
      4.123340357836604,
      4.221515128261284,
      4.319689898685965,
      4.417864669110647,
      4.516039439535327,
      4.614214209960009,
      4.71238898038469,
      4.81056375080937,
      4.908738521234052,
      5.006913291658733,
      5.105088062083414,
      5.203262832508095,
      5.301437602932776,
      5.399612373357457,
      5.497787143782138,
      5.595961914206819,
      5.6941366846315,
      5.792311455056181,
      5.890486225480862,
      5.988660995905543,
      6.086835766330224,
      6.1850105367549055
    ],
    "mean_I": [
      0.7417335851464686,
      0.2124020308872509,
      -0.41335560476382865,
      -0.8514584377642821,
      -0.9030169412275624,
      -0.5446246325008177,
      0.06101587306362,
      0.6389564478992823,
      0.9268241538757164,
      0.7939330708507224,
      0.3006129722002582,
      -0.3291791309962389,
      -0.8095307907781684,
      -0.9223723961848144,
      -0.616476217510026,
      -0.03071272458472759,
      0.5689937031995372,
      0.9103888855263608,
      0.8384865470747198,
      0.38592884625921137,
      -0.24183248224953993,
      -0.7598069197423161,
      -0.9328449007467644,
      -0.6823907995444326,
      -0.12214554190603952,
      0.4935512380943833,
      0.8851860745401982,
      0.8749649394870161,
      0.46752801455851867,
      -0.15215685449969474,
      -0.7027656927166313,
      -0.9343335989696288,
      -0.7417335851464691,
      -0.21240203088725113,
      0.4133556047638294,
      0.8514584377642817,
      0.903016941227563,
      0.5446246325008177,
      -0.06101587306361786,
      -0.6389564478992805,
      -0.9268241538757163,
      -0.7939330708507246,
      -0.3006129722002578,
      0.32917913099623886,
      0.8095307907781665,
      0.922372396184814,
      0.6164762175100275,
      0.030712724584725255,
      -0.5689937031995362,
      -0.9103888855263595,
      -0.8384865470747196,
      -0.3859288462592117,
      0.24183248224954185,
      0.7598069197423156,
      0.9328449007467647,
      0.6823907995444313,
      0.1221455419060403,
      -0.4935512380943798,
      -0.8851860745401976,
      -0.8749649394870164,
      -0.467528014558522,
      0.1521568544996942,
      0.7027656927166303,
      0.9343335989696293
    ],
    "fit": {
      "A": 0.3145856899799126,
      "I0": 1.4631803531285943e-15,
      "phi0": 0.5018930280477535,
      "R2": 0.06958442377003538,
      "visibility_fit": 1.0,
      "visibility_fourier": 0.0002241119061177751,
      "visibility": 0.0002241119061177751
    },
    "cycles": 16,
    "per_cycle_V": [
      0.00021428893895422574,
      0.00023876879113359913,
      0.00022838558564446926,
      0.000182889963563948,
      0.00017201461153455616,
      0.00022711716910395508,
      0.00016030380100892581,
      0.00022127979344206298,
      0.00021867366049885842,
      0.00021067172559864012,
      0.0001827632048038371,
      0.00021383809353570983,
      0.0001931492096599748,
      0.00010968959701207789,
      0.00018454525543747037,
      0.00011724171476677319
    ]
  },
  "diagnostics": {
    "measured_link_count": 13,
    "selection_policy": "uniform",
    "num_links": 128,
    "creutz_sizes": [
      [
        2,
        2
      ],
      [
        3,
        3
      ]
    ],
    "loop_sizes_measured": [
      [
        1,
        1
      ],
      [
        1,
        2
      ],
      [
        2,
        1
      ],
      [
        2,
        2
      ],
      [
        2,
        3
      ],
      [
        3,
        2
      ],
      [
        3,
        3
      ]
    ],
    "visibility_qc": {
      "r2_ok": false,
      "v_in_unit_interval": true,
      "i0_very_small": true
    },
    "hybrid_knobs": {
      "kick_passes": 3,
      "loop_measurement_cycles": 6
    }
  },
  "artifacts": {
    "kernel_hash": "bb669db8d373312f24e4630fcfc599d4f7b832920772c12cef62ec22cd65bc64",
    "flip_counts_hash": "051ffecc2b526e5161a7cdb343471ea2bcf4c30d07d6aca6b7e9329b81a2e42c",
    "pivot_fit_hash": "d04f83ead3fcfaea1653e658999e83d0abac9536c46d06a4e4ad9b696714687e",
    "config_hash": "3e53227bb97f97d3e0f7892c2fd75b0f2e140b1e74473c1589a222acbe454fae"
  }
}