{
  "sim": "MICC",
  "gauge": "SU2",
  "rep": "fundamental",
  "L": 12,
  "b": 3.0,
  "kappa": 1.0,
  "seed": 3,
  "measurement_model": "dephasing",
  "f": 0.3,
  "schedule": "pre",
  "sigma": 0.24457132020207353,
  "sigma_err": 0.04758737086804197,
  "visibility": 0.00044760653786689916,
  "visibility_err": 1.4342646596563004e-19,
  "coherence": {
    "C": 0.5852586954613503,
    "P_entropy": 0.3044547507863904
  },
  "twist_scan": {
    "phi_values": [
      0.0,
      0.09817477042468103,
      0.19634954084936207,
      0.2945243112740431,
      0.39269908169872414,
      0.4908738521234052,
      0.5890486225480862,
      0.6872233929727672,
      0.7853981633974483,
      0.8835729338221293,
      0.9817477042468103,
      1.0799224746714913,
      1.1780972450961724,
      1.2762720155208536,
      1.3744467859455345,
      1.4726215563702154,
      1.5707963267948966,
      1.6689710972195777,
      1.7671458676442586,
      1.8653206380689396,
      1.9634954084936207,
      2.061670178918302,
      2.1598449493429825,
      2.2580197197676637,
      2.356194490192345,
      2.454369260617026,
      2.552544031041707,
      2.650718801466388,
      2.748893571891069,
      2.84706834231575,
      2.945243112740431,
      3.043417883165112,
      3.141592653589793,
      3.2397674240144743,
      3.3379421944391554,
      3.436116964863836,
      3.5342917352885173,
      3.6324665057131984,
      3.730641276137879,
      3.8288160465625602,
      3.9269908169872414,
      4.025165587411922,
      4.123340357836604,
      4.221515128261284,
      4.319689898685965,
      4.417864669110647,
      4.516039439535327,
      4.614214209960009,
      4.71238898038469,
      4.81056375080937,
      4.908738521234052,
      5.006913291658733,
      5.105088062083414,
      5.203262832508095,
      5.301437602932776,
      5.399612373357457,
      5.497787143782138,
      5.595961914206819,
      5.6941366846315,
      5.792311455056181,
      5.890486225480862,
      5.988660995905543,
      6.086835766330224,
      6.1850105367549055
    ],
    "mean_I": [
      -0.048575443444133344,
      -0.9037784762678481,
      -0.8035010056083386,
      0.14624297210749104,
      0.9413779252787523,
      0.7412819920853724,
      -0.24250210100491287,
      -0.9699113902597014,
      -0.6719240277526666,
      0.3364258021045244,
      0.989104078344951,
      0.5960950677216675,
      -0.42710953882081926,
      -0.998771153456449,
      -0.5145253863297959,
      0.513679977196444,
      0.9988195163763101,
      0.4280005441993811,
      -0.5953033965856296,
      -0.9892487013431799,
      -0.3373538228594311,
      0.671193718839758,
      0.9701508805377664,
      0.2434581997889875,
      -0.7406200786696465,
      -0.9417099764143558,
      -0.14721794116678133,
      0.802913862277829,
      0.9041998904270383,
      0.04955989329363015,
      -0.8574751464749122,
      -0.8579818652089684,
      0.04857544344413179,
      0.903778476267848,
      0.8035010056083378,
      -0.14624297210748824,
      -0.9413779252787522,
      -0.7412819920853724,
      0.24250210100491015,
      0.9699113902596999,
      0.6719240277526679,
      -0.33642580210451994,
      -0.9891040783449503,
      -0.596095067721668,
      0.427109538820814,
      0.9987711534564487,
      0.514525386329799,
      -0.5136799771964471,
      -0.9988195163763101,
      -0.4280005441993873,
      0.5953033965856308,
      0.98924870134318,
      0.33735382285942817,
      -0.6711937188397564,
      -0.9701508805377668,
      -0.24345819978898375,
      0.7406200786696451,
      0.9417099764143578,
      0.1472179411667821,
      -0.8029138622778279,
      -0.904199890427041,
      -0.049559893293631745,
      0.8574751464749115,
      0.8579818652089674
    ],
    "fit": {
      "A": 4.464380744520703e-16,
      "I0": -1.5408061725663557e-16,
      "phi0": -2.1303737338492565,
      "R2": 0.0,
      "visibility_fit": 0.0004464380744520703,
      "visibility_fourier": 0.00044760653786689916,
      "visibility": 0.00044760653786689916
    },
    "cycles": 8,
    "per_cycle_V": [
      0.00046717040263060647,
      0.00046717040263060647,
      0.00046717040263060647,
      0.00046717040263060647,
      0.00046717040263060647,
      0.00046717040263060647,
      0.00046717040263060647,
      0.00046717040263060647
    ]
  },
  "diagnostics": {
    "measured_link_count": 86,
    "selection_policy": "uniform",
    "num_links": 288,
    "visibility_qc": {
      "r2_ok": false,
      "v_in_unit_interval": true,
      "i0_very_small": true
    },
    "hybrid_knobs": {
      "kick_passes": 3,
      "loop_measurement_cycles": 4
    }
  },
  "artifacts": {
    "kernel_hash": "c5f37351f163441ec05d09116a3864130c1bfed1c4688da9e07e9067e5bf8f54",
    "flip_counts_hash": "f9f0d5ea10777d9547c57c830847aa737adfb2a8c3d087b6a31b748452bdd993",
    "pivot_fit_hash": "e730f86cf82cf01e0490c7477184968845e3929e6af95e60cac897b00c6a8382",
    "config_hash": "09be816148e3d54a4ba01072548fde7efe2f97f681380c3e050adf0677f43c72"
  }
}