{
  "sim": "MICC",
  "gauge": "SU2",
  "rep": "fundamental",
  "L": 8,
  "b": 3.5,
  "kappa": 1.0,
  "seed": 1,
  "measurement_model": "dephasing",
  "f": 0.05,
  "schedule": "during",
  "sigma": 0.21622419566346693,
  "sigma_err": 0.016623988966590855,
  "visibility": 0.00016241580147452,
  "visibility_err": 6.756410950992233e-06,
  "coherence": {
    "C": 0.47024379868038935,
    "P_entropy": 0.34360330591585925
  },
  "twist_scan": {
    "phi_values": [
      0.0,
      0.09817477042468103,
      0.19634954084936207,
      0.2945243112740431,
      0.39269908169872414,
      0.4908738521234052,
      0.5890486225480862,
      0.6872233929727672,
      0.7853981633974483,
      0.8835729338221293,
      0.9817477042468103,
      1.0799224746714913,
      1.1780972450961724,
      1.2762720155208536,
      1.3744467859455345,
      1.4726215563702154,
      1.5707963267948966,
      1.6689710972195777,
      1.7671458676442586,
      1.8653206380689396,
      1.9634954084936207,
      2.061670178918302,
      2.1598449493429825,
      2.2580197197676637,
      2.356194490192345,
      2.454369260617026,
      2.552544031041707,
      2.650718801466388,
      2.748893571891069,
      2.84706834231575,
      2.945243112740431,
      3.043417883165112,
      3.141592653589793,
      3.2397674240144743,
      3.3379421944391554,
      3.436116964863836,
      3.5342917352885173,
      3.6324665057131984,
      3.730641276137879,
      3.8288160465625602,
      3.9269908169872414,
      4.025165587411922,
      4.123340357836604,
      4.221515128261284,
      4.319689898685965,
      4.417864669110647,
      4.516039439535327,
      4.614214209960009,
      4.71238898038469,
      4.81056375080937,
      4.908738521234052,
      5.006913291658733,
      5.105088062083414,
      5.203262832508095,
      5.301437602932776,
      5.399612373357457,
      5.497787143782138,
      5.595961914206819,
      5.6941366846315,
      5.792311455056181,
      5.890486225480862,
      5.988660995905543,
      6.086835766330224,
      6.1850105367549055
    ],
    "mean_I": [
      0.8133314368124374,
      0.27291103002705674,
      -0.3914052787146239,
      -0.8780317739225763,
      -0.9660502005389339,
      -0.6155020330569525,
      0.014471189300851926,
      0.6378747942612515,
      0.9716965785002535,
      0.8643884310937502,
      0.36466600750231715,
      -0.30060715952305905,
      -0.8294109608363271,
      -0.9816795261971657,
      -0.6882861103688482,
      -0.08242519024183133,
      0.5608550430141535,
      0.9495188123841269,
      0.9071208922608495,
      0.4529090519786135,
      -0.2069140290567001,
      -0.7728024667950736,
      -0.9878547413775012,
      -0.7544416161824312,
      -0.17852777014429186,
      0.47843395110827613,
      0.9181966610449597,
      0.9411172833527549,
      0.5367903346990819,
      -0.11122820337981029,
      -0.70875146254178,
      -0.9845163753820392,
      -0.8133314368124378,
      -0.2729110300270568,
      0.39140527871462466,
      0.8780317739225756,
      0.9660502005389346,
      0.6155020330569525,
      -0.014471189300849775,
      -0.6378747942612502,
      -0.9716965785002535,
      -0.8643884310937525,
      -0.3646660075023164,
      0.3006071595230587,
      0.829410960836325,
      0.9816795261971654,
      0.6882861103688493,
      0.08242519024182922,
      -0.5608550430141526,
      -0.9495188123841257,
      -0.9071208922608489,
      -0.4529090519786142,
      0.2069140290567023,
      0.7728024667950728,
      0.9878547413775012,
      0.7544416161824296,
      0.17852777014429294,
      -0.47843395110827225,
      -0.9181966610449591,
      -0.9411172833527549,
      -0.536790334699085,
      0.11122820337980967,
      0.7087514625417791,
      0.9845163753820401
    ],
    "fit": {
      "A": 0.8151163619269889,
      "I0": 3.5366772900220966e-15,
      "phi0": 0.4464503464161055,
      "R2": 0.45707072964232753,
      "visibility_fit": 1.0,
      "visibility_fourier": 0.00016241580147452,
      "visibility": 0.00016241580147452
    },
    "cycles": 16,
    "per_cycle_V": [
      0.00018091800025197018,
      0.00017109960710114634,
      0.00015194821717510478,
      0.00013020035780145323,
      0.00017969950270351612,
      0.00018057067387469247,
      0.0001312909740084193,
      0.0002139158362117488,
      0.0002142236783073286,
      0.00020020843380726832,
      0.0001749589579494014,
      0.00018845567107362942,
      0.0002180885538585215,
      0.00020172123367211882,
      0.0001678742736822824,
      0.00016126766579075368
    ]
  },
  "diagnostics": {
    "measured_link_count": 6,
    "selection_policy": "uniform",
    "num_links": 128,
    "creutz_sizes": [
      [
        2,
        2
      ],
      [
        3,
        3
      ]
    ],
    "loop_sizes_measured": [
      [
        1,
        1
      ],
      [
        1,
        2
      ],
      [
        2,
        1
      ],
      [
        2,
        2
      ],
      [
        2,
        3
      ],
      [
        3,
        2
      ],
      [
        3,
        3
      ]
    ],
    "visibility_qc": {
      "r2_ok": false,
      "v_in_unit_interval": true,
      "i0_very_small": true
    },
    "hybrid_knobs": {
      "kick_passes": 3,
      "loop_measurement_cycles": 6
    }
  },
  "artifacts": {
    "kernel_hash": "bb669db8d373312f24e4630fcfc599d4f7b832920772c12cef62ec22cd65bc64",
    "flip_counts_hash": "2f22c538feb77f48a899689bff9bdbb91197c5203a770852a4a789b6ab244652",
    "pivot_fit_hash": "18f843e4852e0cb06a5603a8f3e251da6d346190d1181f60fc167ac1ef296fd4",
    "config_hash": "3e53227bb97f97d3e0f7892c2fd75b0f2e140b1e74473c1589a222acbe454fae"
  }
}