{
  "sim": "MICC",
  "gauge": "SU2",
  "rep": "fundamental",
  "L": 8,
  "b": 3.0,
  "kappa": 0.75,
  "seed": 2,
  "measurement_model": "dephasing",
  "f": 0.5,
  "schedule": "during",
  "sigma": 0.3494697801182001,
  "sigma_err": 0.06715864752903881,
  "visibility": 2.834915285149909e-05,
  "visibility_err": 1.674078084833614e-05,
  "coherence": {
    "C": 0.5880579712330367,
    "P_entropy": 0.17167576743141616
  },
  "twist_scan": {
    "phi_values": [
      0.0,
      0.09817477042468103,
      0.19634954084936207,
      0.2945243112740431,
      0.39269908169872414,
      0.4908738521234052,
      0.5890486225480862,
      0.6872233929727672,
      0.7853981633974483,
      0.8835729338221293,
      0.9817477042468103,
      1.0799224746714913,
      1.1780972450961724,
      1.2762720155208536,
      1.3744467859455345,
      1.4726215563702154,
      1.5707963267948966,
      1.6689710972195777,
      1.7671458676442586,
      1.8653206380689396,
      1.9634954084936207,
      2.061670178918302,
      2.1598449493429825,
      2.2580197197676637,
      2.356194490192345,
      2.454369260617026,
      2.552544031041707,
      2.650718801466388,
      2.748893571891069,
      2.84706834231575,
      2.945243112740431,
      3.043417883165112,
      3.141592653589793,
      3.2397674240144743,
      3.3379421944391554,
      3.436116964863836,
      3.5342917352885173,
      3.6324665057131984,
      3.730641276137879,
      3.8288160465625602,
      3.9269908169872414,
      4.025165587411922,
      4.123340357836604,
      4.221515128261284,
      4.319689898685965,
      4.417864669110647,
      4.516039439535327,
      4.614214209960009,
      4.71238898038469,
      4.81056375080937,
      4.908738521234052,
      5.006913291658733,
      5.105088062083414,
      5.203262832508095,
      5.301437602932776,
      5.399612373357457,
      5.497787143782138,
      5.595961914206819,
      5.6941366846315,
      5.792311455056181,
      5.890486225480862,
      5.988660995905543,
      6.086835766330224,
      6.1850105367549055
    ],
    "mean_I": [
      -0.1631775649759567,
      -0.16380540284356487,
      -0.09006901245478298,
      0.024556826540353363,
      0.12803437968900033,
      0.17338700123846845,
      0.14002554918010754,
      0.04309542526969397,
      -0.07339912072893541,
      -0.15657200045189512,
      -0.16866446537752494,
      -0.10418678924343329,
      0.0075895110025764045,
      0.11592033192523964,
      0.1716257456684001,
      0.14941665901045612,
      0.05937553297483607,
      -0.057620843683391765,
      -0.14845856197252016,
      -0.17189919690852376,
      -0.11730119029737657,
      -0.009450895675003693,
      0.10268990799653901,
      0.1682116403473691,
      0.15736880473507958,
      0.07508382183946259,
      -0.04128764641441986,
      -0.13891538638564435,
      -0.1734784452036338,
      -0.129285916765403,
      -0.02640028506084928,
      0.0884705241178184,
      0.1631775649759567,
      0.1638054028435649,
      0.09006901245478297,
      -0.024556826540352975,
      -0.12803437968900008,
      -0.17338700123846845,
      -0.14002554918010776,
      -0.043095425269694135,
      0.07339912072893541,
      0.15657200045189507,
      0.16866446537752486,
      0.10418678924343325,
      -0.007589511002575766,
      -0.11592033192523943,
      -0.17162574566839994,
      -0.14941665901045595,
      -0.059375532974836207,
      0.05762084368339104,
      0.14845856197252005,
      0.1718991969085237,
      0.11730119029737626,
      0.009450895675003956,
      -0.10268990799653888,
      -0.1682116403473693,
      -0.15736880473507966,
      -0.07508382183946312,
      0.04128764641441972,
      0.1389153863856441,
      0.1734784452036338,
      0.12928591676540305,
      0.026400285060849404,
      -0.08847052411781871
    ],
    "fit": {
      "A": 2.4341369558207474e-05,
      "I0": -1.451578518361802e-17,
      "phi0": -0.9892257132408213,
      "R2": 1.7813847064118704e-08,
      "visibility_fit": 1.0,
      "visibility_fourier": 2.834915285149909e-05,
      "visibility": 2.834915285149909e-05
    },
    "cycles": 8,
    "per_cycle_V": [
      0.00015401976255226531,
      0.00014930782693944208,
      7.596010486365994e-05,
      0.00014953152939695903,
      0.000196992821761936,
      6.623969530163392e-05,
      8.155045578788739e-05,
      0.00015370729266615468
    ]
  },
  "diagnostics": {
    "measured_link_count": 64,
    "selection_policy": "uniform",
    "num_links": 128,
    "visibility_qc": {
      "r2_ok": false,
      "v_in_unit_interval": true,
      "i0_very_small": true
    },
    "hybrid_knobs": {
      "kick_passes": 3,
      "loop_measurement_cycles": 4
    }
  },
  "artifacts": {
    "kernel_hash": "bb669db8d373312f24e4630fcfc599d4f7b832920772c12cef62ec22cd65bc64",
    "flip_counts_hash": "2268e99a6015a7b96d81d3b1a331fda63562012ba66381118831ac9c8b2f0d5d",
    "pivot_fit_hash": "d04f83ead3fcfaea1653e658999e83d0abac9536c46d06a4e4ad9b696714687e",
    "config_hash": "09be816148e3d54a4ba01072548fde7efe2f97f681380c3e050adf0677f43c72"
  }
}