{
  "sim": "MICC",
  "gauge": "SU2",
  "rep": "fundamental",
  "L": 12,
  "b": 3.5,
  "kappa": 0.75,
  "seed": 0,
  "measurement_model": "dephasing",
  "f": 0.1,
  "schedule": "during",
  "sigma": 0.16831203994510913,
  "sigma_err": 0.010112152508753818,
  "visibility": 0.0003497620076440626,
  "visibility_err": 2.4471966990445904e-05,
  "coherence": {
    "C": 0.46810901507056407,
    "P_entropy": 0.31490084613934305
  },
  "twist_scan": {
    "phi_values": [
      0.0,
      0.09817477042468103,
      0.19634954084936207,
      0.2945243112740431,
      0.39269908169872414,
      0.4908738521234052,
      0.5890486225480862,
      0.6872233929727672,
      0.7853981633974483,
      0.8835729338221293,
      0.9817477042468103,
      1.0799224746714913,
      1.1780972450961724,
      1.2762720155208536,
      1.3744467859455345,
      1.4726215563702154,
      1.5707963267948966,
      1.6689710972195777,
      1.7671458676442586,
      1.8653206380689396,
      1.9634954084936207,
      2.061670178918302,
      2.1598449493429825,
      2.2580197197676637,
      2.356194490192345,
      2.454369260617026,
      2.552544031041707,
      2.650718801466388,
      2.748893571891069,
      2.84706834231575,
      2.945243112740431,
      3.043417883165112,
      3.141592653589793,
      3.2397674240144743,
      3.3379421944391554,
      3.436116964863836,
      3.5342917352885173,
      3.6324665057131984,
      3.730641276137879,
      3.8288160465625602,
      3.9269908169872414,
      4.025165587411922,
      4.123340357836604,
      4.221515128261284,
      4.319689898685965,
      4.417864669110647,
      4.516039439535327,
      4.614214209960009,
      4.71238898038469,
      4.81056375080937,
      4.908738521234052,
      5.006913291658733,
      5.105088062083414,
      5.203262832508095,
      5.301437602932776,
      5.399612373357457,
      5.497787143782138,
      5.595961914206819,
      5.6941366846315,
      5.792311455056181,
      5.890486225480862,
      5.988660995905543,
      6.086835766330224,
      6.1850105367549055
    ],
    "mean_I": [
      -0.5522209894990743,
      -0.9115902010968628,
      -0.3072203027401577,
      0.621944904700051,
      0.8935858998624782,
      0.2205220498377387,
      -0.6856791504790983,
      -0.8669758779286776,
      -0.13170004904576707,
      0.7428099312086792,
      0.8320164043531989,
      0.041609704786916724,
      -0.7927870462395087,
      -0.7890441579773666,
      0.048881363675213306,
      0.8351291886335666,
      0.7384729850248003,
      -0.13890167788387908,
      -0.8694285804130321,
      -0.6807899135360487,
      0.22758429300314065,
      0.8953548996851123,
      0.6165504630223211,
      -0.31407514697055167,
      -0.912658461822448,
      -0.5463732945089196,
      0.3975412855817004,
      0.92117262406257,
      0.47093425249137594,
      -0.47717888429452066,
      -0.9208153903687905,
      -0.3909598561834902,
      0.5522209894990733,
      0.9115902010968628,
      0.30722030274015677,
      -0.6219449047000497,
      -0.8935858998624795,
      -0.2205220498377387,
      0.6856791504790964,
      0.8669758779286778,
      0.1317000490457688,
      -0.7428099312086772,
      -0.8320164043531978,
      -0.04160970478691704,
      0.7927870462395056,
      0.7890441579773667,
      -0.04888136367520961,
      -0.8351291886335684,
      -0.7384729850248011,
      0.1389016778838735,
      0.8694285804130327,
      0.6807899135360493,
      -0.22758429300314353,
      -0.895354899685112,
      -0.6165504630223227,
      0.3140751469705545,
      0.9126584618224483,
      0.5463732945089244,
      -0.3975412855816996,
      -0.9211726240625691,
      -0.47093425249138043,
      0.47717888429452004,
      0.9208153903687897,
      0.39095985618348744
    ],
    "fit": {
      "A": 0.0026751703510389424,
      "I0": -1.8259572296263766e-16,
      "phi0": 2.5840104705795346,
      "R2": 4.266543792708077e-06,
      "visibility_fit": 1.0,
      "visibility_fourier": 0.0003497620076440626,
      "visibility": 0.0003497620076440626
    },
    "cycles": 16,
    "per_cycle_V": [
      0.0003418338662299009,
      0.0003572636176580474,
      0.0003731472960202406,
      0.00026698593659290725,
      0.000404339969082548,
      0.0004729677111097994,
      0.00018074921685455147,
      0.0004170630247738925,
      0.0003180011039993071,
      8.372652561040475e-05,
      0.000351007334677291,
      0.000332267478265395,
      0.0004679576465903688,
      0.00037151645697532104,
      0.0003488525917984169,
      0.00034971461658116627
    ]
  },
  "diagnostics": {
    "measured_link_count": 29,
    "selection_policy": "uniform",
    "num_links": 288,
    "creutz_sizes": [
      [
        2,
        2
      ],
      [
        3,
        3
      ]
    ],
    "loop_sizes_measured": [
      [
        1,
        1
      ],
      [
        1,
        2
      ],
      [
        2,
        1
      ],
      [
        2,
        2
      ],
      [
        2,
        3
      ],
      [
        3,
        2
      ],
      [
        3,
        3
      ]
    ],
    "visibility_qc": {
      "r2_ok": false,
      "v_in_unit_interval": true,
      "i0_very_small": true
    },
    "hybrid_knobs": {
      "kick_passes": 3,
      "loop_measurement_cycles": 6
    }
  },
  "artifacts": {
    "kernel_hash": "c5f37351f163441ec05d09116a3864130c1bfed1c4688da9e07e9067e5bf8f54",
    "flip_counts_hash": "526d3d4f7381a97e02c3ef4c6b8d2598448ee2e98060a326f334d01ae3e48798",
    "pivot_fit_hash": "32e5af21ae29df0c4428cd8be3189fb5b9433eb374572ce92302aca28369a080",
    "config_hash": "3e53227bb97f97d3e0f7892c2fd75b0f2e140b1e74473c1589a222acbe454fae"
  }
}