{
  "sim": "MICC",
  "gauge": "SU2",
  "rep": "fundamental",
  "L": 12,
  "b": 3.5,
  "kappa": 0.75,
  "seed": 0,
  "measurement_model": "dephasing",
  "f": 0.05,
  "schedule": "during",
  "sigma": 0.22280198614479255,
  "sigma_err": 0.003109159418602325,
  "visibility": 0.0003577891481531914,
  "visibility_err": 2.845660642917544e-05,
  "coherence": {
    "C": 0.4668433401523181,
    "P_entropy": 0.34020736474903734
  },
  "twist_scan": {
    "phi_values": [
      0.0,
      0.09817477042468103,
      0.19634954084936207,
      0.2945243112740431,
      0.39269908169872414,
      0.4908738521234052,
      0.5890486225480862,
      0.6872233929727672,
      0.7853981633974483,
      0.8835729338221293,
      0.9817477042468103,
      1.0799224746714913,
      1.1780972450961724,
      1.2762720155208536,
      1.3744467859455345,
      1.4726215563702154,
      1.5707963267948966,
      1.6689710972195777,
      1.7671458676442586,
      1.8653206380689396,
      1.9634954084936207,
      2.061670178918302,
      2.1598449493429825,
      2.2580197197676637,
      2.356194490192345,
      2.454369260617026,
      2.552544031041707,
      2.650718801466388,
      2.748893571891069,
      2.84706834231575,
      2.945243112740431,
      3.043417883165112,
      3.141592653589793,
      3.2397674240144743,
      3.3379421944391554,
      3.436116964863836,
      3.5342917352885173,
      3.6324665057131984,
      3.730641276137879,
      3.8288160465625602,
      3.9269908169872414,
      4.025165587411922,
      4.123340357836604,
      4.221515128261284,
      4.319689898685965,
      4.417864669110647,
      4.516039439535327,
      4.614214209960009,
      4.71238898038469,
      4.81056375080937,
      4.908738521234052,
      5.006913291658733,
      5.105088062083414,
      5.203262832508095,
      5.301437602932776,
      5.399612373357457,
      5.497787143782138,
      5.595961914206819,
      5.6941366846315,
      5.792311455056181,
      5.890486225480862,
      5.988660995905543,
      6.086835766330224,
      6.1850105367549055
    ],
    "mean_I": [
      -0.66964993401076,
      -0.9200903153229887,
      -0.1978052104461601,
      0.7336008538599887,
      0.8894393077308883,
      0.1049567206782414,
      -0.790486796459527,
      -0.8502225133883574,
      -0.011097440315012037,
      0.8397599190851204,
      0.8028176114629924,
      -0.08286871446492736,
      -0.8809456946304576,
      -0.7476811370744901,
      0.1760367982239253,
      0.9136474815625992,
      0.685344084611876,
      -0.2675095513845237,
      -0.9375503437967767,
      -0.6164067939672643,
      0.3564060413296914,
      0.95242408370304,
      0.5415331689345175,
      -0.4418701462654933,
      -0.9581254590352761,
      -0.46144428345278593,
      0.5230788001419696,
      0.9545995624323504,
      0.3769114372703033,
      -0.5992499192291159,
      -0.9418803502059995,
      -0.2887487279061567,
      0.6696499340107592,
      0.9200903153229887,
      0.19780521044615873,
      -0.7336008538599874,
      -0.8894393077308899,
      -0.1049567206782414,
      0.7904867964595257,
      0.850222513388358,
      0.011097440315013495,
      -0.839759919085119,
      -0.8028176114629914,
      0.08286871446492701,
      0.8809456946304554,
      0.7476811370744902,
      -0.1760367982239213,
      -0.913647481562601,
      -0.6853440846118768,
      0.2675095513845178,
      0.9375503437967774,
      0.6164067939672654,
      -0.3564060413296943,
      -0.9524240837030393,
      -0.5415331689345192,
      0.4418701462654958,
      0.9581254590352767,
      0.46144428345279154,
      -0.5230788001419686,
      -0.9545995624323501,
      -0.37691143727030824,
      0.5992499192291155,
      0.9418803502059987,
      0.28874872790615363
    ],
    "fit": {
      "A": 0.041434425456321755,
      "I0": 2.485935908831276e-16,
      "phi0": 0.7274991706851834,
      "R2": 0.0015325705571112014,
      "visibility_fit": 1.0,
      "visibility_fourier": 0.0003577891481531914,
      "visibility": 0.0003577891481531914
    },
    "cycles": 8,
    "per_cycle_V": [
      0.00027416546988884456,
      0.00042097798684282946,
      0.00021045809616465817,
      0.00040473951072776676,
      0.00036240324885596206,
      0.00036292384715208646,
      0.0002374247300835879,
      0.0003885783006281429
    ]
  },
  "diagnostics": {
    "measured_link_count": 14,
    "selection_policy": "uniform",
    "num_links": 288,
    "visibility_qc": {
      "r2_ok": false,
      "v_in_unit_interval": true,
      "i0_very_small": true
    },
    "hybrid_knobs": {
      "kick_passes": 3,
      "loop_measurement_cycles": 4
    }
  },
  "artifacts": {
    "kernel_hash": "c5f37351f163441ec05d09116a3864130c1bfed1c4688da9e07e9067e5bf8f54",
    "flip_counts_hash": "526d3d4f7381a97e02c3ef4c6b8d2598448ee2e98060a326f334d01ae3e48798",
    "pivot_fit_hash": "32e5af21ae29df0c4428cd8be3189fb5b9433eb374572ce92302aca28369a080",
    "config_hash": "09be816148e3d54a4ba01072548fde7efe2f97f681380c3e050adf0677f43c72"
  }
}