{
  "sim": "MICC",
  "gauge": "SU2",
  "rep": "fundamental",
  "L": 8,
  "b": 3.0,
  "kappa": 1.0,
  "seed": 1,
  "measurement_model": "dephasing",
  "f": 0.3,
  "schedule": "pre",
  "sigma": 0.262209784555646,
  "sigma_err": 0.04089345187298643,
  "visibility": 0.0002631733057585868,
  "visibility_err": 2.09954847897913e-19,
  "coherence": {
    "C": 0.5990316904928544,
    "P_entropy": 0.3171587703552342
  },
  "twist_scan": {
    "phi_values": [
      0.0,
      0.09817477042468103,
      0.19634954084936207,
      0.2945243112740431,
      0.39269908169872414,
      0.4908738521234052,
      0.5890486225480862,
      0.6872233929727672,
      0.7853981633974483,
      0.8835729338221293,
      0.9817477042468103,
      1.0799224746714913,
      1.1780972450961724,
      1.2762720155208536,
      1.3744467859455345,
      1.4726215563702154,
      1.5707963267948966,
      1.6689710972195777,
      1.7671458676442586,
      1.8653206380689396,
      1.9634954084936207,
      2.061670178918302,
      2.1598449493429825,
      2.2580197197676637,
      2.356194490192345,
      2.454369260617026,
      2.552544031041707,
      2.650718801466388,
      2.748893571891069,
      2.84706834231575,
      2.945243112740431,
      3.043417883165112,
      3.141592653589793,
      3.2397674240144743,
      3.3379421944391554,
      3.436116964863836,
      3.5342917352885173,
      3.6324665057131984,
      3.730641276137879,
      3.8288160465625602,
      3.9269908169872414,
      4.025165587411922,
      4.123340357836604,
      4.221515128261284,
      4.319689898685965,
      4.417864669110647,
      4.516039439535327,
      4.614214209960009,
      4.71238898038469,
      4.81056375080937,
      4.908738521234052,
      5.006913291658733,
      5.105088062083414,
      5.203262832508095,
      5.301437602932776,
      5.399612373357457,
      5.497787143782138,
      5.595961914206819,
      5.6941366846315,
      5.792311455056181,
      5.890486225480862,
      5.988660995905543,
      6.086835766330224,
      6.1850105367549055
    ],
    "mean_I": [
      0.8944061703669761,
      0.4076493485440987,
      -0.26417175490478007,
      -0.8160644045932467,
      -0.9974808758308545,
      -0.7260618835000922,
      -0.12502597563676238,
      0.5327691112819075,
      0.9486981601361424,
      0.9339380784605585,
      0.4951896347508995,
      -0.16836455034191716,
      -0.7554847495309379,
      -0.9996306671451708,
      -0.789965160879428,
      -0.2216719871591795,
      0.4472556342959573,
      0.9131385484314923,
      0.9644756523160803,
      0.5779609740768591,
      -0.07093590312183863,
      -0.687629363340674,
      -0.9921534686811685,
      -0.8462606419206131,
      -0.3161831762670176,
      0.3574348410569383,
      0.8687849133331406,
      0.9857247984037761,
      0.6551662332768503,
      0.02717589562281368,
      -0.6131517304849898,
      -0.9751212899475115,
      -0.894406170366977,
      -0.40764934854409884,
      0.26417175490478073,
      0.8160644045932451,
      0.9974808758308558,
      0.7260618835000922,
      0.12502597563676465,
      -0.5327691112819055,
      -0.9486981601361415,
      -0.9339380784605607,
      -0.495189634750898,
      0.1683645503419169,
      0.7554847495309358,
      0.9996306671451706,
      0.7899651608794295,
      0.2216719871591769,
      -0.4472556342959566,
      -0.9131385484314904,
      -0.9644756523160803,
      -0.5779609740768593,
      0.07093590312184075,
      0.6876293633406726,
      0.9921534686811687,
      0.8462606419206117,
      0.316183176267019,
      -0.35743484105693385,
      -0.86878491333314,
      -0.9857247984037758,
      -0.6551662332768535,
      -0.027175895622814084,
      0.6131517304849883,
      0.9751212899475129
    ],
    "fit": {
      "A": 2.835617364126787e-16,
      "I0": 7.537750585839829e-17,
      "phi0": 3.068870219668238,
      "R2": 0.0,
      "visibility_fit": 0.0002835617364126787,
      "visibility_fourier": 0.0002631733057585868,
      "visibility": 0.0002631733057585868
    },
    "cycles": 16,
    "per_cycle_V": [
      0.00021051066748851147,
      0.00021051066748851147,
      0.00021051066748851147,
      0.00021051066748851147,
      0.00021051066748851147,
      0.00021051066748851147,
      0.00021051066748851147,
      0.00021051066748851147,
      0.00021051066748851147,
      0.00021051066748851147,
      0.00021051066748851147,
      0.00021051066748851147,
      0.00021051066748851147,
      0.00021051066748851147,
      0.00021051066748851147,
      0.00021051066748851147
    ]
  },
  "diagnostics": {
    "measured_link_count": 38,
    "selection_policy": "uniform",
    "num_links": 128,
    "creutz_sizes": [
      [
        2,
        2
      ],
      [
        3,
        3
      ]
    ],
    "loop_sizes_measured": [
      [
        1,
        1
      ],
      [
        1,
        2
      ],
      [
        2,
        1
      ],
      [
        2,
        2
      ],
      [
        2,
        3
      ],
      [
        3,
        2
      ],
      [
        3,
        3
      ]
    ],
    "visibility_qc": {
      "r2_ok": false,
      "v_in_unit_interval": true,
      "i0_very_small": true
    },
    "hybrid_knobs": {
      "kick_passes": 3,
      "loop_measurement_cycles": 6
    }
  },
  "artifacts": {
    "kernel_hash": "bb669db8d373312f24e4630fcfc599d4f7b832920772c12cef62ec22cd65bc64",
    "flip_counts_hash": "2f22c538feb77f48a899689bff9bdbb91197c5203a770852a4a789b6ab244652",
    "pivot_fit_hash": "e730f86cf82cf01e0490c7477184968845e3929e6af95e60cac897b00c6a8382",
    "config_hash": "3e53227bb97f97d3e0f7892c2fd75b0f2e140b1e74473c1589a222acbe454fae"
  }
}