{
  "sim": "MICC",
  "gauge": "SU2",
  "rep": "fundamental",
  "L": 8,
  "b": 3.0,
  "kappa": 0.75,
  "seed": 0,
  "measurement_model": "dephasing",
  "f": 0.3,
  "schedule": "during",
  "sigma": 0.2841140101424765,
  "sigma_err": 0.01925252004304552,
  "visibility": 0.00011887919617546995,
  "visibility_err": 2.010809804328095e-05,
  "coherence": {
    "C": 0.5868149763584227,
    "P_entropy": 0.24341787608231769
  },
  "twist_scan": {
    "phi_values": [
      0.0,
      0.09817477042468103,
      0.19634954084936207,
      0.2945243112740431,
      0.39269908169872414,
      0.4908738521234052,
      0.5890486225480862,
      0.6872233929727672,
      0.7853981633974483,
      0.8835729338221293,
      0.9817477042468103,
      1.0799224746714913,
      1.1780972450961724,
      1.2762720155208536,
      1.3744467859455345,
      1.4726215563702154,
      1.5707963267948966,
      1.6689710972195777,
      1.7671458676442586,
      1.8653206380689396,
      1.9634954084936207,
      2.061670178918302,
      2.1598449493429825,
      2.2580197197676637,
      2.356194490192345,
      2.454369260617026,
      2.552544031041707,
      2.650718801466388,
      2.748893571891069,
      2.84706834231575,
      2.945243112740431,
      3.043417883165112,
      3.141592653589793,
      3.2397674240144743,
      3.3379421944391554,
      3.436116964863836,
      3.5342917352885173,
      3.6324665057131984,
      3.730641276137879,
      3.8288160465625602,
      3.9269908169872414,
      4.025165587411922,
      4.123340357836604,
      4.221515128261284,
      4.319689898685965,
      4.417864669110647,
      4.516039439535327,
      4.614214209960009,
      4.71238898038469,
      4.81056375080937,
      4.908738521234052,
      5.006913291658733,
      5.105088062083414,
      5.203262832508095,
      5.301437602932776,
      5.399612373357457,
      5.497787143782138,
      5.595961914206819,
      5.6941366846315,
      5.792311455056181,
      5.890486225480862,
      5.988660995905543,
      6.086835766330224,
      6.1850105367549055
    ],
    "mean_I": [
      0.45193549371540365,
      0.017000077353703125,
      -0.4256530187106283,
      -0.6750685432911437,
      -0.6180170626901906,
      -0.280398756340959,
      0.18451472316724626,
      0.565662375956185,
      0.6900111362090209,
      0.5011092664963595,
      0.08471426634821855,
      -0.37013923962410294,
      -0.6569572692065525,
      -0.6455304333945022,
      -0.3410462767489039,
      0.11826575937981425,
      0.5238876132998618,
      0.6916754435562823,
      0.5454570831067657,
      0.15161261064827264,
      -0.3110608173213081,
      -0.6325191374901278,
      -0.6668269931423938,
      -0.3984093350768981,
      0.05087783167891563,
      0.47706752654136103,
      0.6866785382738383,
      0.5845518498296814,
      0.21705084262789912,
      -0.24898670930456887,
      -0.6019895007095398,
      -0.6817016444216099,
      -0.4519354937154041,
      -0.017000077353703125,
      0.42565301871062877,
      0.6750685432911435,
      0.6180170626901912,
      0.280398756340959,
      -0.18451472316724474,
      -0.5656623759561837,
      -0.6900111362090209,
      -0.5011092664963614,
      -0.08471426634821809,
      0.3701392396241027,
      0.6569572692065516,
      0.6455304333945021,
      0.3410462767489053,
      -0.11826575937981589,
      -0.5238876132998616,
      -0.6916754435562822,
      -0.5454570831067653,
      -0.15161261064827325,
      0.3110608173213094,
      0.6325191374901276,
      0.6668269931423942,
      0.3984093350768967,
      -0.05087783167891492,
      -0.47706752654135876,
      -0.6866785382738377,
      -0.5845518498296816,
      -0.21705084262790159,
      0.24898670930456845,
      0.601989500709539,
      0.68170164442161
    ],
    "fit": {
      "A": 0.012893877893987105,
      "I0": -6.514504861617046e-17,
      "phi0": -0.4480313403039121,
      "R2": 0.0002603221334843697,
      "visibility_fit": 1.0,
      "visibility_fourier": 0.00011887919617546995,
      "visibility": 0.00011887919617546995
    },
    "cycles": 8,
    "per_cycle_V": [
      8.2231302872246e-05,
      0.00016303300599350795,
      0.00013996810697244013,
      4.89369276312555e-05,
      0.00013189888700125508,
      0.0001807404369774137,
      0.00022834131738985183,
      0.0001062473874964302
    ]
  },
  "diagnostics": {
    "measured_link_count": 38,
    "selection_policy": "uniform",
    "num_links": 128,
    "visibility_qc": {
      "r2_ok": false,
      "v_in_unit_interval": true,
      "i0_very_small": true
    },
    "hybrid_knobs": {
      "kick_passes": 3,
      "loop_measurement_cycles": 4
    }
  },
  "artifacts": {
    "kernel_hash": "bb669db8d373312f24e4630fcfc599d4f7b832920772c12cef62ec22cd65bc64",
    "flip_counts_hash": "051ffecc2b526e5161a7cdb343471ea2bcf4c30d07d6aca6b7e9329b81a2e42c",
    "pivot_fit_hash": "d04f83ead3fcfaea1653e658999e83d0abac9536c46d06a4e4ad9b696714687e",
    "config_hash": "09be816148e3d54a4ba01072548fde7efe2f97f681380c3e050adf0677f43c72"
  }
}