{
  "sim": "MICC",
  "gauge": "SU2",
  "rep": "fundamental",
  "L": 12,
  "b": 3.0,
  "kappa": 0.75,
  "seed": 3,
  "measurement_model": "dephasing",
  "f": 0.05,
  "schedule": "during",
  "sigma": 0.13565443942265343,
  "sigma_err": 0.0008500839346490723,
  "visibility": 0.00017292178340964782,
  "visibility_err": 3.19036305197919e-05,
  "coherence": {
    "C": 0.5913595721021881,
    "P_entropy": 0.34761323984716436
  },
  "twist_scan": {
    "phi_values": [
      0.0,
      0.09817477042468103,
      0.19634954084936207,
      0.2945243112740431,
      0.39269908169872414,
      0.4908738521234052,
      0.5890486225480862,
      0.6872233929727672,
      0.7853981633974483,
      0.8835729338221293,
      0.9817477042468103,
      1.0799224746714913,
      1.1780972450961724,
      1.2762720155208536,
      1.3744467859455345,
      1.4726215563702154,
      1.5707963267948966,
      1.6689710972195777,
      1.7671458676442586,
      1.8653206380689396,
      1.9634954084936207,
      2.061670178918302,
      2.1598449493429825,
      2.2580197197676637,
      2.356194490192345,
      2.454369260617026,
      2.552544031041707,
      2.650718801466388,
      2.748893571891069,
      2.84706834231575,
      2.945243112740431,
      3.043417883165112,
      3.141592653589793,
      3.2397674240144743,
      3.3379421944391554,
      3.436116964863836,
      3.5342917352885173,
      3.6324665057131984,
      3.730641276137879,
      3.8288160465625602,
      3.9269908169872414,
      4.025165587411922,
      4.123340357836604,
      4.221515128261284,
      4.319689898685965,
      4.417864669110647,
      4.516039439535327,
      4.614214209960009,
      4.71238898038469,
      4.81056375080937,
      4.908738521234052,
      5.006913291658733,
      5.105088062083414,
      5.203262832508095,
      5.301437602932776,
      5.399612373357457,
      5.497787143782138,
      5.595961914206819,
      5.6941366846315,
      5.792311455056181,
      5.890486225480862,
      5.988660995905543,
      6.086835766330224,
      6.1850105367549055
    ],
    "mean_I": [
      -0.9306811775762637,
      -0.6915390780000126,
      0.278702648062534,
      0.9542981156828975,
      0.6210033873216987,
      -0.3688201750002178,
      -0.9687246412630909,
      -0.5444870945484952,
      0.45538576203503367,
      0.9738218189891642,
      0.4627270934078668,
      -0.53756573524227,
      -0.9695405602532163,
      -0.3765107774053593,
      0.6145686565558036,
      0.9559220959172459,
      0.2866684567947126,
      -0.6856529457493029,
      -0.9330975792374202,
      -0.19406536223621537,
      0.7501340222592078,
      0.9012868227865154,
      0.09959331215246377,
      -0.8073908980697885,
      -0.8607961815386815,
      -0.004162124029437428,
      0.8568721581671982,
      0.8120156025035725,
      -0.09130914762323608,
      -0.8981012709674856,
      -0.7554148693234736,
      0.1859010622696403,
      0.9306811775762631,
      0.6915390780000124,
      -0.278702648062535,
      -0.9542981156828977,
      -0.6210033873217007,
      0.3688201750002178,
      0.9687246412630913,
      0.5444870945484969,
      -0.4553857620350322,
      -0.9738218189891655,
      -0.4627270934078656,
      0.5375657352422697,
      0.9695405602532163,
      0.3765107774053604,
      -0.6145686565558002,
      -0.955922095917246,
      -0.28666845679471414,
      0.6856529457492984,
      0.93309757923742,
      0.1940653622362166,
      -0.75013402225921,
      -0.9012868227865155,
      -0.0995933121524652,
      0.8073908980697899,
      0.8607961815386822,
      0.004162124029443999,
      -0.8568721581671972,
      -0.8120156025035732,
      0.09130914762323039,
      0.8981012709674854,
      0.7554148693234741,
      -0.18590106226964387
    ],
    "fit": {
      "A": 0.24064156918398524,
      "I0": -9.07403029642132e-15,
      "phi0": -1.5160315807897495,
      "R2": 0.03671927282357157,
      "visibility_fit": 1.0,
      "visibility_fourier": 0.00017292178340964782,
      "visibility": 0.00017292178340964782
    },
    "cycles": 8,
    "per_cycle_V": [
      0.00011945133162933453,
      0.00021739392523772942,
      0.00023585055371273778,
      0.000286579738337214,
      0.0002919474730046658,
      0.00011814122787546908,
      7.379746152381976e-05,
      8.074882738754268e-05
    ]
  },
  "diagnostics": {
    "measured_link_count": 14,
    "selection_policy": "uniform",
    "num_links": 288,
    "visibility_qc": {
      "r2_ok": false,
      "v_in_unit_interval": true,
      "i0_very_small": true
    },
    "hybrid_knobs": {
      "kick_passes": 3,
      "loop_measurement_cycles": 4
    }
  },
  "artifacts": {
    "kernel_hash": "c5f37351f163441ec05d09116a3864130c1bfed1c4688da9e07e9067e5bf8f54",
    "flip_counts_hash": "f9f0d5ea10777d9547c57c830847aa737adfb2a8c3d087b6a31b748452bdd993",
    "pivot_fit_hash": "d04f83ead3fcfaea1653e658999e83d0abac9536c46d06a4e4ad9b696714687e",
    "config_hash": "09be816148e3d54a4ba01072548fde7efe2f97f681380c3e050adf0677f43c72"
  }
}