{
  "sim": "MICC",
  "gauge": "SU2",
  "rep": "fundamental",
  "L": 8,
  "b": 3.5,
  "kappa": 0.75,
  "seed": 1,
  "measurement_model": "dephasing",
  "f": 0.1,
  "schedule": "during",
  "sigma": 0.22614384868946058,
  "sigma_err": 0.01955071801685458,
  "visibility": 0.00014618648124210798,
  "visibility_err": 9.70119625549621e-06,
  "coherence": {
    "C": 0.4683752430681151,
    "P_entropy": 0.303916344597881
  },
  "twist_scan": {
    "phi_values": [
      0.0,
      0.09817477042468103,
      0.19634954084936207,
      0.2945243112740431,
      0.39269908169872414,
      0.4908738521234052,
      0.5890486225480862,
      0.6872233929727672,
      0.7853981633974483,
      0.8835729338221293,
      0.9817477042468103,
      1.0799224746714913,
      1.1780972450961724,
      1.2762720155208536,
      1.3744467859455345,
      1.4726215563702154,
      1.5707963267948966,
      1.6689710972195777,
      1.7671458676442586,
      1.8653206380689396,
      1.9634954084936207,
      2.061670178918302,
      2.1598449493429825,
      2.2580197197676637,
      2.356194490192345,
      2.454369260617026,
      2.552544031041707,
      2.650718801466388,
      2.748893571891069,
      2.84706834231575,
      2.945243112740431,
      3.043417883165112,
      3.141592653589793,
      3.2397674240144743,
      3.3379421944391554,
      3.436116964863836,
      3.5342917352885173,
      3.6324665057131984,
      3.730641276137879,
      3.8288160465625602,
      3.9269908169872414,
      4.025165587411922,
      4.123340357836604,
      4.221515128261284,
      4.319689898685965,
      4.417864669110647,
      4.516039439535327,
      4.614214209960009,
      4.71238898038469,
      4.81056375080937,
      4.908738521234052,
      5.006913291658733,
      5.105088062083414,
      5.203262832508095,
      5.301437602932776,
      5.399612373357457,
      5.497787143782138,
      5.595961914206819,
      5.6941366846315,
      5.792311455056181,
      5.890486225480862,
      5.988660995905543,
      6.086835766330224,
      6.1850105367549055
    ],
    "mean_I": [
      0.6678901958864983,
      0.08212537080028612,
      -0.5409226556566741,
      -0.9184031053669687,
      -0.8789477460422579,
      -0.44046848593359444,
      0.19797425803520569,
      0.7465408278494862,
      0.9561934695442429,
      0.7317542669402806,
      0.17511392573100515,
      -0.46102447670137436,
      -0.8878674052235024,
      -0.9116370941742576,
      -0.5215426017163596,
      0.10532132817276772,
      0.6843715769955546,
      0.9527314378310416,
      0.788571144385856,
      0.26641603782992596,
      -0.37668638001382776,
      -0.8487810566100394,
      -0.9355468787378308,
      -0.5975939771404098,
      0.011654096345533296,
      0.6156114537395971,
      0.9400940815555455,
      0.8377936506341588,
      0.35515241784672236,
      -0.28872058756902536,
      -0.8015204824304972,
      -0.9504468354372121,
      -0.6678901958864989,
      -0.0821253708002862,
      0.5409226556566747,
      0.9184031053669683,
      0.8789477460422587,
      0.44046848593359444,
      -0.1979742580352037,
      -0.7465408278494848,
      -0.9561934695442432,
      -0.7317542669402831,
      -0.1751139257310044,
      0.46102447670137436,
      0.8878674052235009,
      0.9116370941742576,
      0.5215426017163616,
      -0.10532132817276996,
      -0.6843715769955541,
      -0.9527314378310408,
      -0.7885711443858557,
      -0.2664160378299266,
      0.3766863800138296,
      0.848781056610039,
      0.9355468787378312,
      0.5975939771404082,
      -0.011654096345532244,
      -0.6156114537395935,
      -0.9400940815555449,
      -0.8377936506341592,
      -0.3551524178467256,
      0.2887205875690248,
      0.8015204824304962,
      0.9504468354372124
    ],
    "fit": {
      "A": 0.3384196458838601,
      "I0": 1.4734503518716248e-15,
      "phi0": -0.176953273043369,
      "R2": 0.07723400143390458,
      "visibility_fit": 1.0,
      "visibility_fourier": 0.00014618648124210798,
      "visibility": 0.00014618648124210798
    },
    "cycles": 16,
    "per_cycle_V": [
      0.00013988477101360293,
      0.00016516139623505197,
      0.00014414083575496479,
      0.00014611956430249682,
      0.00011903493128180395,
      0.00016139353568039562,
      0.00017063104904560354,
      0.00014999340478587025,
      0.00011083091981990679,
      0.00016015339650094745,
      0.00023999603062491533,
      0.00016333137786506707,
      0.00011223875381922365,
      0.00011096659607065389,
      0.0002239299088412819,
      0.00020787063191959556
    ]
  },
  "diagnostics": {
    "measured_link_count": 13,
    "selection_policy": "uniform",
    "num_links": 128,
    "creutz_sizes": [
      [
        2,
        2
      ],
      [
        3,
        3
      ]
    ],
    "loop_sizes_measured": [
      [
        1,
        1
      ],
      [
        1,
        2
      ],
      [
        2,
        1
      ],
      [
        2,
        2
      ],
      [
        2,
        3
      ],
      [
        3,
        2
      ],
      [
        3,
        3
      ]
    ],
    "visibility_qc": {
      "r2_ok": false,
      "v_in_unit_interval": true,
      "i0_very_small": true
    },
    "hybrid_knobs": {
      "kick_passes": 3,
      "loop_measurement_cycles": 6
    }
  },
  "artifacts": {
    "kernel_hash": "bb669db8d373312f24e4630fcfc599d4f7b832920772c12cef62ec22cd65bc64",
    "flip_counts_hash": "2f22c538feb77f48a899689bff9bdbb91197c5203a770852a4a789b6ab244652",
    "pivot_fit_hash": "32e5af21ae29df0c4428cd8be3189fb5b9433eb374572ce92302aca28369a080",
    "config_hash": "3e53227bb97f97d3e0f7892c2fd75b0f2e140b1e74473c1589a222acbe454fae"
  }
}