{
  "sim": "MICC",
  "gauge": "SU2",
  "rep": "fundamental",
  "L": 12,
  "b": 3.0,
  "kappa": 1.0,
  "seed": 1,
  "measurement_model": "dephasing",
  "f": 0.05,
  "schedule": "during",
  "sigma": 0.1445803175645034,
  "sigma_err": 0.004213709718954599,
  "visibility": 0.00017524306208404944,
  "visibility_err": 2.1979307151274034e-05,
  "coherence": {
    "C": 0.5922291500664117,
    "P_entropy": 0.34921592849253535
  },
  "twist_scan": {
    "phi_values": [
      0.0,
      0.09817477042468103,
      0.19634954084936207,
      0.2945243112740431,
      0.39269908169872414,
      0.4908738521234052,
      0.5890486225480862,
      0.6872233929727672,
      0.7853981633974483,
      0.8835729338221293,
      0.9817477042468103,
      1.0799224746714913,
      1.1780972450961724,
      1.2762720155208536,
      1.3744467859455345,
      1.4726215563702154,
      1.5707963267948966,
      1.6689710972195777,
      1.7671458676442586,
      1.8653206380689396,
      1.9634954084936207,
      2.061670178918302,
      2.1598449493429825,
      2.2580197197676637,
      2.356194490192345,
      2.454369260617026,
      2.552544031041707,
      2.650718801466388,
      2.748893571891069,
      2.84706834231575,
      2.945243112740431,
      3.043417883165112,
      3.141592653589793,
      3.2397674240144743,
      3.3379421944391554,
      3.436116964863836,
      3.5342917352885173,
      3.6324665057131984,
      3.730641276137879,
      3.8288160465625602,
      3.9269908169872414,
      4.025165587411922,
      4.123340357836604,
      4.221515128261284,
      4.319689898685965,
      4.417864669110647,
      4.516039439535327,
      4.614214209960009,
      4.71238898038469,
      4.81056375080937,
      4.908738521234052,
      5.006913291658733,
      5.105088062083414,
      5.203262832508095,
      5.301437602932776,
      5.399612373357457,
      5.497787143782138,
      5.595961914206819,
      5.6941366846315,
      5.792311455056181,
      5.890486225480862,
      5.988660995905543,
      6.086835766330224,
      6.1850105367549055
    ],
    "mean_I": [
      -0.9652108596042301,
      -0.6298744774988188,
      0.3713693129983837,
      0.979999042108319,
      0.5525673880865465,
      -0.4590421148673943,
      -0.9853492981149352,
      -0.4699387726629417,
      0.5422940902322864,
      0.981210101733986,
      0.38278438996392794,
      -0.6203234770601342,
      -0.9676213156893366,
      -0.2919435843383275,
      0.6923788097005897,
      0.944713807418981,
      0.19829120240295314,
      -0.7577661559108706,
      -0.9127081887500814,
      -0.10272916779144273,
      0.81585579980261,
      0.8719126912864713,
      0.006177795136623802,
      -0.8660883063501051,
      -0.822720197969811,
      0.09043307306249118,
      0.9079799090554218,
      0.7656044594020933,
      -0.18617302133226346,
      -0.9411271688842241,
      -0.7011155313683646,
      0.2801200216340801,
      0.96521085960423,
      0.6298744774988188,
      -0.37136931299838505,
      -0.9799990421083193,
      -0.5525673880865485,
      0.4590421148673943,
      0.9853492981149363,
      0.46993877266294354,
      -0.5422940902322845,
      -0.9812101017339875,
      -0.38278438996392683,
      0.6203234770601339,
      0.9676213156893374,
      0.29194358433832857,
      -0.6923788097005869,
      -0.9447138074189805,
      -0.19829120240295467,
      0.7577661559108663,
      0.9127081887500812,
      0.10272916779144416,
      -0.8158557998026124,
      -0.8719126912864714,
      -0.0061777951366252925,
      0.8660883063501061,
      0.8227201979698116,
      -0.09043307306248469,
      -0.9079799090554207,
      -0.7656044594020943,
      0.18617302133225777,
      0.941127168884224,
      0.7011155313683655,
      -0.2801200216340835
    ],
    "fit": {
      "A": 0.18230549930449746,
      "I0": 2.380573220260068e-16,
      "phi0": -1.4902240920233583,
      "R2": 0.021328105806206588,
      "visibility_fit": 1.0,
      "visibility_fourier": 0.00017524306208404944,
      "visibility": 0.00017524306208404944
    },
    "cycles": 8,
    "per_cycle_V": [
      9.011487742694113e-05,
      0.00016142033638250538,
      0.00010244809856849438,
      0.0002456098094985611,
      0.00023576960951928914,
      0.00019137396862637014,
      0.0001769642478023642,
      9.257740724182835e-05
    ]
  },
  "diagnostics": {
    "measured_link_count": 14,
    "selection_policy": "uniform",
    "num_links": 288,
    "visibility_qc": {
      "r2_ok": false,
      "v_in_unit_interval": true,
      "i0_very_small": true
    },
    "hybrid_knobs": {
      "kick_passes": 3,
      "loop_measurement_cycles": 4
    }
  },
  "artifacts": {
    "kernel_hash": "c5f37351f163441ec05d09116a3864130c1bfed1c4688da9e07e9067e5bf8f54",
    "flip_counts_hash": "1045813912820017453b344ca74f8b8f873bba658c2e9b55c71942b9dd07c053",
    "pivot_fit_hash": "e730f86cf82cf01e0490c7477184968845e3929e6af95e60cac897b00c6a8382",
    "config_hash": "09be816148e3d54a4ba01072548fde7efe2f97f681380c3e050adf0677f43c72"
  }
}