{
  "sim": "MICC",
  "gauge": "SU2",
  "rep": "fundamental",
  "L": 8,
  "b": 3.0,
  "kappa": 1.0,
  "seed": 2,
  "measurement_model": "dephasing",
  "f": 0.0,
  "schedule": "during",
  "sigma": 0.20269669521997197,
  "sigma_err": 0.03483473680700226,
  "visibility": 0.00017941868802199494,
  "visibility_err": 0.0,
  "coherence": {
    "C": 0.5930676551242585,
    "P_entropy": 0.35917350980617924
  },
  "twist_scan": {
    "phi_values": [
      0.0,
      0.09817477042468103,
      0.19634954084936207,
      0.2945243112740431,
      0.39269908169872414,
      0.4908738521234052,
      0.5890486225480862,
      0.6872233929727672,
      0.7853981633974483,
      0.8835729338221293,
      0.9817477042468103,
      1.0799224746714913,
      1.1780972450961724,
      1.2762720155208536,
      1.3744467859455345,
      1.4726215563702154,
      1.5707963267948966,
      1.6689710972195777,
      1.7671458676442586,
      1.8653206380689396,
      1.9634954084936207,
      2.061670178918302,
      2.1598449493429825,
      2.2580197197676637,
      2.356194490192345,
      2.454369260617026,
      2.552544031041707,
      2.650718801466388,
      2.748893571891069,
      2.84706834231575,
      2.945243112740431,
      3.043417883165112,
      3.141592653589793,
      3.2397674240144743,
      3.3379421944391554,
      3.436116964863836,
      3.5342917352885173,
      3.6324665057131984,
      3.730641276137879,
      3.8288160465625602,
      3.9269908169872414,
      4.025165587411922,
      4.123340357836604,
      4.221515128261284,
      4.319689898685965,
      4.417864669110647,
      4.516039439535327,
      4.614214209960009,
      4.71238898038469,
      4.81056375080937,
      4.908738521234052,
      5.006913291658733,
      5.105088062083414,
      5.203262832508095,
      5.301437602932776,
      5.399612373357457,
      5.497787143782138,
      5.595961914206819,
      5.6941366846315,
      5.792311455056181,
      5.890486225480862,
      5.988660995905543,
      6.086835766330224,
      6.1850105367549055
    ],
    "mean_I": [
      0.8492472584369429,
      0.3215203014990002,
      -0.35217015038281113,
      -0.8659827167154801,
      -0.9866572345222443,
      -0.6594099956278494,
      -0.03280440482216351,
      0.6086936999400987,
      0.973857590721638,
      0.8969104954888535,
      0.41278478676563357,
      -0.2587365851709661,
      -0.8127969567747045,
      -0.9978645029255692,
      -0.7299224268274463,
      -0.13061082923745973,
      0.5279953541815844,
      0.9469026854561094,
      0.9359359941680566,
      0.500073928884598,
      -0.16281124520412166,
      -0.7517835178201774,
      -0.9994617906774937,
      -0.7934053060405096,
      -0.22715939996805556,
      0.4422121245306819,
      0.9108285896999782,
      0.9659479175887623,
      0.5825470857001848,
      -0.06531794394428059,
      -0.6835299926223642,
      -0.9914337150238044,
      -0.8492472584369429,
      -0.3215203014990002,
      0.35217015038281213,
      0.8659827167154789,
      0.9866572345222449,
      0.6594099956278494,
      0.032804404822165574,
      -0.6086936999400967,
      -0.9738575907216377,
      -0.8969104954888553,
      -0.4127847867656333,
      0.25873658517096576,
      0.8127969567747027,
      0.9978645029255682,
      0.7299224268274483,
      0.1306108292374575,
      -0.5279953541815835,
      -0.9469026854561089,
      -0.9359359941680565,
      -0.5000739288845988,
      0.1628112452041242,
      0.7517835178201769,
      0.9994617906774937,
      0.7934053060405079,
      0.2271593999680567,
      -0.44221212453067776,
      -0.9108285896999777,
      -0.9659479175887625,
      -0.5825470857001881,
      0.06531794394428024,
      0.6835299926223629,
      0.9914337150238057
    ],
    "fit": {
      "A": 1.9708211291867836e-16,
      "I0": 3.9353530104868624e-17,
      "phi0": -3.0919338855575567,
      "R2": 1.1102230246251565e-16,
      "visibility_fit": 0.00019708211291867838,
      "visibility_fourier": 0.00017941868802199494,
      "visibility": 0.00017941868802199494
    },
    "cycles": 16,
    "per_cycle_V": [
      0.00021776656091686015,
      0.00021776656091686015,
      0.00021776656091686015,
      0.00021776656091686015,
      0.00021776656091686015,
      0.00021776656091686015,
      0.00021776656091686015,
      0.00021776656091686015,
      0.00021776656091686015,
      0.00021776656091686015,
      0.00021776656091686015,
      0.00021776656091686015,
      0.00021776656091686015,
      0.00021776656091686015,
      0.00021776656091686015,
      0.00021776656091686015
    ]
  },
  "diagnostics": {
    "measured_link_count": 0,
    "selection_policy": "uniform",
    "num_links": 128,
    "creutz_sizes": [
      [
        2,
        2
      ],
      [
        3,
        3
      ]
    ],
    "loop_sizes_measured": [
      [
        1,
        1
      ],
      [
        1,
        2
      ],
      [
        2,
        1
      ],
      [
        2,
        2
      ],
      [
        2,
        3
      ],
      [
        3,
        2
      ],
      [
        3,
        3
      ]
    ],
    "visibility_qc": {
      "r2_ok": false,
      "v_in_unit_interval": true,
      "i0_very_small": true
    },
    "hybrid_knobs": {
      "kick_passes": 3,
      "loop_measurement_cycles": 6
    }
  },
  "artifacts": {
    "kernel_hash": "bb669db8d373312f24e4630fcfc599d4f7b832920772c12cef62ec22cd65bc64",
    "flip_counts_hash": "2268e99a6015a7b96d81d3b1a331fda63562012ba66381118831ac9c8b2f0d5d",
    "pivot_fit_hash": "e730f86cf82cf01e0490c7477184968845e3929e6af95e60cac897b00c6a8382",
    "config_hash": "3e53227bb97f97d3e0f7892c2fd75b0f2e140b1e74473c1589a222acbe454fae"
  }
}