{
  "sim": "MICC",
  "gauge": "SU2",
  "rep": "fundamental",
  "L": 12,
  "b": 3.5,
  "kappa": 1.0,
  "seed": 2,
  "measurement_model": "dephasing",
  "f": 0.05,
  "schedule": "during",
  "sigma": 0.21046731830072418,
  "sigma_err": 0.005545527693047227,
  "visibility": 0.0003558593997276691,
  "visibility_err": 1.7819454372257345e-05,
  "coherence": {
    "C": 0.4665670869418554,
    "P_entropy": 0.3454840147145274
  },
  "twist_scan": {
    "phi_values": [
      0.0,
      0.09817477042468103,
      0.19634954084936207,
      0.2945243112740431,
      0.39269908169872414,
      0.4908738521234052,
      0.5890486225480862,
      0.6872233929727672,
      0.7853981633974483,
      0.8835729338221293,
      0.9817477042468103,
      1.0799224746714913,
      1.1780972450961724,
      1.2762720155208536,
      1.3744467859455345,
      1.4726215563702154,
      1.5707963267948966,
      1.6689710972195777,
      1.7671458676442586,
      1.8653206380689396,
      1.9634954084936207,
      2.061670178918302,
      2.1598449493429825,
      2.2580197197676637,
      2.356194490192345,
      2.454369260617026,
      2.552544031041707,
      2.650718801466388,
      2.748893571891069,
      2.84706834231575,
      2.945243112740431,
      3.043417883165112,
      3.141592653589793,
      3.2397674240144743,
      3.3379421944391554,
      3.436116964863836,
      3.5342917352885173,
      3.6324665057131984,
      3.730641276137879,
      3.8288160465625602,
      3.9269908169872414,
      4.025165587411922,
      4.123340357836604,
      4.221515128261284,
      4.319689898685965,
      4.417864669110647,
      4.516039439535327,
      4.614214209960009,
      4.71238898038469,
      4.81056375080937,
      4.908738521234052,
      5.006913291658733,
      5.105088062083414,
      5.203262832508095,
      5.301437602932776,
      5.399612373357457,
      5.497787143782138,
      5.595961914206819,
      5.6941366846315,
      5.792311455056181,
      5.890486225480862,
      5.988660995905543,
      6.086835766330224,
      6.1850105367549055
    ],
    "mean_I": [
      -0.5617548607996568,
      -0.9391583604909227,
      -0.32367751219689345,
      0.6339973144237772,
      0.921406042548522,
      0.2346982890744825,
      -0.700134027331811,
      -0.8947800807246021,
      -0.1434587931291487,
      0.7595280668244478,
      0.8595368975867563,
      0.050837710583429695,
      -0.8116074358332902,
      -0.816015904254485,
      0.0422729669059302,
      0.8558705815653018,
      0.7646362316845752,
      -0.1349765326152315,
      -0.89189122573039,
      -0.7058926942108611,
      0.22638020052976812,
      0.9193224698343558,
      0.6403510242116968,
      -0.3156037033611969,
      -0.9379001360010325,
      -0.5686424237978941,
      0.40178777000272703,
      0.9474453111496536,
      0.49145748599135236,
      -0.48410240077959044,
      -0.9478660700256129,
      -0.4095395439367234,
      0.5617548607996556,
      0.9391583604909229,
      0.32367751219689234,
      -0.6339973144237758,
      -0.9214060425485238,
      -0.2346982890744825,
      0.7001340273318094,
      0.8947800807246025,
      0.14345879312915052,
      -0.7595280668244458,
      -0.859536897586755,
      -0.05083771058343024,
      0.8116074358332873,
      0.8160159042544852,
      -0.04227296690592636,
      -0.855870581565304,
      -0.7646362316845761,
      0.13497653261522574,
      0.8918912257303907,
      0.7058926942108619,
      -0.22638020052977123,
      -0.919322469834355,
      -0.6403510242116983,
      0.3156037033611996,
      0.9379001360010328,
      0.5686424237978991,
      -0.4017877700027266,
      -0.9474453111496527,
      -0.491457485991357,
      0.48410240077958977,
      0.9478660700256121,
      0.40953954393672054
    ],
    "fit": {
      "A": 0.08496238562070553,
      "I0": -1.0148770745912148e-15,
      "phi0": 2.8655210195546434,
      "R2": 0.006714275475285247,
      "visibility_fit": 1.0,
      "visibility_fourier": 0.0003558593997276691,
      "visibility": 0.0003558593997276691
    },
    "cycles": 8,
    "per_cycle_V": [
      0.00030733077515543276,
      0.000352068780609066,
      0.00038556133268033654,
      0.00042211765479378333,
      0.0002830511974712323,
      0.0002933008958305658,
      0.00038455439067828,
      0.0003745190874417438
    ]
  },
  "diagnostics": {
    "measured_link_count": 14,
    "selection_policy": "uniform",
    "num_links": 288,
    "visibility_qc": {
      "r2_ok": false,
      "v_in_unit_interval": true,
      "i0_very_small": true
    },
    "hybrid_knobs": {
      "kick_passes": 3,
      "loop_measurement_cycles": 4
    }
  },
  "artifacts": {
    "kernel_hash": "c5f37351f163441ec05d09116a3864130c1bfed1c4688da9e07e9067e5bf8f54",
    "flip_counts_hash": "3c718ce239e2c926749d06c4b85bf1839d5fe51eaf7ab8de2413bea26f16d7e1",
    "pivot_fit_hash": "18f843e4852e0cb06a5603a8f3e251da6d346190d1181f60fc167ac1ef296fd4",
    "config_hash": "09be816148e3d54a4ba01072548fde7efe2f97f681380c3e050adf0677f43c72"
  }
}