{
  "sim": "MICC",
  "gauge": "SU2",
  "rep": "fundamental",
  "L": 12,
  "b": 3.5,
  "kappa": 1.0,
  "seed": 2,
  "measurement_model": "dephasing",
  "f": 0.3,
  "schedule": "post",
  "sigma": 0.1430565720038828,
  "sigma_err": 0.017071176593956204,
  "visibility": 0.0002779133125652752,
  "visibility_err": 2.09954847897913e-19,
  "coherence": {
    "C": 0.46518447719865563,
    "P_entropy": 0.3605680553151701
  },
  "twist_scan": {
    "phi_values": [
      0.0,
      0.09817477042468103,
      0.19634954084936207,
      0.2945243112740431,
      0.39269908169872414,
      0.4908738521234052,
      0.5890486225480862,
      0.6872233929727672,
      0.7853981633974483,
      0.8835729338221293,
      0.9817477042468103,
      1.0799224746714913,
      1.1780972450961724,
      1.2762720155208536,
      1.3744467859455345,
      1.4726215563702154,
      1.5707963267948966,
      1.6689710972195777,
      1.7671458676442586,
      1.8653206380689396,
      1.9634954084936207,
      2.061670178918302,
      2.1598449493429825,
      2.2580197197676637,
      2.356194490192345,
      2.454369260617026,
      2.552544031041707,
      2.650718801466388,
      2.748893571891069,
      2.84706834231575,
      2.945243112740431,
      3.043417883165112,
      3.141592653589793,
      3.2397674240144743,
      3.3379421944391554,
      3.436116964863836,
      3.5342917352885173,
      3.6324665057131984,
      3.730641276137879,
      3.8288160465625602,
      3.9269908169872414,
      4.025165587411922,
      4.123340357836604,
      4.221515128261284,
      4.319689898685965,
      4.417864669110647,
      4.516039439535327,
      4.614214209960009,
      4.71238898038469,
      4.81056375080937,
      4.908738521234052,
      5.006913291658733,
      5.105088062083414,
      5.203262832508095,
      5.301437602932776,
      5.399612373357457,
      5.497787143782138,
      5.595961914206819,
      5.6941366846315,
      5.792311455056181,
      5.890486225480862,
      5.988660995905543,
      6.086835766330224,
      6.1850105367549055
    ],
    "mean_I": [
      -0.6657009050638025,
      -0.9719153481863576,
      -0.25061454214850276,
      0.7356375934464663,
      0.9441688642228905,
      0.15451864976829194,
      -0.7984896896638266,
      -0.9073295179617559,
      -0.05693465832232683,
      0.8536518936708588,
      0.8617520924458808,
      -0.041197645006930864,
      -0.9005929632882471,
      -0.8078755231981382,
      0.13893319249385128,
      0.9388608303549774,
      0.7462186710323149,
      -0.23533073738844748,
      -0.9680869543918539,
      -0.6773753251398317,
      0.3294619186371234,
      0.9879898718477755,
      0.6020084845752314,
      -0.4204202015071194,
      -0.9983779067475994,
      -0.5208439732128564,
      0.5073296080115447,
      0.9991510166365655,
      0.4346634496661672,
      -0.5893531530562408,
      -0.9903017560438166,
      -0.3442968794879811,
      0.6657009050638011,
      0.9719153481863576,
      0.25061454214850176,
      -0.7356375934464652,
      -0.9441688642228921,
      -0.15451864976829194,
      0.7984896896638253,
      0.9073295179617561,
      0.056934658322328684,
      -0.853651893670857,
      -0.8617520924458794,
      0.04119764500693045,
      0.9005929632882452,
      0.8078755231981384,
      -0.13893319249384709,
      -0.9388608303549794,
      -0.7462186710323161,
      0.23533073738844112,
      0.9680869543918541,
      0.6773753251398328,
      -0.3294619186371269,
      -0.987989871847775,
      -0.6020084845752331,
      0.4204202015071219,
      0.9983779067475996,
      0.5208439732128622,
      -0.5073296080115439,
      -0.999151016636564,
      -0.4346634496661724,
      0.5893531530562406,
      0.9903017560438164,
      0.3442968794879776
    ],
    "fit": {
      "A": 2.752624964225573e-16,
      "I0": -1.2590261815503823e-16,
      "phi0": -2.284069260242912,
      "R2": -2.220446049250313e-16,
      "visibility_fit": 0.0002752624964225573,
      "visibility_fourier": 0.0002779133125652752,
      "visibility": 0.0002779133125652752
    },
    "cycles": 16,
    "per_cycle_V": [
      0.0003149613095964793,
      0.0003149613095964793,
      0.0003149613095964793,
      0.0003149613095964793,
      0.0003149613095964793,
      0.0003149613095964793,
      0.0003149613095964793,
      0.0003149613095964793,
      0.0003149613095964793,
      0.0003149613095964793,
      0.0003149613095964793,
      0.0003149613095964793,
      0.0003149613095964793,
      0.0003149613095964793,
      0.0003149613095964793,
      0.0003149613095964793
    ]
  },
  "diagnostics": {
    "measured_link_count": 86,
    "selection_policy": "uniform",
    "num_links": 288,
    "creutz_sizes": [
      [
        2,
        2
      ],
      [
        3,
        3
      ]
    ],
    "loop_sizes_measured": [
      [
        1,
        1
      ],
      [
        1,
        2
      ],
      [
        2,
        1
      ],
      [
        2,
        2
      ],
      [
        2,
        3
      ],
      [
        3,
        2
      ],
      [
        3,
        3
      ]
    ],
    "visibility_qc": {
      "r2_ok": false,
      "v_in_unit_interval": true,
      "i0_very_small": true
    },
    "hybrid_knobs": {
      "kick_passes": 3,
      "loop_measurement_cycles": 6
    }
  },
  "artifacts": {
    "kernel_hash": "c5f37351f163441ec05d09116a3864130c1bfed1c4688da9e07e9067e5bf8f54",
    "flip_counts_hash": "3c718ce239e2c926749d06c4b85bf1839d5fe51eaf7ab8de2413bea26f16d7e1",
    "pivot_fit_hash": "18f843e4852e0cb06a5603a8f3e251da6d346190d1181f60fc167ac1ef296fd4",
    "config_hash": "3e53227bb97f97d3e0f7892c2fd75b0f2e140b1e74473c1589a222acbe454fae"
  }
}