{
  "sim": "MICC",
  "gauge": "SU2",
  "rep": "fundamental",
  "L": 8,
  "b": 3.5,
  "kappa": 1.0,
  "seed": 0,
  "measurement_model": "dephasing",
  "f": 0.1,
  "schedule": "during",
  "sigma": 0.25983820730112056,
  "sigma_err": 0.01487175257813193,
  "visibility": 0.00013791665319704384,
  "visibility_err": 1.0089833377239669e-05,
  "coherence": {
    "C": 0.46494668375269144,
    "P_entropy": 0.30015521363164477
  },
  "twist_scan": {
    "phi_values": [
      0.0,
      0.09817477042468103,
      0.19634954084936207,
      0.2945243112740431,
      0.39269908169872414,
      0.4908738521234052,
      0.5890486225480862,
      0.6872233929727672,
      0.7853981633974483,
      0.8835729338221293,
      0.9817477042468103,
      1.0799224746714913,
      1.1780972450961724,
      1.2762720155208536,
      1.3744467859455345,
      1.4726215563702154,
      1.5707963267948966,
      1.6689710972195777,
      1.7671458676442586,
      1.8653206380689396,
      1.9634954084936207,
      2.061670178918302,
      2.1598449493429825,
      2.2580197197676637,
      2.356194490192345,
      2.454369260617026,
      2.552544031041707,
      2.650718801466388,
      2.748893571891069,
      2.84706834231575,
      2.945243112740431,
      3.043417883165112,
      3.141592653589793,
      3.2397674240144743,
      3.3379421944391554,
      3.436116964863836,
      3.5342917352885173,
      3.6324665057131984,
      3.730641276137879,
      3.8288160465625602,
      3.9269908169872414,
      4.025165587411922,
      4.123340357836604,
      4.221515128261284,
      4.319689898685965,
      4.417864669110647,
      4.516039439535327,
      4.614214209960009,
      4.71238898038469,
      4.81056375080937,
      4.908738521234052,
      5.006913291658733,
      5.105088062083414,
      5.203262832508095,
      5.301437602932776,
      5.399612373357457,
      5.497787143782138,
      5.595961914206819,
      5.6941366846315,
      5.792311455056181,
      5.890486225480862,
      5.988660995905543,
      6.086835766330224,
      6.1850105367549055
    ],
    "mean_I": [
      0.6858746371840466,
      0.127211918789953,
      -0.48920235115011623,
      -0.8835289812872892,
      -0.8767519256178931,
      -0.4719478257297911,
      0.14711072015600557,
      0.6993840746944164,
      0.9341516811524128,
      0.7448339544199624,
      0.21737718441985818,
      -0.4087642826617422,
      -0.8493353113375535,
      -0.9043258654863047,
      -0.548771383196882,
      0.05591383405126799,
      0.6352153396153222,
      0.9261423612667419,
      0.7966201135071569,
      0.3054489889333442,
      -0.32438959067805045,
      -0.8069620780457285,
      -0.9231906529152787,
      -0.620309972254834,
      -0.03582153284099263,
      0.5649291335717064,
      0.909213784161158,
      0.8407343854244265,
      0.39057915270799837,
      -0.23689084960673992,
      -0.7568173588119772,
      -0.9331646096893321,
      -0.6858746371840473,
      -0.12721191878995308,
      0.48920235115011684,
      0.8835289812872891,
      0.8767519256178937,
      0.4719478257297911,
      -0.1471107201560036,
      -0.6993840746944153,
      -0.9341516811524131,
      -0.7448339544199648,
      -0.2173771844198575,
      0.408764282661742,
      0.8493353113375521,
      0.9043258654863046,
      0.5487713831968837,
      -0.05591383405127003,
      -0.6352153396153214,
      -0.9261423612667409,
      -0.7966201135071564,
      -0.3054489889333448,
      0.32438959067805234,
      0.8069620780457278,
      0.9231906529152787,
      0.6203099722548324,
      0.03582153284099357,
      -0.5649291335717029,
      -0.9092137841611574,
      -0.8407343854244268,
      -0.3905791527080017,
      0.2368908496067394,
      0.756817358811976,
      0.9331646096893326
    ],
    "fit": {
      "A": 0.3145856899799136,
      "I0": 5.125335233024547e-16,
      "phi0": -0.3324644688445786,
      "R2": 0.06958420210157135,
      "visibility_fit": 1.0,
      "visibility_fourier": 0.00013791665319704384,
      "visibility": 0.00013791665319704384
    },
    "cycles": 16,
    "per_cycle_V": [
      0.00017084893474091282,
      0.0001610679304020626,
      0.0001354819073781658,
      0.00015092343480818907,
      0.00012000976987466812,
      0.00018562263135966115,
      0.0001233393271082082,
      0.0001300437119877002,
      0.00019745926213151052,
      0.00016205105305850347,
      0.0001648091439359556,
      0.00010244878700903218,
      0.00013694705235913344,
      4.9146090395314904e-05,
      6.710852372739508e-05,
      0.00016583757394121636
    ]
  },
  "diagnostics": {
    "measured_link_count": 13,
    "selection_policy": "uniform",
    "num_links": 128,
    "creutz_sizes": [
      [
        2,
        2
      ],
      [
        3,
        3
      ]
    ],
    "loop_sizes_measured": [
      [
        1,
        1
      ],
      [
        1,
        2
      ],
      [
        2,
        1
      ],
      [
        2,
        2
      ],
      [
        2,
        3
      ],
      [
        3,
        2
      ],
      [
        3,
        3
      ]
    ],
    "visibility_qc": {
      "r2_ok": false,
      "v_in_unit_interval": true,
      "i0_very_small": true
    },
    "hybrid_knobs": {
      "kick_passes": 3,
      "loop_measurement_cycles": 6
    }
  },
  "artifacts": {
    "kernel_hash": "bb669db8d373312f24e4630fcfc599d4f7b832920772c12cef62ec22cd65bc64",
    "flip_counts_hash": "051ffecc2b526e5161a7cdb343471ea2bcf4c30d07d6aca6b7e9329b81a2e42c",
    "pivot_fit_hash": "18f843e4852e0cb06a5603a8f3e251da6d346190d1181f60fc167ac1ef296fd4",
    "config_hash": "3e53227bb97f97d3e0f7892c2fd75b0f2e140b1e74473c1589a222acbe454fae"
  }
}