{
  "sim": "MICC",
  "gauge": "SU2",
  "rep": "fundamental",
  "L": 8,
  "b": 3.5,
  "kappa": 0.75,
  "seed": 3,
  "measurement_model": "dephasing",
  "f": 0.05,
  "schedule": "during",
  "sigma": 0.23449266343305308,
  "sigma_err": 0.008850192998456784,
  "visibility": 0.00019430548525262557,
  "visibility_err": 5.5849499681956905e-06,
  "coherence": {
    "C": 0.4654763447533763,
    "P_entropy": 0.3345688071108379
  },
  "twist_scan": {
    "phi_values": [
      0.0,
      0.09817477042468103,
      0.19634954084936207,
      0.2945243112740431,
      0.39269908169872414,
      0.4908738521234052,
      0.5890486225480862,
      0.6872233929727672,
      0.7853981633974483,
      0.8835729338221293,
      0.9817477042468103,
      1.0799224746714913,
      1.1780972450961724,
      1.2762720155208536,
      1.3744467859455345,
      1.4726215563702154,
      1.5707963267948966,
      1.6689710972195777,
      1.7671458676442586,
      1.8653206380689396,
      1.9634954084936207,
      2.061670178918302,
      2.1598449493429825,
      2.2580197197676637,
      2.356194490192345,
      2.454369260617026,
      2.552544031041707,
      2.650718801466388,
      2.748893571891069,
      2.84706834231575,
      2.945243112740431,
      3.043417883165112,
      3.141592653589793,
      3.2397674240144743,
      3.3379421944391554,
      3.436116964863836,
      3.5342917352885173,
      3.6324665057131984,
      3.730641276137879,
      3.8288160465625602,
      3.9269908169872414,
      4.025165587411922,
      4.123340357836604,
      4.221515128261284,
      4.319689898685965,
      4.417864669110647,
      4.516039439535327,
      4.614214209960009,
      4.71238898038469,
      4.81056375080937,
      4.908738521234052,
      5.006913291658733,
      5.105088062083414,
      5.203262832508095,
      5.301437602932776,
      5.399612373357457,
      5.497787143782138,
      5.595961914206819,
      5.6941366846315,
      5.792311455056181,
      5.890486225480862,
      5.988660995905543,
      6.086835766330224,
      6.1850105367549055
    ],
    "mean_I": [
      0.8266060274600782,
      0.2950018433772289,
      -0.3705270100763287,
      -0.8678443474617132,
      -0.9711784948830067,
      -0.6336179097895936,
      -0.008408040527400375,
      0.6206189033496374,
      0.9678978402149768,
      0.8757713931971476,
      0.3860630431799103,
      -0.2789098571269468,
      -0.8172635133899859,
      -0.9845966208778854,
      -0.7049434471784796,
      -0.1052606865191699,
      0.5422082251635679,
      0.9435259384205584,
      0.9165026016723872,
      0.47340624483324273,
      -0.1846066497857971,
      -0.7588119849226324,
      -0.9885325431784466,
      -0.7694799938097499,
      -0.20109961455841385,
      0.4585757853680076,
      0.910067366055407,
      0.9484073890822362,
      0.556190285558652,
      -0.08852557949094941,
      -0.6930526822316461,
      -0.9829483567013427,
      -0.8266060274600788,
      -0.2950018433772289,
      0.3705270100763296,
      0.8678443474617126,
      0.9711784948830072,
      0.6336179097895936,
      0.008408040527402542,
      -0.6206189033496359,
      -0.9678978402149765,
      -0.8757713931971498,
      -0.3860630431799093,
      0.2789098571269465,
      0.8172635133899834,
      0.9845966208778851,
      0.704943447178481,
      0.1052606865191678,
      -0.542208225163567,
      -0.943525938420557,
      -0.9165026016723871,
      -0.4734062448332435,
      0.18460664978579922,
      0.7588119849226318,
      0.9885325431784466,
      0.7694799938097483,
      0.20109961455841488,
      -0.4585757853680038,
      -0.9100673660554064,
      -0.9484073890822362,
      -0.5561902855586552,
      0.08852557949094886,
      0.6930526822316448,
      0.9829483567013435
    ],
    "fit": {
      "A": 0.66101671070264,
      "I0": 1.671566102155373e-15,
      "phi0": 1.5799258166319023,
      "R2": 0.2835951425433504,
      "visibility_fit": 1.0,
      "visibility_fourier": 0.00019430548525262557,
      "visibility": 0.00019430548525262557
    },
    "cycles": 8,
    "per_cycle_V": [
      0.00018167501892399072,
      0.00017814995671265572,
      0.00015322197353716184,
      0.00017845453974258286,
      0.00019965340877161128,
      0.00018895015597492518,
      0.00020227388999191384,
      0.00019539119038725815
    ]
  },
  "diagnostics": {
    "measured_link_count": 6,
    "selection_policy": "uniform",
    "num_links": 128,
    "visibility_qc": {
      "r2_ok": false,
      "v_in_unit_interval": true,
      "i0_very_small": true
    },
    "hybrid_knobs": {
      "kick_passes": 3,
      "loop_measurement_cycles": 4
    }
  },
  "artifacts": {
    "kernel_hash": "bb669db8d373312f24e4630fcfc599d4f7b832920772c12cef62ec22cd65bc64",
    "flip_counts_hash": "c1b27689be21b2ac0fdae0da5c804f2dab3460dc84baee0f4b6cda147a262623",
    "pivot_fit_hash": "32e5af21ae29df0c4428cd8be3189fb5b9433eb374572ce92302aca28369a080",
    "config_hash": "09be816148e3d54a4ba01072548fde7efe2f97f681380c3e050adf0677f43c72"
  }
}