{
  "sim": "MICC",
  "gauge": "SU2",
  "rep": "fundamental",
  "L": 8,
  "b": 3.0,
  "kappa": 1.0,
  "seed": 2,
  "measurement_model": "dephasing",
  "f": 0.1,
  "schedule": "during",
  "sigma": 0.22989090296319395,
  "sigma_err": 0.012622626736310335,
  "visibility": 0.00017267983202136667,
  "visibility_err": 1.541996671240774e-05,
  "coherence": {
    "C": 0.5850648112838731,
    "P_entropy": 0.3216314386602735
  },
  "twist_scan": {
    "phi_values": [
      0.0,
      0.09817477042468103,
      0.19634954084936207,
      0.2945243112740431,
      0.39269908169872414,
      0.4908738521234052,
      0.5890486225480862,
      0.6872233929727672,
      0.7853981633974483,
      0.8835729338221293,
      0.9817477042468103,
      1.0799224746714913,
      1.1780972450961724,
      1.2762720155208536,
      1.3744467859455345,
      1.4726215563702154,
      1.5707963267948966,
      1.6689710972195777,
      1.7671458676442586,
      1.8653206380689396,
      1.9634954084936207,
      2.061670178918302,
      2.1598449493429825,
      2.2580197197676637,
      2.356194490192345,
      2.454369260617026,
      2.552544031041707,
      2.650718801466388,
      2.748893571891069,
      2.84706834231575,
      2.945243112740431,
      3.043417883165112,
      3.141592653589793,
      3.2397674240144743,
      3.3379421944391554,
      3.436116964863836,
      3.5342917352885173,
      3.6324665057131984,
      3.730641276137879,
      3.8288160465625602,
      3.9269908169872414,
      4.025165587411922,
      4.123340357836604,
      4.221515128261284,
      4.319689898685965,
      4.417864669110647,
      4.516039439535327,
      4.614214209960009,
      4.71238898038469,
      4.81056375080937,
      4.908738521234052,
      5.006913291658733,
      5.105088062083414,
      5.203262832508095,
      5.301437602932776,
      5.399612373357457,
      5.497787143782138,
      5.595961914206819,
      5.6941366846315,
      5.792311455056181,
      5.890486225480862,
      5.988660995905543,
      6.086835766330224,
      6.1850105367549055
    ],
    "mean_I": [
      0.7760966252563424,
      0.3312677490931827,
      -0.26394975943439336,
      -0.739339595503914,
      -0.8790847123846132,
      -0.6197437486254482,
      -0.07905207980274612,
      0.49752758053027213,
      0.8482401209750889,
      0.8138693804205597,
      0.41001895649880543,
      -0.17997150151964342,
      -0.6882586604629508,
      -0.8840907767909474,
      -0.6785641638990175,
      -0.1649836071516261,
      0.4234960579756224,
      0.8197173666977614,
      0.8438041285450676,
      0.4848214572141841,
      -0.09426001966283085,
      -0.6305494182812744,
      -0.8805825637236039,
      -0.7308496353333358,
      -0.24932625217442095,
      0.34538603687617364,
      0.7833002860760406,
      0.8656125816414293,
      0.5549548622662213,
      -0.007640762288896208,
      -0.5667676405081725,
      -0.8685938591922078,
      -0.7760966252563428,
      -0.33126774909318285,
      0.2639497594343942,
      0.7393395955039134,
      0.8790847123846135,
      0.6197437486254482,
      0.07905207980274806,
      -0.4975275805302705,
      -0.8482401209750885,
      -0.8138693804205612,
      -0.41001895649880477,
      0.17997150151964314,
      0.6882586604629485,
      0.8840907767909468,
      0.6785641638990191,
      0.16498360715162425,
      -0.4234960579756216,
      -0.81971736669776,
      -0.8438041285450675,
      -0.4848214572141845,
      0.09426001966283287,
      0.630549418281274,
      0.8805825637236039,
      0.7308496353333345,
      0.24932625217442184,
      -0.34538603687617014,
      -0.7833002860760403,
      -0.8656125816414294,
      -0.5549548622662237,
      0.007640762288895583,
      0.5667676405081716,
      0.8685938591922083
    ],
    "fit": {
      "A": 0.13124516739274825,
      "I0": 2.0511509578736383e-16,
      "phi0": -0.13784965907331612,
      "R2": 0.014714337080365958,
      "visibility_fit": 1.0,
      "visibility_fourier": 0.00017267983202136667,
      "visibility": 0.00017267983202136667
    },
    "cycles": 8,
    "per_cycle_V": [
      0.0001275412597762897,
      0.00021088309187438677,
      0.00019361410281323692,
      0.00019806685302342414,
      0.00016409549418838513,
      0.0001802627541604777,
      0.00023464910486147177,
      0.00010281895698001994
    ]
  },
  "diagnostics": {
    "measured_link_count": 13,
    "selection_policy": "uniform",
    "num_links": 128,
    "visibility_qc": {
      "r2_ok": false,
      "v_in_unit_interval": true,
      "i0_very_small": true
    },
    "hybrid_knobs": {
      "kick_passes": 3,
      "loop_measurement_cycles": 4
    }
  },
  "artifacts": {
    "kernel_hash": "bb669db8d373312f24e4630fcfc599d4f7b832920772c12cef62ec22cd65bc64",
    "flip_counts_hash": "2268e99a6015a7b96d81d3b1a331fda63562012ba66381118831ac9c8b2f0d5d",
    "pivot_fit_hash": "e730f86cf82cf01e0490c7477184968845e3929e6af95e60cac897b00c6a8382",
    "config_hash": "09be816148e3d54a4ba01072548fde7efe2f97f681380c3e050adf0677f43c72"
  }
}