{
  "sim": "MICC",
  "gauge": "SU2",
  "rep": "fundamental",
  "L": 12,
  "b": 3.5,
  "kappa": 1.0,
  "seed": 2,
  "measurement_model": "dephasing",
  "f": 0.3,
  "schedule": "during",
  "sigma": 0.3219053969045759,
  "sigma_err": 0.01683153266107725,
  "visibility": 1.7110568715027448e-05,
  "visibility_err": 3.224001439735161e-05,
  "coherence": {
    "C": 0.48120313526457453,
    "P_entropy": 0.20952705703453745
  },
  "twist_scan": {
    "phi_values": [
      0.0,
      0.09817477042468103,
      0.19634954084936207,
      0.2945243112740431,
      0.39269908169872414,
      0.4908738521234052,
      0.5890486225480862,
      0.6872233929727672,
      0.7853981633974483,
      0.8835729338221293,
      0.9817477042468103,
      1.0799224746714913,
      1.1780972450961724,
      1.2762720155208536,
      1.3744467859455345,
      1.4726215563702154,
      1.5707963267948966,
      1.6689710972195777,
      1.7671458676442586,
      1.8653206380689396,
      1.9634954084936207,
      2.061670178918302,
      2.1598449493429825,
      2.2580197197676637,
      2.356194490192345,
      2.454369260617026,
      2.552544031041707,
      2.650718801466388,
      2.748893571891069,
      2.84706834231575,
      2.945243112740431,
      3.043417883165112,
      3.141592653589793,
      3.2397674240144743,
      3.3379421944391554,
      3.436116964863836,
      3.5342917352885173,
      3.6324665057131984,
      3.730641276137879,
      3.8288160465625602,
      3.9269908169872414,
      4.025165587411922,
      4.123340357836604,
      4.221515128261284,
      4.319689898685965,
      4.417864669110647,
      4.516039439535327,
      4.614214209960009,
      4.71238898038469,
      4.81056375080937,
      4.908738521234052,
      5.006913291658733,
      5.105088062083414,
      5.203262832508095,
      5.301437602932776,
      5.399612373357457,
      5.497787143782138,
      5.595961914206819,
      5.6941366846315,
      5.792311455056181,
      5.890486225480862,
      5.988660995905543,
      6.086835766330224,
      6.1850105367549055
    ],
    "mean_I": [
      -0.13630087343096936,
      -0.007872045514149755,
      0.1288791602959375,
      0.12937847673090888,
      -0.006901976803000021,
      -0.1358856154160748,
      -0.12121009457446023,
      0.021609529310532546,
      0.14158341777712208,
      0.11187439294708179,
      -0.03610897023783424,
      -0.14591769442760616,
      -0.10146127975885902,
      0.05026066204257482,
      0.14884670391402677,
      0.09007103898218094,
      -0.06392831619657241,
      -0.1503422382738705,
      -0.07781336486226587,
      0.07698030571882437,
      0.15038989469370903,
      0.06480630550161512,
      -0.08929093281528847,
      -0.14898921421616837,
      -0.05117512599225375,
      0.10074163941735323,
      0.14615368615993674,
      0.03705110204441752,
      -0.11122214896084595,
      -0.14191061821025286,
      -0.0225702557297009,
      0.12063152840963462,
      0.13630087343096942,
      0.00787204551414973,
      -0.12887916029593763,
      -0.12937847673090913,
      0.00690197680299982,
      0.1358856154160748,
      0.12121009457446072,
      -0.02160952931053213,
      -0.14158341777712197,
      -0.11187439294708254,
      0.036108970237834444,
      0.1459176944276062,
      0.1014612797588597,
      -0.05026066204257461,
      -0.14884670391402677,
      -0.09007103898218063,
      0.06392831619657219,
      0.15034223827387022,
      0.07781336486226573,
      -0.07698030571882429,
      -0.15038989469370906,
      -0.06480630550161524,
      0.08929093281528835,
      0.14898921421616834,
      0.051175125992253934,
      -0.10074163941735226,
      -0.14615368615993662,
      -0.037051102044417576,
      0.1112221489608454,
      0.14191061821025291,
      0.02257025572970112,
      -0.12063152840963501
    ],
    "fit": {
      "A": 1.0667936283594426e-13,
      "I0": 1.1459169342592781e-17,
      "phi0": -2.7473858621061273,
      "R2": 0.0,
      "visibility_fit": 0.10667936283594426,
      "visibility_fourier": 1.7110568715027448e-05,
      "visibility": 1.7110568715027448e-05
    },
    "cycles": 16,
    "per_cycle_V": [
      0.00044263841370549063,
      0.00010730162173931052,
      0.00033838225976681665,
      0.0002031643936473818,
      0.0003828793005215664,
      0.00024373019171814323,
      0.00045503436895606144,
      0.0002463570021394824,
      8.53770488448096e-05,
      0.00043289090454919603,
      0.00018818454975251308,
      0.00020583923211920315,
      0.00030561458973772746,
      3.6758131435223554e-05,
      0.00016148225957283568,
      0.000257083974364376
    ]
  },
  "diagnostics": {
    "measured_link_count": 86,
    "selection_policy": "uniform",
    "num_links": 288,
    "creutz_sizes": [
      [
        2,
        2
      ],
      [
        3,
        3
      ]
    ],
    "loop_sizes_measured": [
      [
        1,
        1
      ],
      [
        1,
        2
      ],
      [
        2,
        1
      ],
      [
        2,
        2
      ],
      [
        2,
        3
      ],
      [
        3,
        2
      ],
      [
        3,
        3
      ]
    ],
    "visibility_qc": {
      "r2_ok": false,
      "v_in_unit_interval": true,
      "i0_very_small": true
    },
    "hybrid_knobs": {
      "kick_passes": 3,
      "loop_measurement_cycles": 6
    }
  },
  "artifacts": {
    "kernel_hash": "c5f37351f163441ec05d09116a3864130c1bfed1c4688da9e07e9067e5bf8f54",
    "flip_counts_hash": "3c718ce239e2c926749d06c4b85bf1839d5fe51eaf7ab8de2413bea26f16d7e1",
    "pivot_fit_hash": "18f843e4852e0cb06a5603a8f3e251da6d346190d1181f60fc167ac1ef296fd4",
    "config_hash": "3e53227bb97f97d3e0f7892c2fd75b0f2e140b1e74473c1589a222acbe454fae"
  }
}