{
  "sim": "MICC",
  "gauge": "SU2",
  "rep": "fundamental",
  "L": 8,
  "b": 3.0,
  "kappa": 1.0,
  "seed": 0,
  "measurement_model": "dephasing",
  "f": 0.05,
  "schedule": "during",
  "sigma": 0.20180545990142396,
  "sigma_err": 0.011459347455682688,
  "visibility": 0.00023513149883363604,
  "visibility_err": 7.539092878599415e-06,
  "coherence": {
    "C": 0.5934883131042693,
    "P_entropy": 0.345839871942756
  },
  "twist_scan": {
    "phi_values": [
      0.0,
      0.09817477042468103,
      0.19634954084936207,
      0.2945243112740431,
      0.39269908169872414,
      0.4908738521234052,
      0.5890486225480862,
      0.6872233929727672,
      0.7853981633974483,
      0.8835729338221293,
      0.9817477042468103,
      1.0799224746714913,
      1.1780972450961724,
      1.2762720155208536,
      1.3744467859455345,
      1.4726215563702154,
      1.5707963267948966,
      1.6689710972195777,
      1.7671458676442586,
      1.8653206380689396,
      1.9634954084936207,
      2.061670178918302,
      2.1598449493429825,
      2.2580197197676637,
      2.356194490192345,
      2.454369260617026,
      2.552544031041707,
      2.650718801466388,
      2.748893571891069,
      2.84706834231575,
      2.945243112740431,
      3.043417883165112,
      3.141592653589793,
      3.2397674240144743,
      3.3379421944391554,
      3.436116964863836,
      3.5342917352885173,
      3.6324665057131984,
      3.730641276137879,
      3.8288160465625602,
      3.9269908169872414,
      4.025165587411922,
      4.123340357836604,
      4.221515128261284,
      4.319689898685965,
      4.417864669110647,
      4.516039439535327,
      4.614214209960009,
      4.71238898038469,
      4.81056375080937,
      4.908738521234052,
      5.006913291658733,
      5.105088062083414,
      5.203262832508095,
      5.301437602932776,
      5.399612373357457,
      5.497787143782138,
      5.595961914206819,
      5.6941366846315,
      5.792311455056181,
      5.890486225480862,
      5.988660995905543,
      6.086835766330224,
      6.1850105367549055
    ],
    "mean_I": [
      0.8585303960218497,
      0.3785422500979468,
      -0.27329616329152073,
      -0.801063832274497,
      -0.9651652690264799,
      -0.6911018520857579,
      -0.1032926429747974,
      0.531409266535791,
      0.9248624790667802,
      0.8984474619474009,
      0.4641560806983429,
      -0.18085245720400628,
      -0.7437577605684123,
      -0.9690125901740779,
      -0.7543559627209147,
      -0.19723749930548,
      0.449422665204393,
      0.8920543356677542,
      0.9297119876730577,
      0.5452998345080912,
      -0.08666704308960965,
      -0.6792888950487045,
      -0.9635277903621327,
      -0.8103452130621538,
      -0.2892828506968648,
      0.3631078779276576,
      0.8506552213697441,
      0.9520228787251527,
      0.6211920528203132,
      0.008353022026765983,
      -0.6082781061325927,
      -0.9487636912111327,
      -0.8585303960218499,
      -0.3785422500979469,
      0.2732961632915216,
      0.8010638322744961,
      0.9651652690264805,
      0.6911018520857579,
      0.10329264297479944,
      -0.5314092665357892,
      -0.9248624790667797,
      -0.8984474619474029,
      -0.46415608069834235,
      0.18085245720400597,
      0.7437577605684097,
      0.9690125901740769,
      0.7543559627209162,
      0.19723749930547804,
      -0.449422665204392,
      -0.8920543356677523,
      -0.9297119876730575,
      -0.5452998345080916,
      0.0866670430896119,
      0.6792888950487039,
      0.9635277903621327,
      0.8103452130621525,
      0.289282850696866,
      -0.3631078779276534,
      -0.8506552213697436,
      -0.9520228787251527,
      -0.6211920528203161,
      -0.008353022026766523,
      0.6082781061325917,
      0.9487636912111337
    ],
    "fit": {
      "A": 0.2893415622277889,
      "I0": -2.873453435666027e-16,
      "phi0": 2.1425739180912142,
      "R2": 0.0550790624312143,
      "visibility_fit": 1.0,
      "visibility_fourier": 0.00023513149883363604,
      "visibility": 0.00023513149883363604
    },
    "cycles": 16,
    "per_cycle_V": [
      0.0002447575298192395,
      0.0002128141666488568,
      0.0002012713800734766,
      0.00023625959473132512,
      0.0002071510616339914,
      0.00012110261631794386,
      0.00018315204303090052,
      0.00022131965540880222,
      0.0001963731685265158,
      0.00023887166278833632,
      0.00018685985394652568,
      0.00018298300765049754,
      0.0002047212579718424,
      0.00021482234213271236,
      0.00021680936574981928,
      0.0002364826190857821
    ]
  },
  "diagnostics": {
    "measured_link_count": 6,
    "selection_policy": "uniform",
    "num_links": 128,
    "creutz_sizes": [
      [
        2,
        2
      ],
      [
        3,
        3
      ]
    ],
    "loop_sizes_measured": [
      [
        1,
        1
      ],
      [
        1,
        2
      ],
      [
        2,
        1
      ],
      [
        2,
        2
      ],
      [
        2,
        3
      ],
      [
        3,
        2
      ],
      [
        3,
        3
      ]
    ],
    "visibility_qc": {
      "r2_ok": false,
      "v_in_unit_interval": true,
      "i0_very_small": true
    },
    "hybrid_knobs": {
      "kick_passes": 3,
      "loop_measurement_cycles": 6
    }
  },
  "artifacts": {
    "kernel_hash": "bb669db8d373312f24e4630fcfc599d4f7b832920772c12cef62ec22cd65bc64",
    "flip_counts_hash": "051ffecc2b526e5161a7cdb343471ea2bcf4c30d07d6aca6b7e9329b81a2e42c",
    "pivot_fit_hash": "e730f86cf82cf01e0490c7477184968845e3929e6af95e60cac897b00c6a8382",
    "config_hash": "3e53227bb97f97d3e0f7892c2fd75b0f2e140b1e74473c1589a222acbe454fae"
  }
}