{
  "sim": "MICC",
  "gauge": "SU2",
  "rep": "fundamental",
  "L": 12,
  "b": 3.5,
  "kappa": 0.75,
  "seed": 0,
  "measurement_model": "dephasing",
  "f": 0.3,
  "schedule": "pre",
  "sigma": 0.27583578076828247,
  "sigma_err": 0.04080359269437341,
  "visibility": 0.00017229146066561872,
  "visibility_err": 7.171323298281502e-20,
  "coherence": {
    "C": 0.46838138779184113,
    "P_entropy": 0.2770488221913384
  },
  "twist_scan": {
    "phi_values": [
      0.0,
      0.09817477042468103,
      0.19634954084936207,
      0.2945243112740431,
      0.39269908169872414,
      0.4908738521234052,
      0.5890486225480862,
      0.6872233929727672,
      0.7853981633974483,
      0.8835729338221293,
      0.9817477042468103,
      1.0799224746714913,
      1.1780972450961724,
      1.2762720155208536,
      1.3744467859455345,
      1.4726215563702154,
      1.5707963267948966,
      1.6689710972195777,
      1.7671458676442586,
      1.8653206380689396,
      1.9634954084936207,
      2.061670178918302,
      2.1598449493429825,
      2.2580197197676637,
      2.356194490192345,
      2.454369260617026,
      2.552544031041707,
      2.650718801466388,
      2.748893571891069,
      2.84706834231575,
      2.945243112740431,
      3.043417883165112,
      3.141592653589793,
      3.2397674240144743,
      3.3379421944391554,
      3.436116964863836,
      3.5342917352885173,
      3.6324665057131984,
      3.730641276137879,
      3.8288160465625602,
      3.9269908169872414,
      4.025165587411922,
      4.123340357836604,
      4.221515128261284,
      4.319689898685965,
      4.417864669110647,
      4.516039439535327,
      4.614214209960009,
      4.71238898038469,
      4.81056375080937,
      4.908738521234052,
      5.006913291658733,
      5.105088062083414,
      5.203262832508095,
      5.301437602932776,
      5.399612373357457,
      5.497787143782138,
      5.595961914206819,
      5.6941366846315,
      5.792311455056181,
      5.890486225480862,
      5.988660995905543,
      6.086835766330224,
      6.1850105367549055
    ],
    "mean_I": [
      -0.9621261939300363,
      -0.6939588107286231,
      0.30786635619179,
      0.9842132021032625,
      0.6200434274332988,
      -0.3996403053383349,
      -0.9968216991145712,
      -0.5401566869815763,
      0.4875654998788583,
      0.9998302582452351,
      0.4550679423545407,
      -0.5707951721251322,
      -0.9932099054261833,
      -0.36559664467718656,
      0.6485277748354624,
      0.9770243982741122,
      0.2726044514561381,
      -0.7200147005527844,
      -0.9514296120707977,
      -0.17698692834681667,
      0.7845674911037078,
      0.9166720385989102,
      0.07966492436661744,
      -0.8415644678270857,
      -0.8730864122914063,
      0.018424296384514125,
      0.8904567186793565,
      0.8210924865559547,
      -0.1163360810897127,
      -0.9307733845575843,
      -0.7611909913201587,
      0.2131274857382462,
      0.9621261939300362,
      0.6939588107286231,
      -0.3078663561917913,
      -0.9842132021032628,
      -0.6200434274333001,
      0.3996403053383349,
      0.9968216991145715,
      0.5401566869815784,
      -0.4875654998788565,
      -0.9998302582452371,
      -0.45506794235453946,
      0.5707951721251318,
      0.9932099054261838,
      0.3655966446771877,
      -0.6485277748354593,
      -0.9770243982741122,
      -0.27260445145613965,
      0.7200147005527795,
      0.9514296120707977,
      0.17698692834681778,
      -0.7845674911037097,
      -0.9166720385989102,
      -0.07966492436661936,
      0.8415644678270865,
      0.873086412291407,
      -0.01842429638450681,
      -0.8904567186793554,
      -0.8210924865559549,
      0.1163360810897067,
      0.9307733845575845,
      0.7611909913201594,
      -0.2131274857382502
    ],
    "fit": {
      "A": 1.5547806979599928e-16,
      "I0": -5.500355888266029e-17,
      "phi0": -2.760079219063011,
      "R2": -2.220446049250313e-16,
      "visibility_fit": 0.0001554780697959993,
      "visibility_fourier": 0.00017229146066561872,
      "visibility": 0.00017229146066561872
    },
    "cycles": 8,
    "per_cycle_V": [
      0.0001771076688238318,
      0.0001771076688238318,
      0.0001771076688238318,
      0.0001771076688238318,
      0.0001771076688238318,
      0.0001771076688238318,
      0.0001771076688238318,
      0.0001771076688238318
    ]
  },
  "diagnostics": {
    "measured_link_count": 86,
    "selection_policy": "uniform",
    "num_links": 288,
    "visibility_qc": {
      "r2_ok": false,
      "v_in_unit_interval": true,
      "i0_very_small": true
    },
    "hybrid_knobs": {
      "kick_passes": 3,
      "loop_measurement_cycles": 4
    }
  },
  "artifacts": {
    "kernel_hash": "c5f37351f163441ec05d09116a3864130c1bfed1c4688da9e07e9067e5bf8f54",
    "flip_counts_hash": "526d3d4f7381a97e02c3ef4c6b8d2598448ee2e98060a326f334d01ae3e48798",
    "pivot_fit_hash": "32e5af21ae29df0c4428cd8be3189fb5b9433eb374572ce92302aca28369a080",
    "config_hash": "09be816148e3d54a4ba01072548fde7efe2f97f681380c3e050adf0677f43c72"
  }
}