{
  "sim": "MICC",
  "gauge": "SU2",
  "rep": "fundamental",
  "L": 12,
  "b": 3.5,
  "kappa": 0.75,
  "seed": 3,
  "measurement_model": "dephasing",
  "f": 0.1,
  "schedule": "during",
  "sigma": 0.25204315210782624,
  "sigma_err": 0.015261865744095578,
  "visibility": 0.00031888907364970405,
  "visibility_err": 3.595937783263914e-05,
  "coherence": {
    "C": 0.4684024930288309,
    "P_entropy": 0.3056915915817131
  },
  "twist_scan": {
    "phi_values": [
      0.0,
      0.09817477042468103,
      0.19634954084936207,
      0.2945243112740431,
      0.39269908169872414,
      0.4908738521234052,
      0.5890486225480862,
      0.6872233929727672,
      0.7853981633974483,
      0.8835729338221293,
      0.9817477042468103,
      1.0799224746714913,
      1.1780972450961724,
      1.2762720155208536,
      1.3744467859455345,
      1.4726215563702154,
      1.5707963267948966,
      1.6689710972195777,
      1.7671458676442586,
      1.8653206380689396,
      1.9634954084936207,
      2.061670178918302,
      2.1598449493429825,
      2.2580197197676637,
      2.356194490192345,
      2.454369260617026,
      2.552544031041707,
      2.650718801466388,
      2.748893571891069,
      2.84706834231575,
      2.945243112740431,
      3.043417883165112,
      3.141592653589793,
      3.2397674240144743,
      3.3379421944391554,
      3.436116964863836,
      3.5342917352885173,
      3.6324665057131984,
      3.730641276137879,
      3.8288160465625602,
      3.9269908169872414,
      4.025165587411922,
      4.123340357836604,
      4.221515128261284,
      4.319689898685965,
      4.417864669110647,
      4.516039439535327,
      4.614214209960009,
      4.71238898038469,
      4.81056375080937,
      4.908738521234052,
      5.006913291658733,
      5.105088062083414,
      5.203262832508095,
      5.301437602932776,
      5.399612373357457,
      5.497787143782138,
      5.595961914206819,
      5.6941366846315,
      5.792311455056181,
      5.890486225480862,
      5.988660995905543,
      6.086835766330224,
      6.1850105367549055
    ],
    "mean_I": [
      -0.7230399466694847,
      -0.8916308807771818,
      -0.11758382863382257,
      0.7807736145341985,
      0.8536920968163438,
      0.024081722852537474,
      -0.8309880056766753,
      -0.8075317912875949,
      0.06965230308422654,
      0.8731995280602332,
      0.7535945131669652,
      -0.1627155392664653,
      -0.9070016616491544,
      -0.6923997079278712,
      0.2542117358562096,
      0.9320688734188499,
      0.6245367149972504,
      -0.3432597344633877,
      -0.948159752416848,
      -0.550659092094711,
      0.4290019541828232,
      0.9551193346822281,
      0.47147832111441884,
      -0.5106126505671547,
      -0.9528805956332779,
      -0.3877569561655242,
      0.5873058679972599,
      0.9414650955508606,
      0.3003012797592457,
      -0.6583430088645021,
      -0.9209827719411167,
      -0.20995353786750703,
      0.7230399466694839,
      0.8916308807771819,
      0.11758382863382134,
      -0.7807736145341976,
      -0.8536920968163453,
      -0.024081722852537474,
      0.8309880056766743,
      0.8075317912875956,
      -0.06965230308422501,
      -0.8731995280602323,
      -0.7535945131669639,
      0.16271553926646493,
      0.9070016616491524,
      0.6923997079278714,
      -0.25421173585620566,
      -0.9320688734188514,
      -0.6245367149972515,
      0.3432597344633819,
      0.9481597524168486,
      0.5506590920947121,
      -0.42900195418282594,
      -0.9551193346822278,
      -0.47147832111442034,
      0.5106126505671571,
      0.9528805956332783,
      0.3877569561655298,
      -0.5873058679972591,
      -0.9414650955508603,
      -0.30030127975925114,
      0.6583430088645018,
      0.9209827719411164,
      0.20995353786750381
    ],
    "fit": {
      "A": 0.010362361287772444,
      "I0": 4.827392330952203e-18,
      "phi0": 0.7368749173941845,
      "R2": 9.306284529408959e-05,
      "visibility_fit": 1.0,
      "visibility_fourier": 0.00031888907364970405,
      "visibility": 0.00031888907364970405
    },
    "cycles": 8,
    "per_cycle_V": [
      0.0003862419376748065,
      0.00046372638740183996,
      0.00028508013242816197,
      0.00024101314985548698,
      0.0001515502124815479,
      0.00026953959980031966,
      0.0004153677998777389,
      0.00031606737900086043
    ]
  },
  "diagnostics": {
    "measured_link_count": 29,
    "selection_policy": "uniform",
    "num_links": 288,
    "visibility_qc": {
      "r2_ok": false,
      "v_in_unit_interval": true,
      "i0_very_small": true
    },
    "hybrid_knobs": {
      "kick_passes": 3,
      "loop_measurement_cycles": 4
    }
  },
  "artifacts": {
    "kernel_hash": "c5f37351f163441ec05d09116a3864130c1bfed1c4688da9e07e9067e5bf8f54",
    "flip_counts_hash": "f9f0d5ea10777d9547c57c830847aa737adfb2a8c3d087b6a31b748452bdd993",
    "pivot_fit_hash": "32e5af21ae29df0c4428cd8be3189fb5b9433eb374572ce92302aca28369a080",
    "config_hash": "09be816148e3d54a4ba01072548fde7efe2f97f681380c3e050adf0677f43c72"
  }
}