{
  "sim": "MICC",
  "gauge": "SU2",
  "rep": "fundamental",
  "L": 8,
  "b": 3.0,
  "kappa": 0.75,
  "seed": 1,
  "measurement_model": "dephasing",
  "f": 0.0,
  "schedule": "pre",
  "sigma": 0.20726038729400809,
  "sigma_err": 0.04783972519705804,
  "visibility": 0.00022554535083022399,
  "visibility_err": 7.171323298281502e-20,
  "coherence": {
    "C": 0.593067655124171,
    "P_entropy": 0.35917350980617924
  },
  "twist_scan": {
    "phi_values": [
      0.0,
      0.09817477042468103,
      0.19634954084936207,
      0.2945243112740431,
      0.39269908169872414,
      0.4908738521234052,
      0.5890486225480862,
      0.6872233929727672,
      0.7853981633974483,
      0.8835729338221293,
      0.9817477042468103,
      1.0799224746714913,
      1.1780972450961724,
      1.2762720155208536,
      1.3744467859455345,
      1.4726215563702154,
      1.5707963267948966,
      1.6689710972195777,
      1.7671458676442586,
      1.8653206380689396,
      1.9634954084936207,
      2.061670178918302,
      2.1598449493429825,
      2.2580197197676637,
      2.356194490192345,
      2.454369260617026,
      2.552544031041707,
      2.650718801466388,
      2.748893571891069,
      2.84706834231575,
      2.945243112740431,
      3.043417883165112,
      3.141592653589793,
      3.2397674240144743,
      3.3379421944391554,
      3.436116964863836,
      3.5342917352885173,
      3.6324665057131984,
      3.730641276137879,
      3.8288160465625602,
      3.9269908169872414,
      4.025165587411922,
      4.123340357836604,
      4.221515128261284,
      4.319689898685965,
      4.417864669110647,
      4.516039439535327,
      4.614214209960009,
      4.71238898038469,
      4.81056375080937,
      4.908738521234052,
      5.006913291658733,
      5.105088062083414,
      5.203262832508095,
      5.301437602932776,
      5.399612373357457,
      5.497787143782138,
      5.595961914206819,
      5.6941366846315,
      5.792311455056181,
      5.890486225480862,
      5.988660995905543,
      6.086835766330224,
      6.1850105367549055
    ],
    "mean_I": [
      0.8492472584365351,
      0.321520301498269,
      -0.35217015038353333,
      -0.8659827167158659,
      -0.9866572345221192,
      -0.6594099956272689,
      -0.03280440482139218,
      0.6086936999407108,
      0.9738575907218141,
      0.8969104954885123,
      0.41278478676493113,
      -0.2587365851717114,
      -0.8127969567751548,
      -0.9978645029255182,
      -0.7299224268269191,
      -0.13061082923669445,
      0.5279953541822399,
      0.9469026854563588,
      0.935935994167785,
      0.5000739288839301,
      -0.16281124520488313,
      -0.7517835178206862,
      -0.9994617906775193,
      -0.7934053060400402,
      -0.22715939996730403,
      0.44221212453137404,
      0.9108285897002971,
      0.9659479175885634,
      0.5825470856995577,
      -0.06531794394505103,
      -0.6835299926229277,
      -0.9914337150239054,
      -0.8492472584365356,
      -0.321520301498269,
      0.35217015038353416,
      0.8659827167158652,
      0.9866572345221193,
      0.6594099956272689,
      0.032804404821394434,
      -0.608693699940709,
      -0.9738575907218135,
      -0.8969104954885143,
      -0.41278478676493036,
      0.25873658517171116,
      0.8127969567751522,
      0.9978645029255179,
      0.7299224268269204,
      0.13061082923669218,
      -0.527995354182239,
      -0.9469026854563565,
      -0.9359359941677844,
      -0.5000739288839302,
      0.1628112452048853,
      0.7517835178206856,
      0.9994617906775198,
      0.7934053060400384,
      0.227159399967305,
      -0.4422121245313701,
      -0.910828589700296,
      -0.9659479175885632,
      -0.5825470856995612,
      0.0653179439450503,
      0.6835299926229262,
      0.9914337150239059
    ],
    "fit": {
      "A": 2.3788480004778136e-16,
      "I0": 6.663025023101453e-17,
      "phi0": -2.709585367646776,
      "R2": 0.0,
      "visibility_fit": 0.00023788480004778136,
      "visibility_fourier": 0.00022554535083022399,
      "visibility": 0.00022554535083022399
    },
    "cycles": 8,
    "per_cycle_V": [
      0.00024195022741162615,
      0.00024195022741162615,
      0.00024195022741162615,
      0.00024195022741162615,
      0.00024195022741162615,
      0.00024195022741162615,
      0.00024195022741162615,
      0.00024195022741162615
    ]
  },
  "diagnostics": {
    "measured_link_count": 0,
    "selection_policy": "uniform",
    "num_links": 128,
    "visibility_qc": {
      "r2_ok": false,
      "v_in_unit_interval": true,
      "i0_very_small": true
    },
    "hybrid_knobs": {
      "kick_passes": 3,
      "loop_measurement_cycles": 4
    }
  },
  "artifacts": {
    "kernel_hash": "bb669db8d373312f24e4630fcfc599d4f7b832920772c12cef62ec22cd65bc64",
    "flip_counts_hash": "2f22c538feb77f48a899689bff9bdbb91197c5203a770852a4a789b6ab244652",
    "pivot_fit_hash": "d04f83ead3fcfaea1653e658999e83d0abac9536c46d06a4e4ad9b696714687e",
    "config_hash": "09be816148e3d54a4ba01072548fde7efe2f97f681380c3e050adf0677f43c72"
  }
}