{
  "sim": "MICC",
  "gauge": "SU2",
  "rep": "fundamental",
  "L": 12,
  "b": 3.0,
  "kappa": 1.0,
  "seed": 3,
  "measurement_model": "dephasing",
  "f": 0.5,
  "schedule": "during",
  "sigma": 0.41846037638613875,
  "sigma_err": 0.021894726141452863,
  "visibility": 0.00014732424609708442,
  "visibility_err": 4.693363011740774e-05,
  "coherence": {
    "C": 0.5909584184399139,
    "P_entropy": 0.1578322221320102
  },
  "twist_scan": {
    "phi_values": [
      0.0,
      0.09817477042468103,
      0.19634954084936207,
      0.2945243112740431,
      0.39269908169872414,
      0.4908738521234052,
      0.5890486225480862,
      0.6872233929727672,
      0.7853981633974483,
      0.8835729338221293,
      0.9817477042468103,
      1.0799224746714913,
      1.1780972450961724,
      1.2762720155208536,
      1.3744467859455345,
      1.4726215563702154,
      1.5707963267948966,
      1.6689710972195777,
      1.7671458676442586,
      1.8653206380689396,
      1.9634954084936207,
      2.061670178918302,
      2.1598449493429825,
      2.2580197197676637,
      2.356194490192345,
      2.454369260617026,
      2.552544031041707,
      2.650718801466388,
      2.748893571891069,
      2.84706834231575,
      2.945243112740431,
      3.043417883165112,
      3.141592653589793,
      3.2397674240144743,
      3.3379421944391554,
      3.436116964863836,
      3.5342917352885173,
      3.6324665057131984,
      3.730641276137879,
      3.8288160465625602,
      3.9269908169872414,
      4.025165587411922,
      4.123340357836604,
      4.221515128261284,
      4.319689898685965,
      4.417864669110647,
      4.516039439535327,
      4.614214209960009,
      4.71238898038469,
      4.81056375080937,
      4.908738521234052,
      5.006913291658733,
      5.105088062083414,
      5.203262832508095,
      5.301437602932776,
      5.399612373357457,
      5.497787143782138,
      5.595961914206819,
      5.6941366846315,
      5.792311455056181,
      5.890486225480862,
      5.988660995905543,
      6.086835766330224,
      6.1850105367549055
    ],
    "mean_I": [
      0.3623456943683461,
      0.4414395960372854,
      0.05384067578717959,
      -0.3906789582881191,
      -0.42217024795437846,
      -0.007340396253313425,
      0.4152497702727351,
      0.3988351696019385,
      -0.039230575309141064,
      -0.43582149997100916,
      -0.3716590905407505,
      0.08542373498575356,
      0.4521960303802971,
      0.340903731268129,
      -0.13079421739709096,
      -0.46421566582152657,
      -0.30686528270646013,
      0.17490507999550237,
      0.47176465063479933,
      0.2698715537227014,
      -0.21733151106071336,
      -0.4747702839696681,
      -0.2302788141497947,
      0.2576649208689208,
      0.47320361993407084,
      0.18846836371341935,
      -0.2955168766351889,
      -0.46707974635909694,
      -0.14484285990719806,
      0.33052284333350046,
      0.4564576394949238,
      0.09982244018090898,
      -0.36234569436834585,
      -0.44143959603728544,
      -0.053840675787179104,
      0.3906789582881186,
      0.4221702479543792,
      0.007340396253313425,
      -0.41524977027273463,
      -0.398835169601939,
      0.03923057530914027,
      0.4358214999710088,
      0.37165909054074986,
      -0.08542373498575327,
      -0.45219603038029604,
      -0.34090373126812923,
      0.13079421739708924,
      0.4642156658215273,
      0.3068652827064607,
      -0.17490507999549956,
      -0.47176465063479944,
      -0.2698715537227018,
      0.21733151106071474,
      0.47477028396966764,
      0.23027881414979556,
      -0.25766492086892206,
      -0.47320361993407056,
      -0.1884683637134224,
      0.2955168766351884,
      0.467079746359097,
      0.14484285990720086,
      -0.3305228433335002,
      -0.45645763949492346,
      -0.09982244018090741
    ],
    "fit": {
      "A": 1.5667268364586198e-14,
      "I0": 2.3906921616863406e-17,
      "phi0": 0.9365592038684751,
      "R2": 0.0,
      "visibility_fit": 0.0156672683645862,
      "visibility_fourier": 0.00014732424609708442,
      "visibility": 0.00014732424609708442
    },
    "cycles": 8,
    "per_cycle_V": [
      0.00034332216639933557,
      0.0004411509259035137,
      0.00036971714167967443,
      0.0001846503252584688,
      0.00015763106472998107,
      0.00048290554631393463,
      0.00020429315168912334,
      0.00046872536486893056
    ]
  },
  "diagnostics": {
    "measured_link_count": 144,
    "selection_policy": "uniform",
    "num_links": 288,
    "visibility_qc": {
      "r2_ok": false,
      "v_in_unit_interval": true,
      "i0_very_small": true
    },
    "hybrid_knobs": {
      "kick_passes": 3,
      "loop_measurement_cycles": 4
    }
  },
  "artifacts": {
    "kernel_hash": "c5f37351f163441ec05d09116a3864130c1bfed1c4688da9e07e9067e5bf8f54",
    "flip_counts_hash": "f9f0d5ea10777d9547c57c830847aa737adfb2a8c3d087b6a31b748452bdd993",
    "pivot_fit_hash": "e730f86cf82cf01e0490c7477184968845e3929e6af95e60cac897b00c6a8382",
    "config_hash": "09be816148e3d54a4ba01072548fde7efe2f97f681380c3e050adf0677f43c72"
  }
}