{
  "sim": "MICC",
  "gauge": "SU2",
  "rep": "fundamental",
  "L": 12,
  "b": 3.5,
  "kappa": 0.75,
  "seed": 2,
  "measurement_model": "dephasing",
  "f": 0.3,
  "schedule": "post",
  "sigma": 0.20997486121785888,
  "sigma_err": 0.022670713630144772,
  "visibility": 0.0003739468461379651,
  "visibility_err": 0.0,
  "coherence": {
    "C": 0.4651844771984926,
    "P_entropy": 0.3605680553151701
  },
  "twist_scan": {
    "phi_values": [
      0.0,
      0.09817477042468103,
      0.19634954084936207,
      0.2945243112740431,
      0.39269908169872414,
      0.4908738521234052,
      0.5890486225480862,
      0.6872233929727672,
      0.7853981633974483,
      0.8835729338221293,
      0.9817477042468103,
      1.0799224746714913,
      1.1780972450961724,
      1.2762720155208536,
      1.3744467859455345,
      1.4726215563702154,
      1.5707963267948966,
      1.6689710972195777,
      1.7671458676442586,
      1.8653206380689396,
      1.9634954084936207,
      2.061670178918302,
      2.1598449493429825,
      2.2580197197676637,
      2.356194490192345,
      2.454369260617026,
      2.552544031041707,
      2.650718801466388,
      2.748893571891069,
      2.84706834231575,
      2.945243112740431,
      3.043417883165112,
      3.141592653589793,
      3.2397674240144743,
      3.3379421944391554,
      3.436116964863836,
      3.5342917352885173,
      3.6324665057131984,
      3.730641276137879,
      3.8288160465625602,
      3.9269908169872414,
      4.025165587411922,
      4.123340357836604,
      4.221515128261284,
      4.319689898685965,
      4.417864669110647,
      4.516039439535327,
      4.614214209960009,
      4.71238898038469,
      4.81056375080937,
      4.908738521234052,
      5.006913291658733,
      5.105088062083414,
      5.203262832508095,
      5.301437602932776,
      5.399612373357457,
      5.497787143782138,
      5.595961914206819,
      5.6941366846315,
      5.792311455056181,
      5.890486225480862,
      5.988660995905543,
      6.086835766330224,
      6.1850105367549055
    ],
    "mean_I": [
      -0.6657009050479052,
      -0.9719153481913718,
      -0.25061454216912665,
      0.7356375934320357,
      0.9441688642299094,
      0.1545186497893395,
      -0.7984896896510021,
      -0.9073295179707123,
      -0.056934658343595956,
      0.8536518936597626,
      0.8617520924566885,
      -0.04119764498564501,
      -0.9005929632789876,
      -0.8078755232106937,
      0.1389331924727548,
      0.9388608303476429,
      0.7462186710464973,
      -0.23533073736774202,
      -0.968086954386515,
      -0.6773753251555032,
      0.32946191861700935,
      0.9879898718444836,
      0.6020084845922423,
      -0.4204202014877899,
      -0.9983779067463863,
      -0.5208439732310421,
      0.5073296079931865,
      0.9991510166374428,
      0.4346634496853533,
      -0.5893531530390302,
      -0.9903017560467775,
      -0.3442968795079818,
      0.6657009050479044,
      0.9719153481913718,
      0.2506145421691249,
      -0.7356375934320339,
      -0.9441688642299109,
      -0.1545186497893395,
      0.7984896896510004,
      0.9073295179707125,
      0.056934658343597414,
      -0.8536518936597608,
      -0.8617520924566876,
      0.041197644985644925,
      0.9005929632789852,
      0.8078755232106938,
      -0.1389331924727504,
      -0.9388608303476442,
      -0.7462186710464978,
      0.23533073736773608,
      0.9680869543865153,
      0.6773753251555047,
      -0.3294619186170122,
      -0.9879898718444834,
      -0.6020084845922441,
      0.42042020148779274,
      0.998377906746387,
      0.5208439732310478,
      -0.5073296079931858,
      -0.9991510166374427,
      -0.4346634496853583,
      0.5893531530390296,
      0.9903017560467762,
      0.3442968795079792
    ],
    "fit": {
      "A": 3.579303956769877e-16,
      "I0": -1.2269889129967739e-16,
      "phi0": -2.48608112702329,
      "R2": 0.0,
      "visibility_fit": 0.0003579303956769877,
      "visibility_fourier": 0.0003739468461379651,
      "visibility": 0.0003739468461379651
    },
    "cycles": 8,
    "per_cycle_V": [
      0.0003580177416690698,
      0.0003580177416690698,
      0.0003580177416690698,
      0.0003580177416690698,
      0.0003580177416690698,
      0.0003580177416690698,
      0.0003580177416690698,
      0.0003580177416690698
    ]
  },
  "diagnostics": {
    "measured_link_count": 86,
    "selection_policy": "uniform",
    "num_links": 288,
    "visibility_qc": {
      "r2_ok": false,
      "v_in_unit_interval": true,
      "i0_very_small": true
    },
    "hybrid_knobs": {
      "kick_passes": 3,
      "loop_measurement_cycles": 4
    }
  },
  "artifacts": {
    "kernel_hash": "c5f37351f163441ec05d09116a3864130c1bfed1c4688da9e07e9067e5bf8f54",
    "flip_counts_hash": "3c718ce239e2c926749d06c4b85bf1839d5fe51eaf7ab8de2413bea26f16d7e1",
    "pivot_fit_hash": "32e5af21ae29df0c4428cd8be3189fb5b9433eb374572ce92302aca28369a080",
    "config_hash": "09be816148e3d54a4ba01072548fde7efe2f97f681380c3e050adf0677f43c72"
  }
}