{
  "sim": "MICC",
  "gauge": "SU2",
  "rep": "fundamental",
  "L": 8,
  "b": 3.5,
  "kappa": 1.0,
  "seed": 1,
  "measurement_model": "dephasing",
  "f": 0.3,
  "schedule": "pre",
  "sigma": 0.271767002970271,
  "sigma_err": 0.06592234039282734,
  "visibility": 0.00019227915166203103,
  "visibility_err": 0.0,
  "coherence": {
    "C": 0.4773348707870072,
    "P_entropy": 0.30029554129847646
  },
  "twist_scan": {
    "phi_values": [
      0.0,
      0.09817477042468103,
      0.19634954084936207,
      0.2945243112740431,
      0.39269908169872414,
      0.4908738521234052,
      0.5890486225480862,
      0.6872233929727672,
      0.7853981633974483,
      0.8835729338221293,
      0.9817477042468103,
      1.0799224746714913,
      1.1780972450961724,
      1.2762720155208536,
      1.3744467859455345,
      1.4726215563702154,
      1.5707963267948966,
      1.6689710972195777,
      1.7671458676442586,
      1.8653206380689396,
      1.9634954084936207,
      2.061670178918302,
      2.1598449493429825,
      2.2580197197676637,
      2.356194490192345,
      2.454369260617026,
      2.552544031041707,
      2.650718801466388,
      2.748893571891069,
      2.84706834231575,
      2.945243112740431,
      3.043417883165112,
      3.141592653589793,
      3.2397674240144743,
      3.3379421944391554,
      3.436116964863836,
      3.5342917352885173,
      3.6324665057131984,
      3.730641276137879,
      3.8288160465625602,
      3.9269908169872414,
      4.025165587411922,
      4.123340357836604,
      4.221515128261284,
      4.319689898685965,
      4.417864669110647,
      4.516039439535327,
      4.614214209960009,
      4.71238898038469,
      4.81056375080937,
      4.908738521234052,
      5.006913291658733,
      5.105088062083414,
      5.203262832508095,
      5.301437602932776,
      5.399612373357457,
      5.497787143782138,
      5.595961914206819,
      5.6941366846315,
      5.792311455056181,
      5.890486225480862,
      5.988660995905543,
      6.086835766330224,
      6.1850105367549055
    ],
    "mean_I": [
      0.8491613594377247,
      0.32136626681076375,
      -0.35232239223196776,
      -0.8660640511089179,
      -0.9866307373457789,
      -0.6592876960456264,
      -0.0326418242876288,
      0.608822753263293,
      0.9738945293228445,
      0.8968385500153888,
      0.4126366189583078,
      -0.2588937102253323,
      -0.8128917075863988,
      -0.9978538646070111,
      -0.7298112289528501,
      -0.13044955331710753,
      0.5281334922516038,
      0.946954973880022,
      0.9358786950945851,
      0.499933054895163,
      -0.16297174026353076,
      -0.7518907725480142,
      -0.9994671136696665,
      -0.7933062807698582,
      -0.22700098183716083,
      0.44235801700239724,
      0.9108957243804897,
      0.9659058167366845,
      0.5824148622221693,
      -0.06548026335357494,
      -0.6836487183446841,
      -0.9914549480633833,
      -0.8491613594377254,
      -0.32136626681076375,
      0.35232239223196826,
      0.8660640511089175,
      0.9866307373457797,
      0.6592876960456264,
      0.03264182428763084,
      -0.6088227532632914,
      -0.9738945293228448,
      -0.8968385500153919,
      -0.4126366189583073,
      0.25889371022533186,
      0.8128917075863968,
      0.9978538646070108,
      0.7298112289528512,
      0.1304495533171051,
      -0.5281334922516029,
      -0.9469549738800203,
      -0.935878695094585,
      -0.4999330548951639,
      0.16297174026353248,
      0.7518907725480136,
      0.9994671136696668,
      0.7933062807698561,
      0.22700098183716186,
      -0.4423580170023933,
      -0.9108957243804892,
      -0.9659058167366845,
      -0.5824148622221726,
      0.06548026335357415,
      0.6836487183446832,
      0.9914549480633843
    ],
    "fit": {
      "A": 2.0454673774639147e-16,
      "I0": -4.221160516237899e-18,
      "phi0": -3.093998740666058,
      "R2": 0.0,
      "visibility_fit": 0.0002045467377463915,
      "visibility_fourier": 0.00019227915166203103,
      "visibility": 0.00019227915166203103
    },
    "cycles": 8,
    "per_cycle_V": [
      0.00017682961847258858,
      0.00017682961847258858,
      0.00017682961847258858,
      0.00017682961847258858,
      0.00017682961847258858,
      0.00017682961847258858,
      0.00017682961847258858,
      0.00017682961847258858
    ]
  },
  "diagnostics": {
    "measured_link_count": 38,
    "selection_policy": "uniform",
    "num_links": 128,
    "visibility_qc": {
      "r2_ok": false,
      "v_in_unit_interval": true,
      "i0_very_small": true
    },
    "hybrid_knobs": {
      "kick_passes": 3,
      "loop_measurement_cycles": 4
    }
  },
  "artifacts": {
    "kernel_hash": "bb669db8d373312f24e4630fcfc599d4f7b832920772c12cef62ec22cd65bc64",
    "flip_counts_hash": "2f22c538feb77f48a899689bff9bdbb91197c5203a770852a4a789b6ab244652",
    "pivot_fit_hash": "18f843e4852e0cb06a5603a8f3e251da6d346190d1181f60fc167ac1ef296fd4",
    "config_hash": "09be816148e3d54a4ba01072548fde7efe2f97f681380c3e050adf0677f43c72"
  }
}