{
  "sim": "MICC",
  "gauge": "SU2",
  "rep": "fundamental",
  "L": 12,
  "b": 3.0,
  "kappa": 0.75,
  "seed": 3,
  "measurement_model": "dephasing",
  "f": 0.2,
  "schedule": "during",
  "sigma": 0.2276430679461623,
  "sigma_err": 0.010329194896995157,
  "visibility": 0.00012926055971142824,
  "visibility_err": 5.0001452898272716e-05,
  "coherence": {
    "C": 0.5871315968784159,
    "P_entropy": 0.2782142815459556
  },
  "twist_scan": {
    "phi_values": [
      0.0,
      0.09817477042468103,
      0.19634954084936207,
      0.2945243112740431,
      0.39269908169872414,
      0.4908738521234052,
      0.5890486225480862,
      0.6872233929727672,
      0.7853981633974483,
      0.8835729338221293,
      0.9817477042468103,
      1.0799224746714913,
      1.1780972450961724,
      1.2762720155208536,
      1.3744467859455345,
      1.4726215563702154,
      1.5707963267948966,
      1.6689710972195777,
      1.7671458676442586,
      1.8653206380689396,
      1.9634954084936207,
      2.061670178918302,
      2.1598449493429825,
      2.2580197197676637,
      2.356194490192345,
      2.454369260617026,
      2.552544031041707,
      2.650718801466388,
      2.748893571891069,
      2.84706834231575,
      2.945243112740431,
      3.043417883165112,
      3.141592653589793,
      3.2397674240144743,
      3.3379421944391554,
      3.436116964863836,
      3.5342917352885173,
      3.6324665057131984,
      3.730641276137879,
      3.8288160465625602,
      3.9269908169872414,
      4.025165587411922,
      4.123340357836604,
      4.221515128261284,
      4.319689898685965,
      4.417864669110647,
      4.516039439535327,
      4.614214209960009,
      4.71238898038469,
      4.81056375080937,
      4.908738521234052,
      5.006913291658733,
      5.105088062083414,
      5.203262832508095,
      5.301437602932776,
      5.399612373357457,
      5.497787143782138,
      5.595961914206819,
      5.6941366846315,
      5.792311455056181,
      5.890486225480862,
      5.988660995905543,
      6.086835766330224,
      6.1850105367549055
    ],
    "mean_I": [
      -0.5419961057950479,
      -0.4594842737465163,
      0.1087973312611056,
      0.5620576876102403,
      0.421106988433761,
      -0.16504076720564442,
      -0.5767063466417608,
      -0.37867421262189327,
      0.21969477034153229,
      0.5858010082953631,
      0.33259459713809525,
      -0.272232992741652,
      -0.5892540860076765,
      -0.2833119138691557,
      0.3221494626039797,
      0.5870323247526855,
      0.231300781995611,
      -0.3689634570366215,
      -0.5791571213058153,
      -0.17706209714958016,
      0.41222413168205674,
      0.565704318181283,
      0.12111820751600993,
      -0.4515148625947616,
      -0.5468034732272276,
      -0.0640078833341111,
      0.4864572585575495,
      0.5226366119128102,
      0.006281128245439423,
      -0.5167148051958386,
      -0.49343647432343907,
      0.051506117541850124,
      0.5419961057950475,
      0.45948427374651624,
      -0.10879733126110645,
      -0.5620576876102401,
      -0.42110698843376204,
      0.16504076720564442,
      0.5767063466417607,
      0.3786742126218942,
      -0.21969477034153134,
      -0.5858010082953634,
      -0.33259459713809475,
      0.2722329927416517,
      0.5892540860076761,
      0.28331191386915633,
      -0.3221494626039777,
      -0.5870323247526857,
      -0.23130078199561155,
      0.3689634570366184,
      0.5791571213058153,
      0.1770620971495807,
      -0.4122241316820583,
      -0.5657043181812829,
      -0.12111820751601085,
      0.45151486259476287,
      0.5468034732272278,
      0.06400788333411508,
      -0.48645725855754895,
      -0.5226366119128104,
      -0.006281128245442821,
      0.5167148051958385,
      0.49343647432343923,
      -0.05150611754185233
    ],
    "fit": {
      "A": 3.403768480292515e-09,
      "I0": 1.6082119270638298e-17,
      "phi0": 2.361624108006792,
      "R2": 0.0,
      "visibility_fit": 1.0,
      "visibility_fourier": 0.00012926055971142824,
      "visibility": 0.00012926055971142824
    },
    "cycles": 8,
    "per_cycle_V": [
      0.00013382762020273833,
      0.00040876601752393675,
      0.00045210850990291297,
      9.323230935044168e-05,
      0.0004413060853959655,
      0.0003997568533099839,
      0.0002307894655637835,
      0.00028520115377980335
    ]
  },
  "diagnostics": {
    "measured_link_count": 58,
    "selection_policy": "uniform",
    "num_links": 288,
    "visibility_qc": {
      "r2_ok": false,
      "v_in_unit_interval": true,
      "i0_very_small": true
    },
    "hybrid_knobs": {
      "kick_passes": 3,
      "loop_measurement_cycles": 4
    }
  },
  "artifacts": {
    "kernel_hash": "c5f37351f163441ec05d09116a3864130c1bfed1c4688da9e07e9067e5bf8f54",
    "flip_counts_hash": "f9f0d5ea10777d9547c57c830847aa737adfb2a8c3d087b6a31b748452bdd993",
    "pivot_fit_hash": "d04f83ead3fcfaea1653e658999e83d0abac9536c46d06a4e4ad9b696714687e",
    "config_hash": "09be816148e3d54a4ba01072548fde7efe2f97f681380c3e050adf0677f43c72"
  }
}