{
  "sim": "MICC",
  "gauge": "SU2",
  "rep": "fundamental",
  "L": 8,
  "b": 3.5,
  "kappa": 0.75,
  "seed": 0,
  "measurement_model": "dephasing",
  "f": 0.3,
  "schedule": "during",
  "sigma": 0.3147071889254149,
  "sigma_err": 0.02768524114878018,
  "visibility": 0.00012013840708495516,
  "visibility_err": 1.510902612653649e-05,
  "coherence": {
    "C": 0.47298382764792807,
    "P_entropy": 0.21846507093547965
  },
  "twist_scan": {
    "phi_values": [
      0.0,
      0.09817477042468103,
      0.19634954084936207,
      0.2945243112740431,
      0.39269908169872414,
      0.4908738521234052,
      0.5890486225480862,
      0.6872233929727672,
      0.7853981633974483,
      0.8835729338221293,
      0.9817477042468103,
      1.0799224746714913,
      1.1780972450961724,
      1.2762720155208536,
      1.3744467859455345,
      1.4726215563702154,
      1.5707963267948966,
      1.6689710972195777,
      1.7671458676442586,
      1.8653206380689396,
      1.9634954084936207,
      2.061670178918302,
      2.1598449493429825,
      2.2580197197676637,
      2.356194490192345,
      2.454369260617026,
      2.552544031041707,
      2.650718801466388,
      2.748893571891069,
      2.84706834231575,
      2.945243112740431,
      3.043417883165112,
      3.141592653589793,
      3.2397674240144743,
      3.3379421944391554,
      3.436116964863836,
      3.5342917352885173,
      3.6324665057131984,
      3.730641276137879,
      3.8288160465625602,
      3.9269908169872414,
      4.025165587411922,
      4.123340357836604,
      4.221515128261284,
      4.319689898685965,
      4.417864669110647,
      4.516039439535327,
      4.614214209960009,
      4.71238898038469,
      4.81056375080937,
      4.908738521234052,
      5.006913291658733,
      5.105088062083414,
      5.203262832508095,
      5.301437602932776,
      5.399612373357457,
      5.497787143782138,
      5.595961914206819,
      5.6941366846315,
      5.792311455056181,
      5.890486225480862,
      5.988660995905543,
      6.086835766330224,
      6.1850105367549055
    ],
    "mean_I": [
      0.38264814162324434,
      0.06336021096483227,
      -0.2846919308170769,
      -0.5034998879840754,
      -0.493729422540238,
      -0.25981612152862804,
      0.0920482667526526,
      0.4021246663560722,
      0.5296448745438411,
      0.4167173828286964,
      0.11460891150524721,
      -0.23952960954453456,
      -0.4849266956408877,
      -0.5101772001455784,
      -0.30381792191884266,
      0.04046834102115942,
      0.36638282319805193,
      0.5259671635081316,
      0.446773407836615,
      0.16475386557626262,
      -0.19206048719187552,
      -0.461683394130782,
      -0.5217116924222899,
      -0.3448937896372089,
      -0.011501316956612252,
      0.32711251316741036,
      0.5172241011649402,
      0.47252676069587884,
      0.2133121498581537,
      -0.1427417173566162,
      -0.43399382915338,
      -0.5282218159043532,
      -0.3826481416232446,
      -0.06336021096483233,
      0.2846919308170772,
      0.5034998879840752,
      0.4937294225402384,
      0.25981612152862804,
      -0.09204826675265146,
      -0.4021246663560718,
      -0.5296448745438413,
      -0.41671738282869786,
      -0.11460891150524671,
      0.23952960954453456,
      0.4849266956408869,
      0.5101772001455783,
      0.3038179219188436,
      -0.04046834102116069,
      -0.3663828231980515,
      -0.5259671635081311,
      -0.44677340783661484,
      -0.16475386557626298,
      0.19206048719187652,
      0.4616833941307816,
      0.52171169242229,
      0.344893789637208,
      0.011501316956612828,
      -0.32711251316740825,
      -0.5172241011649399,
      -0.47252676069587896,
      -0.2133121498581554,
      0.14274171735661584,
      0.4339938291533793,
      0.5282218159043535
    ],
    "fit": {
      "A": 6.472807043386072e-05,
      "I0": -4.39594687837521e-17,
      "phi0": 0.8522881263186166,
      "R2": 1.3615581218040518e-08,
      "visibility_fit": 1.0,
      "visibility_fourier": 0.00012013840708495516,
      "visibility": 0.00012013840708495516
    },
    "cycles": 16,
    "per_cycle_V": [
      4.5108161025770316e-05,
      0.00021269869266778068,
      0.00013011582500748725,
      0.00013740499258058683,
      0.00022057948647336088,
      0.00011984608193033818,
      0.00014463955924989014,
      0.0001392709916133014,
      0.00018718391772702542,
      0.00012577886033100473,
      0.00019338532150520304,
      7.958730774729341e-05,
      0.0002142739011413884,
      0.00017037642940543712,
      0.0002517441801362893,
      5.2049948080383815e-05
    ]
  },
  "diagnostics": {
    "measured_link_count": 38,
    "selection_policy": "uniform",
    "num_links": 128,
    "creutz_sizes": [
      [
        2,
        2
      ],
      [
        3,
        3
      ]
    ],
    "loop_sizes_measured": [
      [
        1,
        1
      ],
      [
        1,
        2
      ],
      [
        2,
        1
      ],
      [
        2,
        2
      ],
      [
        2,
        3
      ],
      [
        3,
        2
      ],
      [
        3,
        3
      ]
    ],
    "visibility_qc": {
      "r2_ok": false,
      "v_in_unit_interval": true,
      "i0_very_small": true
    },
    "hybrid_knobs": {
      "kick_passes": 3,
      "loop_measurement_cycles": 6
    }
  },
  "artifacts": {
    "kernel_hash": "bb669db8d373312f24e4630fcfc599d4f7b832920772c12cef62ec22cd65bc64",
    "flip_counts_hash": "051ffecc2b526e5161a7cdb343471ea2bcf4c30d07d6aca6b7e9329b81a2e42c",
    "pivot_fit_hash": "32e5af21ae29df0c4428cd8be3189fb5b9433eb374572ce92302aca28369a080",
    "config_hash": "3e53227bb97f97d3e0f7892c2fd75b0f2e140b1e74473c1589a222acbe454fae"
  }
}