{
  "sim": "MICC",
  "gauge": "SU2",
  "rep": "fundamental",
  "L": 8,
  "b": 3.0,
  "kappa": 1.0,
  "seed": 1,
  "measurement_model": "dephasing",
  "f": 0.5,
  "schedule": "during",
  "sigma": 0.49082777482040424,
  "sigma_err": 0.04391221317829791,
  "visibility": 3.5051100920019934e-05,
  "visibility_err": 1.3434637257439914e-05,
  "coherence": {
    "C": 0.5937985319535156,
    "P_entropy": 0.16961502579362628
  },
  "twist_scan": {
    "phi_values": [
      0.0,
      0.09817477042468103,
      0.19634954084936207,
      0.2945243112740431,
      0.39269908169872414,
      0.4908738521234052,
      0.5890486225480862,
      0.6872233929727672,
      0.7853981633974483,
      0.8835729338221293,
      0.9817477042468103,
      1.0799224746714913,
      1.1780972450961724,
      1.2762720155208536,
      1.3744467859455345,
      1.4726215563702154,
      1.5707963267948966,
      1.6689710972195777,
      1.7671458676442586,
      1.8653206380689396,
      1.9634954084936207,
      2.061670178918302,
      2.1598449493429825,
      2.2580197197676637,
      2.356194490192345,
      2.454369260617026,
      2.552544031041707,
      2.650718801466388,
      2.748893571891069,
      2.84706834231575,
      2.945243112740431,
      3.043417883165112,
      3.141592653589793,
      3.2397674240144743,
      3.3379421944391554,
      3.436116964863836,
      3.5342917352885173,
      3.6324665057131984,
      3.730641276137879,
      3.8288160465625602,
      3.9269908169872414,
      4.025165587411922,
      4.123340357836604,
      4.221515128261284,
      4.319689898685965,
      4.417864669110647,
      4.516039439535327,
      4.614214209960009,
      4.71238898038469,
      4.81056375080937,
      4.908738521234052,
      5.006913291658733,
      5.105088062083414,
      5.203262832508095,
      5.301437602932776,
      5.399612373357457,
      5.497787143782138,
      5.595961914206819,
      5.6941366846315,
      5.792311455056181,
      5.890486225480862,
      5.988660995905543,
      6.086835766330224,
      6.1850105367549055
    ],
    "mean_I": [
      -0.03029017215716067,
      -0.20654895891383235,
      -0.289038836586005,
      -0.24031112530373913,
      -0.08248718725230089,
      0.11278420927470298,
      0.25685393273949286,
      0.2843173407152117,
      0.1827066201508142,
      -0.0018490861649031673,
      -0.18556534602009137,
      -0.2850388183459046,
      -0.2551106263710021,
      -0.10936754355149522,
      0.0860261175231813,
      0.24236571976675622,
      0.28867635230979155,
      0.20393395618142976,
      0.026609807537935744,
      -0.16279463740383984,
      -0.27829372046706535,
      -0.2674532726486578,
      -0.1351946306199084,
      0.05843954723325188,
      0.22554339242208657,
      0.2902552528250817,
      0.22319729673237765,
      0.054812434247783856,
      -0.13845612743678865,
      -0.26886850192930556,
      -0.27722019770587636,
      -0.15971971949054847,
      0.03029017215716044,
      0.20654895891383235,
      0.289038836586005,
      0.24031112530373952,
      0.08248718725230118,
      -0.11278420927470298,
      -0.25685393273949253,
      -0.28431734071521175,
      -0.18270662015081449,
      0.0018490861649021403,
      0.18556534602009128,
      0.28503881834590483,
      0.2551106263710025,
      0.10936754355149546,
      -0.08602611752318061,
      -0.2423657197667567,
      -0.2886763523097915,
      -0.20393395618143048,
      -0.026609807537935466,
      0.16279463740383954,
      0.2782937204670655,
      0.2674532726486579,
      0.13519463061990875,
      -0.0584395472332524,
      -0.22554339242208638,
      -0.2902552528250817,
      -0.22319729673237756,
      -0.054812434247784286,
      0.13845612743678773,
      0.26886850192930545,
      0.27722019770587636,
      0.15971971949054797
    ],
    "fit": {
      "A": 0.0009365490540303828,
      "I0": -2.0709902833208303e-19,
      "phi0": 1.5144042082505562,
      "R2": 9.203902181620371e-06,
      "visibility_fit": 1.0,
      "visibility_fourier": 3.5051100920019934e-05,
      "visibility": 3.5051100920019934e-05
    },
    "cycles": 16,
    "per_cycle_V": [
      0.00015565008938446152,
      7.002066050625125e-05,
      0.0002120779543581795,
      0.00019541269678697478,
      7.936359902593892e-05,
      0.00011990393733065249,
      9.390067148718345e-05,
      0.00016309644307541988,
      0.00013620686517761796,
      4.906586848572109e-05,
      0.00018822998753748174,
      0.00016741780789353557,
      0.00010607930684787504,
      4.020913988287954e-05,
      0.0001816486504823892,
      0.00011252665827662821
    ]
  },
  "diagnostics": {
    "measured_link_count": 64,
    "selection_policy": "uniform",
    "num_links": 128,
    "creutz_sizes": [
      [
        2,
        2
      ],
      [
        3,
        3
      ]
    ],
    "loop_sizes_measured": [
      [
        1,
        1
      ],
      [
        1,
        2
      ],
      [
        2,
        1
      ],
      [
        2,
        2
      ],
      [
        2,
        3
      ],
      [
        3,
        2
      ],
      [
        3,
        3
      ]
    ],
    "visibility_qc": {
      "r2_ok": false,
      "v_in_unit_interval": true,
      "i0_very_small": true
    },
    "hybrid_knobs": {
      "kick_passes": 3,
      "loop_measurement_cycles": 6
    }
  },
  "artifacts": {
    "kernel_hash": "bb669db8d373312f24e4630fcfc599d4f7b832920772c12cef62ec22cd65bc64",
    "flip_counts_hash": "2f22c538feb77f48a899689bff9bdbb91197c5203a770852a4a789b6ab244652",
    "pivot_fit_hash": "e730f86cf82cf01e0490c7477184968845e3929e6af95e60cac897b00c6a8382",
    "config_hash": "3e53227bb97f97d3e0f7892c2fd75b0f2e140b1e74473c1589a222acbe454fae"
  }
}