{
  "sim": "MICC",
  "gauge": "SU2",
  "rep": "fundamental",
  "L": 12,
  "b": 3.5,
  "kappa": 0.75,
  "seed": 2,
  "measurement_model": "dephasing",
  "f": 0.3,
  "schedule": "pre",
  "sigma": 0.23098547823236917,
  "sigma_err": 0.04034822311360809,
  "visibility": 0.00036763861654952746,
  "visibility_err": 1.4342646596563004e-19,
  "coherence": {
    "C": 0.47481846682251827,
    "P_entropy": 0.2810701513299325
  },
  "twist_scan": {
    "phi_values": [
      0.0,
      0.09817477042468103,
      0.19634954084936207,
      0.2945243112740431,
      0.39269908169872414,
      0.4908738521234052,
      0.5890486225480862,
      0.6872233929727672,
      0.7853981633974483,
      0.8835729338221293,
      0.9817477042468103,
      1.0799224746714913,
      1.1780972450961724,
      1.2762720155208536,
      1.3744467859455345,
      1.4726215563702154,
      1.5707963267948966,
      1.6689710972195777,
      1.7671458676442586,
      1.8653206380689396,
      1.9634954084936207,
      2.061670178918302,
      2.1598449493429825,
      2.2580197197676637,
      2.356194490192345,
      2.454369260617026,
      2.552544031041707,
      2.650718801466388,
      2.748893571891069,
      2.84706834231575,
      2.945243112740431,
      3.043417883165112,
      3.141592653589793,
      3.2397674240144743,
      3.3379421944391554,
      3.436116964863836,
      3.5342917352885173,
      3.6324665057131984,
      3.730641276137879,
      3.8288160465625602,
      3.9269908169872414,
      4.025165587411922,
      4.123340357836604,
      4.221515128261284,
      4.319689898685965,
      4.417864669110647,
      4.516039439535327,
      4.614214209960009,
      4.71238898038469,
      4.81056375080937,
      4.908738521234052,
      5.006913291658733,
      5.105088062083414,
      5.203262832508095,
      5.301437602932776,
      5.399612373357457,
      5.497787143782138,
      5.595961914206819,
      5.6941366846315,
      5.792311455056181,
      5.890486225480862,
      5.988660995905543,
      6.086835766330224,
      6.1850105367549055
    ],
    "mean_I": [
      -0.36617918679553607,
      -0.9932825309397898,
      -0.5702811008670344,
      0.4556252308952748,
      0.9998415949862823,
      0.48701889954359345,
      -0.5406833549514056,
      -0.9967716379040448,
      -0.39906643998593694,
      0.6205344027317664,
      0.9841022250579864,
      0.30727075245931085,
      -0.6944093649952111,
      -0.9619553698196216,
      -0.2125158796152191,
      0.7615967854709781,
      0.9305443585115973,
      0.11571436267743604,
      -0.8214496125715093,
      -0.890171696343817,
      -0.0177984531711658,
      0.8733914308529406,
      0.8412261941228971,
      -0.08028886516876639,
      -0.9169220122109342,
      -0.7841792237915567,
      0.17760295784676877,
      0.9516221333507789,
      0.7195801788591377,
      -0.2732066369530503,
      -0.9771576131368825,
      -0.6480511834417647,
      0.3661791867955348,
      0.9932825309397904,
      0.5702811008670327,
      -0.45562523089527296,
      -0.9998415949862834,
      -0.48701889954359345,
      0.5406833549514026,
      0.9967716379040443,
      0.3990664399859391,
      -0.6205344027317632,
      -0.9841022250579855,
      -0.30727075245931185,
      0.6944093649952067,
      0.9619553698196208,
      0.21251587961522247,
      -0.7615967854709808,
      -0.9305443585115976,
      -0.11571436267744198,
      0.8214496125715103,
      0.8901716963438178,
      0.017798453171162663,
      -0.8733914308529405,
      -0.8412261941228981,
      0.08028886516876933,
      0.9169220122109347,
      0.7841792237915604,
      -0.17760295784676816,
      -0.951622133350778,
      -0.7195801788591414,
      0.27320663695304964,
      0.9771576131368815,
      0.6480511834417633
    ],
    "fit": {
      "A": 3.706404780045656e-16,
      "I0": -1.7121927843177786e-16,
      "phi0": -2.268043388366003,
      "R2": 0.0,
      "visibility_fit": 0.0003706404780045656,
      "visibility_fourier": 0.00036763861654952746,
      "visibility": 0.00036763861654952746
    },
    "cycles": 8,
    "per_cycle_V": [
      0.00037336875344987926,
      0.00037336875344987926,
      0.00037336875344987926,
      0.00037336875344987926,
      0.00037336875344987926,
      0.00037336875344987926,
      0.00037336875344987926,
      0.00037336875344987926
    ]
  },
  "diagnostics": {
    "measured_link_count": 86,
    "selection_policy": "uniform",
    "num_links": 288,
    "visibility_qc": {
      "r2_ok": false,
      "v_in_unit_interval": true,
      "i0_very_small": true
    },
    "hybrid_knobs": {
      "kick_passes": 3,
      "loop_measurement_cycles": 4
    }
  },
  "artifacts": {
    "kernel_hash": "c5f37351f163441ec05d09116a3864130c1bfed1c4688da9e07e9067e5bf8f54",
    "flip_counts_hash": "3c718ce239e2c926749d06c4b85bf1839d5fe51eaf7ab8de2413bea26f16d7e1",
    "pivot_fit_hash": "32e5af21ae29df0c4428cd8be3189fb5b9433eb374572ce92302aca28369a080",
    "config_hash": "09be816148e3d54a4ba01072548fde7efe2f97f681380c3e050adf0677f43c72"
  }
}