{
  "sim": "MICC",
  "gauge": "SU2",
  "rep": "fundamental",
  "L": 8,
  "b": 3.5,
  "kappa": 1.0,
  "seed": 0,
  "measurement_model": "dephasing",
  "f": 0.3,
  "schedule": "post",
  "sigma": 0.17744456201284656,
  "sigma_err": 0.02746393124331364,
  "visibility": 0.00023443499776047884,
  "visibility_err": 2.09954847897913e-19,
  "coherence": {
    "C": 0.46650364901583474,
    "P_entropy": 0.3606971363933126
  },
  "twist_scan": {
    "phi_values": [
      0.0,
      0.09817477042468103,
      0.19634954084936207,
      0.2945243112740431,
      0.39269908169872414,
      0.4908738521234052,
      0.5890486225480862,
      0.6872233929727672,
      0.7853981633974483,
      0.8835729338221293,
      0.9817477042468103,
      1.0799224746714913,
      1.1780972450961724,
      1.2762720155208536,
      1.3744467859455345,
      1.4726215563702154,
      1.5707963267948966,
      1.6689710972195777,
      1.7671458676442586,
      1.8653206380689396,
      1.9634954084936207,
      2.061670178918302,
      2.1598449493429825,
      2.2580197197676637,
      2.356194490192345,
      2.454369260617026,
      2.552544031041707,
      2.650718801466388,
      2.748893571891069,
      2.84706834231575,
      2.945243112740431,
      3.043417883165112,
      3.141592653589793,
      3.2397674240144743,
      3.3379421944391554,
      3.436116964863836,
      3.5342917352885173,
      3.6324665057131984,
      3.730641276137879,
      3.8288160465625602,
      3.9269908169872414,
      4.025165587411922,
      4.123340357836604,
      4.221515128261284,
      4.319689898685965,
      4.417864669110647,
      4.516039439535327,
      4.614214209960009,
      4.71238898038469,
      4.81056375080937,
      4.908738521234052,
      5.006913291658733,
      5.105088062083414,
      5.203262832508095,
      5.301437602932776,
      5.399612373357457,
      5.497787143782138,
      5.595961914206819,
      5.6941366846315,
      5.792311455056181,
      5.890486225480862,
      5.988660995905543,
      6.086835766330224,
      6.1850105367549055
    ],
    "mean_I": [
      0.7967219964034206,
      0.23248140224512792,
      -0.43730088810759793,
      -0.9085577177890919,
      -0.9673483385611203,
      -0.5869830377125531,
      0.05986029036428644,
      0.6795282980983977,
      0.9907046652074168,
      0.8521218267027284,
      0.32669349395210456,
      -0.347046854961583,
      -0.8632351873360359,
      -0.9875327920810091,
      -0.6635111552981848,
      -0.038269325855557576,
      0.6043459774392038,
      0.9726008418720081,
      0.8993152579937168,
      0.41775934872349274,
      -0.25345057088718065,
      -0.8095992301365803,
      -0.9982067649728191,
      -0.733649297746202,
      -0.13603038754726968,
      0.5233434746481543,
      0.9451303407516692,
      0.9378477917344976,
      0.5048019525961822,
      -0.15741341926495836,
      -0.7481663897789493,
      -0.9992674610426172,
      -0.7967219964034212,
      -0.23248140224512784,
      0.43730088810759865,
      0.9085577177890918,
      0.9673483385611218,
      0.5869830377125531,
      -0.059860290364284224,
      -0.6795282980983964,
      -0.9907046652074167,
      -0.8521218267027314,
      -0.32669349395210373,
      0.3470468549615828,
      0.8632351873360341,
      0.9875327920810091,
      0.6635111552981864,
      0.0382693258555555,
      -0.6043459774392032,
      -0.9726008418720067,
      -0.8993152579937166,
      -0.4177593487234938,
      0.2534505708871829,
      0.8095992301365791,
      0.9982067649728195,
      0.7336492977462002,
      0.13603038754727062,
      -0.5233434746481508,
      -0.9451303407516689,
      -0.9378477917344977,
      -0.5048019525961857,
      0.1574134192649579,
      0.748166389778948,
      0.9992674610426185
    ],
    "fit": {
      "A": 2.5234963303644397e-16,
      "I0": 2.869349182077484e-17,
      "phi0": -2.72647838176814,
      "R2": 1.1102230246251565e-16,
      "visibility_fit": 0.000252349633036444,
      "visibility_fourier": 0.00023443499776047884,
      "visibility": 0.00023443499776047884
    },
    "cycles": 16,
    "per_cycle_V": [
      0.00019748164451168307,
      0.00019748164451168307,
      0.00019748164451168307,
      0.00019748164451168307,
      0.00019748164451168307,
      0.00019748164451168307,
      0.00019748164451168307,
      0.00019748164451168307,
      0.00019748164451168307,
      0.00019748164451168307,
      0.00019748164451168307,
      0.00019748164451168307,
      0.00019748164451168307,
      0.00019748164451168307,
      0.00019748164451168307,
      0.00019748164451168307
    ]
  },
  "diagnostics": {
    "measured_link_count": 38,
    "selection_policy": "uniform",
    "num_links": 128,
    "creutz_sizes": [
      [
        2,
        2
      ],
      [
        3,
        3
      ]
    ],
    "loop_sizes_measured": [
      [
        1,
        1
      ],
      [
        1,
        2
      ],
      [
        2,
        1
      ],
      [
        2,
        2
      ],
      [
        2,
        3
      ],
      [
        3,
        2
      ],
      [
        3,
        3
      ]
    ],
    "visibility_qc": {
      "r2_ok": false,
      "v_in_unit_interval": true,
      "i0_very_small": true
    },
    "hybrid_knobs": {
      "kick_passes": 3,
      "loop_measurement_cycles": 6
    }
  },
  "artifacts": {
    "kernel_hash": "bb669db8d373312f24e4630fcfc599d4f7b832920772c12cef62ec22cd65bc64",
    "flip_counts_hash": "051ffecc2b526e5161a7cdb343471ea2bcf4c30d07d6aca6b7e9329b81a2e42c",
    "pivot_fit_hash": "18f843e4852e0cb06a5603a8f3e251da6d346190d1181f60fc167ac1ef296fd4",
    "config_hash": "3e53227bb97f97d3e0f7892c2fd75b0f2e140b1e74473c1589a222acbe454fae"
  }
}