{
  "sim": "MICC",
  "gauge": "SU2",
  "rep": "fundamental",
  "L": 12,
  "b": 3.0,
  "kappa": 0.75,
  "seed": 1,
  "measurement_model": "dephasing",
  "f": 0.1,
  "schedule": "during",
  "sigma": 0.16818918356074047,
  "sigma_err": 0.011827663101594083,
  "visibility": 0.0001734459181563929,
  "visibility_err": 4.030597326003269e-05,
  "coherence": {
    "C": 0.5911898207388825,
    "P_entropy": 0.33978747539976617
  },
  "twist_scan": {
    "phi_values": [
      0.0,
      0.09817477042468103,
      0.19634954084936207,
      0.2945243112740431,
      0.39269908169872414,
      0.4908738521234052,
      0.5890486225480862,
      0.6872233929727672,
      0.7853981633974483,
      0.8835729338221293,
      0.9817477042468103,
      1.0799224746714913,
      1.1780972450961724,
      1.2762720155208536,
      1.3744467859455345,
      1.4726215563702154,
      1.5707963267948966,
      1.6689710972195777,
      1.7671458676442586,
      1.8653206380689396,
      1.9634954084936207,
      2.061670178918302,
      2.1598449493429825,
      2.2580197197676637,
      2.356194490192345,
      2.454369260617026,
      2.552544031041707,
      2.650718801466388,
      2.748893571891069,
      2.84706834231575,
      2.945243112740431,
      3.043417883165112,
      3.141592653589793,
      3.2397674240144743,
      3.3379421944391554,
      3.436116964863836,
      3.5342917352885173,
      3.6324665057131984,
      3.730641276137879,
      3.8288160465625602,
      3.9269908169872414,
      4.025165587411922,
      4.123340357836604,
      4.221515128261284,
      4.319689898685965,
      4.417864669110647,
      4.516039439535327,
      4.614214209960009,
      4.71238898038469,
      4.81056375080937,
      4.908738521234052,
      5.006913291658733,
      5.105088062083414,
      5.203262832508095,
      5.301437602932776,
      5.399612373357457,
      5.497787143782138,
      5.595961914206819,
      5.6941366846315,
      5.792311455056181,
      5.890486225480862,
      5.988660995905543,
      6.086835766330224,
      6.1850105367549055
    ],
    "mean_I": [
      -0.8492728148256924,
      -0.686526245363804,
      0.20202035120588968,
      0.8769897140256003,
      0.6247998276373758,
      -0.28793251419019084,
      -0.8962607228680984,
      -0.5570562460204727,
      0.3710717296629175,
      0.9069002510034274,
      0.4839479082364719,
      -0.4506373215305468,
      -0.9088058339594881,
      -0.4061788875433153,
      0.5258630296484218,
      0.9019591199307133,
      0.3244981421231525,
      -0.5960243893248092,
      -0.8864260465159974,
      -0.23969230220561621,
      0.6604457083119225,
      0.8623562057035644,
      0.1525780943886978,
      -0.7185065740916434,
      -0.8299814032183517,
      -0.06399447611514217,
      0.7696478287872176,
      0.7896134261061594,
      -0.025205443946337433,
      -0.8133769541592669,
      -0.7416410400539593,
      0.11416262180391619,
      0.849272814825692,
      0.686526245363804,
      -0.20202035120589087,
      -0.8769897140256,
      -0.6247998276373777,
      0.28793251419019084,
      0.8962607228680985,
      0.557056246020474,
      -0.371071729662916,
      -0.9069002510034281,
      -0.48394790823647077,
      0.45063732153054653,
      0.9088058339594878,
      0.4061788875433164,
      -0.5258630296484186,
      -0.9019591199307138,
      -0.32449814212315375,
      0.5960243893248045,
      0.8864260465159972,
      0.23969230220561713,
      -0.6604457083119245,
      -0.8623562057035645,
      -0.1525780943886992,
      0.7185065740916452,
      0.8299814032183521,
      0.06399447611514816,
      -0.7696478287872165,
      -0.7896134261061598,
      0.025205443946331847,
      0.8133769541592665,
      0.7416410400539597,
      -0.11416262180391976
    ],
    "fit": {
      "A": 0.013728993871869082,
      "I0": -2.1629094470128417e-15,
      "phi0": -0.8828025712486974,
      "R2": 0.00014834777622418915,
      "visibility_fit": 1.0,
      "visibility_fourier": 0.0001734459181563929,
      "visibility": 0.0001734459181563929
    },
    "cycles": 8,
    "per_cycle_V": [
      0.00014357980933224845,
      0.00034220752708455225,
      0.00017355638679084805,
      0.0003930766864633529,
      8.74660237706481e-05,
      8.30680016531572e-05,
      0.00016491638122083347,
      0.00024661222314041386
    ]
  },
  "diagnostics": {
    "measured_link_count": 29,
    "selection_policy": "uniform",
    "num_links": 288,
    "visibility_qc": {
      "r2_ok": false,
      "v_in_unit_interval": true,
      "i0_very_small": true
    },
    "hybrid_knobs": {
      "kick_passes": 3,
      "loop_measurement_cycles": 4
    }
  },
  "artifacts": {
    "kernel_hash": "c5f37351f163441ec05d09116a3864130c1bfed1c4688da9e07e9067e5bf8f54",
    "flip_counts_hash": "1045813912820017453b344ca74f8b8f873bba658c2e9b55c71942b9dd07c053",
    "pivot_fit_hash": "d04f83ead3fcfaea1653e658999e83d0abac9536c46d06a4e4ad9b696714687e",
    "config_hash": "09be816148e3d54a4ba01072548fde7efe2f97f681380c3e050adf0677f43c72"
  }
}