{
  "sim": "MICC",
  "gauge": "SU2",
  "rep": "fundamental",
  "L": 8,
  "b": 3.5,
  "kappa": 1.0,
  "seed": 3,
  "measurement_model": "dephasing",
  "f": 0.3,
  "schedule": "during",
  "sigma": 0.36291984229780766,
  "sigma_err": 0.05093669024430601,
  "visibility": 6.74196804405296e-05,
  "visibility_err": 2.5866624477011273e-05,
  "coherence": {
    "C": 0.4770082616625613,
    "P_entropy": 0.2115349559336924
  },
  "twist_scan": {
    "phi_values": [
      0.0,
      0.09817477042468103,
      0.19634954084936207,
      0.2945243112740431,
      0.39269908169872414,
      0.4908738521234052,
      0.5890486225480862,
      0.6872233929727672,
      0.7853981633974483,
      0.8835729338221293,
      0.9817477042468103,
      1.0799224746714913,
      1.1780972450961724,
      1.2762720155208536,
      1.3744467859455345,
      1.4726215563702154,
      1.5707963267948966,
      1.6689710972195777,
      1.7671458676442586,
      1.8653206380689396,
      1.9634954084936207,
      2.061670178918302,
      2.1598449493429825,
      2.2580197197676637,
      2.356194490192345,
      2.454369260617026,
      2.552544031041707,
      2.650718801466388,
      2.748893571891069,
      2.84706834231575,
      2.945243112740431,
      3.043417883165112,
      3.141592653589793,
      3.2397674240144743,
      3.3379421944391554,
      3.436116964863836,
      3.5342917352885173,
      3.6324665057131984,
      3.730641276137879,
      3.8288160465625602,
      3.9269908169872414,
      4.025165587411922,
      4.123340357836604,
      4.221515128261284,
      4.319689898685965,
      4.417864669110647,
      4.516039439535327,
      4.614214209960009,
      4.71238898038469,
      4.81056375080937,
      4.908738521234052,
      5.006913291658733,
      5.105088062083414,
      5.203262832508095,
      5.301437602932776,
      5.399612373357457,
      5.497787143782138,
      5.595961914206819,
      5.6941366846315,
      5.792311455056181,
      5.890486225480862,
      5.988660995905543,
      6.086835766330224,
      6.1850105367549055
    ],
    "mean_I": [
      0.28077248674242383,
      0.1648659086422249,
      -0.02588634517525254,
      -0.20488673948187716,
      -0.2908728375745453,
      -0.24480874860693272,
      -0.08760660592107343,
      0.10936710428569338,
      0.2566904356547808,
      0.28748167579306755,
      0.1877622454217765,
      0.002802681122718295,
      -0.18342924181116937,
      -0.28638812386758855,
      -0.2593327851260069,
      -0.11454578373656349,
      0.08224260869202527,
      0.2416945761980766,
      0.2914222591523542,
      0.20885032913663248,
      0.031464716069375426,
      -0.16020522026919692,
      -0.279145335972113,
      -0.27135930515859696,
      -0.1403818230375752,
      0.054326071818269955,
      0.22437106584889005,
      0.29255628684839186,
      0.22792707001269918,
      0.0598237285999214,
      -0.13543833487894924,
      -0.2692142258948633,
      -0.28077248674242394,
      -0.16486590864222478,
      0.025886345175252942,
      0.20488673948187697,
      0.29087283757454524,
      0.24480874860693272,
      0.0876066059210742,
      -0.10936710428569296,
      -0.2566904356547806,
      -0.28748167579306777,
      -0.18776224542177616,
      -0.0028026811227183646,
      0.18342924181116851,
      0.2863881238675883,
      0.2593327851260072,
      0.11454578373656303,
      -0.08224260869202493,
      -0.24169457619807583,
      -0.29142225915235415,
      -0.2088503291366326,
      -0.0314647160693749,
      0.16020522026919667,
      0.279145335972113,
      0.27135930515859663,
      0.14038182303757551,
      -0.05432607181826862,
      -0.22437106584888983,
      -0.29255628684839174,
      -0.22792707001269974,
      -0.059823728599921605,
      0.1354383348789489,
      0.26921422589486366
    ],
    "fit": {
      "A": 0.021302621194046252,
      "I0": -1.7199586034810868e-16,
      "phi0": 3.02412451339696,
      "R2": 0.005460194076652769,
      "visibility_fit": 1.0,
      "visibility_fourier": 6.74196804405296e-05,
      "visibility": 6.74196804405296e-05
    },
    "cycles": 8,
    "per_cycle_V": [
      3.512439605422759e-05,
      0.00015454198142338837,
      0.00021884389883378968,
      0.00018452445725802938,
      0.00020150255418780803,
      5.198622934697209e-05,
      7.542440039957218e-05,
      0.00018869703294524713
    ]
  },
  "diagnostics": {
    "measured_link_count": 38,
    "selection_policy": "uniform",
    "num_links": 128,
    "visibility_qc": {
      "r2_ok": false,
      "v_in_unit_interval": true,
      "i0_very_small": true
    },
    "hybrid_knobs": {
      "kick_passes": 3,
      "loop_measurement_cycles": 4
    }
  },
  "artifacts": {
    "kernel_hash": "bb669db8d373312f24e4630fcfc599d4f7b832920772c12cef62ec22cd65bc64",
    "flip_counts_hash": "c1b27689be21b2ac0fdae0da5c804f2dab3460dc84baee0f4b6cda147a262623",
    "pivot_fit_hash": "18f843e4852e0cb06a5603a8f3e251da6d346190d1181f60fc167ac1ef296fd4",
    "config_hash": "09be816148e3d54a4ba01072548fde7efe2f97f681380c3e050adf0677f43c72"
  }
}