{
  "sim": "MICC",
  "gauge": "SU2",
  "rep": "fundamental",
  "L": 8,
  "b": 3.0,
  "kappa": 1.0,
  "seed": 2,
  "measurement_model": "dephasing",
  "f": 0.2,
  "schedule": "during",
  "sigma": 0.28585320055913177,
  "sigma_err": 0.04016452258567192,
  "visibility": 0.0001661378429246574,
  "visibility_err": 2.438076081897971e-05,
  "coherence": {
    "C": 0.5912162053256634,
    "P_entropy": 0.2901691884946046
  },
  "twist_scan": {
    "phi_values": [
      0.0,
      0.09817477042468103,
      0.19634954084936207,
      0.2945243112740431,
      0.39269908169872414,
      0.4908738521234052,
      0.5890486225480862,
      0.6872233929727672,
      0.7853981633974483,
      0.8835729338221293,
      0.9817477042468103,
      1.0799224746714913,
      1.1780972450961724,
      1.2762720155208536,
      1.3744467859455345,
      1.4726215563702154,
      1.5707963267948966,
      1.6689710972195777,
      1.7671458676442586,
      1.8653206380689396,
      1.9634954084936207,
      2.061670178918302,
      2.1598449493429825,
      2.2580197197676637,
      2.356194490192345,
      2.454369260617026,
      2.552544031041707,
      2.650718801466388,
      2.748893571891069,
      2.84706834231575,
      2.945243112740431,
      3.043417883165112,
      3.141592653589793,
      3.2397674240144743,
      3.3379421944391554,
      3.436116964863836,
      3.5342917352885173,
      3.6324665057131984,
      3.730641276137879,
      3.8288160465625602,
      3.9269908169872414,
      4.025165587411922,
      4.123340357836604,
      4.221515128261284,
      4.319689898685965,
      4.417864669110647,
      4.516039439535327,
      4.614214209960009,
      4.71238898038469,
      4.81056375080937,
      4.908738521234052,
      5.006913291658733,
      5.105088062083414,
      5.203262832508095,
      5.301437602932776,
      5.399612373357457,
      5.497787143782138,
      5.595961914206819,
      5.6941366846315,
      5.792311455056181,
      5.890486225480862,
      5.988660995905543,
      6.086835766330224,
      6.1850105367549055
    ],
    "mean_I": [
      0.7313720160456727,
      0.39282876547596335,
      -0.12405053185667547,
      -0.5846134812167976,
      -0.7797741324580543,
      -0.6209336300870733,
      -0.1802022413455024,
      0.3423371975281369,
      0.7094627058738106,
      0.7545069782947988,
      0.4570208568402131,
      -0.04794317881023925,
      -0.5311420136157221,
      -0.7732134786799326,
      -0.664262189785385,
      -0.2537497542755179,
      0.2719597645989835,
      0.6742052361336845,
      0.770375625887477,
      0.5168115875200786,
      0.02862589325654504,
      -0.47255535807176774,
      -0.7592063564206393,
      -0.701193541473414,
      -0.3248535183581336,
      0.1989632104684125,
      0.6324548014115197,
      0.7788251350727041,
      0.571625140094173,
      0.10491928232276466,
      -0.40941773610454446,
      -0.7378876619246048,
      -0.7313720160456729,
      -0.39282876547596346,
      0.12405053185667614,
      0.5846134812167971,
      0.7797741324580545,
      0.6209336300870733,
      0.180202241345504,
      -0.3423371975281355,
      -0.7094627058738101,
      -0.7545069782948001,
      -0.4570208568402126,
      0.047943178810239066,
      0.5311420136157197,
      0.7732134786799323,
      0.664262189785386,
      0.2537497542755163,
      -0.2719597645989828,
      -0.6742052361336829,
      -0.7703756258874771,
      -0.516811587520079,
      -0.028625893256543404,
      0.47255535807176724,
      0.759206356420639,
      0.7011935414734132,
      0.32485351835813425,
      -0.19896321046840906,
      -0.6324548014115192,
      -0.7788251350727039,
      -0.5716251400941751,
      -0.10491928232276523,
      0.40941773610454363,
      0.7378876619246058
    ],
    "fit": {
      "A": 0.09446325594930893,
      "I0": 4.1992744919911155e-16,
      "phi0": 0.48132530561470965,
      "R2": 0.010194047591697508,
      "visibility_fit": 1.0,
      "visibility_fourier": 0.0001661378429246574,
      "visibility": 0.0001661378429246574
    },
    "cycles": 8,
    "per_cycle_V": [
      0.00020308041525787652,
      0.00015867805327569607,
      0.00026038338059463674,
      9.129986604892148e-05,
      3.93342810351517e-05,
      0.00014868677599162922,
      0.00020438151338497427,
      0.00016014385447302545
    ]
  },
  "diagnostics": {
    "measured_link_count": 26,
    "selection_policy": "uniform",
    "num_links": 128,
    "visibility_qc": {
      "r2_ok": false,
      "v_in_unit_interval": true,
      "i0_very_small": true
    },
    "hybrid_knobs": {
      "kick_passes": 3,
      "loop_measurement_cycles": 4
    }
  },
  "artifacts": {
    "kernel_hash": "bb669db8d373312f24e4630fcfc599d4f7b832920772c12cef62ec22cd65bc64",
    "flip_counts_hash": "2268e99a6015a7b96d81d3b1a331fda63562012ba66381118831ac9c8b2f0d5d",
    "pivot_fit_hash": "e730f86cf82cf01e0490c7477184968845e3929e6af95e60cac897b00c6a8382",
    "config_hash": "09be816148e3d54a4ba01072548fde7efe2f97f681380c3e050adf0677f43c72"
  }
}