{
  "sim": "MICC",
  "gauge": "SU2",
  "rep": "fundamental",
  "L": 8,
  "b": 3.0,
  "kappa": 1.0,
  "seed": 4,
  "measurement_model": "dephasing",
  "f": 0.3,
  "schedule": "pre",
  "sigma": 0.3625371369957203,
  "sigma_err": 0.0724478782860007,
  "visibility": 0.00020752297992009846,
  "visibility_err": 1.049774239489565e-19,
  "coherence": {
    "C": 0.5878976029052555,
    "P_entropy": 0.2935036063852775
  },
  "twist_scan": {
    "phi_values": [
      0.0,
      0.09817477042468103,
      0.19634954084936207,
      0.2945243112740431,
      0.39269908169872414,
      0.4908738521234052,
      0.5890486225480862,
      0.6872233929727672,
      0.7853981633974483,
      0.8835729338221293,
      0.9817477042468103,
      1.0799224746714913,
      1.1780972450961724,
      1.2762720155208536,
      1.3744467859455345,
      1.4726215563702154,
      1.5707963267948966,
      1.6689710972195777,
      1.7671458676442586,
      1.8653206380689396,
      1.9634954084936207,
      2.061670178918302,
      2.1598449493429825,
      2.2580197197676637,
      2.356194490192345,
      2.454369260617026,
      2.552544031041707,
      2.650718801466388,
      2.748893571891069,
      2.84706834231575,
      2.945243112740431,
      3.043417883165112,
      3.141592653589793,
      3.2397674240144743,
      3.3379421944391554,
      3.436116964863836,
      3.5342917352885173,
      3.6324665057131984,
      3.730641276137879,
      3.8288160465625602,
      3.9269908169872414,
      4.025165587411922,
      4.123340357836604,
      4.221515128261284,
      4.319689898685965,
      4.417864669110647,
      4.516039439535327,
      4.614214209960009,
      4.71238898038469,
      4.81056375080937,
      4.908738521234052,
      5.006913291658733,
      5.105088062083414,
      5.203262832508095,
      5.301437602932776,
      5.399612373357457,
      5.497787143782138,
      5.595961914206819,
      5.6941366846315,
      5.792311455056181,
      5.890486225480862,
      5.988660995905543,
      6.086835766330224,
      6.1850105367549055
    ],
    "mean_I": [
      0.9872177622427665,
      0.6620218285459043,
      0.03628182539782802,
      -0.6059293679466985,
      -0.9730612962423764,
      -0.8984437395694052,
      -0.4159515086485406,
      0.25537401101475943,
      0.8107650687117007,
      0.9980857356562436,
      0.7322963453173285,
      0.13405972412300365,
      -0.525037209073317,
      -0.9457782261591455,
      -0.9371557016944542,
      -0.5030840815174635,
      0.15937719382767343,
      0.7494845552302855,
      0.9993415978261896,
      0.7955184479694458,
      0.2305465544203731,
      -0.4390886548620259,
      -0.9093867947430297,
      -0.9668423421107675,
      -0.5853716796676387,
      0.06184548713959181,
      0.6809860957720683,
      0.9909732541133812,
      0.8510792730929958,
      0.32481309536910913,
      -0.3489114368741359,
      -0.8642374713721508,
      -0.9872177622427674,
      -0.6620218285459043,
      -0.03628182539782709,
      0.6059293679466974,
      0.9730612962423772,
      0.8984437395694052,
      0.41595150864854313,
      -0.2553740110147573,
      -0.8107650687116995,
      -0.9980857356562448,
      -0.7322963453173282,
      -0.134059724123004,
      0.5250372090733136,
      0.9457782261591438,
      0.9371557016944544,
      0.5030840815174616,
      -0.15937719382767296,
      -0.7494845552302821,
      -0.9993415978261896,
      -0.7955184479694459,
      -0.23054655442037095,
      0.43908865486202503,
      0.9093867947430296,
      0.9668423421107663,
      0.5853716796676397,
      -0.06184548713958705,
      -0.6809860957720678,
      -0.9909732541133809,
      -0.8510792730929979,
      -0.3248130953691094,
      0.34891143687413445,
      0.8642374713721517
    ],
    "fit": {
      "A": 2.229073517535585e-16,
      "I0": 7.498708421493914e-17,
      "phi0": -2.9851583967054642,
      "R2": 0.0,
      "visibility_fit": 0.00022290735175355852,
      "visibility_fourier": 0.00020752297992009846,
      "visibility": 0.00020752297992009846
    },
    "cycles": 16,
    "per_cycle_V": [
      0.00019950074187074463,
      0.00019950074187074463,
      0.00019950074187074463,
      0.00019950074187074463,
      0.00019950074187074463,
      0.00019950074187074463,
      0.00019950074187074463,
      0.00019950074187074463,
      0.00019950074187074463,
      0.00019950074187074463,
      0.00019950074187074463,
      0.00019950074187074463,
      0.00019950074187074463,
      0.00019950074187074463,
      0.00019950074187074463,
      0.00019950074187074463
    ]
  },
  "diagnostics": {
    "measured_link_count": 38,
    "selection_policy": "uniform",
    "num_links": 128,
    "creutz_sizes": [
      [
        2,
        2
      ],
      [
        3,
        3
      ]
    ],
    "loop_sizes_measured": [
      [
        1,
        1
      ],
      [
        1,
        2
      ],
      [
        2,
        1
      ],
      [
        2,
        2
      ],
      [
        2,
        3
      ],
      [
        3,
        2
      ],
      [
        3,
        3
      ]
    ],
    "visibility_qc": {
      "r2_ok": false,
      "v_in_unit_interval": true,
      "i0_very_small": true
    },
    "hybrid_knobs": {
      "kick_passes": 3,
      "loop_measurement_cycles": 6
    }
  },
  "artifacts": {
    "kernel_hash": "bb669db8d373312f24e4630fcfc599d4f7b832920772c12cef62ec22cd65bc64",
    "flip_counts_hash": "b3326e9c852a05e144e201e0a4a89d13606dfe15c97d7e29e97870d36629453e",
    "pivot_fit_hash": "e730f86cf82cf01e0490c7477184968845e3929e6af95e60cac897b00c6a8382",
    "config_hash": "3e53227bb97f97d3e0f7892c2fd75b0f2e140b1e74473c1589a222acbe454fae"
  }
}