{
  "sim": "MICC",
  "gauge": "SU2",
  "rep": "fundamental",
  "L": 12,
  "b": 3.0,
  "kappa": 0.75,
  "seed": 3,
  "measurement_model": "dephasing",
  "f": 0.0,
  "schedule": "pre",
  "sigma": 0.0823226352103038,
  "sigma_err": 0.009611259662705892,
  "visibility": 0.00012829937456281182,
  "visibility_err": 2.09954847897913e-19,
  "coherence": {
    "C": 0.59201433999899,
    "P_entropy": 0.3605680553151701
  },
  "twist_scan": {
    "phi_values": [
      0.0,
      0.09817477042468103,
      0.19634954084936207,
      0.2945243112740431,
      0.39269908169872414,
      0.4908738521234052,
      0.5890486225480862,
      0.6872233929727672,
      0.7853981633974483,
      0.8835729338221293,
      0.9817477042468103,
      1.0799224746714913,
      1.1780972450961724,
      1.2762720155208536,
      1.3744467859455345,
      1.4726215563702154,
      1.5707963267948966,
      1.6689710972195777,
      1.7671458676442586,
      1.8653206380689396,
      1.9634954084936207,
      2.061670178918302,
      2.1598449493429825,
      2.2580197197676637,
      2.356194490192345,
      2.454369260617026,
      2.552544031041707,
      2.650718801466388,
      2.748893571891069,
      2.84706834231575,
      2.945243112740431,
      3.043417883165112,
      3.141592653589793,
      3.2397674240144743,
      3.3379421944391554,
      3.436116964863836,
      3.5342917352885173,
      3.6324665057131984,
      3.730641276137879,
      3.8288160465625602,
      3.9269908169872414,
      4.025165587411922,
      4.123340357836604,
      4.221515128261284,
      4.319689898685965,
      4.417864669110647,
      4.516039439535327,
      4.614214209960009,
      4.71238898038469,
      4.81056375080937,
      4.908738521234052,
      5.006913291658733,
      5.105088062083414,
      5.203262832508095,
      5.301437602932776,
      5.399612373357457,
      5.497787143782138,
      5.595961914206819,
      5.6941366846315,
      5.792311455056181,
      5.890486225480862,
      5.988660995905543,
      6.086835766330224,
      6.1850105367549055
    ],
    "mean_I": [
      -0.962905133407384,
      -0.6918880999450947,
      0.31059754828166947,
      0.9847174413973626,
      0.6177876288590554,
      -0.40227129680610463,
      -0.9970463821253756,
      -0.5377375251900335,
      0.49007095283843705,
      0.9997732211525254,
      0.45250871519619823,
      -0.5731509576949001,
      -0.9928716975283421,
      -0.36292199890859667,
      0.65071120551258,
      0.9764082766980793,
      0.2698401453781613,
      -0.722004748706245,
      -0.9505415104041561,
      -0.174159583738108,
      0.7863449914819222,
      0.9155205097461964,
      0.07680177010134169,
      -0.8431123021297324,
      -0.8716825461049603,
      0.021295686565622435,
      0.8917599804159679,
      0.8194498030345838,
      -0.11918805412954804,
      -0.9318195226052025,
      -0.7593253104041563,
      0.21593257557738846,
      0.9629051334073839,
      0.6918880999450946,
      -0.31059754828167063,
      -0.9847174413973626,
      -0.6177876288590574,
      0.40227129680610463,
      0.997046382125376,
      0.5377375251900353,
      -0.4900709528384359,
      -0.9997732211525272,
      -0.4525087151961971,
      0.5731509576948995,
      0.9928716975283419,
      0.3629219989085976,
      -0.6507112055125759,
      -0.9764082766980792,
      -0.26984014537816314,
      0.7220047487062401,
      0.950541510404157,
      0.17415958373810878,
      -0.7863449914819249,
      -0.9155205097461964,
      -0.07680177010134327,
      0.8431123021297338,
      0.8716825461049607,
      -0.021295686565615476,
      -0.8917599804159674,
      -0.8194498030345838,
      0.11918805412954249,
      0.9318195226052022,
      0.7593253104041567,
      -0.2159325755773924
    ],
    "fit": {
      "A": 1.324724379597231e-16,
      "I0": -9.554473266337739e-17,
      "phi0": -3.0049192146896715,
      "R2": 0.0,
      "visibility_fit": 0.0001324724379597231,
      "visibility_fourier": 0.00012829937456281182,
      "visibility": 0.00012829937456281182
    },
    "cycles": 16,
    "per_cycle_V": [
      0.00019936647281916287,
      0.00019936647281916287,
      0.00019936647281916287,
      0.00019936647281916287,
      0.00019936647281916287,
      0.00019936647281916287,
      0.00019936647281916287,
      0.00019936647281916287,
      0.00019936647281916287,
      0.00019936647281916287,
      0.00019936647281916287,
      0.00019936647281916287,
      0.00019936647281916287,
      0.00019936647281916287,
      0.00019936647281916287,
      0.00019936647281916287
    ]
  },
  "diagnostics": {
    "measured_link_count": 0,
    "selection_policy": "uniform",
    "num_links": 288,
    "creutz_sizes": [
      [
        2,
        2
      ],
      [
        3,
        3
      ]
    ],
    "loop_sizes_measured": [
      [
        1,
        1
      ],
      [
        1,
        2
      ],
      [
        2,
        1
      ],
      [
        2,
        2
      ],
      [
        2,
        3
      ],
      [
        3,
        2
      ],
      [
        3,
        3
      ]
    ],
    "visibility_qc": {
      "r2_ok": false,
      "v_in_unit_interval": true,
      "i0_very_small": true
    },
    "hybrid_knobs": {
      "kick_passes": 3,
      "loop_measurement_cycles": 6
    }
  },
  "artifacts": {
    "kernel_hash": "c5f37351f163441ec05d09116a3864130c1bfed1c4688da9e07e9067e5bf8f54",
    "flip_counts_hash": "f9f0d5ea10777d9547c57c830847aa737adfb2a8c3d087b6a31b748452bdd993",
    "pivot_fit_hash": "d04f83ead3fcfaea1653e658999e83d0abac9536c46d06a4e4ad9b696714687e",
    "config_hash": "3e53227bb97f97d3e0f7892c2fd75b0f2e140b1e74473c1589a222acbe454fae"
  }
}