{
  "sim": "MICC",
  "gauge": "SU2",
  "rep": "fundamental",
  "L": 8,
  "b": 3.5,
  "kappa": 0.75,
  "seed": 0,
  "measurement_model": "dephasing",
  "f": 0.1,
  "schedule": "during",
  "sigma": 0.23006012914864638,
  "sigma_err": 0.013677539643727888,
  "visibility": 0.00014489095454929337,
  "visibility_err": 8.05196118308568e-06,
  "coherence": {
    "C": 0.46637207333826036,
    "P_entropy": 0.32452306864619745
  },
  "twist_scan": {
    "phi_values": [
      0.0,
      0.09817477042468103,
      0.19634954084936207,
      0.2945243112740431,
      0.39269908169872414,
      0.4908738521234052,
      0.5890486225480862,
      0.6872233929727672,
      0.7853981633974483,
      0.8835729338221293,
      0.9817477042468103,
      1.0799224746714913,
      1.1780972450961724,
      1.2762720155208536,
      1.3744467859455345,
      1.4726215563702154,
      1.5707963267948966,
      1.6689710972195777,
      1.7671458676442586,
      1.8653206380689396,
      1.9634954084936207,
      2.061670178918302,
      2.1598449493429825,
      2.2580197197676637,
      2.356194490192345,
      2.454369260617026,
      2.552544031041707,
      2.650718801466388,
      2.748893571891069,
      2.84706834231575,
      2.945243112740431,
      3.043417883165112,
      3.141592653589793,
      3.2397674240144743,
      3.3379421944391554,
      3.436116964863836,
      3.5342917352885173,
      3.6324665057131984,
      3.730641276137879,
      3.8288160465625602,
      3.9269908169872414,
      4.025165587411922,
      4.123340357836604,
      4.221515128261284,
      4.319689898685965,
      4.417864669110647,
      4.516039439535327,
      4.614214209960009,
      4.71238898038469,
      4.81056375080937,
      4.908738521234052,
      5.006913291658733,
      5.105088062083414,
      5.203262832508095,
      5.301437602932776,
      5.399612373357457,
      5.497787143782138,
      5.595961914206819,
      5.6941366846315,
      5.792311455056181,
      5.890486225480862,
      5.988660995905543,
      6.086835766330224,
      6.1850105367549055
    ],
    "mean_I": [
      0.7417762549838083,
      0.19290081432354056,
      -0.44354756311524607,
      -0.8786346200268474,
      -0.914839928819053,
      -0.535727036234653,
      0.08659473050220423,
      0.6696043000033188,
      0.9486275165362033,
      0.7969936732567158,
      0.28354136484661185,
      -0.35863279528237846,
      -0.8379951641905667,
      -0.9369252482910837,
      -0.6105108577064037,
      -0.006937301505918353,
      0.5997856445419972,
      0.9342184475216588,
      0.8445356067751021,
      0.37145125702673415,
      -0.27026419758231524,
      -0.7892853568283771,
      -0.9499874654466307,
      -0.6794151258792592,
      -0.10040252350822249,
      0.5241907254475512,
      0.9108123441617294,
      0.8839442007301198,
      0.4557838705457755,
      -0.17929280791809463,
      -0.7329743000126627,
      -0.9539007839939528,
      -0.741776254983809,
      -0.19290081432354056,
      0.44354756311524696,
      0.8786346200268471,
      0.9148399288190536,
      0.535727036234653,
      -0.08659473050220218,
      -0.6696043000033175,
      -0.9486275165362034,
      -0.7969936732567181,
      -0.283541364846611,
      0.35863279528237824,
      0.837995164190565,
      0.9369252482910835,
      0.6105108577064053,
      0.006937301505916215,
      -0.5997856445419962,
      -0.9342184475216577,
      -0.8445356067751019,
      -0.3714512570267348,
      0.2702641975823172,
      0.7892853568283764,
      0.9499874654466309,
      0.6794151258792576,
      0.10040252350822348,
      -0.5241907254475476,
      -0.9108123441617288,
      -0.8839442007301198,
      -0.4557838705457785,
      0.17929280791809407,
      0.7329743000126618,
      0.9539007839939536
    ],
    "fit": {
      "A": 0.3037049583965759,
      "I0": 7.171596958490078e-16,
      "phi0": -0.5059941919451301,
      "R2": 0.0627000292336557,
      "visibility_fit": 1.0,
      "visibility_fourier": 0.00014489095454929337,
      "visibility": 0.00014489095454929337
    },
    "cycles": 8,
    "per_cycle_V": [
      0.00013962924523455738,
      0.00016486776231886587,
      0.0001764722224734867,
      0.0001690131743991049,
      0.00018402804510619662,
      0.00012991203420793617,
      0.000128064425906153,
      0.0001786524376411039
    ]
  },
  "diagnostics": {
    "measured_link_count": 13,
    "selection_policy": "uniform",
    "num_links": 128,
    "visibility_qc": {
      "r2_ok": false,
      "v_in_unit_interval": true,
      "i0_very_small": true
    },
    "hybrid_knobs": {
      "kick_passes": 3,
      "loop_measurement_cycles": 4
    }
  },
  "artifacts": {
    "kernel_hash": "bb669db8d373312f24e4630fcfc599d4f7b832920772c12cef62ec22cd65bc64",
    "flip_counts_hash": "051ffecc2b526e5161a7cdb343471ea2bcf4c30d07d6aca6b7e9329b81a2e42c",
    "pivot_fit_hash": "32e5af21ae29df0c4428cd8be3189fb5b9433eb374572ce92302aca28369a080",
    "config_hash": "09be816148e3d54a4ba01072548fde7efe2f97f681380c3e050adf0677f43c72"
  }
}