{
  "sim": "MICC",
  "gauge": "SU2",
  "rep": "fundamental",
  "L": 8,
  "b": 3.0,
  "kappa": 0.75,
  "seed": 4,
  "measurement_model": "dephasing",
  "f": 0.3,
  "schedule": "post",
  "sigma": 0.20269669521983466,
  "sigma_err": 0.03483473680696933,
  "visibility": 0.00022978917550575583,
  "visibility_err": 1.049774239489565e-19,
  "coherence": {
    "C": 0.593067655124143,
    "P_entropy": 0.35917350980617924
  },
  "twist_scan": {
    "phi_values": [
      0.0,
      0.09817477042468103,
      0.19634954084936207,
      0.2945243112740431,
      0.39269908169872414,
      0.4908738521234052,
      0.5890486225480862,
      0.6872233929727672,
      0.7853981633974483,
      0.8835729338221293,
      0.9817477042468103,
      1.0799224746714913,
      1.1780972450961724,
      1.2762720155208536,
      1.3744467859455345,
      1.4726215563702154,
      1.5707963267948966,
      1.6689710972195777,
      1.7671458676442586,
      1.8653206380689396,
      1.9634954084936207,
      2.061670178918302,
      2.1598449493429825,
      2.2580197197676637,
      2.356194490192345,
      2.454369260617026,
      2.552544031041707,
      2.650718801466388,
      2.748893571891069,
      2.84706834231575,
      2.945243112740431,
      3.043417883165112,
      3.141592653589793,
      3.2397674240144743,
      3.3379421944391554,
      3.436116964863836,
      3.5342917352885173,
      3.6324665057131984,
      3.730641276137879,
      3.8288160465625602,
      3.9269908169872414,
      4.025165587411922,
      4.123340357836604,
      4.221515128261284,
      4.319689898685965,
      4.417864669110647,
      4.516039439535327,
      4.614214209960009,
      4.71238898038469,
      4.81056375080937,
      4.908738521234052,
      5.006913291658733,
      5.105088062083414,
      5.203262832508095,
      5.301437602932776,
      5.399612373357457,
      5.497787143782138,
      5.595961914206819,
      5.6941366846315,
      5.792311455056181,
      5.890486225480862,
      5.988660995905543,
      6.086835766330224,
      6.1850105367549055
    ],
    "mean_I": [
      0.8492472584367659,
      0.3215203014986835,
      -0.3521701503831232,
      -0.8659827167156464,
      -0.9866572345221898,
      -0.6594099956275982,
      -0.032804404821830106,
      0.6086936999403635,
      0.9738575907217141,
      0.8969104954887062,
      0.41278478676533015,
      -0.2587365851712883,
      -0.8127969567748997,
      -0.9978645029255467,
      -0.7299224268272185,
      -0.1306108292371287,
      0.5279953541818678,
      0.9469026854562176,
      0.9359359941679393,
      0.5000739288843095,
      -0.16281124520445117,
      -0.7517835178203973,
      -0.9994617906775045,
      -0.7934053060403065,
      -0.2271593999677305,
      0.4422121245309815,
      0.9108285897001164,
      0.9659479175886768,
      0.5825470856999135,
      -0.06531794394461432,
      -0.683529992622608,
      -0.9914337150238484,
      -0.8492472584367667,
      -0.32152030149868394,
      0.3521701503831246,
      0.8659827167156459,
      0.986657234522191,
      0.6594099956275982,
      0.032804404821831994,
      -0.6086936999403614,
      -0.9738575907217139,
      -0.8969104954887079,
      -0.41278478676532954,
      0.25873658517128817,
      0.8127969567748967,
      0.9978645029255465,
      0.7299224268272196,
      0.13061082923712647,
      -0.5279953541818674,
      -0.9469026854562159,
      -0.9359359941679383,
      -0.5000739288843096,
      0.16281124520445328,
      0.7517835178203964,
      0.9994617906775055,
      0.7934053060403052,
      0.2271593999677316,
      -0.4422121245309772,
      -0.9108285897001153,
      -0.9659479175886766,
      -0.582547085699917,
      0.06531794394461331,
      0.6835299926226065,
      0.9914337150238487
    ],
    "fit": {
      "A": 2.5206964846045835e-16,
      "I0": 7.17803495708935e-17,
      "phi0": -2.5801823134352464,
      "R2": 0.0,
      "visibility_fit": 0.00025206964846045835,
      "visibility_fourier": 0.00022978917550575583,
      "visibility": 0.00022978917550575583
    },
    "cycles": 16,
    "per_cycle_V": [
      0.00021480277906669583,
      0.00021480277906669583,
      0.00021480277906669583,
      0.00021480277906669583,
      0.00021480277906669583,
      0.00021480277906669583,
      0.00021480277906669583,
      0.00021480277906669583,
      0.00021480277906669583,
      0.00021480277906669583,
      0.00021480277906669583,
      0.00021480277906669583,
      0.00021480277906669583,
      0.00021480277906669583,
      0.00021480277906669583,
      0.00021480277906669583
    ]
  },
  "diagnostics": {
    "measured_link_count": 38,
    "selection_policy": "uniform",
    "num_links": 128,
    "creutz_sizes": [
      [
        2,
        2
      ],
      [
        3,
        3
      ]
    ],
    "loop_sizes_measured": [
      [
        1,
        1
      ],
      [
        1,
        2
      ],
      [
        2,
        1
      ],
      [
        2,
        2
      ],
      [
        2,
        3
      ],
      [
        3,
        2
      ],
      [
        3,
        3
      ]
    ],
    "visibility_qc": {
      "r2_ok": false,
      "v_in_unit_interval": true,
      "i0_very_small": true
    },
    "hybrid_knobs": {
      "kick_passes": 3,
      "loop_measurement_cycles": 6
    }
  },
  "artifacts": {
    "kernel_hash": "bb669db8d373312f24e4630fcfc599d4f7b832920772c12cef62ec22cd65bc64",
    "flip_counts_hash": "b3326e9c852a05e144e201e0a4a89d13606dfe15c97d7e29e97870d36629453e",
    "pivot_fit_hash": "d04f83ead3fcfaea1653e658999e83d0abac9536c46d06a4e4ad9b696714687e",
    "config_hash": "3e53227bb97f97d3e0f7892c2fd75b0f2e140b1e74473c1589a222acbe454fae"
  }
}