{
  "sim": "MICC",
  "gauge": "SU2",
  "rep": "fundamental",
  "L": 12,
  "b": 3.5,
  "kappa": 1.0,
  "seed": 2,
  "measurement_model": "dephasing",
  "f": 0.3,
  "schedule": "pre",
  "sigma": 0.23098547823167034,
  "sigma_err": 0.04034822311314146,
  "visibility": 0.00039122557671782593,
  "visibility_err": 0.0,
  "coherence": {
    "C": 0.4748184668226156,
    "P_entropy": 0.2810701513299325
  },
  "twist_scan": {
    "phi_values": [
      0.0,
      0.09817477042468103,
      0.19634954084936207,
      0.2945243112740431,
      0.39269908169872414,
      0.4908738521234052,
      0.5890486225480862,
      0.6872233929727672,
      0.7853981633974483,
      0.8835729338221293,
      0.9817477042468103,
      1.0799224746714913,
      1.1780972450961724,
      1.2762720155208536,
      1.3744467859455345,
      1.4726215563702154,
      1.5707963267948966,
      1.6689710972195777,
      1.7671458676442586,
      1.8653206380689396,
      1.9634954084936207,
      2.061670178918302,
      2.1598449493429825,
      2.2580197197676637,
      2.356194490192345,
      2.454369260617026,
      2.552544031041707,
      2.650718801466388,
      2.748893571891069,
      2.84706834231575,
      2.945243112740431,
      3.043417883165112,
      3.141592653589793,
      3.2397674240144743,
      3.3379421944391554,
      3.436116964863836,
      3.5342917352885173,
      3.6324665057131984,
      3.730641276137879,
      3.8288160465625602,
      3.9269908169872414,
      4.025165587411922,
      4.123340357836604,
      4.221515128261284,
      4.319689898685965,
      4.417864669110647,
      4.516039439535327,
      4.614214209960009,
      4.71238898038469,
      4.81056375080937,
      4.908738521234052,
      5.006913291658733,
      5.105088062083414,
      5.203262832508095,
      5.301437602932776,
      5.399612373357457,
      5.497787143782138,
      5.595961914206819,
      5.6941366846315,
      5.792311455056181,
      5.890486225480862,
      5.988660995905543,
      6.086835766330224,
      6.1850105367549055
    ],
    "mean_I": [
      -0.3661791868153604,
      -0.9932825309422553,
      -0.5702811008495342,
      0.4556252309142392,
      0.9998415949866618,
      0.4870188995249873,
      -0.5406833549693272,
      -0.9967716379023345,
      -0.3990664399664033,
      0.6205344027484728,
      0.984102225054203,
      0.3072707524390379,
      -0.6944093650105411,
      -0.9619553698138014,
      -0.2125158795944022,
      0.7615967854847843,
      0.9305443585037967,
      0.11571436265627509,
      -0.8214496125836588,
      -0.8901716963341106,
      -0.017798453149865393,
      0.8733914308633165,
      0.8412261941113792,
      -0.08028886519000124,
      -0.9169220122194356,
      -0.7841792237783376,
      0.17760295786773372,
      0.9516221333573254,
      0.7195801788443441,
      -0.273206636973544,
      -0.9771576131414106,
      -0.6480511834255402,
      0.3661791868153594,
      0.9932825309422554,
      0.5702811008495329,
      -0.455625230914237,
      -0.9998415949866626,
      -0.4870188995249873,
      0.5406833549693241,
      0.9967716379023341,
      0.399066439966405,
      -0.6205344027484695,
      -0.9841022250542026,
      -0.30727075243903856,
      0.6944093650105367,
      0.9619553698138008,
      0.21251587959440515,
      -0.7615967854847873,
      -0.9305443585037968,
      -0.11571436265628111,
      0.8214496125836596,
      0.8901716963341116,
      0.017798453149862063,
      -0.8733914308633155,
      -0.8412261941113799,
      0.08028886519000428,
      0.9169220122194364,
      0.7841792237783409,
      -0.17760295786773359,
      -0.9516221333573248,
      -0.7195801788443479,
      0.2732066369735429,
      0.9771576131414096,
      0.6480511834255384
    ],
    "fit": {
      "A": 3.817773537348835e-16,
      "I0": -1.788014889534395e-16,
      "phi0": -2.0755563702108017,
      "R2": 0.0,
      "visibility_fit": 0.0003817773537348835,
      "visibility_fourier": 0.00039122557671782593,
      "visibility": 0.00039122557671782593
    },
    "cycles": 8,
    "per_cycle_V": [
      0.00038677429009840476,
      0.00038677429009840476,
      0.00038677429009840476,
      0.00038677429009840476,
      0.00038677429009840476,
      0.00038677429009840476,
      0.00038677429009840476,
      0.00038677429009840476
    ]
  },
  "diagnostics": {
    "measured_link_count": 86,
    "selection_policy": "uniform",
    "num_links": 288,
    "visibility_qc": {
      "r2_ok": false,
      "v_in_unit_interval": true,
      "i0_very_small": true
    },
    "hybrid_knobs": {
      "kick_passes": 3,
      "loop_measurement_cycles": 4
    }
  },
  "artifacts": {
    "kernel_hash": "c5f37351f163441ec05d09116a3864130c1bfed1c4688da9e07e9067e5bf8f54",
    "flip_counts_hash": "3c718ce239e2c926749d06c4b85bf1839d5fe51eaf7ab8de2413bea26f16d7e1",
    "pivot_fit_hash": "18f843e4852e0cb06a5603a8f3e251da6d346190d1181f60fc167ac1ef296fd4",
    "config_hash": "09be816148e3d54a4ba01072548fde7efe2f97f681380c3e050adf0677f43c72"
  }
}