{
  "sim": "MICC",
  "gauge": "SU2",
  "rep": "fundamental",
  "L": 12,
  "b": 3.0,
  "kappa": 1.0,
  "seed": 1,
  "measurement_model": "dephasing",
  "f": 0.1,
  "schedule": "during",
  "sigma": 0.12401631167784545,
  "sigma_err": 0.004471191106764888,
  "visibility": 0.00016863718371276672,
  "visibility_err": 2.4599650348397923e-05,
  "coherence": {
    "C": 0.5902710629389595,
    "P_entropy": 0.3284742651221909
  },
  "twist_scan": {
    "phi_values": [
      0.0,
      0.09817477042468103,
      0.19634954084936207,
      0.2945243112740431,
      0.39269908169872414,
      0.4908738521234052,
      0.5890486225480862,
      0.6872233929727672,
      0.7853981633974483,
      0.8835729338221293,
      0.9817477042468103,
      1.0799224746714913,
      1.1780972450961724,
      1.2762720155208536,
      1.3744467859455345,
      1.4726215563702154,
      1.5707963267948966,
      1.6689710972195777,
      1.7671458676442586,
      1.8653206380689396,
      1.9634954084936207,
      2.061670178918302,
      2.1598449493429825,
      2.2580197197676637,
      2.356194490192345,
      2.454369260617026,
      2.552544031041707,
      2.650718801466388,
      2.748893571891069,
      2.84706834231575,
      2.945243112740431,
      3.043417883165112,
      3.141592653589793,
      3.2397674240144743,
      3.3379421944391554,
      3.436116964863836,
      3.5342917352885173,
      3.6324665057131984,
      3.730641276137879,
      3.8288160465625602,
      3.9269908169872414,
      4.025165587411922,
      4.123340357836604,
      4.221515128261284,
      4.319689898685965,
      4.417864669110647,
      4.516039439535327,
      4.614214209960009,
      4.71238898038469,
      4.81056375080937,
      4.908738521234052,
      5.006913291658733,
      5.105088062083414,
      5.203262832508095,
      5.301437602932776,
      5.399612373357457,
      5.497787143782138,
      5.595961914206819,
      5.6941366846315,
      5.792311455056181,
      5.890486225480862,
      5.988660995905543,
      6.086835766330224,
      6.1850105367549055
    ],
    "mean_I": [
      -0.9057793484157349,
      -0.5758075891447846,
      0.3629117112907428,
      0.9179583820615732,
      0.5025334604010532,
      -0.4441731153037073,
      -0.9212969746810636,
      -0.4244196597209276,
      0.5211568894065733,
      0.9157629738022183,
      0.3422184657063029,
      -0.5931216377711167,
      -0.9014096748786953,
      -0.25672152079128246,
      0.6593743005306582,
      0.8783753080254374,
      0.16875220729278473,
      -0.7192768283254319,
      -0.8468817067871077,
      -0.07915771778871883,
      0.7722523270667188,
      0.8072321717597861,
      -0.01119910380966399,
      -0.8177906137422902,
      -0.7598085496404253,
      0.10144807191631065,
      0.8554531297577013,
      0.705067555834424,
      -0.19072003963324155,
      -0.8848771644952933,
      -0.6435363760366063,
      0.2781552691103253,
      0.9057793484157347,
      0.5758075891447846,
      -0.36291171129074395,
      -0.9179583820615733,
      -0.5025334604010552,
      0.4441731153037073,
      0.9212969746810645,
      0.4244196597209294,
      -0.5211568894065718,
      -0.9157629738022198,
      -0.3422184657063019,
      0.5931216377711162,
      0.9014096748786962,
      0.25672152079128346,
      -0.6593743005306555,
      -0.8783753080254366,
      -0.16875220729278623,
      0.7192768283254279,
      0.8468817067871072,
      0.07915771778871997,
      -0.7722523270667206,
      -0.8072321717597862,
      0.01119910380966252,
      0.8177906137422913,
      0.759808549640426,
      -0.1014480719163044,
      -0.8554531297577,
      -0.705067555834425,
      0.19072003963323594,
      0.8848771644952932,
      0.6435363760366074,
      -0.2781552691103285
    ],
    "fit": {
      "A": 0.0007655833675087495,
      "I0": 7.14930445624106e-16,
      "phi0": 0.7930878824119215,
      "R2": 3.70719023701227e-07,
      "visibility_fit": 1.0,
      "visibility_fourier": 0.00016863718371276672,
      "visibility": 0.00016863718371276672
    },
    "cycles": 16,
    "per_cycle_V": [
      6.242632370739191e-05,
      0.00042605393267027724,
      0.00017094512885454556,
      0.0004054385585047113,
      8.940560153363745e-05,
      0.00017057336232326802,
      0.00022571672745826666,
      0.000208411642134805,
      0.00025319327278749173,
      0.00014935773315682995,
      0.00014204157447494548,
      0.0001357249645838382,
      0.00022109498265148933,
      0.0002015342867175396,
      0.00015999003927470487,
      0.00014098897684233715
    ]
  },
  "diagnostics": {
    "measured_link_count": 29,
    "selection_policy": "uniform",
    "num_links": 288,
    "creutz_sizes": [
      [
        2,
        2
      ],
      [
        3,
        3
      ]
    ],
    "loop_sizes_measured": [
      [
        1,
        1
      ],
      [
        1,
        2
      ],
      [
        2,
        1
      ],
      [
        2,
        2
      ],
      [
        2,
        3
      ],
      [
        3,
        2
      ],
      [
        3,
        3
      ]
    ],
    "visibility_qc": {
      "r2_ok": false,
      "v_in_unit_interval": true,
      "i0_very_small": true
    },
    "hybrid_knobs": {
      "kick_passes": 3,
      "loop_measurement_cycles": 6
    }
  },
  "artifacts": {
    "kernel_hash": "c5f37351f163441ec05d09116a3864130c1bfed1c4688da9e07e9067e5bf8f54",
    "flip_counts_hash": "1045813912820017453b344ca74f8b8f873bba658c2e9b55c71942b9dd07c053",
    "pivot_fit_hash": "e730f86cf82cf01e0490c7477184968845e3929e6af95e60cac897b00c6a8382",
    "config_hash": "3e53227bb97f97d3e0f7892c2fd75b0f2e140b1e74473c1589a222acbe454fae"
  }
}