{
  "sim": "MICC",
  "gauge": "SU2",
  "rep": "fundamental",
  "L": 8,
  "b": 3.0,
  "kappa": 0.75,
  "seed": 1,
  "measurement_model": "dephasing",
  "f": 0.1,
  "schedule": "during",
  "sigma": 0.19576828326024096,
  "sigma_err": 0.014244448605242746,
  "visibility": 0.00022617527981331727,
  "visibility_err": 9.747805666366351e-06,
  "coherence": {
    "C": 0.5962255494633908,
    "P_entropy": 0.33026047966653904
  },
  "twist_scan": {
    "phi_values": [
      0.0,
      0.09817477042468103,
      0.19634954084936207,
      0.2945243112740431,
      0.39269908169872414,
      0.4908738521234052,
      0.5890486225480862,
      0.6872233929727672,
      0.7853981633974483,
      0.8835729338221293,
      0.9817477042468103,
      1.0799224746714913,
      1.1780972450961724,
      1.2762720155208536,
      1.3744467859455345,
      1.4726215563702154,
      1.5707963267948966,
      1.6689710972195777,
      1.7671458676442586,
      1.8653206380689396,
      1.9634954084936207,
      2.061670178918302,
      2.1598449493429825,
      2.2580197197676637,
      2.356194490192345,
      2.454369260617026,
      2.552544031041707,
      2.650718801466388,
      2.748893571891069,
      2.84706834231575,
      2.945243112740431,
      3.043417883165112,
      3.141592653589793,
      3.2397674240144743,
      3.3379421944391554,
      3.436116964863836,
      3.5342917352885173,
      3.6324665057131984,
      3.730641276137879,
      3.8288160465625602,
      3.9269908169872414,
      4.025165587411922,
      4.123340357836604,
      4.221515128261284,
      4.319689898685965,
      4.417864669110647,
      4.516039439535327,
      4.614214209960009,
      4.71238898038469,
      4.81056375080937,
      4.908738521234052,
      5.006913291658733,
      5.105088062083414,
      5.203262832508095,
      5.301437602932776,
      5.399612373357457,
      5.497787143782138,
      5.595961914206819,
      5.6941366846315,
      5.792311455056181,
      5.890486225480862,
      5.988660995905543,
      6.086835766330224,
      6.1850105367549055
    ],
    "mean_I": [
      0.6726805817110281,
      0.06744500229345665,
      -0.5684091981111965,
      -0.9462175061484283,
      -0.8944628487039133,
      -0.4366407582370464,
      0.21940710774097666,
      0.7758487338887651,
      0.9800712553075429,
      0.739361916897375,
      0.16299772585242264,
      -0.48736402498082215,
      -0.9164726976586511,
      -0.9295219260425459,
      -0.5205876332628546,
      0.12468256123543811,
      0.7133494796369224,
      0.9781706480849811,
      0.7989227926476636,
      0.25698069220780984,
      -0.4016252698696079,
      -0.877901756095483,
      -0.9556291991050163,
      -0.5995209647981937,
      0.0287572535067829,
      0.6439802799396845,
      0.9668497227988925,
      0.8507896051691324,
      0.3484887940172977,
      -0.31201864385884304,
      -0.8308761407111976,
      -0.9725332405800462,
      -0.6726805817110288,
      -0.06744500229345676,
      0.5684091981111972,
      0.9462175061484279,
      0.8944628487039142,
      0.4366407582370464,
      -0.21940710774097447,
      -0.7758487338887633,
      -0.9800712553075427,
      -0.7393619168973778,
      -0.16299772585242192,
      0.4873640249808221,
      0.9164726976586495,
      0.9295219260425456,
      0.5205876332628563,
      -0.12468256123544048,
      -0.7133494796369217,
      -0.9781706480849803,
      -0.7989227926476634,
      -0.2569806922078102,
      0.4016252698696099,
      0.8779017560954828,
      0.9556291991050166,
      0.599520964798192,
      -0.02875725350678182,
      -0.643980279939681,
      -0.9668497227988919,
      -0.8507896051691325,
      -0.34848879401730143,
      0.31201864385884237,
      0.8308761407111965,
      0.9725332405800464
    ],
    "fit": {
      "A": 0.810377148988132,
      "I0": 9.478494522052201e-16,
      "phi0": -0.9504258303124206,
      "R2": 0.47192224955593287,
      "visibility_fit": 1.0,
      "visibility_fourier": 0.00022617527981331727,
      "visibility": 0.00022617527981331727
    },
    "cycles": 8,
    "per_cycle_V": [
      0.00025996844056064267,
      0.0002272024489207756,
      0.00017596023409607265,
      0.00019229480152865947,
      0.00024287096682037233,
      0.0002191359072405603,
      0.00019859553484101648,
      0.00022518020409678598
    ]
  },
  "diagnostics": {
    "measured_link_count": 13,
    "selection_policy": "uniform",
    "num_links": 128,
    "visibility_qc": {
      "r2_ok": false,
      "v_in_unit_interval": true,
      "i0_very_small": true
    },
    "hybrid_knobs": {
      "kick_passes": 3,
      "loop_measurement_cycles": 4
    }
  },
  "artifacts": {
    "kernel_hash": "bb669db8d373312f24e4630fcfc599d4f7b832920772c12cef62ec22cd65bc64",
    "flip_counts_hash": "2f22c538feb77f48a899689bff9bdbb91197c5203a770852a4a789b6ab244652",
    "pivot_fit_hash": "d04f83ead3fcfaea1653e658999e83d0abac9536c46d06a4e4ad9b696714687e",
    "config_hash": "09be816148e3d54a4ba01072548fde7efe2f97f681380c3e050adf0677f43c72"
  }
}