{
  "sim": "MICC",
  "gauge": "SU2",
  "rep": "fundamental",
  "L": 12,
  "b": 3.5,
  "kappa": 1.0,
  "seed": 1,
  "measurement_model": "dephasing",
  "f": 0.5,
  "schedule": "during",
  "sigma": 0.5080596651316899,
  "sigma_err": 0.018331990848527033,
  "visibility": 7.819064036487652e-05,
  "visibility_err": 3.370886769609713e-05,
  "coherence": {
    "C": 0.5073206341730733,
    "P_entropy": 0.1413553252516083
  },
  "twist_scan": {
    "phi_values": [
      0.0,
      0.09817477042468103,
      0.19634954084936207,
      0.2945243112740431,
      0.39269908169872414,
      0.4908738521234052,
      0.5890486225480862,
      0.6872233929727672,
      0.7853981633974483,
      0.8835729338221293,
      0.9817477042468103,
      1.0799224746714913,
      1.1780972450961724,
      1.2762720155208536,
      1.3744467859455345,
      1.4726215563702154,
      1.5707963267948966,
      1.6689710972195777,
      1.7671458676442586,
      1.8653206380689396,
      1.9634954084936207,
      2.061670178918302,
      2.1598449493429825,
      2.2580197197676637,
      2.356194490192345,
      2.454369260617026,
      2.552544031041707,
      2.650718801466388,
      2.748893571891069,
      2.84706834231575,
      2.945243112740431,
      3.043417883165112,
      3.141592653589793,
      3.2397674240144743,
      3.3379421944391554,
      3.436116964863836,
      3.5342917352885173,
      3.6324665057131984,
      3.730641276137879,
      3.8288160465625602,
      3.9269908169872414,
      4.025165587411922,
      4.123340357836604,
      4.221515128261284,
      4.319689898685965,
      4.417864669110647,
      4.516039439535327,
      4.614214209960009,
      4.71238898038469,
      4.81056375080937,
      4.908738521234052,
      5.006913291658733,
      5.105088062083414,
      5.203262832508095,
      5.301437602932776,
      5.399612373357457,
      5.497787143782138,
      5.595961914206819,
      5.6941366846315,
      5.792311455056181,
      5.890486225480862,
      5.988660995905543,
      6.086835766330224,
      6.1850105367549055
    ],
    "mean_I": [
      0.038360418005219415,
      0.14482005825130861,
      0.09817498776801609,
      -0.05226132050775857,
      -0.1474466196671659,
      -0.08675039022649346,
      0.06565891792486406,
      0.14865318953310735,
      0.07449033900450255,
      -0.07842418406953755,
      -0.14842814792174536,
      -0.06151290509733715,
      0.09043418245060146,
      0.14677366210681797,
      0.04794306828770964,
      -0.10157325021831318,
      -0.14370566569115645,
      -0.033911513522124286,
      0.11173411206083617,
      0.13925370515738167,
      0.019553372343402268,
      -0.12081891332413458,
      -0.13346065531912246,
      -0.0050069215000528005,
      0.12874016240578487,
      0.1263823064131245,
      -0.009587748734404659,
      -0.13542157334693605,
      -0.11808682680877208,
      0.024090083707352473,
      0.1407988005077942,
      0.10865410650942536,
      -0.0383604180052191,
      -0.1448200582513086,
      -0.09817498776801592,
      0.052261320507758016,
      0.14744661966716593,
      0.08675039022649346,
      -0.06565891792486349,
      -0.14865318953310722,
      -0.07449033900450278,
      0.07842418406953691,
      0.1484281479217455,
      0.061512905097337305,
      -0.09043418245060084,
      -0.1467736621068181,
      -0.04794306828771017,
      0.10157325021831362,
      0.1437056656911567,
      0.03391151352212525,
      -0.11173411206083632,
      -0.13925370515738159,
      -0.0195533723434018,
      0.12081891332413444,
      0.1334606553191227,
      0.005006921500052297,
      -0.1287401624057847,
      -0.12638230641312495,
      0.009587748734404527,
      0.1354215733469359,
      0.11808682680877292,
      -0.024090083707352276,
      -0.1407988005077938,
      -0.10865410650942504
    ],
    "fit": {
      "A": 4.4380995111219854e-16,
      "I0": 3.12615927937937e-17,
      "phi0": 0.44009047381287375,
      "R2": 0.0,
      "visibility_fit": 0.0004438099511121985,
      "visibility_fourier": 7.819064036487652e-05,
      "visibility": 7.819064036487652e-05
    },
    "cycles": 16,
    "per_cycle_V": [
      5.6121471502387007e-05,
      0.00037161997006863524,
      0.00021576091777056572,
      0.0004422184087006748,
      0.0003507617731814931,
      0.0003947556138984326,
      0.00036170851173826914,
      0.0005630050068931907,
      0.0004654392416677247,
      0.00041597411115705974,
      0.0001476356947746413,
      0.00045554000324732303,
      0.0003534264940090511,
      0.00015048319963364973,
      0.00034194471479673846,
      0.00040419080256393953
    ]
  },
  "diagnostics": {
    "measured_link_count": 144,
    "selection_policy": "uniform",
    "num_links": 288,
    "creutz_sizes": [
      [
        2,
        2
      ],
      [
        3,
        3
      ]
    ],
    "loop_sizes_measured": [
      [
        1,
        1
      ],
      [
        1,
        2
      ],
      [
        2,
        1
      ],
      [
        2,
        2
      ],
      [
        2,
        3
      ],
      [
        3,
        2
      ],
      [
        3,
        3
      ]
    ],
    "visibility_qc": {
      "r2_ok": false,
      "v_in_unit_interval": true,
      "i0_very_small": true
    },
    "hybrid_knobs": {
      "kick_passes": 3,
      "loop_measurement_cycles": 6
    }
  },
  "artifacts": {
    "kernel_hash": "c5f37351f163441ec05d09116a3864130c1bfed1c4688da9e07e9067e5bf8f54",
    "flip_counts_hash": "1045813912820017453b344ca74f8b8f873bba658c2e9b55c71942b9dd07c053",
    "pivot_fit_hash": "18f843e4852e0cb06a5603a8f3e251da6d346190d1181f60fc167ac1ef296fd4",
    "config_hash": "3e53227bb97f97d3e0f7892c2fd75b0f2e140b1e74473c1589a222acbe454fae"
  }
}