{
  "sim": "MICC",
  "gauge": "SU2",
  "rep": "fundamental",
  "L": 12,
  "b": 3.5,
  "kappa": 1.0,
  "seed": 4,
  "measurement_model": "dephasing",
  "f": 0.2,
  "schedule": "during",
  "sigma": 0.2751695599912019,
  "sigma_err": 0.0149902521931398,
  "visibility": 0.00027449806536241494,
  "visibility_err": 5.5667424473541095e-05,
  "coherence": {
    "C": 0.4695672463541119,
    "P_entropy": 0.2547396392444283
  },
  "twist_scan": {
    "phi_values": [
      0.0,
      0.09817477042468103,
      0.19634954084936207,
      0.2945243112740431,
      0.39269908169872414,
      0.4908738521234052,
      0.5890486225480862,
      0.6872233929727672,
      0.7853981633974483,
      0.8835729338221293,
      0.9817477042468103,
      1.0799224746714913,
      1.1780972450961724,
      1.2762720155208536,
      1.3744467859455345,
      1.4726215563702154,
      1.5707963267948966,
      1.6689710972195777,
      1.7671458676442586,
      1.8653206380689396,
      1.9634954084936207,
      2.061670178918302,
      2.1598449493429825,
      2.2580197197676637,
      2.356194490192345,
      2.454369260617026,
      2.552544031041707,
      2.650718801466388,
      2.748893571891069,
      2.84706834231575,
      2.945243112740431,
      3.043417883165112,
      3.141592653589793,
      3.2397674240144743,
      3.3379421944391554,
      3.436116964863836,
      3.5342917352885173,
      3.6324665057131984,
      3.730641276137879,
      3.8288160465625602,
      3.9269908169872414,
      4.025165587411922,
      4.123340357836604,
      4.221515128261284,
      4.319689898685965,
      4.417864669110647,
      4.516039439535327,
      4.614214209960009,
      4.71238898038469,
      4.81056375080937,
      4.908738521234052,
      5.006913291658733,
      5.105088062083414,
      5.203262832508095,
      5.301437602932776,
      5.399612373357457,
      5.497787143782138,
      5.595961914206819,
      5.6941366846315,
      5.792311455056181,
      5.890486225480862,
      5.988660995905543,
      6.086835766330224,
      6.1850105367549055
    ],
    "mean_I": [
      -0.21217738771385897,
      -0.6450514854201719,
      -0.39597294290980406,
      0.2717307791020339,
      0.6521589480375736,
      0.3431204208915412,
      -0.32866725454430284,
      -0.6529857634790295,
      -0.2869634616513912,
      0.3824384846575127,
      0.6475239690598534,
      0.2280428874053541,
      -0.43252662310132917,
      -0.6358261648460231,
      -0.16692613549267893,
      0.47844929372157574,
      0.618005007086788,
      0.10420179364410144,
      -0.5197642360962964,
      -0.5942321232734056,
      -0.04047393156023764,
      0.5560735647453761,
      0.5647364592725785,
      -0.023643716609852046,
      -0.5870276009852244,
      -0.5298020744526042,
      0.08753366286402178,
      0.6123282405256567,
      0.4897654060363787,
      -0.1505806120940405,
      -0.631731824377162,
      -0.4450120290270173,
      0.21217738771385825,
      0.6450514854201718,
      0.39597294290980356,
      -0.2717307791020327,
      -0.6521589480375741,
      -0.3431204208915412,
      0.3286672545443012,
      0.652985763479029,
      0.2869634616513921,
      -0.38243848465751035,
      -0.6475239690598529,
      -0.22804288740535442,
      0.4325266231013262,
      0.6358261648460228,
      0.16692613549268137,
      -0.47844929372157763,
      -0.618005007086788,
      -0.1042017936441053,
      0.5197642360962968,
      0.594232123273406,
      0.04047393156023571,
      -0.5560735647453753,
      -0.5647364592725793,
      0.023643716609854232,
      0.5870276009852242,
      0.5298020744526065,
      -0.08753366286402131,
      -0.6123282405256562,
      -0.48976540603638097,
      0.1505806120940399,
      0.6317318243771612,
      0.44501202902701587
    ],
    "fit": {
      "A": 5.709685115056743e-14,
      "I0": -1.2601707208745403e-16,
      "phi0": 1.4893125984692888,
      "R2": 0.0,
      "visibility_fit": 0.05709685115056743,
      "visibility_fourier": 0.00027449806536241494,
      "visibility": 0.00027449806536241494
    },
    "cycles": 8,
    "per_cycle_V": [
      0.0003025638229112891,
      0.00042224267179112476,
      0.0001573775007006056,
      0.0003345859146808488,
      0.00041874532350371155,
      0.0004771239078012114,
      3.857627286774843e-05,
      0.0004715744546906778
    ]
  },
  "diagnostics": {
    "measured_link_count": 58,
    "selection_policy": "uniform",
    "num_links": 288,
    "visibility_qc": {
      "r2_ok": false,
      "v_in_unit_interval": true,
      "i0_very_small": true
    },
    "hybrid_knobs": {
      "kick_passes": 3,
      "loop_measurement_cycles": 4
    }
  },
  "artifacts": {
    "kernel_hash": "c5f37351f163441ec05d09116a3864130c1bfed1c4688da9e07e9067e5bf8f54",
    "flip_counts_hash": "7a11042fb34eaa3744d5206ec23f7fdadc3f7966920f4b324b412fb9e9cc0219",
    "pivot_fit_hash": "18f843e4852e0cb06a5603a8f3e251da6d346190d1181f60fc167ac1ef296fd4",
    "config_hash": "09be816148e3d54a4ba01072548fde7efe2f97f681380c3e050adf0677f43c72"
  }
}