{
  "sim": "MICC",
  "gauge": "SU2",
  "rep": "fundamental",
  "L": 12,
  "b": 3.5,
  "kappa": 1.0,
  "seed": 3,
  "measurement_model": "dephasing",
  "f": 0.0,
  "schedule": "during",
  "sigma": 0.14305657200388275,
  "sigma_err": 0.0170711765939562,
  "visibility": 0.00029650199956591464,
  "visibility_err": 2.09954847897913e-19,
  "coherence": {
    "C": 0.46518447719865563,
    "P_entropy": 0.3605680553151701
  },
  "twist_scan": {
    "phi_values": [
      0.0,
      0.09817477042468103,
      0.19634954084936207,
      0.2945243112740431,
      0.39269908169872414,
      0.4908738521234052,
      0.5890486225480862,
      0.6872233929727672,
      0.7853981633974483,
      0.8835729338221293,
      0.9817477042468103,
      1.0799224746714913,
      1.1780972450961724,
      1.2762720155208536,
      1.3744467859455345,
      1.4726215563702154,
      1.5707963267948966,
      1.6689710972195777,
      1.7671458676442586,
      1.8653206380689396,
      1.9634954084936207,
      2.061670178918302,
      2.1598449493429825,
      2.2580197197676637,
      2.356194490192345,
      2.454369260617026,
      2.552544031041707,
      2.650718801466388,
      2.748893571891069,
      2.84706834231575,
      2.945243112740431,
      3.043417883165112,
      3.141592653589793,
      3.2397674240144743,
      3.3379421944391554,
      3.436116964863836,
      3.5342917352885173,
      3.6324665057131984,
      3.730641276137879,
      3.8288160465625602,
      3.9269908169872414,
      4.025165587411922,
      4.123340357836604,
      4.221515128261284,
      4.319689898685965,
      4.417864669110647,
      4.516039439535327,
      4.614214209960009,
      4.71238898038469,
      4.81056375080937,
      4.908738521234052,
      5.006913291658733,
      5.105088062083414,
      5.203262832508095,
      5.301437602932776,
      5.399612373357457,
      5.497787143782138,
      5.595961914206819,
      5.6941366846315,
      5.792311455056181,
      5.890486225480862,
      5.988660995905543,
      6.086835766330224,
      6.1850105367549055
    ],
    "mean_I": [
      -0.6657009050638057,
      -0.9719153481863572,
      -0.2506145421484986,
      0.7356375934464695,
      0.9441688642228897,
      0.15451864976828758,
      -0.7984896896638299,
      -0.9073295179617541,
      -0.056934658322322466,
      0.853651893670861,
      0.8617520924458781,
      -0.04119764500693528,
      -0.9005929632882501,
      -0.807875523198136,
      0.1389331924938557,
      0.938860830354979,
      0.7462186710323119,
      -0.23533073738845187,
      -0.9680869543918544,
      -0.6773753251398288,
      0.32946191863712754,
      0.9879898718477768,
      0.6020084845752282,
      -0.4204202015071232,
      -0.9983779067475996,
      -0.5208439732128527,
      0.5073296080115488,
      0.9991510166365655,
      0.43466344966616344,
      -0.5893531530562447,
      -0.9903017560438164,
      -0.3442968794879772,
      0.6657009050638045,
      0.971915348186357,
      0.25061454214849743,
      -0.7356375934464677,
      -0.9441688642228914,
      -0.15451864976828758,
      0.7984896896638284,
      0.9073295179617543,
      0.05693465832232426,
      -0.8536518936708594,
      -0.8617520924458772,
      0.04119764500693487,
      0.9005929632882471,
      0.8078755231981364,
      -0.1389331924938515,
      -0.9388608303549811,
      -0.7462186710323131,
      0.23533073738844557,
      0.9680869543918557,
      0.6773753251398295,
      -0.3294619186371311,
      -0.9879898718477754,
      -0.6020084845752296,
      0.4204202015071257,
      0.9983779067476006,
      0.5208439732128587,
      -0.507329608011548,
      -0.9991510166365649,
      -0.43466344966616854,
      0.5893531530562442,
      0.9903017560438161,
      0.34429687948797366
    ],
    "fit": {
      "A": 2.8885520448032417e-16,
      "I0": -1.3090874770327335e-16,
      "phi0": -2.624230686962791,
      "R2": -2.220446049250313e-16,
      "visibility_fit": 0.0002888552044803242,
      "visibility_fourier": 0.00029650199956591464,
      "visibility": 0.00029650199956591464
    },
    "cycles": 16,
    "per_cycle_V": [
      0.0003032195409034909,
      0.0003032195409034909,
      0.0003032195409034909,
      0.0003032195409034909,
      0.0003032195409034909,
      0.0003032195409034909,
      0.0003032195409034909,
      0.0003032195409034909,
      0.0003032195409034909,
      0.0003032195409034909,
      0.0003032195409034909,
      0.0003032195409034909,
      0.0003032195409034909,
      0.0003032195409034909,
      0.0003032195409034909,
      0.0003032195409034909
    ]
  },
  "diagnostics": {
    "measured_link_count": 0,
    "selection_policy": "uniform",
    "num_links": 288,
    "creutz_sizes": [
      [
        2,
        2
      ],
      [
        3,
        3
      ]
    ],
    "loop_sizes_measured": [
      [
        1,
        1
      ],
      [
        1,
        2
      ],
      [
        2,
        1
      ],
      [
        2,
        2
      ],
      [
        2,
        3
      ],
      [
        3,
        2
      ],
      [
        3,
        3
      ]
    ],
    "visibility_qc": {
      "r2_ok": false,
      "v_in_unit_interval": true,
      "i0_very_small": true
    },
    "hybrid_knobs": {
      "kick_passes": 3,
      "loop_measurement_cycles": 6
    }
  },
  "artifacts": {
    "kernel_hash": "c5f37351f163441ec05d09116a3864130c1bfed1c4688da9e07e9067e5bf8f54",
    "flip_counts_hash": "f9f0d5ea10777d9547c57c830847aa737adfb2a8c3d087b6a31b748452bdd993",
    "pivot_fit_hash": "18f843e4852e0cb06a5603a8f3e251da6d346190d1181f60fc167ac1ef296fd4",
    "config_hash": "3e53227bb97f97d3e0f7892c2fd75b0f2e140b1e74473c1589a222acbe454fae"
  }
}