{
  "sim": "MICC",
  "gauge": "SU2",
  "rep": "fundamental",
  "L": 8,
  "b": 3.0,
  "kappa": 1.0,
  "seed": 0,
  "measurement_model": "dephasing",
  "f": 0.05,
  "schedule": "during",
  "sigma": 0.22552721911963972,
  "sigma_err": 0.013046898838535482,
  "visibility": 0.00022966953718050142,
  "visibility_err": 1.3628574318414675e-05,
  "coherence": {
    "C": 0.5920704288996419,
    "P_entropy": 0.34499248194864474
  },
  "twist_scan": {
    "phi_values": [
      0.0,
      0.09817477042468103,
      0.19634954084936207,
      0.2945243112740431,
      0.39269908169872414,
      0.4908738521234052,
      0.5890486225480862,
      0.6872233929727672,
      0.7853981633974483,
      0.8835729338221293,
      0.9817477042468103,
      1.0799224746714913,
      1.1780972450961724,
      1.2762720155208536,
      1.3744467859455345,
      1.4726215563702154,
      1.5707963267948966,
      1.6689710972195777,
      1.7671458676442586,
      1.8653206380689396,
      1.9634954084936207,
      2.061670178918302,
      2.1598449493429825,
      2.2580197197676637,
      2.356194490192345,
      2.454369260617026,
      2.552544031041707,
      2.650718801466388,
      2.748893571891069,
      2.84706834231575,
      2.945243112740431,
      3.043417883165112,
      3.141592653589793,
      3.2397674240144743,
      3.3379421944391554,
      3.436116964863836,
      3.5342917352885173,
      3.6324665057131984,
      3.730641276137879,
      3.8288160465625602,
      3.9269908169872414,
      4.025165587411922,
      4.123340357836604,
      4.221515128261284,
      4.319689898685965,
      4.417864669110647,
      4.516039439535327,
      4.614214209960009,
      4.71238898038469,
      4.81056375080937,
      4.908738521234052,
      5.006913291658733,
      5.105088062083414,
      5.203262832508095,
      5.301437602932776,
      5.399612373357457,
      5.497787143782138,
      5.595961914206819,
      5.6941366846315,
      5.792311455056181,
      5.890486225480862,
      5.988660995905543,
      6.086835766330224,
      6.1850105367549055
    ],
    "mean_I": [
      0.8492503234795711,
      0.3711309769566124,
      -0.2754740739711981,
      -0.7970196545769243,
      -0.9567349750758426,
      -0.6821126190858038,
      -0.09782539477207912,
      0.5308725135594966,
      0.9185653995409636,
      0.88924879832547,
      0.4562318339507192,
      -0.1839048447239529,
      -0.740552568742054,
      -0.9610049090805156,
      -0.7451811121622356,
      -0.1910606696192423,
      0.4497973224779198,
      0.886456733959246,
      0.9206833211306547,
      0.5369389289821915,
      -0.09056451128940388,
      -0.6769535568429845,
      -0.9560198404720206,
      -0.8010731037711133,
      -0.2824559257735848,
      0.36439033729665316,
      0.8458110054429573,
      0.9432511602566521,
      0.612475008606888,
      0.003648007896461129,
      -0.6068351121310578,
      -0.9418277781861752,
      -0.8492503234795712,
      -0.37113097695661246,
      0.27547407397119894,
      0.7970196545769237,
      0.956734975075843,
      0.6821126190858038,
      0.09782539477208112,
      -0.5308725135594948,
      -0.9185653995409631,
      -0.8892487983254719,
      -0.45623183395071853,
      0.1839048447239528,
      0.7405525687420516,
      0.961004909080515,
      0.745181112162237,
      0.1910606696192403,
      -0.4497973224779189,
      -0.8864567339592442,
      -0.9206833211306547,
      -0.5369389289821922,
      0.09056451128940607,
      0.6769535568429842,
      0.9560198404720206,
      0.801073103771112,
      0.2824559257735859,
      -0.36439033729664905,
      -0.8458110054429567,
      -0.943251160256652,
      -0.6124750086068911,
      -0.0036480078964616766,
      0.6068351121310569,
      0.9418277781861762
    ],
    "fit": {
      "A": 0.28992947951478837,
      "I0": -9.752780623584104e-16,
      "phi0": 2.773877918785044,
      "R2": 0.056617216687981475,
      "visibility_fit": 1.0,
      "visibility_fourier": 0.00022966953718050142,
      "visibility": 0.00022966953718050142
    },
    "cycles": 8,
    "per_cycle_V": [
      0.0002447575298192395,
      0.0002128141666488568,
      0.0002012713800734766,
      0.00023625959473132512,
      0.0002071510616339914,
      0.00012110261631794386,
      0.00018315204303090052,
      0.00022131965540880222
    ]
  },
  "diagnostics": {
    "measured_link_count": 6,
    "selection_policy": "uniform",
    "num_links": 128,
    "visibility_qc": {
      "r2_ok": false,
      "v_in_unit_interval": true,
      "i0_very_small": true
    },
    "hybrid_knobs": {
      "kick_passes": 3,
      "loop_measurement_cycles": 4
    }
  },
  "artifacts": {
    "kernel_hash": "bb669db8d373312f24e4630fcfc599d4f7b832920772c12cef62ec22cd65bc64",
    "flip_counts_hash": "051ffecc2b526e5161a7cdb343471ea2bcf4c30d07d6aca6b7e9329b81a2e42c",
    "pivot_fit_hash": "e730f86cf82cf01e0490c7477184968845e3929e6af95e60cac897b00c6a8382",
    "config_hash": "09be816148e3d54a4ba01072548fde7efe2f97f681380c3e050adf0677f43c72"
  }
}