{
  "sim": "MICC",
  "gauge": "SU2",
  "rep": "fundamental",
  "L": 8,
  "b": 3.0,
  "kappa": 0.75,
  "seed": 4,
  "measurement_model": "dephasing",
  "f": 0.2,
  "schedule": "during",
  "sigma": 0.2395674529454838,
  "sigma_err": 0.012064427107696065,
  "visibility": 0.00012663337494244197,
  "visibility_err": 1.5197898236593797e-05,
  "coherence": {
    "C": 0.5928172650719422,
    "P_entropy": 0.2969149165946669
  },
  "twist_scan": {
    "phi_values": [
      0.0,
      0.09817477042468103,
      0.19634954084936207,
      0.2945243112740431,
      0.39269908169872414,
      0.4908738521234052,
      0.5890486225480862,
      0.6872233929727672,
      0.7853981633974483,
      0.8835729338221293,
      0.9817477042468103,
      1.0799224746714913,
      1.1780972450961724,
      1.2762720155208536,
      1.3744467859455345,
      1.4726215563702154,
      1.5707963267948966,
      1.6689710972195777,
      1.7671458676442586,
      1.8653206380689396,
      1.9634954084936207,
      2.061670178918302,
      2.1598449493429825,
      2.2580197197676637,
      2.356194490192345,
      2.454369260617026,
      2.552544031041707,
      2.650718801466388,
      2.748893571891069,
      2.84706834231575,
      2.945243112740431,
      3.043417883165112,
      3.141592653589793,
      3.2397674240144743,
      3.3379421944391554,
      3.436116964863836,
      3.5342917352885173,
      3.6324665057131984,
      3.730641276137879,
      3.8288160465625602,
      3.9269908169872414,
      4.025165587411922,
      4.123340357836604,
      4.221515128261284,
      4.319689898685965,
      4.417864669110647,
      4.516039439535327,
      4.614214209960009,
      4.71238898038469,
      4.81056375080937,
      4.908738521234052,
      5.006913291658733,
      5.105088062083414,
      5.203262832508095,
      5.301437602932776,
      5.399612373357457,
      5.497787143782138,
      5.595961914206819,
      5.6941366846315,
      5.792311455056181,
      5.890486225480862,
      5.988660995905543,
      6.086835766330224,
      6.1850105367549055
    ],
    "mean_I": [
      0.5630876826795929,
      0.19463005625726768,
      -0.2621855466287019,
      -0.5999743927864873,
      -0.665387408119129,
      -0.4287284512375614,
      0.0025642591978261714,
      0.4326928495676639,
      0.6663879324244029,
      0.5975568259500246,
      0.2574474134508512,
      -0.19953774237261132,
      -0.5659369348397109,
      -0.6754125907777133,
      -0.47826505116825074,
      -0.0639951772845316,
      0.3793271691567628,
      0.6504429112898766,
      0.6262711703287689,
      0.31778541131783167,
      -0.1349682805790485,
      -0.5264491948378299,
      -0.6789331809690281,
      -0.5231956972099184,
      -0.12993830522631575,
      0.3223083607455586,
      0.6282337693513651,
      0.648954180982601,
      0.37506296195464345,
      -0.06909900046234153,
      -0.4818914613032555,
      -0.6759152734849823,
      -0.5630876826795932,
      -0.19463005625726776,
      0.2621855466287025,
      0.5999743927864869,
      0.6653874081191293,
      0.4287284512375614,
      -0.002564259197824617,
      -0.43269284956766274,
      -0.6663879324244026,
      -0.5975568259500262,
      -0.2574474134508508,
      0.19953774237261118,
      0.5659369348397092,
      0.6754125907777131,
      0.47826505116825185,
      0.06399517728453,
      -0.3793271691567621,
      -0.6504429112898757,
      -0.6262711703287687,
      -0.317785411317832,
      0.1349682805790499,
      0.5264491948378295,
      0.6789331809690284,
      0.5231956972099177,
      0.12993830522631655,
      -0.32230836074555586,
      -0.6282337693513648,
      -0.648954180982601,
      -0.3750629619546457,
      0.06909900046234106,
      0.48189146130325466,
      0.6759152734849826
    ],
    "fit": {
      "A": 0.001440841896320523,
      "I0": -1.543164872372143e-17,
      "phi0": 2.1190476182406477,
      "R2": 4.2098395389711385e-06,
      "visibility_fit": 1.0,
      "visibility_fourier": 0.00012663337494244197,
      "visibility": 0.00012663337494244197
    },
    "cycles": 16,
    "per_cycle_V": [
      2.184203246681099e-05,
      0.00018671774621952222,
      0.00023238982693572853,
      7.015697608284069e-05,
      0.0001801798470059041,
      0.0001946107564568088,
      0.0002332787897641006,
      0.00016710731796973504,
      0.00012036597473490874,
      0.0001671106944322084,
      0.00015808619483481787,
      0.00019349166616665828,
      0.00011973990836935504,
      0.00021927114456412876,
      8.023096076392733e-05,
      0.00011969906241613883
    ]
  },
  "diagnostics": {
    "measured_link_count": 26,
    "selection_policy": "uniform",
    "num_links": 128,
    "creutz_sizes": [
      [
        2,
        2
      ],
      [
        3,
        3
      ]
    ],
    "loop_sizes_measured": [
      [
        1,
        1
      ],
      [
        1,
        2
      ],
      [
        2,
        1
      ],
      [
        2,
        2
      ],
      [
        2,
        3
      ],
      [
        3,
        2
      ],
      [
        3,
        3
      ]
    ],
    "visibility_qc": {
      "r2_ok": false,
      "v_in_unit_interval": true,
      "i0_very_small": true
    },
    "hybrid_knobs": {
      "kick_passes": 3,
      "loop_measurement_cycles": 6
    }
  },
  "artifacts": {
    "kernel_hash": "bb669db8d373312f24e4630fcfc599d4f7b832920772c12cef62ec22cd65bc64",
    "flip_counts_hash": "b3326e9c852a05e144e201e0a4a89d13606dfe15c97d7e29e97870d36629453e",
    "pivot_fit_hash": "d04f83ead3fcfaea1653e658999e83d0abac9536c46d06a4e4ad9b696714687e",
    "config_hash": "3e53227bb97f97d3e0f7892c2fd75b0f2e140b1e74473c1589a222acbe454fae"
  }
}