{
  "sim": "MICC",
  "gauge": "SU2",
  "rep": "fundamental",
  "L": 12,
  "b": 3.0,
  "kappa": 1.0,
  "seed": 1,
  "measurement_model": "dephasing",
  "f": 0.3,
  "schedule": "pre",
  "sigma": 0.19411028070097094,
  "sigma_err": 0.03753941273659081,
  "visibility": 0.0002451377231781546,
  "visibility_err": 0.0,
  "coherence": {
    "C": 0.5959427771005761,
    "P_entropy": 0.32258719599816577
  },
  "twist_scan": {
    "phi_values": [
      0.0,
      0.09817477042468103,
      0.19634954084936207,
      0.2945243112740431,
      0.39269908169872414,
      0.4908738521234052,
      0.5890486225480862,
      0.6872233929727672,
      0.7853981633974483,
      0.8835729338221293,
      0.9817477042468103,
      1.0799224746714913,
      1.1780972450961724,
      1.2762720155208536,
      1.3744467859455345,
      1.4726215563702154,
      1.5707963267948966,
      1.6689710972195777,
      1.7671458676442586,
      1.8653206380689396,
      1.9634954084936207,
      2.061670178918302,
      2.1598449493429825,
      2.2580197197676637,
      2.356194490192345,
      2.454369260617026,
      2.552544031041707,
      2.650718801466388,
      2.748893571891069,
      2.84706834231575,
      2.945243112740431,
      3.043417883165112,
      3.141592653589793,
      3.2397674240144743,
      3.3379421944391554,
      3.436116964863836,
      3.5342917352885173,
      3.6324665057131984,
      3.730641276137879,
      3.8288160465625602,
      3.9269908169872414,
      4.025165587411922,
      4.123340357836604,
      4.221515128261284,
      4.319689898685965,
      4.417864669110647,
      4.516039439535327,
      4.614214209960009,
      4.71238898038469,
      4.81056375080937,
      4.908738521234052,
      5.006913291658733,
      5.105088062083414,
      5.203262832508095,
      5.301437602932776,
      5.399612373357457,
      5.497787143782138,
      5.595961914206819,
      5.6941366846315,
      5.792311455056181,
      5.890486225480862,
      5.988660995905543,
      6.086835766330224,
      6.1850105367549055
    ],
    "mean_I": [
      -0.8769635087891984,
      -0.8372111495353547,
      0.087646300938582,
      0.9198435100499872,
      0.7795761571176898,
      -0.18486419690472705,
      -0.9538649154713835,
      -0.7144334201473062,
      0.28030174959763077,
      0.9787000803211869,
      0.6424102987918693,
      -0.37303984321338307,
      -0.9941098283856123,
      -0.5642004150818748,
      0.4621853592146731,
      0.9999457553669718,
      0.48055697295132255,
      -0.5468797775505077,
      -0.996151658098195,
      -0.3922855044720878,
      0.6263074446736322,
      0.982764075810045,
      0.3002361121397145,
      -0.6997034287300742,
      -0.9599119382383512,
      -0.20529528192167873,
      0.7663608862710465,
      0.9278153239601802,
      0.10837734591292471,
      -0.8256378695417501,
      -0.8867833409168256,
      -0.010415676817945885,
      0.8769635087891983,
      0.837211149535354,
      -0.0876463009385836,
      -0.9198435100499867,
      -0.7795761571176911,
      0.18486419690472705,
      0.9538649154713835,
      0.714433420147307,
      -0.28030174959762905,
      -0.9787000803211862,
      -0.642410298791868,
      0.37303984321338307,
      0.9941098283856115,
      0.5642004150818752,
      -0.4621853592146695,
      -0.9999457553669726,
      -0.48055697295132405,
      0.546879777550502,
      0.9961516580981951,
      0.3922855044720888,
      -0.6263074446736353,
      -0.9827640758100449,
      -0.3002361121397165,
      0.6997034287300765,
      0.959911938238352,
      0.20529528192168536,
      -0.7663608862710449,
      -0.9278153239601811,
      -0.10837734591293133,
      0.8256378695417492,
      0.8867833409168265,
      0.010415676817942364
    ],
    "fit": {
      "A": 2.416857965588553e-16,
      "I0": -1.0856995605845744e-16,
      "phi0": -2.347069963179198,
      "R2": 0.0,
      "visibility_fit": 0.00024168579655885534,
      "visibility_fourier": 0.0002451377231781546,
      "visibility": 0.0002451377231781546
    },
    "cycles": 8,
    "per_cycle_V": [
      0.0002586952690384583,
      0.0002586952690384583,
      0.0002586952690384583,
      0.0002586952690384583,
      0.0002586952690384583,
      0.0002586952690384583,
      0.0002586952690384583,
      0.0002586952690384583
    ]
  },
  "diagnostics": {
    "measured_link_count": 86,
    "selection_policy": "uniform",
    "num_links": 288,
    "visibility_qc": {
      "r2_ok": false,
      "v_in_unit_interval": true,
      "i0_very_small": true
    },
    "hybrid_knobs": {
      "kick_passes": 3,
      "loop_measurement_cycles": 4
    }
  },
  "artifacts": {
    "kernel_hash": "c5f37351f163441ec05d09116a3864130c1bfed1c4688da9e07e9067e5bf8f54",
    "flip_counts_hash": "1045813912820017453b344ca74f8b8f873bba658c2e9b55c71942b9dd07c053",
    "pivot_fit_hash": "e730f86cf82cf01e0490c7477184968845e3929e6af95e60cac897b00c6a8382",
    "config_hash": "09be816148e3d54a4ba01072548fde7efe2f97f681380c3e050adf0677f43c72"
  }
}