{
  "sim": "MICC",
  "gauge": "SU2",
  "rep": "fundamental",
  "L": 12,
  "b": 3.5,
  "kappa": 0.75,
  "seed": 4,
  "measurement_model": "dephasing",
  "f": 0.05,
  "schedule": "during",
  "sigma": 0.22870896025375795,
  "sigma_err": 0.004506252494867428,
  "visibility": 0.00041441945687558984,
  "visibility_err": 1.6685187783761374e-05,
  "coherence": {
    "C": 0.46692617072141784,
    "P_entropy": 0.34384295544163457
  },
  "twist_scan": {
    "phi_values": [
      0.0,
      0.09817477042468103,
      0.19634954084936207,
      0.2945243112740431,
      0.39269908169872414,
      0.4908738521234052,
      0.5890486225480862,
      0.6872233929727672,
      0.7853981633974483,
      0.8835729338221293,
      0.9817477042468103,
      1.0799224746714913,
      1.1780972450961724,
      1.2762720155208536,
      1.3744467859455345,
      1.4726215563702154,
      1.5707963267948966,
      1.6689710972195777,
      1.7671458676442586,
      1.8653206380689396,
      1.9634954084936207,
      2.061670178918302,
      2.1598449493429825,
      2.2580197197676637,
      2.356194490192345,
      2.454369260617026,
      2.552544031041707,
      2.650718801466388,
      2.748893571891069,
      2.84706834231575,
      2.945243112740431,
      3.043417883165112,
      3.141592653589793,
      3.2397674240144743,
      3.3379421944391554,
      3.436116964863836,
      3.5342917352885173,
      3.6324665057131984,
      3.730641276137879,
      3.8288160465625602,
      3.9269908169872414,
      4.025165587411922,
      4.123340357836604,
      4.221515128261284,
      4.319689898685965,
      4.417864669110647,
      4.516039439535327,
      4.614214209960009,
      4.71238898038469,
      4.81056375080937,
      4.908738521234052,
      5.006913291658733,
      5.105088062083414,
      5.203262832508095,
      5.301437602932776,
      5.399612373357457,
      5.497787143782138,
      5.595961914206819,
      5.6941366846315,
      5.792311455056181,
      5.890486225480862,
      5.988660995905543,
      6.086835766330224,
      6.1850105367549055
    ],
    "mean_I": [
      -0.46082765682338384,
      -0.9809722150192667,
      -0.4640265453307225,
      0.5434910164801791,
      0.9764263286567241,
      0.3770773536793587,
      -0.6209202605458597,
      -0.9624769229802923,
      -0.2864967009806134,
      0.6923697030729414,
      0.9392583383921538,
      0.1931569284363991,
      -0.757151246871652,
      -0.9069941825544623,
      -0.097956949081021,
      0.8146410102620136,
      0.865995176925317,
      0.0018135907572778462,
      -0.864285335395478,
      -0.8166561643412628,
      0.0943472334368659,
      0.9056061202826606,
      0.7594523064649312,
      -0.1895994421975677,
      -0.9382054231768565,
      -0.6949345077184796,
      0.28302570468431315,
      0.9617692949706053,
      0.6237241097728573,
      -0.37372627491735616,
      -0.9760708026972117,
      -0.5465069076878403,
      0.4608276568233827,
      0.9809722150192667,
      0.4640265453307213,
      -0.5434910164801771,
      -0.9764263286567254,
      -0.3770773536793587,
      0.6209202605458574,
      0.962476922980292,
      0.28649670098061514,
      -0.6923697030729388,
      -0.9392583383921528,
      -0.19315692843639953,
      0.7571512468716484,
      0.9069941825544625,
      0.09795694908102505,
      -0.814641010262016,
      -0.865995176925317,
      -0.0018135907572837822,
      0.864285335395479,
      0.8166561643412635,
      -0.09434723343686888,
      -0.9056061202826601,
      -0.7594523064649324,
      0.18959944219757077,
      0.9382054231768562,
      0.694934507718484,
      -0.2830257046843127,
      -0.9617692949706048,
      -0.6237241097728617,
      0.37372627491735533,
      0.9760708026972105,
      0.5465069076878382
    ],
    "fit": {
      "A": 0.05796025313400824,
      "I0": 7.367261556413432e-16,
      "phi0": 0.8411890581259576,
      "R2": 0.002109908763841095,
      "visibility_fit": 1.0,
      "visibility_fourier": 0.00041441945687558984,
      "visibility": 0.00041441945687558984
    },
    "cycles": 8,
    "per_cycle_V": [
      0.0004276157144405614,
      0.00037743517856742026,
      0.00032599563321256424,
      0.000464851071391479,
      0.0003816362693912951,
      0.0004633010916968527,
      0.0004270594048624748,
      0.00042548690636054286
    ]
  },
  "diagnostics": {
    "measured_link_count": 14,
    "selection_policy": "uniform",
    "num_links": 288,
    "visibility_qc": {
      "r2_ok": false,
      "v_in_unit_interval": true,
      "i0_very_small": true
    },
    "hybrid_knobs": {
      "kick_passes": 3,
      "loop_measurement_cycles": 4
    }
  },
  "artifacts": {
    "kernel_hash": "c5f37351f163441ec05d09116a3864130c1bfed1c4688da9e07e9067e5bf8f54",
    "flip_counts_hash": "7a11042fb34eaa3744d5206ec23f7fdadc3f7966920f4b324b412fb9e9cc0219",
    "pivot_fit_hash": "32e5af21ae29df0c4428cd8be3189fb5b9433eb374572ce92302aca28369a080",
    "config_hash": "09be816148e3d54a4ba01072548fde7efe2f97f681380c3e050adf0677f43c72"
  }
}