{
  "sim": "MICC",
  "gauge": "SU2",
  "rep": "fundamental",
  "L": 12,
  "b": 3.0,
  "kappa": 1.0,
  "seed": 2,
  "measurement_model": "dephasing",
  "f": 0.1,
  "schedule": "during",
  "sigma": 0.17375934924145942,
  "sigma_err": 0.007746132648907235,
  "visibility": 0.00018987361400794276,
  "visibility_err": 4.1591880293495286e-05,
  "coherence": {
    "C": 0.5922722408360894,
    "P_entropy": 0.3308423666612246
  },
  "twist_scan": {
    "phi_values": [
      0.0,
      0.09817477042468103,
      0.19634954084936207,
      0.2945243112740431,
      0.39269908169872414,
      0.4908738521234052,
      0.5890486225480862,
      0.6872233929727672,
      0.7853981633974483,
      0.8835729338221293,
      0.9817477042468103,
      1.0799224746714913,
      1.1780972450961724,
      1.2762720155208536,
      1.3744467859455345,
      1.4726215563702154,
      1.5707963267948966,
      1.6689710972195777,
      1.7671458676442586,
      1.8653206380689396,
      1.9634954084936207,
      2.061670178918302,
      2.1598449493429825,
      2.2580197197676637,
      2.356194490192345,
      2.454369260617026,
      2.552544031041707,
      2.650718801466388,
      2.748893571891069,
      2.84706834231575,
      2.945243112740431,
      3.043417883165112,
      3.141592653589793,
      3.2397674240144743,
      3.3379421944391554,
      3.436116964863836,
      3.5342917352885173,
      3.6324665057131984,
      3.730641276137879,
      3.8288160465625602,
      3.9269908169872414,
      4.025165587411922,
      4.123340357836604,
      4.221515128261284,
      4.319689898685965,
      4.417864669110647,
      4.516039439535327,
      4.614214209960009,
      4.71238898038469,
      4.81056375080937,
      4.908738521234052,
      5.006913291658733,
      5.105088062083414,
      5.203262832508095,
      5.301437602932776,
      5.399612373357457,
      5.497787143782138,
      5.595961914206819,
      5.6941366846315,
      5.792311455056181,
      5.890486225480862,
      5.988660995905543,
      6.086835766330224,
      6.1850105367549055
    ],
    "mean_I": [
      -0.8313874127080088,
      -0.6931321106023683,
      0.1779069824534633,
      0.8608616525766127,
      0.6337077653130385,
      -0.26340610723688984,
      -0.8820453241360557,
      -0.5681804678238428,
      0.3463684872152003,
      0.894734417049047,
      0.49718128183046545,
      -0.4259951493173506,
      -0.8988067284142717,
      -0.4213939683061243,
      0.5015192452589412,
      0.8942230396471289,
      0.3415484005096213,
      -0.572213436710381,
      -0.8810274941761467,
      -0.2584135349068641,
      0.6373968999626147,
      0.8593471723176299,
      0.1727900056997451,
      -0.6964418826316203,
      -0.829390867422744,
      -0.08550241428110868,
      0.748779749257026,
      0.7914470750834104,
      -0.0026086121274246643,
      -0.7939064575724356,
      -0.7458812147620436,
      0.09069451617515861,
      0.8313874127080082,
      0.6931321106023682,
      -0.17790698245346467,
      -0.8608616525766126,
      -0.6337077653130403,
      0.26340610723688984,
      0.8820453241360563,
      0.5681804678238441,
      -0.3463684872151986,
      -0.8947344170490474,
      -0.4971812818304643,
      0.42599514931735005,
      0.8988067284142713,
      0.42139396830612497,
      -0.5015192452589381,
      -0.8942230396471291,
      -0.34154840050962254,
      0.5722134367103764,
      0.8810274941761465,
      0.25841353490686514,
      -0.6373968999626172,
      -0.8593471723176298,
      -0.17279000569974645,
      0.696441882631622,
      0.8293908674227447,
      0.08550241428111471,
      -0.748779749257025,
      -0.791447075083411,
      0.0026086121274194046,
      0.7939064575724352,
      0.7458812147620443,
      -0.09069451617516183
    ],
    "fit": {
      "A": 0.014884801356627701,
      "I0": 9.933749625625033e-16,
      "phi0": -1.5961131272144167,
      "R2": 0.00016123305049964287,
      "visibility_fit": 1.0,
      "visibility_fourier": 0.00018987361400794276,
      "visibility": 0.00018987361400794276
    },
    "cycles": 8,
    "per_cycle_V": [
      0.00033929079327477715,
      0.0004292976780393087,
      0.00027695084484883286,
      8.90073856880869e-05,
      0.00033420790046435,
      0.0002864854479530411,
      0.00010756684430629143,
      0.00020548420153757943
    ]
  },
  "diagnostics": {
    "measured_link_count": 29,
    "selection_policy": "uniform",
    "num_links": 288,
    "visibility_qc": {
      "r2_ok": false,
      "v_in_unit_interval": true,
      "i0_very_small": true
    },
    "hybrid_knobs": {
      "kick_passes": 3,
      "loop_measurement_cycles": 4
    }
  },
  "artifacts": {
    "kernel_hash": "c5f37351f163441ec05d09116a3864130c1bfed1c4688da9e07e9067e5bf8f54",
    "flip_counts_hash": "3c718ce239e2c926749d06c4b85bf1839d5fe51eaf7ab8de2413bea26f16d7e1",
    "pivot_fit_hash": "e730f86cf82cf01e0490c7477184968845e3929e6af95e60cac897b00c6a8382",
    "config_hash": "09be816148e3d54a4ba01072548fde7efe2f97f681380c3e050adf0677f43c72"
  }
}