{
  "sim": "MICC",
  "gauge": "SU2",
  "rep": "fundamental",
  "L": 12,
  "b": 3.0,
  "kappa": 1.0,
  "seed": 4,
  "measurement_model": "dephasing",
  "f": 0.3,
  "schedule": "during",
  "sigma": 0.343700366465719,
  "sigma_err": 0.03030436519768902,
  "visibility": 3.5996981647659466e-05,
  "visibility_err": 2.6012013921978565e-05,
  "coherence": {
    "C": 0.5894957983277521,
    "P_entropy": 0.23444295007482419
  },
  "twist_scan": {
    "phi_values": [
      0.0,
      0.09817477042468103,
      0.19634954084936207,
      0.2945243112740431,
      0.39269908169872414,
      0.4908738521234052,
      0.5890486225480862,
      0.6872233929727672,
      0.7853981633974483,
      0.8835729338221293,
      0.9817477042468103,
      1.0799224746714913,
      1.1780972450961724,
      1.2762720155208536,
      1.3744467859455345,
      1.4726215563702154,
      1.5707963267948966,
      1.6689710972195777,
      1.7671458676442586,
      1.8653206380689396,
      1.9634954084936207,
      2.061670178918302,
      2.1598449493429825,
      2.2580197197676637,
      2.356194490192345,
      2.454369260617026,
      2.552544031041707,
      2.650718801466388,
      2.748893571891069,
      2.84706834231575,
      2.945243112740431,
      3.043417883165112,
      3.141592653589793,
      3.2397674240144743,
      3.3379421944391554,
      3.436116964863836,
      3.5342917352885173,
      3.6324665057131984,
      3.730641276137879,
      3.8288160465625602,
      3.9269908169872414,
      4.025165587411922,
      4.123340357836604,
      4.221515128261284,
      4.319689898685965,
      4.417864669110647,
      4.516039439535327,
      4.614214209960009,
      4.71238898038469,
      4.81056375080937,
      4.908738521234052,
      5.006913291658733,
      5.105088062083414,
      5.203262832508095,
      5.301437602932776,
      5.399612373357457,
      5.497787143782138,
      5.595961914206819,
      5.6941366846315,
      5.792311455056181,
      5.890486225480862,
      5.988660995905543,
      6.086835766330224,
      6.1850105367549055
    ],
    "mean_I": [
      -0.33784132168370673,
      -0.18657141763537705,
      0.1619430067670724,
      0.3392502275189536,
      0.15789989367275153,
      -0.19038323827393955,
      -0.33739196821015455,
      -0.12770770741719586,
      0.21698997512216428,
      0.33228443981028055,
      0.09628562612707821,
      -0.24150697989117512,
      -0.3239768306098821,
      -0.06393626162227894,
      0.2636981404226905,
      0.3125491474269594,
      0.030971155966942,
      -0.28334974370986876,
      -0.2981114450975714,
      0.002292218850912388,
      0.3002725340703941,
      0.2808027665876011,
      -0.03553351834817841,
      -0.3143035357821579,
      -0.2607898039329857,
      0.06843261063915596,
      0.32530762262855,
      0.23826529290428752,
      -0.10067265948060652,
      -0.3331788192377925,
      -0.2134461568558632,
      0.13194317557798513,
      0.3378413216837065,
      0.1865714176353771,
      -0.16194300676707293,
      -0.3392502275189538,
      -0.15789989367275228,
      0.19038323827393955,
      0.33739196821015494,
      0.1277077074171966,
      -0.21698997512216378,
      -0.33228443981028133,
      -0.09628562612707782,
      0.24150697989117514,
      0.3239768306098825,
      0.06393626162227933,
      -0.26369814042268963,
      -0.3125491474269591,
      -0.030971155966942575,
      0.2833497437098675,
      0.2981114450975713,
      -0.002292218850911916,
      -0.30027253407039456,
      -0.28080276658760117,
      0.035533518348177875,
      0.3143035357821583,
      0.26078980393298606,
      -0.06843261063915348,
      -0.32530762262854973,
      -0.23826529290428775,
      0.10067265948060453,
      0.33317881923779274,
      0.2134461568558635,
      -0.13194317557798646
    ],
    "fit": {
      "A": 2.6612819654087366e-07,
      "I0": 1.072978918123413e-17,
      "phi0": -2.0373364765683264,
      "R2": 7.227551890309769e-13,
      "visibility_fit": 1.0,
      "visibility_fourier": 3.5996981647659466e-05,
      "visibility": 3.5996981647659466e-05
    },
    "cycles": 16,
    "per_cycle_V": [
      0.000113090134569495,
      0.000132021460364232,
      0.0002970766381632251,
      0.00017586765204176521,
      0.00024238559203586184,
      0.00013765730337524294,
      0.0002391772170379815,
      0.00042075180610566884,
      0.00016962411422379476,
      0.00011798530942814771,
      6.758502754623427e-05,
      0.0001289836096067552,
      0.00011928372395393794,
      0.0003604094157375813,
      0.0003471397967295265,
      0.00022663616917866492
    ]
  },
  "diagnostics": {
    "measured_link_count": 86,
    "selection_policy": "uniform",
    "num_links": 288,
    "creutz_sizes": [
      [
        2,
        2
      ],
      [
        3,
        3
      ]
    ],
    "loop_sizes_measured": [
      [
        1,
        1
      ],
      [
        1,
        2
      ],
      [
        2,
        1
      ],
      [
        2,
        2
      ],
      [
        2,
        3
      ],
      [
        3,
        2
      ],
      [
        3,
        3
      ]
    ],
    "visibility_qc": {
      "r2_ok": false,
      "v_in_unit_interval": true,
      "i0_very_small": true
    },
    "hybrid_knobs": {
      "kick_passes": 3,
      "loop_measurement_cycles": 6
    }
  },
  "artifacts": {
    "kernel_hash": "c5f37351f163441ec05d09116a3864130c1bfed1c4688da9e07e9067e5bf8f54",
    "flip_counts_hash": "7a11042fb34eaa3744d5206ec23f7fdadc3f7966920f4b324b412fb9e9cc0219",
    "pivot_fit_hash": "e730f86cf82cf01e0490c7477184968845e3929e6af95e60cac897b00c6a8382",
    "config_hash": "3e53227bb97f97d3e0f7892c2fd75b0f2e140b1e74473c1589a222acbe454fae"
  }
}