{
  "sim": "MICC",
  "gauge": "SU2",
  "rep": "fundamental",
  "L": 12,
  "b": 3.0,
  "kappa": 0.75,
  "seed": 1,
  "measurement_model": "dephasing",
  "f": 0.3,
  "schedule": "during",
  "sigma": 0.30281474850259765,
  "sigma_err": 0.022525451515345418,
  "visibility": 2.4922740016258344e-05,
  "visibility_err": 3.192603835091821e-05,
  "coherence": {
    "C": 0.5877964933043892,
    "P_entropy": 0.23208802447266316
  },
  "twist_scan": {
    "phi_values": [
      0.0,
      0.09817477042468103,
      0.19634954084936207,
      0.2945243112740431,
      0.39269908169872414,
      0.4908738521234052,
      0.5890486225480862,
      0.6872233929727672,
      0.7853981633974483,
      0.8835729338221293,
      0.9817477042468103,
      1.0799224746714913,
      1.1780972450961724,
      1.2762720155208536,
      1.3744467859455345,
      1.4726215563702154,
      1.5707963267948966,
      1.6689710972195777,
      1.7671458676442586,
      1.8653206380689396,
      1.9634954084936207,
      2.061670178918302,
      2.1598449493429825,
      2.2580197197676637,
      2.356194490192345,
      2.454369260617026,
      2.552544031041707,
      2.650718801466388,
      2.748893571891069,
      2.84706834231575,
      2.945243112740431,
      3.043417883165112,
      3.141592653589793,
      3.2397674240144743,
      3.3379421944391554,
      3.436116964863836,
      3.5342917352885173,
      3.6324665057131984,
      3.730641276137879,
      3.8288160465625602,
      3.9269908169872414,
      4.025165587411922,
      4.123340357836604,
      4.221515128261284,
      4.319689898685965,
      4.417864669110647,
      4.516039439535327,
      4.614214209960009,
      4.71238898038469,
      4.81056375080937,
      4.908738521234052,
      5.006913291658733,
      5.105088062083414,
      5.203262832508095,
      5.301437602932776,
      5.399612373357457,
      5.497787143782138,
      5.595961914206819,
      5.6941366846315,
      5.792311455056181,
      5.890486225480862,
      5.988660995905543,
      6.086835766330224,
      6.1850105367549055
    ],
    "mean_I": [
      -0.1030675683565487,
      -0.02553312061847241,
      0.07899510887548392,
      0.1000091937167072,
      0.015292906265825919,
      -0.0855911414961151,
      -0.09598767587078752,
      -0.004905412865886721,
      0.09136288463526114,
      0.091041744234031,
      -0.005529322341522404,
      -0.09625475325133653,
      -0.08521903083182092,
      0.015910807152147773,
      0.1002196359754012,
      0.07857561157723925,
      -0.026139062192165885,
      -0.10321934881939683,
      -0.07117546622937027,
      0.03611558377420834,
      0.10522500290882586,
      0.06308986223324474,
      -0.045744292541718926,
      -0.10621728269840529,
      -0.05439666837538635,
      0.05493245876567933,
      0.10618663199132615,
      0.045179604864829304,
      -0.06359159538258904,
      -0.10513334597065258,
      -0.035527437061739754,
      0.0716383101732625,
      0.10306756835654879,
      0.02553312061847237,
      -0.07899510887548389,
      -0.10000919371670741,
      -0.01529290626582603,
      0.0855911414961151,
      0.0959876758707878,
      0.004905412865887138,
      -0.09136288463526109,
      -0.09104174423403139,
      0.0055293223415224454,
      0.09625475325133644,
      0.08521903083182114,
      -0.015910807152147634,
      -0.100219635975401,
      -0.07857561157723912,
      0.026139062192165705,
      0.10321934881939672,
      0.07117546622937027,
      -0.03611558377420816,
      -0.10522500290882597,
      -0.06308986223324484,
      0.04574429254171877,
      0.1062172826984053,
      0.0543966683753866,
      -0.05493245876567855,
      -0.10618663199132605,
      -0.0451796048648294,
      0.06359159538258871,
      0.10513334597065266,
      0.035527437061739844,
      -0.07163831017326291
    ],
    "fit": {
      "A": 4.742054084005469e-14,
      "I0": 8.874465909589604e-18,
      "phi0": 1.4754359230623362,
      "R2": -2.220446049250313e-16,
      "visibility_fit": 0.04742054084005469,
      "visibility_fourier": 2.4922740016258344e-05,
      "visibility": 2.4922740016258344e-05
    },
    "cycles": 16,
    "per_cycle_V": [
      0.00044073265059244184,
      0.00031055779543958474,
      0.00013898643029260402,
      0.00047402676234094065,
      0.0004112031669364322,
      0.0005079926741151501,
      0.0004533027370866987,
      0.000526413849752664,
      0.00048082614726268556,
      0.00023359744073692996,
      0.0005020899992259215,
      0.0003837794522787335,
      0.00016632565981102802,
      0.0003613623558242583,
      0.00022968947779704942,
      0.0004796447672022661
    ]
  },
  "diagnostics": {
    "measured_link_count": 86,
    "selection_policy": "uniform",
    "num_links": 288,
    "creutz_sizes": [
      [
        2,
        2
      ],
      [
        3,
        3
      ]
    ],
    "loop_sizes_measured": [
      [
        1,
        1
      ],
      [
        1,
        2
      ],
      [
        2,
        1
      ],
      [
        2,
        2
      ],
      [
        2,
        3
      ],
      [
        3,
        2
      ],
      [
        3,
        3
      ]
    ],
    "visibility_qc": {
      "r2_ok": false,
      "v_in_unit_interval": true,
      "i0_very_small": true
    },
    "hybrid_knobs": {
      "kick_passes": 3,
      "loop_measurement_cycles": 6
    }
  },
  "artifacts": {
    "kernel_hash": "c5f37351f163441ec05d09116a3864130c1bfed1c4688da9e07e9067e5bf8f54",
    "flip_counts_hash": "1045813912820017453b344ca74f8b8f873bba658c2e9b55c71942b9dd07c053",
    "pivot_fit_hash": "d04f83ead3fcfaea1653e658999e83d0abac9536c46d06a4e4ad9b696714687e",
    "config_hash": "3e53227bb97f97d3e0f7892c2fd75b0f2e140b1e74473c1589a222acbe454fae"
  }
}