{
  "sim": "MICC",
  "gauge": "SU2",
  "rep": "fundamental",
  "L": 12,
  "b": 3.0,
  "kappa": 1.0,
  "seed": 1,
  "measurement_model": "dephasing",
  "f": 0.3,
  "schedule": "during",
  "sigma": 0.33074380337481124,
  "sigma_err": 0.02224326607025566,
  "visibility": 2.736939486107617e-05,
  "visibility_err": 4.003290729702542e-05,
  "coherence": {
    "C": 0.5868082113251301,
    "P_entropy": 0.2472099167436081
  },
  "twist_scan": {
    "phi_values": [
      0.0,
      0.09817477042468103,
      0.19634954084936207,
      0.2945243112740431,
      0.39269908169872414,
      0.4908738521234052,
      0.5890486225480862,
      0.6872233929727672,
      0.7853981633974483,
      0.8835729338221293,
      0.9817477042468103,
      1.0799224746714913,
      1.1780972450961724,
      1.2762720155208536,
      1.3744467859455345,
      1.4726215563702154,
      1.5707963267948966,
      1.6689710972195777,
      1.7671458676442586,
      1.8653206380689396,
      1.9634954084936207,
      2.061670178918302,
      2.1598449493429825,
      2.2580197197676637,
      2.356194490192345,
      2.454369260617026,
      2.552544031041707,
      2.650718801466388,
      2.748893571891069,
      2.84706834231575,
      2.945243112740431,
      3.043417883165112,
      3.141592653589793,
      3.2397674240144743,
      3.3379421944391554,
      3.436116964863836,
      3.5342917352885173,
      3.6324665057131984,
      3.730641276137879,
      3.8288160465625602,
      3.9269908169872414,
      4.025165587411922,
      4.123340357836604,
      4.221515128261284,
      4.319689898685965,
      4.417864669110647,
      4.516039439535327,
      4.614214209960009,
      4.71238898038469,
      4.81056375080937,
      4.908738521234052,
      5.006913291658733,
      5.105088062083414,
      5.203262832508095,
      5.301437602932776,
      5.399612373357457,
      5.497787143782138,
      5.595961914206819,
      5.6941366846315,
      5.792311455056181,
      5.890486225480862,
      5.988660995905543,
      6.086835766330224,
      6.1850105367549055
    ],
    "mean_I": [
      0.13877568482250918,
      0.010766541490088613,
      -0.1286250597718503,
      -0.1320334083910867,
      0.004144824036705103,
      0.1359411214423284,
      0.12401957806005531,
      -0.01901627264223399,
      -0.14194799580034068,
      -0.11481137139630782,
      0.03370458414686617,
      0.14658783336212758,
      0.10449746846373424,
      -0.048068302081364034,
      -0.14981594995557668,
      -0.0931771977857278,
      0.06196909599001141,
      0.15160125705322466,
      0.08095957975720723,
      -0.0752730936285211,
      -0.15192656117177267,
      -0.06796227671861663,
      0.0878521702269298,
      0.15078872945473043,
      0.05431045980326628,
      -0.09958518240117212,
      -0.14819871984353467,
      -0.04013560347089322,
      0.11035913483009256,
      0.14418147554658461,
      0.025574219336742865,
      -0.12007026846215921,
      -0.13877568482250924,
      -0.010766541490088363,
      0.12862505977185046,
      0.13203340839108693,
      -0.004144824036704672,
      -0.1359411214423284,
      -0.12401957806005565,
      0.019016272642233586,
      0.14194799580034045,
      0.11481137139630855,
      -0.033704584146866196,
      -0.14658783336212772,
      -0.10449746846373478,
      0.04806830208136388,
      0.14981594995557662,
      0.09317719778572747,
      -0.06196909599001116,
      -0.1516012570532245,
      -0.08095957975720694,
      0.07527309362852098,
      0.15192656117177278,
      0.06796227671861658,
      -0.08785217022692955,
      -0.15078872945473032,
      -0.05431045980326639,
      0.09958518240117147,
      0.14819871984353467,
      0.04013560347089333,
      -0.11035913483009191,
      -0.14418147554658464,
      -0.025574219336743115,
      0.12007026846215942
    ],
    "fit": {
      "A": 2.516166980202294e-10,
      "I0": 1.3862538524777174e-17,
      "phi0": 2.599215231889359,
      "R2": 0.0,
      "visibility_fit": 1.0,
      "visibility_fourier": 2.736939486107617e-05,
      "visibility": 2.736939486107617e-05
    },
    "cycles": 8,
    "per_cycle_V": [
      0.00043616330913346263,
      0.0002397691457424473,
      0.00018633458251284947,
      0.0003962745457987701,
      0.00037554716235425873,
      0.0005026292514606797,
      0.00047326029643521576,
      0.0004539855389394232
    ]
  },
  "diagnostics": {
    "measured_link_count": 86,
    "selection_policy": "uniform",
    "num_links": 288,
    "visibility_qc": {
      "r2_ok": false,
      "v_in_unit_interval": true,
      "i0_very_small": true
    },
    "hybrid_knobs": {
      "kick_passes": 3,
      "loop_measurement_cycles": 4
    }
  },
  "artifacts": {
    "kernel_hash": "c5f37351f163441ec05d09116a3864130c1bfed1c4688da9e07e9067e5bf8f54",
    "flip_counts_hash": "1045813912820017453b344ca74f8b8f873bba658c2e9b55c71942b9dd07c053",
    "pivot_fit_hash": "e730f86cf82cf01e0490c7477184968845e3929e6af95e60cac897b00c6a8382",
    "config_hash": "09be816148e3d54a4ba01072548fde7efe2f97f681380c3e050adf0677f43c72"
  }
}