{
  "sim": "MICC",
  "gauge": "SU2",
  "rep": "fundamental",
  "L": 12,
  "b": 3.5,
  "kappa": 0.75,
  "seed": 2,
  "measurement_model": "dephasing",
  "f": 0.05,
  "schedule": "during",
  "sigma": 0.14978837062695863,
  "sigma_err": 0.004271972583011101,
  "visibility": 0.0003875239484103673,
  "visibility_err": 1.4298363098185942e-05,
  "coherence": {
    "C": 0.46628429600082827,
    "P_entropy": 0.3369972122312872
  },
  "twist_scan": {
    "phi_values": [
      0.0,
      0.09817477042468103,
      0.19634954084936207,
      0.2945243112740431,
      0.39269908169872414,
      0.4908738521234052,
      0.5890486225480862,
      0.6872233929727672,
      0.7853981633974483,
      0.8835729338221293,
      0.9817477042468103,
      1.0799224746714913,
      1.1780972450961724,
      1.2762720155208536,
      1.3744467859455345,
      1.4726215563702154,
      1.5707963267948966,
      1.6689710972195777,
      1.7671458676442586,
      1.8653206380689396,
      1.9634954084936207,
      2.061670178918302,
      2.1598449493429825,
      2.2580197197676637,
      2.356194490192345,
      2.454369260617026,
      2.552544031041707,
      2.650718801466388,
      2.748893571891069,
      2.84706834231575,
      2.945243112740431,
      3.043417883165112,
      3.141592653589793,
      3.2397674240144743,
      3.3379421944391554,
      3.436116964863836,
      3.5342917352885173,
      3.6324665057131984,
      3.730641276137879,
      3.8288160465625602,
      3.9269908169872414,
      4.025165587411922,
      4.123340357836604,
      4.221515128261284,
      4.319689898685965,
      4.417864669110647,
      4.516039439535327,
      4.614214209960009,
      4.71238898038469,
      4.81056375080937,
      4.908738521234052,
      5.006913291658733,
      5.105088062083414,
      5.203262832508095,
      5.301437602932776,
      5.399612373357457,
      5.497787143782138,
      5.595961914206819,
      5.6941366846315,
      5.792311455056181,
      5.890486225480862,
      5.988660995905543,
      6.086835766330224,
      6.1850105367549055
    ],
    "mean_I": [
      -0.556060132576954,
      -0.9527096685844827,
      -0.34214832524965166,
      0.6301344605181503,
      0.936234982149384,
      0.25254177045698156,
      -0.6981402491380219,
      -0.9107438410380873,
      -0.16050310036143642,
      0.7594225655164125,
      0.8764817388743663,
      0.06691869766949299,
      -0.8133912274462783,
      -0.8337786384316285,
      0.02731016866249242,
      0.8595264872109605,
      0.7830457939110275,
      -0.1212760231410004,
      -0.8973840370388299,
      -0.7247717903386908,
      0.21407392322044125,
      0.9265992880300006,
      0.6595178382248297,
      -0.3048101743945584,
      -0.9468908813467452,
      -0.5879123687997375,
      0.3926109369630691,
      0.9580633978529128,
      0.510644981877515,
      -0.4766306415856516,
      -0.9600092401070304,
      -0.4284598046328687,
      0.556060132576953,
      0.9527096685844826,
      0.3421483252496503,
      -0.6301344605181485,
      -0.9362349821493856,
      -0.25254177045698156,
      0.6981402491380199,
      0.9107438410380873,
      0.1605031003614381,
      -0.7594225655164103,
      -0.8764817388743653,
      -0.06691869766949333,
      0.8133912274462752,
      0.8337786384316284,
      -0.027310168662488397,
      -0.8595264872109626,
      -0.783045793911028,
      0.12127602314099471,
      0.8973840370388304,
      0.7247717903386919,
      -0.21407392322044422,
      -0.9265992880300001,
      -0.6595178382248312,
      0.30481017439456126,
      0.9468908813467454,
      0.5879123687997425,
      -0.3926109369630684,
      -0.9580633978529121,
      -0.5106449818775194,
      0.4766306415856509,
      0.9600092401070294,
      0.428459804632866
    ],
    "fit": {
      "A": 0.05216888692883918,
      "I0": -1.377065416325328e-15,
      "phi0": 1.778461704640896,
      "R2": 0.0009271936652750501,
      "visibility_fit": 1.0,
      "visibility_fourier": 0.0003875239484103673,
      "visibility": 0.0003875239484103673
    },
    "cycles": 16,
    "per_cycle_V": [
      0.00037407488958260204,
      0.00040583082011231333,
      0.0004464564588276903,
      0.0003893169972882142,
      0.0003246123756092351,
      0.0003307855208648668,
      0.00033536993335500675,
      0.00030930180688394285,
      0.00037228976711593874,
      0.0003676593352347212,
      0.00044076620189858714,
      0.0004396388339603836,
      0.0004955712487041162,
      0.00028669276180964766,
      0.00036422693656288225,
      0.0004205141546511776
    ]
  },
  "diagnostics": {
    "measured_link_count": 14,
    "selection_policy": "uniform",
    "num_links": 288,
    "creutz_sizes": [
      [
        2,
        2
      ],
      [
        3,
        3
      ]
    ],
    "loop_sizes_measured": [
      [
        1,
        1
      ],
      [
        1,
        2
      ],
      [
        2,
        1
      ],
      [
        2,
        2
      ],
      [
        2,
        3
      ],
      [
        3,
        2
      ],
      [
        3,
        3
      ]
    ],
    "visibility_qc": {
      "r2_ok": false,
      "v_in_unit_interval": true,
      "i0_very_small": true
    },
    "hybrid_knobs": {
      "kick_passes": 3,
      "loop_measurement_cycles": 6
    }
  },
  "artifacts": {
    "kernel_hash": "c5f37351f163441ec05d09116a3864130c1bfed1c4688da9e07e9067e5bf8f54",
    "flip_counts_hash": "3c718ce239e2c926749d06c4b85bf1839d5fe51eaf7ab8de2413bea26f16d7e1",
    "pivot_fit_hash": "32e5af21ae29df0c4428cd8be3189fb5b9433eb374572ce92302aca28369a080",
    "config_hash": "3e53227bb97f97d3e0f7892c2fd75b0f2e140b1e74473c1589a222acbe454fae"
  }
}