{
  "sim": "MICC",
  "gauge": "SU2",
  "rep": "fundamental",
  "L": 8,
  "b": 3.0,
  "kappa": 1.0,
  "seed": 3,
  "measurement_model": "dephasing",
  "f": 0.5,
  "schedule": "during",
  "sigma": 0.4318841934191372,
  "sigma_err": 0.06643663895055493,
  "visibility": 7.089526315366653e-06,
  "visibility_err": 2.0147783057674494e-05,
  "coherence": {
    "C": 0.5906448735255001,
    "P_entropy": 0.17030512568046424
  },
  "twist_scan": {
    "phi_values": [
      0.0,
      0.09817477042468103,
      0.19634954084936207,
      0.2945243112740431,
      0.39269908169872414,
      0.4908738521234052,
      0.5890486225480862,
      0.6872233929727672,
      0.7853981633974483,
      0.8835729338221293,
      0.9817477042468103,
      1.0799224746714913,
      1.1780972450961724,
      1.2762720155208536,
      1.3744467859455345,
      1.4726215563702154,
      1.5707963267948966,
      1.6689710972195777,
      1.7671458676442586,
      1.8653206380689396,
      1.9634954084936207,
      2.061670178918302,
      2.1598449493429825,
      2.2580197197676637,
      2.356194490192345,
      2.454369260617026,
      2.552544031041707,
      2.650718801466388,
      2.748893571891069,
      2.84706834231575,
      2.945243112740431,
      3.043417883165112,
      3.141592653589793,
      3.2397674240144743,
      3.3379421944391554,
      3.436116964863836,
      3.5342917352885173,
      3.6324665057131984,
      3.730641276137879,
      3.8288160465625602,
      3.9269908169872414,
      4.025165587411922,
      4.123340357836604,
      4.221515128261284,
      4.319689898685965,
      4.417864669110647,
      4.516039439535327,
      4.614214209960009,
      4.71238898038469,
      4.81056375080937,
      4.908738521234052,
      5.006913291658733,
      5.105088062083414,
      5.203262832508095,
      5.301437602932776,
      5.399612373357457,
      5.497787143782138,
      5.595961914206819,
      5.6941366846315,
      5.792311455056181,
      5.890486225480862,
      5.988660995905543,
      6.086835766330224,
      6.1850105367549055
    ],
    "mean_I": [
      0.01946911273308618,
      0.06368497714607838,
      0.07898919337908486,
      0.05843396722336826,
      0.01135094161115362,
      -0.04088517418150472,
      -0.07456027567087242,
      -0.07438657081687881,
      -0.04044291799163721,
      0.011860974072823835,
      0.05878023188235164,
      0.07901449331946314,
      0.06337782672385861,
      0.01896895181844669,
      -0.03405143063387174,
      -0.07161317548232456,
      -0.07666403585880233,
      -0.04691102674933498,
      0.00413860774837219,
      0.05330940085305455,
      0.07827884049545904,
      0.06771132310715365,
      0.02640428065024432,
      -0.026889753194829138,
      -0.06797640126613831,
      -0.07820318432658077,
      -0.052927356675261134,
      -0.003623615631089261,
      0.047325171151659975,
      0.07678931964591695,
      0.07139272243415282,
      0.033585321825332,
      -0.019469112733086165,
      -0.06368497714607833,
      -0.07898919337908486,
      -0.05843396722336836,
      -0.011350941611153558,
      0.04088517418150472,
      0.07456027567087235,
      0.07438657081687883,
      0.0404429179916372,
      -0.011860974072823502,
      -0.05878023188235164,
      -0.0790144933194631,
      -0.0633778267238588,
      -0.018968951818446687,
      0.0340514306338716,
      0.07161317548232478,
      0.07666403585880224,
      0.046911026749335206,
      -0.004138607748372186,
      -0.0533094008530547,
      -0.07827884049545915,
      -0.06771132310715378,
      -0.026404280650244458,
      0.026889753194829454,
      0.06797640126613833,
      0.07820318432658063,
      0.05292735667526126,
      0.00362361563108941,
      -0.04732517115165966,
      -0.07678931964591688,
      -0.07139272243415279,
      -0.0335853218253318
    ],
    "fit": {
      "A": 0.0005019855712595875,
      "I0": 2.088912131831338e-17,
      "phi0": -0.44868753555968666,
      "R2": 5.828206943214731e-05,
      "visibility_fit": 1.0,
      "visibility_fourier": 7.089526315366653e-06,
      "visibility": 7.089526315366653e-06
    },
    "cycles": 8,
    "per_cycle_V": [
      0.00020646423568339016,
      3.5564475554755216e-05,
      7.43787977409417e-05,
      7.206185443052774e-05,
      0.0001568955553215758,
      6.161190506587415e-05,
      6.774799746990717e-05,
      8.333897564733124e-05
    ]
  },
  "diagnostics": {
    "measured_link_count": 64,
    "selection_policy": "uniform",
    "num_links": 128,
    "visibility_qc": {
      "r2_ok": false,
      "v_in_unit_interval": true,
      "i0_very_small": true
    },
    "hybrid_knobs": {
      "kick_passes": 3,
      "loop_measurement_cycles": 4
    }
  },
  "artifacts": {
    "kernel_hash": "bb669db8d373312f24e4630fcfc599d4f7b832920772c12cef62ec22cd65bc64",
    "flip_counts_hash": "c1b27689be21b2ac0fdae0da5c804f2dab3460dc84baee0f4b6cda147a262623",
    "pivot_fit_hash": "e730f86cf82cf01e0490c7477184968845e3929e6af95e60cac897b00c6a8382",
    "config_hash": "09be816148e3d54a4ba01072548fde7efe2f97f681380c3e050adf0677f43c72"
  }
}