{
  "sim": "MICC",
  "gauge": "SU2",
  "rep": "fundamental",
  "L": 12,
  "b": 3.0,
  "kappa": 0.75,
  "seed": 2,
  "measurement_model": "dephasing",
  "f": 0.5,
  "schedule": "during",
  "sigma": 0.41962511788532236,
  "sigma_err": 0.024182934073843705,
  "visibility": 8.655110824819804e-05,
  "visibility_err": 3.0128586390864817e-05,
  "coherence": {
    "C": 0.5815644810845805,
    "P_entropy": 0.16250794155115292
  },
  "twist_scan": {
    "phi_values": [
      0.0,
      0.09817477042468103,
      0.19634954084936207,
      0.2945243112740431,
      0.39269908169872414,
      0.4908738521234052,
      0.5890486225480862,
      0.6872233929727672,
      0.7853981633974483,
      0.8835729338221293,
      0.9817477042468103,
      1.0799224746714913,
      1.1780972450961724,
      1.2762720155208536,
      1.3744467859455345,
      1.4726215563702154,
      1.5707963267948966,
      1.6689710972195777,
      1.7671458676442586,
      1.8653206380689396,
      1.9634954084936207,
      2.061670178918302,
      2.1598449493429825,
      2.2580197197676637,
      2.356194490192345,
      2.454369260617026,
      2.552544031041707,
      2.650718801466388,
      2.748893571891069,
      2.84706834231575,
      2.945243112740431,
      3.043417883165112,
      3.141592653589793,
      3.2397674240144743,
      3.3379421944391554,
      3.436116964863836,
      3.5342917352885173,
      3.6324665057131984,
      3.730641276137879,
      3.8288160465625602,
      3.9269908169872414,
      4.025165587411922,
      4.123340357836604,
      4.221515128261284,
      4.319689898685965,
      4.417864669110647,
      4.516039439535327,
      4.614214209960009,
      4.71238898038469,
      4.81056375080937,
      4.908738521234052,
      5.006913291658733,
      5.105088062083414,
      5.203262832508095,
      5.301437602932776,
      5.399612373357457,
      5.497787143782138,
      5.595961914206819,
      5.6941366846315,
      5.792311455056181,
      5.890486225480862,
      5.988660995905543,
      6.086835766330224,
      6.1850105367549055
    ],
    "mean_I": [
      -0.2640379218868386,
      -0.24219998227911926,
      0.035693359275455985,
      0.27585144845673476,
      0.22437758602700347,
      -0.06430972471668686,
      -0.28500837478225244,
      -0.20439431096418267,
      0.0923067523536247,
      0.2914205146571906,
      0.1824426069534807,
      -0.11941481550539268,
      -0.29502611566932235,
      -0.15873388090454243,
      0.14537284870506642,
      0.295790453909878,
      0.13349646080972805,
      -0.16993086190282755,
      -0.2937061683837719,
      -0.10697339682072758,
      0.19285234800680562,
      0.2887933319000069,
      0.07942012054273594,
      -0.21391656057566072,
      -0.28109925775955025,
      -0.05110198508846265,
      0.2329206397274862,
      0.27069804410238446,
      0.02229170958260216,
      -0.2496815657913612,
      -0.25768986030190943,
      0.006733247272426697,
      0.2640379218868382,
      0.24219998227911926,
      -0.03569335927545628,
      -0.27585144845673476,
      -0.22437758602700392,
      0.06430972471668686,
      0.28500837478225227,
      0.20439431096418306,
      -0.09230675235362416,
      -0.29142051465719065,
      -0.18244260695348025,
      0.1194148155053926,
      0.29502611566932224,
      0.15873388090454285,
      -0.14537284870506528,
      -0.29579045390987824,
      -0.13349646080972832,
      0.16993086190282594,
      0.293706168383772,
      0.10697339682072779,
      -0.19285234800680626,
      -0.2887933319000066,
      -0.07942012054273652,
      0.21391656057566139,
      0.2810992577595504,
      0.05110198508846465,
      -0.23292063972748578,
      -0.27069804410238446,
      -0.02229170958260398,
      0.2496815657913611,
      0.25768986030190943,
      -0.0067332472724278445
    ],
    "fit": {
      "A": 1.7255749512330025e-12,
      "I0": 2.685652552715012e-17,
      "phi0": 0.6647865327785392,
      "R2": 1.1102230246251565e-16,
      "visibility_fit": 1.0,
      "visibility_fourier": 8.655110824819804e-05,
      "visibility": 8.655110824819804e-05
    },
    "cycles": 16,
    "per_cycle_V": [
      0.0003910806658516913,
      0.00027573964512162154,
      0.00031152900063502454,
      0.0003208878364123395,
      0.0004451856111102413,
      0.0004132985507545869,
      0.000516320160560786,
      0.0004838154737018722,
      0.0004271296436834572,
      0.00033753747286640923,
      0.000516953936335904,
      0.0003878528662339824,
      0.00022431199688723895,
      0.00019893724283293567,
      0.00011883805438632455,
      0.00020072998195991333
    ]
  },
  "diagnostics": {
    "measured_link_count": 144,
    "selection_policy": "uniform",
    "num_links": 288,
    "creutz_sizes": [
      [
        2,
        2
      ],
      [
        3,
        3
      ]
    ],
    "loop_sizes_measured": [
      [
        1,
        1
      ],
      [
        1,
        2
      ],
      [
        2,
        1
      ],
      [
        2,
        2
      ],
      [
        2,
        3
      ],
      [
        3,
        2
      ],
      [
        3,
        3
      ]
    ],
    "visibility_qc": {
      "r2_ok": false,
      "v_in_unit_interval": true,
      "i0_very_small": true
    },
    "hybrid_knobs": {
      "kick_passes": 3,
      "loop_measurement_cycles": 6
    }
  },
  "artifacts": {
    "kernel_hash": "c5f37351f163441ec05d09116a3864130c1bfed1c4688da9e07e9067e5bf8f54",
    "flip_counts_hash": "3c718ce239e2c926749d06c4b85bf1839d5fe51eaf7ab8de2413bea26f16d7e1",
    "pivot_fit_hash": "d04f83ead3fcfaea1653e658999e83d0abac9536c46d06a4e4ad9b696714687e",
    "config_hash": "3e53227bb97f97d3e0f7892c2fd75b0f2e140b1e74473c1589a222acbe454fae"
  }
}