{
  "sim": "MICC",
  "gauge": "SU2",
  "rep": "fundamental",
  "L": 12,
  "b": 3.5,
  "kappa": 0.75,
  "seed": 1,
  "measurement_model": "dephasing",
  "f": 0.5,
  "schedule": "during",
  "sigma": 0.5080596651389263,
  "sigma_err": 0.018331990853425902,
  "visibility": 8.13193731458545e-05,
  "visibility_err": 3.528357885311011e-05,
  "coherence": {
    "C": 0.5073206341730311,
    "P_entropy": 0.1413553252516083
  },
  "twist_scan": {
    "phi_values": [
      0.0,
      0.09817477042468103,
      0.19634954084936207,
      0.2945243112740431,
      0.39269908169872414,
      0.4908738521234052,
      0.5890486225480862,
      0.6872233929727672,
      0.7853981633974483,
      0.8835729338221293,
      0.9817477042468103,
      1.0799224746714913,
      1.1780972450961724,
      1.2762720155208536,
      1.3744467859455345,
      1.4726215563702154,
      1.5707963267948966,
      1.6689710972195777,
      1.7671458676442586,
      1.8653206380689396,
      1.9634954084936207,
      2.061670178918302,
      2.1598449493429825,
      2.2580197197676637,
      2.356194490192345,
      2.454369260617026,
      2.552544031041707,
      2.650718801466388,
      2.748893571891069,
      2.84706834231575,
      2.945243112740431,
      3.043417883165112,
      3.141592653589793,
      3.2397674240144743,
      3.3379421944391554,
      3.436116964863836,
      3.5342917352885173,
      3.6324665057131984,
      3.730641276137879,
      3.8288160465625602,
      3.9269908169872414,
      4.025165587411922,
      4.123340357836604,
      4.221515128261284,
      4.319689898685965,
      4.417864669110647,
      4.516039439535327,
      4.614214209960009,
      4.71238898038469,
      4.81056375080937,
      4.908738521234052,
      5.006913291658733,
      5.105088062083414,
      5.203262832508095,
      5.301437602932776,
      5.399612373357457,
      5.497787143782138,
      5.595961914206819,
      5.6941366846315,
      5.792311455056181,
      5.890486225480862,
      5.988660995905543,
      6.086835766330224,
      6.1850105367549055
    ],
    "mean_I": [
      0.038360418005249,
      0.14482005825131572,
      0.09817498776799305,
      -0.05226132050778712,
      -0.14744661966717013,
      -0.08675039022646872,
      0.06565891792489148,
      0.14865318953310852,
      0.07449033900447621,
      -0.07842418406956364,
      -0.14842814792174366,
      -0.06151290509730939,
      0.09043418245062579,
      0.1467736621068131,
      0.04794306828768067,
      -0.10157325021833569,
      -0.1437056656911488,
      -0.0339115135220945,
      0.1117341120608564,
      0.13925370515737084,
      0.019553372343371785,
      -0.12081891332415262,
      -0.1334606553191091,
      -0.005006921500022102,
      0.12874016240580038,
      0.12638230641310844,
      -0.009587748734435209,
      -0.1354215733469489,
      -0.11808682680875365,
      0.024090083707382675,
      0.1407988005078043,
      0.10865410650940446,
      -0.03836041800524885,
      -0.14482005825131572,
      -0.09817498776799302,
      0.05226132050778681,
      0.14744661966717001,
      0.08675039022646872,
      -0.06565891792489109,
      -0.14865318953310835,
      -0.0744903390044764,
      0.07842418406956303,
      0.14842814792174347,
      0.06151290509730946,
      -0.0904341824506251,
      -0.14677366210681314,
      -0.04794306828768123,
      0.10157325021833617,
      0.1437056656911488,
      0.03391151352209533,
      -0.11173411206085657,
      -0.1392537051573711,
      -0.019553372343371452,
      0.1208189133241524,
      0.13346065531910928,
      0.005006921500021733,
      -0.12874016240580022,
      -0.12638230641310896,
      0.00958774873443516,
      0.13542157334694876,
      0.11808682680875413,
      -0.02409008370738266,
      -0.140798800507804,
      -0.10865410650940427
    ],
    "fit": {
      "A": 4.409007717297308e-16,
      "I0": -1.06978439803132e-18,
      "phi0": 0.4701640774042971,
      "R2": -2.220446049250313e-16,
      "visibility_fit": 0.00044090077172973083,
      "visibility_fourier": 8.13193731458545e-05,
      "visibility": 8.13193731458545e-05
    },
    "cycles": 16,
    "per_cycle_V": [
      4.630647659880834e-05,
      0.0004190930451297609,
      0.0001732902415732761,
      0.00045671372746267227,
      0.0004308693640918738,
      0.0004172073072886819,
      0.0003167522253504632,
      0.00047285222725219797,
      0.0004609410018975701,
      0.0004635082850658075,
      9.717379338152564e-05,
      0.0004268195369776364,
      0.0003153120145196785,
      0.00019753076263707146,
      0.0002549840674681948,
      0.0004303255650824943
    ]
  },
  "diagnostics": {
    "measured_link_count": 144,
    "selection_policy": "uniform",
    "num_links": 288,
    "creutz_sizes": [
      [
        2,
        2
      ],
      [
        3,
        3
      ]
    ],
    "loop_sizes_measured": [
      [
        1,
        1
      ],
      [
        1,
        2
      ],
      [
        2,
        1
      ],
      [
        2,
        2
      ],
      [
        2,
        3
      ],
      [
        3,
        2
      ],
      [
        3,
        3
      ]
    ],
    "visibility_qc": {
      "r2_ok": false,
      "v_in_unit_interval": true,
      "i0_very_small": true
    },
    "hybrid_knobs": {
      "kick_passes": 3,
      "loop_measurement_cycles": 6
    }
  },
  "artifacts": {
    "kernel_hash": "c5f37351f163441ec05d09116a3864130c1bfed1c4688da9e07e9067e5bf8f54",
    "flip_counts_hash": "1045813912820017453b344ca74f8b8f873bba658c2e9b55c71942b9dd07c053",
    "pivot_fit_hash": "32e5af21ae29df0c4428cd8be3189fb5b9433eb374572ce92302aca28369a080",
    "config_hash": "3e53227bb97f97d3e0f7892c2fd75b0f2e140b1e74473c1589a222acbe454fae"
  }
}