{
  "sim": "MICC",
  "gauge": "SU2",
  "rep": "fundamental",
  "L": 8,
  "b": 3.5,
  "kappa": 1.0,
  "seed": 0,
  "measurement_model": "dephasing",
  "f": 0.05,
  "schedule": "during",
  "sigma": 0.2514476043627898,
  "sigma_err": 0.017036365194365882,
  "visibility": 0.00017925046021281577,
  "visibility_err": 7.466711042197673e-06,
  "coherence": {
    "C": 0.4685856699404007,
    "P_entropy": 0.3414127171177765
  },
  "twist_scan": {
    "phi_values": [
      0.0,
      0.09817477042468103,
      0.19634954084936207,
      0.2945243112740431,
      0.39269908169872414,
      0.4908738521234052,
      0.5890486225480862,
      0.6872233929727672,
      0.7853981633974483,
      0.8835729338221293,
      0.9817477042468103,
      1.0799224746714913,
      1.1780972450961724,
      1.2762720155208536,
      1.3744467859455345,
      1.4726215563702154,
      1.5707963267948966,
      1.6689710972195777,
      1.7671458676442586,
      1.8653206380689396,
      1.9634954084936207,
      2.061670178918302,
      2.1598449493429825,
      2.2580197197676637,
      2.356194490192345,
      2.454369260617026,
      2.552544031041707,
      2.650718801466388,
      2.748893571891069,
      2.84706834231575,
      2.945243112740431,
      3.043417883165112,
      3.141592653589793,
      3.2397674240144743,
      3.3379421944391554,
      3.436116964863836,
      3.5342917352885173,
      3.6324665057131984,
      3.730641276137879,
      3.8288160465625602,
      3.9269908169872414,
      4.025165587411922,
      4.123340357836604,
      4.221515128261284,
      4.319689898685965,
      4.417864669110647,
      4.516039439535327,
      4.614214209960009,
      4.71238898038469,
      4.81056375080937,
      4.908738521234052,
      5.006913291658733,
      5.105088062083414,
      5.203262832508095,
      5.301437602932776,
      5.399612373357457,
      5.497787143782138,
      5.595961914206819,
      5.6941366846315,
      5.792311455056181,
      5.890486225480862,
      5.988660995905543,
      6.086835766330224,
      6.1850105367549055
    ],
    "mean_I": [
      0.8132390314577486,
      0.2943360014855888,
      -0.35818941955904815,
      -0.8481043326917395,
      -0.9529976098668377,
      -0.6252498962217989,
      -0.013651801619995916,
      0.6041439255028166,
      0.947670941118548,
      0.8609751621626632,
      0.3834146597562858,
      -0.2682080822344109,
      -0.7980699622434312,
      -0.9656247644235431,
      -0.6948061116072265,
      -0.10856001024186289,
      0.5269700661389759,
      0.9232667497112251,
      0.9004196313990528,
      0.4688008252577569,
      -0.1756437544604065,
      -0.7403497417893007,
      -0.9689524246346574,
      -0.7576709643182203,
      -0.202422726620161,
      0.4447211969670767,
      0.8899709947952386,
      0.9311925673656299,
      0.5496721825393953,
      -0.08138788131430444,
      -0.6754995486053998,
      -0.9629485433132652,
      -0.8132390314577491,
      -0.2943360014855889,
      0.3581894195590488,
      0.8481043326917389,
      0.9529976098668386,
      0.6252498962217989,
      0.013651801619998146,
      -0.6041439255028149,
      -0.9476709411185477,
      -0.8609751621626653,
      -0.3834146597562849,
      0.26820808223441067,
      0.7980699622434291,
      0.9656247644235427,
      0.6948061116072279,
      0.10856001024186085,
      -0.5269700661389751,
      -0.9232667497112235,
      -0.9004196313990527,
      -0.4688008252577578,
      0.17564375446040859,
      0.7403497417893001,
      0.9689524246346575,
      0.7576709643182189,
      0.20242272662016186,
      -0.44472119696707285,
      -0.889970994795238,
      -0.9311925673656298,
      -0.5496721825393983,
      0.0813878813143039,
      0.6754995486053987,
      0.9629485433132661
    ],
    "fit": {
      "A": 0.2893415622277886,
      "I0": 8.703405823078709e-16,
      "phi0": 1.3082164212215035,
      "R2": 0.05507814479021944,
      "visibility_fit": 1.0,
      "visibility_fourier": 0.00017925046021281577,
      "visibility": 0.00017925046021281577
    },
    "cycles": 16,
    "per_cycle_V": [
      0.00014074263890014472,
      0.00019804026317196037,
      0.0001821970137432942,
      0.0002154990577587599,
      0.00016582396398711873,
      0.00020713063215459896,
      0.0002319089945994111,
      0.00016375720845486545,
      0.00016024962910288361,
      0.00019748164451168307,
      0.00015924785720935108,
      0.00012412443481365582,
      0.00016485578361407672,
      0.0001812380323058906,
      0.00017433542776332082,
      0.00013256472172460906
    ]
  },
  "diagnostics": {
    "measured_link_count": 6,
    "selection_policy": "uniform",
    "num_links": 128,
    "creutz_sizes": [
      [
        2,
        2
      ],
      [
        3,
        3
      ]
    ],
    "loop_sizes_measured": [
      [
        1,
        1
      ],
      [
        1,
        2
      ],
      [
        2,
        1
      ],
      [
        2,
        2
      ],
      [
        2,
        3
      ],
      [
        3,
        2
      ],
      [
        3,
        3
      ]
    ],
    "visibility_qc": {
      "r2_ok": false,
      "v_in_unit_interval": true,
      "i0_very_small": true
    },
    "hybrid_knobs": {
      "kick_passes": 3,
      "loop_measurement_cycles": 6
    }
  },
  "artifacts": {
    "kernel_hash": "bb669db8d373312f24e4630fcfc599d4f7b832920772c12cef62ec22cd65bc64",
    "flip_counts_hash": "051ffecc2b526e5161a7cdb343471ea2bcf4c30d07d6aca6b7e9329b81a2e42c",
    "pivot_fit_hash": "18f843e4852e0cb06a5603a8f3e251da6d346190d1181f60fc167ac1ef296fd4",
    "config_hash": "3e53227bb97f97d3e0f7892c2fd75b0f2e140b1e74473c1589a222acbe454fae"
  }
}