{
  "sim": "MICC",
  "gauge": "SU2",
  "rep": "fundamental",
  "L": 12,
  "b": 3.5,
  "kappa": 0.75,
  "seed": 4,
  "measurement_model": "dephasing",
  "f": 0.3,
  "schedule": "during",
  "sigma": 0.3585804314221126,
  "sigma_err": 0.012613906552721765,
  "visibility": 8.270018141861465e-05,
  "visibility_err": 2.469478483019586e-05,
  "coherence": {
    "C": 0.4860930119389442,
    "P_entropy": 0.2098413140340516
  },
  "twist_scan": {
    "phi_values": [
      0.0,
      0.09817477042468103,
      0.19634954084936207,
      0.2945243112740431,
      0.39269908169872414,
      0.4908738521234052,
      0.5890486225480862,
      0.6872233929727672,
      0.7853981633974483,
      0.8835729338221293,
      0.9817477042468103,
      1.0799224746714913,
      1.1780972450961724,
      1.2762720155208536,
      1.3744467859455345,
      1.4726215563702154,
      1.5707963267948966,
      1.6689710972195777,
      1.7671458676442586,
      1.8653206380689396,
      1.9634954084936207,
      2.061670178918302,
      2.1598449493429825,
      2.2580197197676637,
      2.356194490192345,
      2.454369260617026,
      2.552544031041707,
      2.650718801466388,
      2.748893571891069,
      2.84706834231575,
      2.945243112740431,
      3.043417883165112,
      3.141592653589793,
      3.2397674240144743,
      3.3379421944391554,
      3.436116964863836,
      3.5342917352885173,
      3.6324665057131984,
      3.730641276137879,
      3.8288160465625602,
      3.9269908169872414,
      4.025165587411922,
      4.123340357836604,
      4.221515128261284,
      4.319689898685965,
      4.417864669110647,
      4.516039439535327,
      4.614214209960009,
      4.71238898038469,
      4.81056375080937,
      4.908738521234052,
      5.006913291658733,
      5.105088062083414,
      5.203262832508095,
      5.301437602932776,
      5.399612373357457,
      5.497787143782138,
      5.595961914206819,
      5.6941366846315,
      5.792311455056181,
      5.890486225480862,
      5.988660995905543,
      6.086835766330224,
      6.1850105367549055
    ],
    "mean_I": [
      -0.2678957269536121,
      -0.30986010807938397,
      -0.024238360688733,
      0.28700833981002327,
      0.294827950345317,
      -0.009046472374263759,
      -0.303356905459346,
      -0.2769564382800731,
      0.04224418296299172,
      0.31678397827734206,
      0.25641768431440237,
      -0.07503505897676568,
      -0.32716024821279005,
      -0.23340948787661897,
      0.10710330635425908,
      0.3343857861139647,
      0.20815343047597892,
      -0.13814009034293792,
      -0.3383910061009975,
      -0.180892741751616,
      0.16784650974655865,
      0.33913733571593696,
      0.1518899570381531,
      -0.1959364755070847,
      -0.3366175873966062,
      -0.12142438900691514,
      0.22213946589870567,
      0.3308560276967548,
      0.08978943773221917,
      -0.24620313179993647,
      -0.32190814358588155,
      -0.05728976508826225,
      0.2678957269536119,
      0.309860108079384,
      0.024238360688732523,
      -0.28700833981002294,
      -0.29482795034531767,
      0.009046472374263759,
      0.3033569054593457,
      0.27695643828007344,
      -0.04224418296299119,
      -0.31678397827734195,
      -0.2564176843144019,
      0.07503505897676561,
      0.32716024821278966,
      0.23340948787661908,
      -0.10710330635425772,
      -0.3343857861139649,
      -0.2081534304759793,
      0.1381400903429359,
      0.3383910061009975,
      0.18089274175161627,
      -0.16784650974655954,
      -0.33913733571593707,
      -0.15188995703815367,
      0.19593647550708554,
      0.3366175873966061,
      0.12142438900691734,
      -0.2221394658987054,
      -0.3308560276967546,
      -0.08978943773222114,
      0.2462031317999363,
      0.3219081435858814,
      0.057289765088261085
    ],
    "fit": {
      "A": 2.6612819646211284e-07,
      "I0": -6.644972657514503e-17,
      "phi0": 1.9012546407300894,
      "R2": 7.606137941706947e-13,
      "visibility_fit": 1.0,
      "visibility_fourier": 8.270018141861465e-05,
      "visibility": 8.270018141861465e-05
    },
    "cycles": 16,
    "per_cycle_V": [
      0.0002449462567744472,
      0.0001632485914954013,
      0.00011175700191704682,
      0.0003980235976089115,
      0.00011123745212054149,
      0.00017201885691143037,
      0.0004013177526837763,
      0.0002803800482606666,
      0.00014703252574089422,
      0.0002005313363866167,
      0.00020758664559728052,
      0.00025458538380549687,
      8.805884438364138e-05,
      0.00015881012081998578,
      0.00014120575171382315,
      6.975693080182003e-05
    ]
  },
  "diagnostics": {
    "measured_link_count": 86,
    "selection_policy": "uniform",
    "num_links": 288,
    "creutz_sizes": [
      [
        2,
        2
      ],
      [
        3,
        3
      ]
    ],
    "loop_sizes_measured": [
      [
        1,
        1
      ],
      [
        1,
        2
      ],
      [
        2,
        1
      ],
      [
        2,
        2
      ],
      [
        2,
        3
      ],
      [
        3,
        2
      ],
      [
        3,
        3
      ]
    ],
    "visibility_qc": {
      "r2_ok": false,
      "v_in_unit_interval": true,
      "i0_very_small": true
    },
    "hybrid_knobs": {
      "kick_passes": 3,
      "loop_measurement_cycles": 6
    }
  },
  "artifacts": {
    "kernel_hash": "c5f37351f163441ec05d09116a3864130c1bfed1c4688da9e07e9067e5bf8f54",
    "flip_counts_hash": "7a11042fb34eaa3744d5206ec23f7fdadc3f7966920f4b324b412fb9e9cc0219",
    "pivot_fit_hash": "32e5af21ae29df0c4428cd8be3189fb5b9433eb374572ce92302aca28369a080",
    "config_hash": "3e53227bb97f97d3e0f7892c2fd75b0f2e140b1e74473c1589a222acbe454fae"
  }
}