{
  "sim": "MICC",
  "gauge": "SU2",
  "rep": "fundamental",
  "L": 8,
  "b": 3.5,
  "kappa": 1.0,
  "seed": 4,
  "measurement_model": "dephasing",
  "f": 0.5,
  "schedule": "during",
  "sigma": 0.5401572359265104,
  "sigma_err": 0.04582602279951821,
  "visibility": 1.475682938131061e-05,
  "visibility_err": 1.33869136325665e-05,
  "coherence": {
    "C": 0.5037740948132073,
    "P_entropy": 0.1398065893081659
  },
  "twist_scan": {
    "phi_values": [
      0.0,
      0.09817477042468103,
      0.19634954084936207,
      0.2945243112740431,
      0.39269908169872414,
      0.4908738521234052,
      0.5890486225480862,
      0.6872233929727672,
      0.7853981633974483,
      0.8835729338221293,
      0.9817477042468103,
      1.0799224746714913,
      1.1780972450961724,
      1.2762720155208536,
      1.3744467859455345,
      1.4726215563702154,
      1.5707963267948966,
      1.6689710972195777,
      1.7671458676442586,
      1.8653206380689396,
      1.9634954084936207,
      2.061670178918302,
      2.1598449493429825,
      2.2580197197676637,
      2.356194490192345,
      2.454369260617026,
      2.552544031041707,
      2.650718801466388,
      2.748893571891069,
      2.84706834231575,
      2.945243112740431,
      3.043417883165112,
      3.141592653589793,
      3.2397674240144743,
      3.3379421944391554,
      3.436116964863836,
      3.5342917352885173,
      3.6324665057131984,
      3.730641276137879,
      3.8288160465625602,
      3.9269908169872414,
      4.025165587411922,
      4.123340357836604,
      4.221515128261284,
      4.319689898685965,
      4.417864669110647,
      4.516039439535327,
      4.614214209960009,
      4.71238898038469,
      4.81056375080937,
      4.908738521234052,
      5.006913291658733,
      5.105088062083414,
      5.203262832508095,
      5.301437602932776,
      5.399612373357457,
      5.497787143782138,
      5.595961914206819,
      5.6941366846315,
      5.792311455056181,
      5.890486225480862,
      5.988660995905543,
      6.086835766330224,
      6.1850105367549055
    ],
    "mean_I": [
      -0.0025399215248104526,
      -0.011342909170712852,
      -0.014996453196199643,
      -0.011841920997341934,
      -0.0033114042414823033,
      0.006722420809390894,
      0.01370440735660692,
      0.014464879478205815,
      0.00865859872996358,
      -0.0010785048187355872,
      -0.010325989727732847,
      -0.014885691182971967,
      -0.01268760005220085,
      -0.004729603753901912,
      0.005375533768141448,
      0.013040291344257167,
      0.014785029279871412,
      0.009817673028972383,
      0.0003932984783145549,
      -0.009209625358914689,
      -0.014631571826305749,
      -0.013411090582809485,
      -0.006102254596706894,
      0.003976877398139046,
      0.012250590197713941,
      0.014962791167252753,
      0.010882197769826019,
      0.0018613140960196048,
      -0.00800456726339685,
      -0.014236542434521361,
      -0.01400542497985768,
      -0.007416137391913782,
      0.002539921524810404,
      0.011342909170712873,
      0.014996453196199643,
      0.011841920997341972,
      0.003311404241482352,
      -0.006722420809390894,
      -0.01370440735660695,
      -0.01446487947820585,
      -0.008658598729963572,
      0.0010785048187355387,
      0.010325989727732854,
      0.014885691182971991,
      0.012687600052200852,
      0.0047296037539018634,
      -0.005375533768141434,
      -0.013040291344257236,
      -0.01478502927987145,
      -0.009817673028972393,
      -0.00039329847831460346,
      0.009209625358914626,
      0.014631571826305794,
      0.013411090582809444,
      0.006102254596706845,
      -0.003976877398139199,
      -0.0122505901977139,
      -0.014962791167252763,
      -0.010882197769826008,
      -0.0018613140960197228,
      0.008004567263396718,
      0.01423654243452152,
      0.014005424979857625,
      0.007416137391913741
    ],
    "fit": {
      "A": 7.627669964143418e-06,
      "I0": -9.309194176700108e-18,
      "phi0": -0.6623890627779404,
      "R2": 2.3776464397329278e-07,
      "visibility_fit": 1.0,
      "visibility_fourier": 1.475682938131061e-05,
      "visibility": 1.475682938131061e-05
    },
    "cycles": 16,
    "per_cycle_V": [
      0.00017688457112743344,
      0.00019464409568832142,
      0.00016228764607508357,
      0.00012939692890080523,
      2.160692797166177e-05,
      9.875171458978167e-05,
      0.0002407957130182808,
      0.0001966369245142395,
      0.00016275911423667888,
      0.00017043671945387318,
      7.023086426956683e-05,
      0.00015721469854280097,
      0.00019677657130602797,
      0.00017562736622057744,
      0.0001568486470786196,
      0.0001298652145069372
    ]
  },
  "diagnostics": {
    "measured_link_count": 64,
    "selection_policy": "uniform",
    "num_links": 128,
    "creutz_sizes": [
      [
        2,
        2
      ],
      [
        3,
        3
      ]
    ],
    "loop_sizes_measured": [
      [
        1,
        1
      ],
      [
        1,
        2
      ],
      [
        2,
        1
      ],
      [
        2,
        2
      ],
      [
        2,
        3
      ],
      [
        3,
        2
      ],
      [
        3,
        3
      ]
    ],
    "visibility_qc": {
      "r2_ok": false,
      "v_in_unit_interval": true,
      "i0_very_small": true
    },
    "hybrid_knobs": {
      "kick_passes": 3,
      "loop_measurement_cycles": 6
    }
  },
  "artifacts": {
    "kernel_hash": "bb669db8d373312f24e4630fcfc599d4f7b832920772c12cef62ec22cd65bc64",
    "flip_counts_hash": "b3326e9c852a05e144e201e0a4a89d13606dfe15c97d7e29e97870d36629453e",
    "pivot_fit_hash": "18f843e4852e0cb06a5603a8f3e251da6d346190d1181f60fc167ac1ef296fd4",
    "config_hash": "3e53227bb97f97d3e0f7892c2fd75b0f2e140b1e74473c1589a222acbe454fae"
  }
}