{
  "sim": "MICC",
  "gauge": "SU2",
  "rep": "fundamental",
  "L": 8,
  "b": 3.5,
  "kappa": 1.0,
  "seed": 2,
  "measurement_model": "dephasing",
  "f": 0.3,
  "schedule": "pre",
  "sigma": 0.19325661912198158,
  "sigma_err": 0.04287817805593909,
  "visibility": 0.00017987930248137562,
  "visibility_err": 7.171323298281502e-20,
  "coherence": {
    "C": 0.46980530196779857,
    "P_entropy": 0.2952739687589808
  },
  "twist_scan": {
    "phi_values": [
      0.0,
      0.09817477042468103,
      0.19634954084936207,
      0.2945243112740431,
      0.39269908169872414,
      0.4908738521234052,
      0.5890486225480862,
      0.6872233929727672,
      0.7853981633974483,
      0.8835729338221293,
      0.9817477042468103,
      1.0799224746714913,
      1.1780972450961724,
      1.2762720155208536,
      1.3744467859455345,
      1.4726215563702154,
      1.5707963267948966,
      1.6689710972195777,
      1.7671458676442586,
      1.8653206380689396,
      1.9634954084936207,
      2.061670178918302,
      2.1598449493429825,
      2.2580197197676637,
      2.356194490192345,
      2.454369260617026,
      2.552544031041707,
      2.650718801466388,
      2.748893571891069,
      2.84706834231575,
      2.945243112740431,
      3.043417883165112,
      3.141592653589793,
      3.2397674240144743,
      3.3379421944391554,
      3.436116964863836,
      3.5342917352885173,
      3.6324665057131984,
      3.730641276137879,
      3.8288160465625602,
      3.9269908169872414,
      4.025165587411922,
      4.123340357836604,
      4.221515128261284,
      4.319689898685965,
      4.417864669110647,
      4.516039439535327,
      4.614214209960009,
      4.71238898038469,
      4.81056375080937,
      4.908738521234052,
      5.006913291658733,
      5.105088062083414,
      5.203262832508095,
      5.301437602932776,
      5.399612373357457,
      5.497787143782138,
      5.595961914206819,
      5.6941366846315,
      5.792311455056181,
      5.890486225480862,
      5.988660995905543,
      6.086835766330224,
      6.1850105367549055
    ],
    "mean_I": [
      0.8241185983037188,
      0.2777209723586814,
      -0.39475616880107045,
      -0.8880222623839862,
      -0.9781448144822269,
      -0.6242100706106467,
      0.013102995129583,
      0.6444675750217046,
      0.9832573495606399,
      0.8756688440905213,
      0.37054499077143743,
      -0.30279854147548174,
      -0.8386778664185127,
      -0.9938149740154537,
      -0.6977808608262118,
      -0.0849688251347683,
      0.56641728074796,
      0.9606617831017069,
      0.9187859202194498,
      0.45980045836256794,
      -0.20792479866896557,
      -0.7812565441314733,
      -0.9999141520743838,
      -0.7646316399062004,
      -0.18222234916438562,
      0.48291207842543166,
      0.9288145185203545,
      0.9530545856771903,
      0.5446277961871678,
      -0.11104862638800983,
      -0.716311294246175,
      -0.9963836102401606,
      -0.8241185983037197,
      -0.2777209723586814,
      0.39475616880107095,
      0.8880222623839858,
      0.9781448144822277,
      0.6242100706106467,
      -0.013102995129580932,
      -0.6444675750217029,
      -0.9832573495606398,
      -0.8756688440905237,
      -0.37054499077143627,
      0.30279854147548146,
      0.838677866418511,
      0.9938149740154537,
      0.697780860826213,
      0.0849688251347658,
      -0.5664172807479594,
      -0.9606617831017045,
      -0.9187859202194495,
      -0.45980045836256883,
      0.20792479866896788,
      0.7812565441314724,
      0.9999141520743838,
      0.764631639906199,
      0.18222234916438662,
      -0.48291207842542766,
      -0.9288145185203537,
      -0.9530545856771903,
      -0.5446277961871707,
      0.11104862638800927,
      0.7163112942461738,
      0.9963836102401614
    ],
    "fit": {
      "A": 1.8919098937527262e-16,
      "I0": 6.221896180136354e-17,
      "phi0": -2.4756496108006365,
      "R2": 0.0,
      "visibility_fit": 0.00018919098937527262,
      "visibility_fourier": 0.00017987930248137562,
      "visibility": 0.00017987930248137562
    },
    "cycles": 8,
    "per_cycle_V": [
      0.00015783421846961548,
      0.00015783421846961548,
      0.00015783421846961548,
      0.00015783421846961548,
      0.00015783421846961548,
      0.00015783421846961548,
      0.00015783421846961548,
      0.00015783421846961548
    ]
  },
  "diagnostics": {
    "measured_link_count": 38,
    "selection_policy": "uniform",
    "num_links": 128,
    "visibility_qc": {
      "r2_ok": false,
      "v_in_unit_interval": true,
      "i0_very_small": true
    },
    "hybrid_knobs": {
      "kick_passes": 3,
      "loop_measurement_cycles": 4
    }
  },
  "artifacts": {
    "kernel_hash": "bb669db8d373312f24e4630fcfc599d4f7b832920772c12cef62ec22cd65bc64",
    "flip_counts_hash": "2268e99a6015a7b96d81d3b1a331fda63562012ba66381118831ac9c8b2f0d5d",
    "pivot_fit_hash": "18f843e4852e0cb06a5603a8f3e251da6d346190d1181f60fc167ac1ef296fd4",
    "config_hash": "09be816148e3d54a4ba01072548fde7efe2f97f681380c3e050adf0677f43c72"
  }
}