{
  "sim": "MICC",
  "gauge": "SU2",
  "rep": "fundamental",
  "L": 8,
  "b": 3.5,
  "kappa": 0.75,
  "seed": 2,
  "measurement_model": "dephasing",
  "f": 0.3,
  "schedule": "during",
  "sigma": 0.322258983123441,
  "sigma_err": 0.023639520300137117,
  "visibility": 4.7553483021828796e-05,
  "visibility_err": 1.5386265933055116e-05,
  "coherence": {
    "C": 0.47658771890425394,
    "P_entropy": 0.22361358689659536
  },
  "twist_scan": {
    "phi_values": [
      0.0,
      0.09817477042468103,
      0.19634954084936207,
      0.2945243112740431,
      0.39269908169872414,
      0.4908738521234052,
      0.5890486225480862,
      0.6872233929727672,
      0.7853981633974483,
      0.8835729338221293,
      0.9817477042468103,
      1.0799224746714913,
      1.1780972450961724,
      1.2762720155208536,
      1.3744467859455345,
      1.4726215563702154,
      1.5707963267948966,
      1.6689710972195777,
      1.7671458676442586,
      1.8653206380689396,
      1.9634954084936207,
      2.061670178918302,
      2.1598449493429825,
      2.2580197197676637,
      2.356194490192345,
      2.454369260617026,
      2.552544031041707,
      2.650718801466388,
      2.748893571891069,
      2.84706834231575,
      2.945243112740431,
      3.043417883165112,
      3.141592653589793,
      3.2397674240144743,
      3.3379421944391554,
      3.436116964863836,
      3.5342917352885173,
      3.6324665057131984,
      3.730641276137879,
      3.8288160465625602,
      3.9269908169872414,
      4.025165587411922,
      4.123340357836604,
      4.221515128261284,
      4.319689898685965,
      4.417864669110647,
      4.516039439535327,
      4.614214209960009,
      4.71238898038469,
      4.81056375080937,
      4.908738521234052,
      5.006913291658733,
      5.105088062083414,
      5.203262832508095,
      5.301437602932776,
      5.399612373357457,
      5.497787143782138,
      5.595961914206819,
      5.6941366846315,
      5.792311455056181,
      5.890486225480862,
      5.988660995905543,
      6.086835766330224,
      6.1850105367549055
    ],
    "mean_I": [
      0.23234244550011235,
      0.055485958752517106,
      -0.14655999323901367,
      -0.28207077238957623,
      -0.2895273180514738,
      -0.16554451438615803,
      0.033592037816757576,
      0.21747850715037803,
      0.3026342810011725,
      0.250400418369266,
      0.08449000085051876,
      -0.11977711064511101,
      -0.2696679180550311,
      -0.2971351285410987,
      -0.18970920279206854,
      0.0038407348263377536,
      0.19564705913077582,
      0.29863370892919644,
      0.2660468983267316,
      0.11268035805339754,
      -0.09184070899886737,
      -0.2546680142541367,
      -0.30188136531228854,
      -0.21204688786949238,
      -0.025947556540018415,
      0.17193142298018252,
      0.29175713099044126,
      0.27913120121728197,
      0.1397855418108722,
      -0.06301983111972598,
      -0.23721551826027665,
      -0.3037203195103806,
      -0.23234244550011268,
      -0.05548595875251708,
      0.14655999323901395,
      0.2820707723895761,
      0.28952731805147414,
      0.16554451438615803,
      -0.03359203781675697,
      -0.2174785071503776,
      -0.30263428100117246,
      -0.2504004183692669,
      -0.08449000085051854,
      0.11977711064511101,
      0.26966791805503054,
      0.2971351285410986,
      0.18970920279206907,
      -0.0038407348263384405,
      -0.19564705913077557,
      -0.2986337089291962,
      -0.2660468983267314,
      -0.11268035805339773,
      0.09184070899886798,
      0.25466801425413643,
      0.30188136531228876,
      0.21204688786949177,
      0.025947556540018766,
      -0.17193142298018152,
      -0.291757130990441,
      -0.27913120121728197,
      -0.13978554181087324,
      0.06301983111972584,
      0.2372155182602764,
      0.3037203195103808
    ],
    "fit": {
      "A": 1.552680991980101e-05,
      "I0": 7.697763885618896e-19,
      "phi0": -1.844821556848189,
      "R2": 2.8309758981492905e-09,
      "visibility_fit": 1.0,
      "visibility_fourier": 4.7553483021828796e-05,
      "visibility": 4.7553483021828796e-05
    },
    "cycles": 16,
    "per_cycle_V": [
      9.246661943718388e-05,
      0.00017972305036142948,
      0.00017019087261262189,
      0.00019291000584747362,
      7.647676544155949e-05,
      0.00013898524622082248,
      0.0001399998489525637,
      0.00020633230470057975,
      0.00017129474787356262,
      0.0001911564964436187,
      3.149234069618581e-05,
      0.00010497911757106778,
      1.7482234731686758e-05,
      0.00020615675955699885,
      0.00020995015185529703,
      0.00013814369543290605
    ]
  },
  "diagnostics": {
    "measured_link_count": 38,
    "selection_policy": "uniform",
    "num_links": 128,
    "creutz_sizes": [
      [
        2,
        2
      ],
      [
        3,
        3
      ]
    ],
    "loop_sizes_measured": [
      [
        1,
        1
      ],
      [
        1,
        2
      ],
      [
        2,
        1
      ],
      [
        2,
        2
      ],
      [
        2,
        3
      ],
      [
        3,
        2
      ],
      [
        3,
        3
      ]
    ],
    "visibility_qc": {
      "r2_ok": false,
      "v_in_unit_interval": true,
      "i0_very_small": true
    },
    "hybrid_knobs": {
      "kick_passes": 3,
      "loop_measurement_cycles": 6
    }
  },
  "artifacts": {
    "kernel_hash": "bb669db8d373312f24e4630fcfc599d4f7b832920772c12cef62ec22cd65bc64",
    "flip_counts_hash": "2268e99a6015a7b96d81d3b1a331fda63562012ba66381118831ac9c8b2f0d5d",
    "pivot_fit_hash": "32e5af21ae29df0c4428cd8be3189fb5b9433eb374572ce92302aca28369a080",
    "config_hash": "3e53227bb97f97d3e0f7892c2fd75b0f2e140b1e74473c1589a222acbe454fae"
  }
}