{
  "sim": "MICC",
  "gauge": "SU2",
  "rep": "fundamental",
  "L": 12,
  "b": 3.0,
  "kappa": 1.0,
  "seed": 1,
  "measurement_model": "dephasing",
  "f": 0.3,
  "schedule": "during",
  "sigma": 0.3028147485028137,
  "sigma_err": 0.022525451515207382,
  "visibility": 2.681895487511317e-05,
  "visibility_err": 2.9084397593696293e-05,
  "coherence": {
    "C": 0.5877964933044989,
    "P_entropy": 0.23208802447266316
  },
  "twist_scan": {
    "phi_values": [
      0.0,
      0.09817477042468103,
      0.19634954084936207,
      0.2945243112740431,
      0.39269908169872414,
      0.4908738521234052,
      0.5890486225480862,
      0.6872233929727672,
      0.7853981633974483,
      0.8835729338221293,
      0.9817477042468103,
      1.0799224746714913,
      1.1780972450961724,
      1.2762720155208536,
      1.3744467859455345,
      1.4726215563702154,
      1.5707963267948966,
      1.6689710972195777,
      1.7671458676442586,
      1.8653206380689396,
      1.9634954084936207,
      2.061670178918302,
      2.1598449493429825,
      2.2580197197676637,
      2.356194490192345,
      2.454369260617026,
      2.552544031041707,
      2.650718801466388,
      2.748893571891069,
      2.84706834231575,
      2.945243112740431,
      3.043417883165112,
      3.141592653589793,
      3.2397674240144743,
      3.3379421944391554,
      3.436116964863836,
      3.5342917352885173,
      3.6324665057131984,
      3.730641276137879,
      3.8288160465625602,
      3.9269908169872414,
      4.025165587411922,
      4.123340357836604,
      4.221515128261284,
      4.319689898685965,
      4.417864669110647,
      4.516039439535327,
      4.614214209960009,
      4.71238898038469,
      4.81056375080937,
      4.908738521234052,
      5.006913291658733,
      5.105088062083414,
      5.203262832508095,
      5.301437602932776,
      5.399612373357457,
      5.497787143782138,
      5.595961914206819,
      5.6941366846315,
      5.792311455056181,
      5.890486225480862,
      5.988660995905543,
      6.086835766330224,
      6.1850105367549055
    ],
    "mean_I": [
      -0.10306756835655337,
      -0.025533120618490453,
      0.07899510887547134,
      0.10000919371671359,
      0.015292906265844425,
      -0.08559114149610388,
      -0.0959876758707956,
      -0.00490541286590538,
      0.0913628846352515,
      0.09104174423404061,
      -0.00552932234150362,
      -0.09625475325132853,
      -0.08521903083183202,
      0.015910807152129232,
      0.10021963597539485,
      0.07857561157725185,
      -0.026139062192147712,
      -0.1032193488193923,
      -0.07117546622938409,
      0.03611558377419072,
      0.10522500290882324,
      0.06308986223325973,
      -0.04574429254170197,
      -0.10621728269840448,
      -0.0543966683754024,
      0.05493245876566326,
      0.10618663199132712,
      0.045179604864846123,
      -0.06359159538257408,
      -0.1051333459706554,
      -0.03552743706175729,
      0.07163831017324863,
      0.10306756835655337,
      0.025533120618490647,
      -0.0789951088754714,
      -0.10000919371671381,
      -0.015292906265844494,
      0.08559114149610388,
      0.0959876758707958,
      0.004905412865905803,
      -0.0913628846352514,
      -0.091041744234041,
      0.005529322341503766,
      0.09625475325132841,
      0.08521903083183241,
      -0.01591080715212912,
      -0.10021963597539454,
      -0.07857561157725168,
      0.02613906219214754,
      0.10321934881939211,
      0.07117546622938418,
      -0.036115583774190566,
      -0.10522500290882324,
      -0.06308986223325987,
      0.04574429254170186,
      0.10621728269840454,
      0.054396668375402614,
      -0.054932458765662634,
      -0.10618663199132694,
      -0.04517960486484638,
      0.06359159538257363,
      0.10513334597065543,
      0.035527437061757455,
      -0.07163831017324904
    ],
    "fit": {
      "A": 4.743144317925381e-14,
      "I0": 1.788725424061732e-17,
      "phi0": 1.4751403239004575,
      "R2": 0.0,
      "visibility_fit": 0.04743144317925381,
      "visibility_fourier": 2.681895487511317e-05,
      "visibility": 2.681895487511317e-05
    },
    "cycles": 16,
    "per_cycle_V": [
      0.00043616330913346263,
      0.0002397691457424473,
      0.00018633458251284947,
      0.0003962745457987701,
      0.00037554716235425873,
      0.0005026292514606797,
      0.00047326029643521576,
      0.0004539855389394232,
      0.0005008493968323051,
      0.00020005242989687397,
      0.00047187866556722694,
      0.0003416712416283641,
      0.00019248897401120095,
      0.0003150377355037631,
      0.0003085668525927659,
      0.0004983489496269379
    ]
  },
  "diagnostics": {
    "measured_link_count": 86,
    "selection_policy": "uniform",
    "num_links": 288,
    "creutz_sizes": [
      [
        2,
        2
      ],
      [
        3,
        3
      ]
    ],
    "loop_sizes_measured": [
      [
        1,
        1
      ],
      [
        1,
        2
      ],
      [
        2,
        1
      ],
      [
        2,
        2
      ],
      [
        2,
        3
      ],
      [
        3,
        2
      ],
      [
        3,
        3
      ]
    ],
    "visibility_qc": {
      "r2_ok": false,
      "v_in_unit_interval": true,
      "i0_very_small": true
    },
    "hybrid_knobs": {
      "kick_passes": 3,
      "loop_measurement_cycles": 6
    }
  },
  "artifacts": {
    "kernel_hash": "c5f37351f163441ec05d09116a3864130c1bfed1c4688da9e07e9067e5bf8f54",
    "flip_counts_hash": "1045813912820017453b344ca74f8b8f873bba658c2e9b55c71942b9dd07c053",
    "pivot_fit_hash": "e730f86cf82cf01e0490c7477184968845e3929e6af95e60cac897b00c6a8382",
    "config_hash": "3e53227bb97f97d3e0f7892c2fd75b0f2e140b1e74473c1589a222acbe454fae"
  }
}