{
  "sim": "MICC",
  "gauge": "SU2",
  "rep": "fundamental",
  "L": 8,
  "b": 3.0,
  "kappa": 1.0,
  "seed": 2,
  "measurement_model": "dephasing",
  "f": 0.3,
  "schedule": "pre",
  "sigma": 0.2601205777227854,
  "sigma_err": 0.06668900276736502,
  "visibility": 0.0002045797154196313,
  "visibility_err": 1.049774239489565e-19,
  "coherence": {
    "C": 0.5874818666534296,
    "P_entropy": 0.30517149802446175
  },
  "twist_scan": {
    "phi_values": [
      0.0,
      0.09817477042468103,
      0.19634954084936207,
      0.2945243112740431,
      0.39269908169872414,
      0.4908738521234052,
      0.5890486225480862,
      0.6872233929727672,
      0.7853981633974483,
      0.8835729338221293,
      0.9817477042468103,
      1.0799224746714913,
      1.1780972450961724,
      1.2762720155208536,
      1.3744467859455345,
      1.4726215563702154,
      1.5707963267948966,
      1.6689710972195777,
      1.7671458676442586,
      1.8653206380689396,
      1.9634954084936207,
      2.061670178918302,
      2.1598449493429825,
      2.2580197197676637,
      2.356194490192345,
      2.454369260617026,
      2.552544031041707,
      2.650718801466388,
      2.748893571891069,
      2.84706834231575,
      2.945243112740431,
      3.043417883165112,
      3.141592653589793,
      3.2397674240144743,
      3.3379421944391554,
      3.436116964863836,
      3.5342917352885173,
      3.6324665057131984,
      3.730641276137879,
      3.8288160465625602,
      3.9269908169872414,
      4.025165587411922,
      4.123340357836604,
      4.221515128261284,
      4.319689898685965,
      4.417864669110647,
      4.516039439535327,
      4.614214209960009,
      4.71238898038469,
      4.81056375080937,
      4.908738521234052,
      5.006913291658733,
      5.105088062083414,
      5.203262832508095,
      5.301437602932776,
      5.399612373357457,
      5.497787143782138,
      5.595961914206819,
      5.6941366846315,
      5.792311455056181,
      5.890486225480862,
      5.988660995905543,
      6.086835766330224,
      6.1850105367549055
    ],
    "mean_I": [
      0.8730150169727527,
      0.365460363371959,
      -0.308005654620216,
      -0.8416435448044782,
      -0.9931928616580451,
      -0.693853383729362,
      -0.07951897578976039,
      0.5709153846769955,
      0.9621660964716127,
      0.916613516210555,
      0.4549375629770563,
      -0.213270532593289,
      -0.7846582651547584,
      -0.9998275499709078,
      -0.7610960302203726,
      -0.1768428247755529,
      0.4876933259129801,
      0.9308269027074995,
      0.9513845262153321,
      0.5400334651565155,
      -0.116481498751958,
      -0.7201162974737597,
      -0.9968333524162136,
      -0.8210089058829504,
      -0.272463580686634,
      0.39977451382013185,
      0.8905233370285687,
      0.9769931831529708,
      0.6199285498541955,
      -0.018570684402380522,
      -0.6486392161924747,
      -0.984239104753211,
      -0.8730150169727531,
      -0.365460363371959,
      0.3080056546202167,
      0.841643544804477,
      0.9931928616580467,
      0.693853383729362,
      0.0795189757897625,
      -0.5709153846769937,
      -0.9621660964716113,
      -0.916613516210557,
      -0.45493756297705557,
      0.21327053259328854,
      0.7846582651547558,
      0.9998275499709074,
      0.7610960302203741,
      0.17684282477555083,
      -0.48769332591297876,
      -0.9308269027074977,
      -0.9513845262153319,
      -0.5400334651565162,
      0.11648149875196029,
      0.7201162974737586,
      0.996833352416214,
      0.8210089058829486,
      0.272463580686635,
      -0.3997745138201276,
      -0.8905233370285685,
      -0.9769931831529717,
      -0.6199285498541982,
      0.0185706844023801,
      0.6486392161924737,
      0.9842391047532124
    ],
    "fit": {
      "A": 2.1831382598808077e-16,
      "I0": 7.213128474736762e-17,
      "phi0": -3.0293407751758874,
      "R2": 0.0,
      "visibility_fit": 0.00021831382598808078,
      "visibility_fourier": 0.0002045797154196313,
      "visibility": 0.0002045797154196313
    },
    "cycles": 16,
    "per_cycle_V": [
      0.00019419932142318062,
      0.00019419932142318062,
      0.00019419932142318062,
      0.00019419932142318062,
      0.00019419932142318062,
      0.00019419932142318062,
      0.00019419932142318062,
      0.00019419932142318062,
      0.00019419932142318062,
      0.00019419932142318062,
      0.00019419932142318062,
      0.00019419932142318062,
      0.00019419932142318062,
      0.00019419932142318062,
      0.00019419932142318062,
      0.00019419932142318062
    ]
  },
  "diagnostics": {
    "measured_link_count": 38,
    "selection_policy": "uniform",
    "num_links": 128,
    "creutz_sizes": [
      [
        2,
        2
      ],
      [
        3,
        3
      ]
    ],
    "loop_sizes_measured": [
      [
        1,
        1
      ],
      [
        1,
        2
      ],
      [
        2,
        1
      ],
      [
        2,
        2
      ],
      [
        2,
        3
      ],
      [
        3,
        2
      ],
      [
        3,
        3
      ]
    ],
    "visibility_qc": {
      "r2_ok": false,
      "v_in_unit_interval": true,
      "i0_very_small": true
    },
    "hybrid_knobs": {
      "kick_passes": 3,
      "loop_measurement_cycles": 6
    }
  },
  "artifacts": {
    "kernel_hash": "bb669db8d373312f24e4630fcfc599d4f7b832920772c12cef62ec22cd65bc64",
    "flip_counts_hash": "2268e99a6015a7b96d81d3b1a331fda63562012ba66381118831ac9c8b2f0d5d",
    "pivot_fit_hash": "e730f86cf82cf01e0490c7477184968845e3929e6af95e60cac897b00c6a8382",
    "config_hash": "3e53227bb97f97d3e0f7892c2fd75b0f2e140b1e74473c1589a222acbe454fae"
  }
}