{
  "sim": "MICC",
  "gauge": "SU2",
  "rep": "fundamental",
  "L": 12,
  "b": 3.0,
  "kappa": 1.0,
  "seed": 0,
  "measurement_model": "dephasing",
  "f": 0.05,
  "schedule": "during",
  "sigma": 0.0914854253120972,
  "sigma_err": 0.001540366427713806,
  "visibility": 0.0001404275797352449,
  "visibility_err": 1.959648132392655e-05,
  "coherence": {
    "C": 0.5918354181537154,
    "P_entropy": 0.3488805964555434
  },
  "twist_scan": {
    "phi_values": [
      0.0,
      0.09817477042468103,
      0.19634954084936207,
      0.2945243112740431,
      0.39269908169872414,
      0.4908738521234052,
      0.5890486225480862,
      0.6872233929727672,
      0.7853981633974483,
      0.8835729338221293,
      0.9817477042468103,
      1.0799224746714913,
      1.1780972450961724,
      1.2762720155208536,
      1.3744467859455345,
      1.4726215563702154,
      1.5707963267948966,
      1.6689710972195777,
      1.7671458676442586,
      1.8653206380689396,
      1.9634954084936207,
      2.061670178918302,
      2.1598449493429825,
      2.2580197197676637,
      2.356194490192345,
      2.454369260617026,
      2.552544031041707,
      2.650718801466388,
      2.748893571891069,
      2.84706834231575,
      2.945243112740431,
      3.043417883165112,
      3.141592653589793,
      3.2397674240144743,
      3.3379421944391554,
      3.436116964863836,
      3.5342917352885173,
      3.6324665057131984,
      3.730641276137879,
      3.8288160465625602,
      3.9269908169872414,
      4.025165587411922,
      4.123340357836604,
      4.221515128261284,
      4.319689898685965,
      4.417864669110647,
      4.516039439535327,
      4.614214209960009,
      4.71238898038469,
      4.81056375080937,
      4.908738521234052,
      5.006913291658733,
      5.105088062083414,
      5.203262832508095,
      5.301437602932776,
      5.399612373357457,
      5.497787143782138,
      5.595961914206819,
      5.6941366846315,
      5.792311455056181,
      5.890486225480862,
      5.988660995905543,
      6.086835766330224,
      6.1850105367549055
    ],
    "mean_I": [
      -0.9369856823004287,
      -0.6228429800628213,
      0.349773385587241,
      0.9526070452516344,
      0.5483383196309107,
      -0.43563725615030996,
      -0.9590542816090855,
      -0.46855286142873925,
      0.5173057017931034,
      0.9562653009622412,
      0.3842549830339604,
      -0.5939922107395649,
      -0.9442669627193438,
      -0.2962565190974223,
      0.6649582499874355,
      0.9231748174366291,
      0.2054049429316903,
      -0.7295203777847716,
      -0.8931919940033103,
      -0.11257520487976434,
      0.7870568255476338,
      0.8546072433993295,
      0.018661306064978067,
      -0.8370134858314474,
      -0.8077921578655717,
      0.07543231132852549,
      0.878909248688591,
      0.7531975922674572,
      -0.16879947432843484,
      -0.9123406350201922,
      -0.6913493221161215,
      0.26054100611538267,
      0.9369856823004282,
      0.6228429800628216,
      -0.3497733855872424,
      -0.9526070452516344,
      -0.5483383196309127,
      0.43563725615030996,
      0.9590542816090863,
      0.468552861428741,
      -0.517305701793102,
      -0.9562653009622426,
      -0.38425498303395933,
      0.5939922107395647,
      0.9442669627193443,
      0.2962565190974233,
      -0.6649582499874325,
      -0.9231748174366287,
      -0.20540494293169195,
      0.7295203777847675,
      0.8931919940033098,
      0.11257520487976572,
      -0.7870568255476359,
      -0.8546072433993296,
      -0.018661306064979635,
      0.8370134858314484,
      0.8077921578655726,
      -0.07543231132851906,
      -0.8789092486885899,
      -0.7531975922674581,
      0.1687994743284293,
      0.9123406350201921,
      0.6913493221161227,
      -0.2605410061153857
    ],
    "fit": {
      "A": 0.011547737579204591,
      "I0": 3.8106518403419747e-16,
      "phi0": 1.173532640780198,
      "R2": 5.6006989102797e-05,
      "visibility_fit": 1.0,
      "visibility_fourier": 0.0001404275797352449,
      "visibility": 0.0001404275797352449
    },
    "cycles": 16,
    "per_cycle_V": [
      5.1672215633333776e-05,
      0.00033972732456564477,
      0.00013694585065432616,
      0.00028401818239930695,
      0.0002819858116606205,
      0.00012528653942020965,
      0.0001572007907070404,
      0.00020664404913544164,
      0.00017449512328631284,
      0.0002169198801043137,
      0.00013160200318810742,
      0.00015748054283260457,
      8.870258128905813e-05,
      0.0001794281221973421,
      0.00028291095951081676,
      0.00021295629592859593
    ]
  },
  "diagnostics": {
    "measured_link_count": 14,
    "selection_policy": "uniform",
    "num_links": 288,
    "creutz_sizes": [
      [
        2,
        2
      ],
      [
        3,
        3
      ]
    ],
    "loop_sizes_measured": [
      [
        1,
        1
      ],
      [
        1,
        2
      ],
      [
        2,
        1
      ],
      [
        2,
        2
      ],
      [
        2,
        3
      ],
      [
        3,
        2
      ],
      [
        3,
        3
      ]
    ],
    "visibility_qc": {
      "r2_ok": false,
      "v_in_unit_interval": true,
      "i0_very_small": true
    },
    "hybrid_knobs": {
      "kick_passes": 3,
      "loop_measurement_cycles": 6
    }
  },
  "artifacts": {
    "kernel_hash": "c5f37351f163441ec05d09116a3864130c1bfed1c4688da9e07e9067e5bf8f54",
    "flip_counts_hash": "526d3d4f7381a97e02c3ef4c6b8d2598448ee2e98060a326f334d01ae3e48798",
    "pivot_fit_hash": "e730f86cf82cf01e0490c7477184968845e3929e6af95e60cac897b00c6a8382",
    "config_hash": "3e53227bb97f97d3e0f7892c2fd75b0f2e140b1e74473c1589a222acbe454fae"
  }
}