{
  "sim": "MICC",
  "gauge": "SU2",
  "rep": "fundamental",
  "L": 8,
  "b": 3.5,
  "kappa": 1.0,
  "seed": 2,
  "measurement_model": "dephasing",
  "f": 0.05,
  "schedule": "during",
  "sigma": 0.22393264428407247,
  "sigma_err": 0.01562827008626052,
  "visibility": 0.00018166363890347837,
  "visibility_err": 7.296652173419217e-06,
  "coherence": {
    "C": 0.4669554821814849,
    "P_entropy": 0.33908438302948807
  },
  "twist_scan": {
    "phi_values": [
      0.0,
      0.09817477042468103,
      0.19634954084936207,
      0.2945243112740431,
      0.39269908169872414,
      0.4908738521234052,
      0.5890486225480862,
      0.6872233929727672,
      0.7853981633974483,
      0.8835729338221293,
      0.9817477042468103,
      1.0799224746714913,
      1.1780972450961724,
      1.2762720155208536,
      1.3744467859455345,
      1.4726215563702154,
      1.5707963267948966,
      1.6689710972195777,
      1.7671458676442586,
      1.8653206380689396,
      1.9634954084936207,
      2.061670178918302,
      2.1598449493429825,
      2.2580197197676637,
      2.356194490192345,
      2.454369260617026,
      2.552544031041707,
      2.650718801466388,
      2.748893571891069,
      2.84706834231575,
      2.945243112740431,
      3.043417883165112,
      3.141592653589793,
      3.2397674240144743,
      3.3379421944391554,
      3.436116964863836,
      3.5342917352885173,
      3.6324665057131984,
      3.730641276137879,
      3.8288160465625602,
      3.9269908169872414,
      4.025165587411922,
      4.123340357836604,
      4.221515128261284,
      4.319689898685965,
      4.417864669110647,
      4.516039439535327,
      4.614214209960009,
      4.71238898038469,
      4.81056375080937,
      4.908738521234052,
      5.006913291658733,
      5.105088062083414,
      5.203262832508095,
      5.301437602932776,
      5.399612373357457,
      5.497787143782138,
      5.595961914206819,
      5.6941366846315,
      5.792311455056181,
      5.890486225480862,
      5.988660995905543,
      6.086835766330224,
      6.1850105367549055
    ],
    "mean_I": [
      0.8371965680413254,
      0.3268834114265165,
      -0.33182797991418594,
      -0.8398964058103287,
      -0.9666694229521648,
      -0.6545947319659683,
      -0.04534771809957947,
      0.5844862117117252,
      0.9489756210986782,
      0.8826499384796226,
      0.41561963711077277,
      -0.24009329026071313,
      -0.7868088834183437,
      -0.9763296931013723,
      -0.722617233973243,
      -0.14085165818139542,
      0.5048576256778563,
      0.9213721023991444,
      0.9196029075048245,
      0.5003532184888478,
      -0.14604637097368825,
      -0.7261439613655538,
      -0.9765873745899116,
      -0.7836805369945931,
      -0.23499911979757448,
      0.4203669847254592,
      0.8848952666802816,
      0.94769959782467,
      0.580268124851982,
      -0.050592945297118566,
      -0.6584858760141439,
      -0.9674399858041873,
      -0.8371965680413258,
      -0.32688341142651656,
      0.3318279799141866,
      0.8398964058103281,
      0.9666694229521657,
      0.6545947319659683,
      0.04534771809958185,
      -0.5844862117117234,
      -0.9489756210986782,
      -0.8826499384796245,
      -0.4156196371107718,
      0.2400932902607128,
      0.7868088834183414,
      0.9763296931013719,
      0.7226172339732441,
      0.14085165818139342,
      -0.5048576256778554,
      -0.9213721023991427,
      -0.9196029075048244,
      -0.5003532184888486,
      0.14604637097369044,
      0.7261439613655533,
      0.9765873745899117,
      0.7836805369945915,
      0.23499911979757523,
      -0.4203669847254552,
      -0.8848952666802813,
      -0.9476995978246697,
      -0.580268124851985,
      0.05059294529711787,
      0.658485876014143,
      0.9674399858041883
    ],
    "fit": {
      "A": 0.7514747366122538,
      "I0": -7.925667061740539e-16,
      "phi0": 2.0643436722486883,
      "R2": 0.39304729000614735,
      "visibility_fit": 1.0,
      "visibility_fourier": 0.00018166363890347837,
      "visibility": 0.00018166363890347837
    },
    "cycles": 8,
    "per_cycle_V": [
      0.0001496697412317252,
      0.00017694657772986225,
      0.0001454790862271717,
      0.00015202698945456712,
      0.0002014637858879061,
      0.00017638873115243022,
      0.00018165068891560582,
      0.00019138364265268855
    ]
  },
  "diagnostics": {
    "measured_link_count": 6,
    "selection_policy": "uniform",
    "num_links": 128,
    "visibility_qc": {
      "r2_ok": false,
      "v_in_unit_interval": true,
      "i0_very_small": true
    },
    "hybrid_knobs": {
      "kick_passes": 3,
      "loop_measurement_cycles": 4
    }
  },
  "artifacts": {
    "kernel_hash": "bb669db8d373312f24e4630fcfc599d4f7b832920772c12cef62ec22cd65bc64",
    "flip_counts_hash": "2268e99a6015a7b96d81d3b1a331fda63562012ba66381118831ac9c8b2f0d5d",
    "pivot_fit_hash": "18f843e4852e0cb06a5603a8f3e251da6d346190d1181f60fc167ac1ef296fd4",
    "config_hash": "09be816148e3d54a4ba01072548fde7efe2f97f681380c3e050adf0677f43c72"
  }
}