{
  "sim": "MICC",
  "gauge": "SU2",
  "rep": "fundamental",
  "L": 12,
  "b": 3.0,
  "kappa": 0.75,
  "seed": 4,
  "measurement_model": "dephasing",
  "f": 0.3,
  "schedule": "during",
  "sigma": 0.343700366477483,
  "sigma_err": 0.030304365204319127,
  "visibility": 3.655100242582169e-05,
  "visibility_err": 2.7872216332463082e-05,
  "coherence": {
    "C": 0.5894957983275739,
    "P_entropy": 0.23444295007482419
  },
  "twist_scan": {
    "phi_values": [
      0.0,
      0.09817477042468103,
      0.19634954084936207,
      0.2945243112740431,
      0.39269908169872414,
      0.4908738521234052,
      0.5890486225480862,
      0.6872233929727672,
      0.7853981633974483,
      0.8835729338221293,
      0.9817477042468103,
      1.0799224746714913,
      1.1780972450961724,
      1.2762720155208536,
      1.3744467859455345,
      1.4726215563702154,
      1.5707963267948966,
      1.6689710972195777,
      1.7671458676442586,
      1.8653206380689396,
      1.9634954084936207,
      2.061670178918302,
      2.1598449493429825,
      2.2580197197676637,
      2.356194490192345,
      2.454369260617026,
      2.552544031041707,
      2.650718801466388,
      2.748893571891069,
      2.84706834231575,
      2.945243112740431,
      3.043417883165112,
      3.141592653589793,
      3.2397674240144743,
      3.3379421944391554,
      3.436116964863836,
      3.5342917352885173,
      3.6324665057131984,
      3.730641276137879,
      3.8288160465625602,
      3.9269908169872414,
      4.025165587411922,
      4.123340357836604,
      4.221515128261284,
      4.319689898685965,
      4.417864669110647,
      4.516039439535327,
      4.614214209960009,
      4.71238898038469,
      4.81056375080937,
      4.908738521234052,
      5.006913291658733,
      5.105088062083414,
      5.203262832508095,
      5.301437602932776,
      5.399612373357457,
      5.497787143782138,
      5.595961914206819,
      5.6941366846315,
      5.792311455056181,
      5.890486225480862,
      5.988660995905543,
      6.086835766330224,
      6.1850105367549055
    ],
    "mean_I": [
      -0.33784132168314784,
      -0.1865714176404896,
      0.16194300676169335,
      0.3392502275189951,
      0.1578998936781696,
      -0.19038323826887282,
      -0.33739196821079565,
      -0.12770770742286708,
      0.21698997511745863,
      0.3322844398115153,
      0.09628562613294776,
      -0.24150697988687597,
      -0.32397683061169863,
      -0.0639362616282906,
      0.2636981404188392,
      0.3125491474293402,
      0.03097115597303786,
      -0.28334974370650245,
      -0.2981114451004936,
      0.0022922188447910413,
      0.30027253406754517,
      0.28080276659103637,
      -0.03553351834209072,
      -0.31430353577985365,
      -0.260789803936901,
      0.06843261063316032,
      0.3253076226268128,
      0.23826529290864523,
      -0.10067265947476084,
      -0.3331788192366391,
      -0.21344615686062118,
      0.1319431755723458,
      0.3378413216831478,
      0.18657141764048976,
      -0.16194300676169382,
      -0.3392502275189952,
      -0.1578998936781702,
      0.19038323826887282,
      0.3373919682107961,
      0.12770770742286777,
      -0.2169899751174582,
      -0.33228443981151606,
      -0.09628562613294754,
      0.24150697988687592,
      0.32397683061169896,
      0.0639362616282911,
      -0.2636981404188383,
      -0.3125491474293399,
      -0.03097115597303831,
      0.283349743706501,
      0.29811144510049337,
      -0.002292218844790646,
      -0.30027253406754556,
      -0.2808027665910364,
      0.03553351834209009,
      0.31430353577985404,
      0.2607898039369013,
      -0.068432610633158,
      -0.3253076226268124,
      -0.23826529290864548,
      0.10067265947475901,
      0.3331788192366392,
      0.21344615686062143,
      -0.13194317557234694
    ],
    "fit": {
      "A": 2.66128196546483e-07,
      "I0": 2.3723347857643473e-17,
      "phi0": -2.0373364761680817,
      "R2": 7.225331444260519e-13,
      "visibility_fit": 1.0,
      "visibility_fourier": 3.655100242582169e-05,
      "visibility": 3.655100242582169e-05
    },
    "cycles": 16,
    "per_cycle_V": [
      0.00015984199621710962,
      7.693925195515577e-05,
      0.0002527396890853073,
      0.00025802019890807716,
      0.00025277720113330276,
      0.00010797173099760412,
      0.00019548513939547795,
      0.0004557028516099267,
      0.00015623409735090085,
      0.00016686079256286222,
      5.721958498152797e-05,
      9.994721123090862e-05,
      0.00015768116949078773,
      0.0003029989533783479,
      0.00040019604385834915,
      0.00024890623176339636
    ]
  },
  "diagnostics": {
    "measured_link_count": 86,
    "selection_policy": "uniform",
    "num_links": 288,
    "creutz_sizes": [
      [
        2,
        2
      ],
      [
        3,
        3
      ]
    ],
    "loop_sizes_measured": [
      [
        1,
        1
      ],
      [
        1,
        2
      ],
      [
        2,
        1
      ],
      [
        2,
        2
      ],
      [
        2,
        3
      ],
      [
        3,
        2
      ],
      [
        3,
        3
      ]
    ],
    "visibility_qc": {
      "r2_ok": false,
      "v_in_unit_interval": true,
      "i0_very_small": true
    },
    "hybrid_knobs": {
      "kick_passes": 3,
      "loop_measurement_cycles": 6
    }
  },
  "artifacts": {
    "kernel_hash": "c5f37351f163441ec05d09116a3864130c1bfed1c4688da9e07e9067e5bf8f54",
    "flip_counts_hash": "7a11042fb34eaa3744d5206ec23f7fdadc3f7966920f4b324b412fb9e9cc0219",
    "pivot_fit_hash": "d04f83ead3fcfaea1653e658999e83d0abac9536c46d06a4e4ad9b696714687e",
    "config_hash": "3e53227bb97f97d3e0f7892c2fd75b0f2e140b1e74473c1589a222acbe454fae"
  }
}