{
  "sim": "MICC",
  "gauge": "SU2",
  "rep": "fundamental",
  "L": 8,
  "b": 3.5,
  "kappa": 1.0,
  "seed": 1,
  "measurement_model": "dephasing",
  "f": 0.3,
  "schedule": "during",
  "sigma": 0.32483593510794867,
  "sigma_err": 0.0420174411610121,
  "visibility": 0.00011968786124952639,
  "visibility_err": 1.4025496475727534e-05,
  "coherence": {
    "C": 0.4816169419738479,
    "P_entropy": 0.22422687320560622
  },
  "twist_scan": {
    "phi_values": [
      0.0,
      0.09817477042468103,
      0.19634954084936207,
      0.2945243112740431,
      0.39269908169872414,
      0.4908738521234052,
      0.5890486225480862,
      0.6872233929727672,
      0.7853981633974483,
      0.8835729338221293,
      0.9817477042468103,
      1.0799224746714913,
      1.1780972450961724,
      1.2762720155208536,
      1.3744467859455345,
      1.4726215563702154,
      1.5707963267948966,
      1.6689710972195777,
      1.7671458676442586,
      1.8653206380689396,
      1.9634954084936207,
      2.061670178918302,
      2.1598449493429825,
      2.2580197197676637,
      2.356194490192345,
      2.454369260617026,
      2.552544031041707,
      2.650718801466388,
      2.748893571891069,
      2.84706834231575,
      2.945243112740431,
      3.043417883165112,
      3.141592653589793,
      3.2397674240144743,
      3.3379421944391554,
      3.436116964863836,
      3.5342917352885173,
      3.6324665057131984,
      3.730641276137879,
      3.8288160465625602,
      3.9269908169872414,
      4.025165587411922,
      4.123340357836604,
      4.221515128261284,
      4.319689898685965,
      4.417864669110647,
      4.516039439535327,
      4.614214209960009,
      4.71238898038469,
      4.81056375080937,
      4.908738521234052,
      5.006913291658733,
      5.105088062083414,
      5.203262832508095,
      5.301437602932776,
      5.399612373357457,
      5.497787143782138,
      5.595961914206819,
      5.6941366846315,
      5.792311455056181,
      5.890486225480862,
      5.988660995905543,
      6.086835766330224,
      6.1850105367549055
    ],
    "mean_I": [
      0.5494089447702766,
      0.2336986360507986,
      -0.1881059675625144,
      -0.5245143945822697,
      -0.6228042523401291,
      -0.43835400033309796,
      -0.05490019672158527,
      0.3534771484181858,
      0.601383258225804,
      0.5762739417535908,
      0.28954830372634655,
      -0.12862621068576177,
      -0.4884071145994103,
      -0.6264613994783909,
      -0.4801153062506803,
      -0.11580690162406532,
      0.30107541519677583,
      0.5812757880193331,
      0.5975891056544372,
      0.3426094629538061,
      -0.0679077130858674,
      -0.4475962071124718,
      -0.6240853808810386,
      -0.5172528393113454,
      -0.17559832275741258,
      0.24577416114245798,
      0.555570314216568,
      0.6131491597923968,
      0.3923711057636364,
      -0.006535227086823331,
      -0.4024747034700626,
      -0.6156990789060298,
      -0.5494089447702769,
      -0.2336986360507987,
      0.18810596756251485,
      0.5245143945822692,
      0.6228042523401297,
      0.43835400033309796,
      0.05490019672158675,
      -0.3534771484181848,
      -0.6013832582258037,
      -0.576273941753592,
      -0.2895483037263459,
      0.12862621068576158,
      0.4884071145994088,
      0.6264613994783904,
      0.4801153062506812,
      0.11580690162406398,
      -0.30107541519677544,
      -0.581275788019332,
      -0.5975891056544372,
      -0.3426094629538065,
      0.06790771308586861,
      0.4475962071124713,
      0.6240853808810386,
      0.5172528393113445,
      0.17559832275741333,
      -0.24577416114245534,
      -0.5555703142165676,
      -0.6131491597923966,
      -0.39237110576363804,
      0.006535227086822977,
      0.4024747034700618,
      0.6156990789060306
    ],
    "fit": {
      "A": 0.00019705941101453743,
      "I0": -2.6106054265753022e-17,
      "phi0": 2.4827921914919857,
      "R2": 8.776372517615982e-08,
      "visibility_fit": 1.0,
      "visibility_fourier": 0.00011968786124952639,
      "visibility": 0.00011968786124952639
    },
    "cycles": 16,
    "per_cycle_V": [
      5.100914854864877e-05,
      0.00020123960608723354,
      0.00010486135272830457,
      0.00010308134474686963,
      0.00013572825566915227,
      0.00019602099428699137,
      0.0001790051606206893,
      0.0001670735847709438,
      8.798011704803632e-05,
      3.501154734902984e-05,
      0.00020194492974941422,
      0.00020531698451518906,
      0.0001685341274566167,
      0.00015786221915782287,
      0.00010509247215101494,
      8.021367027156222e-05
    ]
  },
  "diagnostics": {
    "measured_link_count": 38,
    "selection_policy": "uniform",
    "num_links": 128,
    "creutz_sizes": [
      [
        2,
        2
      ],
      [
        3,
        3
      ]
    ],
    "loop_sizes_measured": [
      [
        1,
        1
      ],
      [
        1,
        2
      ],
      [
        2,
        1
      ],
      [
        2,
        2
      ],
      [
        2,
        3
      ],
      [
        3,
        2
      ],
      [
        3,
        3
      ]
    ],
    "visibility_qc": {
      "r2_ok": false,
      "v_in_unit_interval": true,
      "i0_very_small": true
    },
    "hybrid_knobs": {
      "kick_passes": 3,
      "loop_measurement_cycles": 6
    }
  },
  "artifacts": {
    "kernel_hash": "bb669db8d373312f24e4630fcfc599d4f7b832920772c12cef62ec22cd65bc64",
    "flip_counts_hash": "2f22c538feb77f48a899689bff9bdbb91197c5203a770852a4a789b6ab244652",
    "pivot_fit_hash": "18f843e4852e0cb06a5603a8f3e251da6d346190d1181f60fc167ac1ef296fd4",
    "config_hash": "3e53227bb97f97d3e0f7892c2fd75b0f2e140b1e74473c1589a222acbe454fae"
  }
}