{
  "sim": "MICC",
  "gauge": "SU2",
  "rep": "fundamental",
  "L": 12,
  "b": 3.0,
  "kappa": 0.75,
  "seed": 1,
  "measurement_model": "dephasing",
  "f": 0.3,
  "schedule": "pre",
  "sigma": 0.19411028070156108,
  "sigma_err": 0.03753941273687212,
  "visibility": 0.0002337899508329582,
  "visibility_err": 0.0,
  "coherence": {
    "C": 0.5959427771004487,
    "P_entropy": 0.32258719599816577
  },
  "twist_scan": {
    "phi_values": [
      0.0,
      0.09817477042468103,
      0.19634954084936207,
      0.2945243112740431,
      0.39269908169872414,
      0.4908738521234052,
      0.5890486225480862,
      0.6872233929727672,
      0.7853981633974483,
      0.8835729338221293,
      0.9817477042468103,
      1.0799224746714913,
      1.1780972450961724,
      1.2762720155208536,
      1.3744467859455345,
      1.4726215563702154,
      1.5707963267948966,
      1.6689710972195777,
      1.7671458676442586,
      1.8653206380689396,
      1.9634954084936207,
      2.061670178918302,
      2.1598449493429825,
      2.2580197197676637,
      2.356194490192345,
      2.454369260617026,
      2.552544031041707,
      2.650718801466388,
      2.748893571891069,
      2.84706834231575,
      2.945243112740431,
      3.043417883165112,
      3.141592653589793,
      3.2397674240144743,
      3.3379421944391554,
      3.436116964863836,
      3.5342917352885173,
      3.6324665057131984,
      3.730641276137879,
      3.8288160465625602,
      3.9269908169872414,
      4.025165587411922,
      4.123340357836604,
      4.221515128261284,
      4.319689898685965,
      4.417864669110647,
      4.516039439535327,
      4.614214209960009,
      4.71238898038469,
      4.81056375080937,
      4.908738521234052,
      5.006913291658733,
      5.105088062083414,
      5.203262832508095,
      5.301437602932776,
      5.399612373357457,
      5.497787143782138,
      5.595961914206819,
      5.6941366846315,
      5.792311455056181,
      5.890486225480862,
      5.988660995905543,
      6.086835766330224,
      6.1850105367549055
    ],
    "mean_I": [
      -0.8769635087892828,
      -0.837211149535257,
      0.08764630093875733,
      0.9198435100500565,
      0.7795761571175791,
      -0.1848641969049001,
      -0.9538649154714365,
      -0.7144334201471826,
      0.28030174959779947,
      0.9787000803212225,
      0.6424102987917343,
      -0.37303984321354655,
      -0.9941098283856309,
      -0.5642004150817287,
      0.4621853592148292,
      0.9999457553669727,
      0.48055697295116795,
      -0.5468797775506546,
      -0.996151658098179,
      -0.39228550447192534,
      0.6263074446737694,
      0.9827640758100119,
      0.30023611213954626,
      -0.6997034287301998,
      -0.9599119382383011,
      -0.2052952819215061,
      0.7663608862711594,
      0.9278153239601146,
      0.1083773459127498,
      -0.8256378695418487,
      -0.8867833409167439,
      -0.010415676817769714,
      0.8769635087892819,
      0.8372111495352572,
      -0.0876463009387588,
      -0.9198435100500555,
      -0.7795761571175807,
      0.1848641969049001,
      0.9538649154714357,
      0.7144334201471838,
      -0.2803017495977977,
      -0.9787000803212225,
      -0.6424102987917325,
      0.37303984321354655,
      0.9941098283856294,
      0.5642004150817298,
      -0.46218535921482534,
      -0.9999457553669737,
      -0.4805569729511695,
      0.5468797775506493,
      0.9961516580981795,
      0.3922855044719263,
      -0.6263074446737716,
      -0.9827640758100112,
      -0.3002361121395482,
      0.699703428730202,
      0.959911938238302,
      0.20529528192151306,
      -0.7663608862711583,
      -0.9278153239601145,
      -0.10837734591275638,
      0.8256378695418486,
      0.8867833409167442,
      0.010415676817766313
    ],
    "fit": {
      "A": 2.284281659978885e-16,
      "I0": -5.631115161708334e-17,
      "phi0": -2.294303023611098,
      "R2": -2.220446049250313e-16,
      "visibility_fit": 0.00022842816599788853,
      "visibility_fourier": 0.0002337899508329582,
      "visibility": 0.0002337899508329582
    },
    "cycles": 8,
    "per_cycle_V": [
      0.00024870837794061196,
      0.00024870837794061196,
      0.00024870837794061196,
      0.00024870837794061196,
      0.00024870837794061196,
      0.00024870837794061196,
      0.00024870837794061196,
      0.00024870837794061196
    ]
  },
  "diagnostics": {
    "measured_link_count": 86,
    "selection_policy": "uniform",
    "num_links": 288,
    "visibility_qc": {
      "r2_ok": false,
      "v_in_unit_interval": true,
      "i0_very_small": true
    },
    "hybrid_knobs": {
      "kick_passes": 3,
      "loop_measurement_cycles": 4
    }
  },
  "artifacts": {
    "kernel_hash": "c5f37351f163441ec05d09116a3864130c1bfed1c4688da9e07e9067e5bf8f54",
    "flip_counts_hash": "1045813912820017453b344ca74f8b8f873bba658c2e9b55c71942b9dd07c053",
    "pivot_fit_hash": "d04f83ead3fcfaea1653e658999e83d0abac9536c46d06a4e4ad9b696714687e",
    "config_hash": "09be816148e3d54a4ba01072548fde7efe2f97f681380c3e050adf0677f43c72"
  }
}