{
  "sim": "MICC",
  "gauge": "SU2",
  "rep": "fundamental",
  "L": 8,
  "b": 3.0,
  "kappa": 0.75,
  "seed": 3,
  "measurement_model": "dephasing",
  "f": 0.05,
  "schedule": "during",
  "sigma": 0.20367690442976788,
  "sigma_err": 0.0061345974832087945,
  "visibility": 0.00019357127068047632,
  "visibility_err": 7.005896520095391e-06,
  "coherence": {
    "C": 0.5899446974543913,
    "P_entropy": 0.3414330441226136
  },
  "twist_scan": {
    "phi_values": [
      0.0,
      0.09817477042468103,
      0.19634954084936207,
      0.2945243112740431,
      0.39269908169872414,
      0.4908738521234052,
      0.5890486225480862,
      0.6872233929727672,
      0.7853981633974483,
      0.8835729338221293,
      0.9817477042468103,
      1.0799224746714913,
      1.1780972450961724,
      1.2762720155208536,
      1.3744467859455345,
      1.4726215563702154,
      1.5707963267948966,
      1.6689710972195777,
      1.7671458676442586,
      1.8653206380689396,
      1.9634954084936207,
      2.061670178918302,
      2.1598449493429825,
      2.2580197197676637,
      2.356194490192345,
      2.454369260617026,
      2.552544031041707,
      2.650718801466388,
      2.748893571891069,
      2.84706834231575,
      2.945243112740431,
      3.043417883165112,
      3.141592653589793,
      3.2397674240144743,
      3.3379421944391554,
      3.436116964863836,
      3.5342917352885173,
      3.6324665057131984,
      3.730641276137879,
      3.8288160465625602,
      3.9269908169872414,
      4.025165587411922,
      4.123340357836604,
      4.221515128261284,
      4.319689898685965,
      4.417864669110647,
      4.516039439535327,
      4.614214209960009,
      4.71238898038469,
      4.81056375080937,
      4.908738521234052,
      5.006913291658733,
      5.105088062083414,
      5.203262832508095,
      5.301437602932776,
      5.399612373357457,
      5.497787143782138,
      5.595961914206819,
      5.6941366846315,
      5.792311455056181,
      5.890486225480862,
      5.988660995905543,
      6.086835766330224,
      6.1850105367549055
    ],
    "mean_I": [
      0.8732506440269857,
      0.38108069983939175,
      -0.28409191492571106,
      -0.8202927397462157,
      -0.9840978103570568,
      -0.7011430493285546,
      -0.09988400251013893,
      0.5467202932004604,
      0.9451250059291316,
      0.9144627254350141,
      0.4686534860145578,
      -0.18991463804673256,
      -0.7622654869280092,
      -0.9885637412192423,
      -0.76607472462769,
      -0.1958037991691278,
      0.46335795749594355,
      0.9121648887554699,
      0.9468680309009279,
      0.5517128829273488,
      -0.09390837938546484,
      -0.6968972007739842,
      -0.9835092628495735,
      -0.823628681549618,
      -0.2898378982048722,
      0.3755332313635162,
      0.8704201250630424,
      0.9701544796185486,
      0.6294589831806071,
      0.003002268304828015,
      -0.6248174136137419,
      -0.9689830526378121,
      -0.873250644026986,
      -0.3810806998393919,
      0.2840919149257119,
      0.8202927397462149,
      0.9840978103570572,
      0.7011430493285546,
      0.09988400251014115,
      -0.5467202932004587,
      -0.9451250059291314,
      -0.9144627254350162,
      -0.46865348601455714,
      0.18991463804673248,
      0.7622654869280064,
      0.9885637412192417,
      0.7660747246276911,
      0.19580379916912577,
      -0.46335795749594266,
      -0.9121648887554678,
      -0.9468680309009277,
      -0.5517128829273492,
      0.09390837938546695,
      0.6968972007739836,
      0.9835092628495739,
      0.8236286815496168,
      0.28983789820487316,
      -0.37553323136351213,
      -0.8704201250630418,
      -0.9701544796185484,
      -0.6294589831806102,
      -0.0030022683048287315,
      0.6248174136137407,
      0.9689830526378133
    ],
    "fit": {
      "A": 0.6610167107026426,
      "I0": 9.890582740230345e-16,
      "phi0": 2.4142833135027812,
      "R2": 0.2831046233368042,
      "visibility_fit": 1.0,
      "visibility_fourier": 0.00019357127068047632,
      "visibility": 0.00019357127068047632
    },
    "cycles": 8,
    "per_cycle_V": [
      0.00021016346736441396,
      0.00020586874025344145,
      0.0002008031405667107,
      0.00017278326445711265,
      0.0001721240524168096,
      0.00022203166744334826,
      0.00018393437930751887,
      0.0001715329993733983
    ]
  },
  "diagnostics": {
    "measured_link_count": 6,
    "selection_policy": "uniform",
    "num_links": 128,
    "visibility_qc": {
      "r2_ok": false,
      "v_in_unit_interval": true,
      "i0_very_small": true
    },
    "hybrid_knobs": {
      "kick_passes": 3,
      "loop_measurement_cycles": 4
    }
  },
  "artifacts": {
    "kernel_hash": "bb669db8d373312f24e4630fcfc599d4f7b832920772c12cef62ec22cd65bc64",
    "flip_counts_hash": "c1b27689be21b2ac0fdae0da5c804f2dab3460dc84baee0f4b6cda147a262623",
    "pivot_fit_hash": "d04f83ead3fcfaea1653e658999e83d0abac9536c46d06a4e4ad9b696714687e",
    "config_hash": "09be816148e3d54a4ba01072548fde7efe2f97f681380c3e050adf0677f43c72"
  }
}