{
  "sim": "MICC",
  "gauge": "SU2",
  "rep": "fundamental",
  "L": 8,
  "b": 3.5,
  "kappa": 1.0,
  "seed": 4,
  "measurement_model": "dephasing",
  "f": 0.05,
  "schedule": "during",
  "sigma": 0.2135094042160912,
  "sigma_err": 0.01178050673423781,
  "visibility": 0.0001509908697122377,
  "visibility_err": 7.58508713355127e-06,
  "coherence": {
    "C": 0.4674276324631738,
    "P_entropy": 0.34113620121466326
  },
  "twist_scan": {
    "phi_values": [
      0.0,
      0.09817477042468103,
      0.19634954084936207,
      0.2945243112740431,
      0.39269908169872414,
      0.4908738521234052,
      0.5890486225480862,
      0.6872233929727672,
      0.7853981633974483,
      0.8835729338221293,
      0.9817477042468103,
      1.0799224746714913,
      1.1780972450961724,
      1.2762720155208536,
      1.3744467859455345,
      1.4726215563702154,
      1.5707963267948966,
      1.6689710972195777,
      1.7671458676442586,
      1.8653206380689396,
      1.9634954084936207,
      2.061670178918302,
      2.1598449493429825,
      2.2580197197676637,
      2.356194490192345,
      2.454369260617026,
      2.552544031041707,
      2.650718801466388,
      2.748893571891069,
      2.84706834231575,
      2.945243112740431,
      3.043417883165112,
      3.141592653589793,
      3.2397674240144743,
      3.3379421944391554,
      3.436116964863836,
      3.5342917352885173,
      3.6324665057131984,
      3.730641276137879,
      3.8288160465625602,
      3.9269908169872414,
      4.025165587411922,
      4.123340357836604,
      4.221515128261284,
      4.319689898685965,
      4.417864669110647,
      4.516039439535327,
      4.614214209960009,
      4.71238898038469,
      4.81056375080937,
      4.908738521234052,
      5.006913291658733,
      5.105088062083414,
      5.203262832508095,
      5.301437602932776,
      5.399612373357457,
      5.497787143782138,
      5.595961914206819,
      5.6941366846315,
      5.792311455056181,
      5.890486225480862,
      5.988660995905543,
      6.086835766330224,
      6.1850105367549055
    ],
    "mean_I": [
      0.7630754192518967,
      0.19858456063510915,
      -0.4560595367571254,
      -0.9036621391731596,
      -0.9410210230208439,
      -0.5511760360852591,
      0.08889134794695938,
      0.6886039184382672,
      0.9757047064116847,
      0.8198559564646375,
      0.2918097427860558,
      -0.36871199333121196,
      -0.8618461930365338,
      -0.9637202394850276,
      -0.6280854454417992,
      -0.007312990377976528,
      0.6167794094267665,
      0.9608668521895475,
      0.8687408326377697,
      0.3822246375945415,
      -0.2778135518510426,
      -0.8117301969279141,
      -0.9771383032198978,
      -0.6989460486123047,
      -0.10344690060788377,
      0.5390149775365645,
      0.9367753249175735,
      0.909259259690553,
      0.46895850019774904,
      -0.18423961399821132,
      -0.7537967952860136,
      -0.9811459909366288,
      -0.7630754192518971,
      -0.19858456063510918,
      0.45605953675712607,
      0.9036621391731592,
      0.941021023020845,
      0.5511760360852591,
      -0.08889134794695713,
      -0.6886039184382655,
      -0.9757047064116845,
      -0.8198559564646399,
      -0.2918097427860549,
      0.3687119933312118,
      0.8618461930365322,
      0.9637202394850275,
      0.6280854454418007,
      0.007312990377974412,
      -0.6167794094267656,
      -0.9608668521895462,
      -0.8687408326377694,
      -0.3822246375945421,
      0.2778135518510447,
      0.8117301969279136,
      0.9771383032198981,
      0.698946048612303,
      0.10344690060788467,
      -0.5390149775365607,
      -0.9367753249175731,
      -0.9092592596905533,
      -0.46895850019775237,
      0.1842396139982108,
      0.7537967952860125,
      0.9811459909366296
    ],
    "fit": {
      "A": 0.5349915503079039,
      "I0": 2.768630219820613e-15,
      "phi0": 0.543459043564657,
      "R2": 0.18330107803152607,
      "visibility_fit": 1.0,
      "visibility_fourier": 0.0001509908697122377,
      "visibility": 0.0001509908697122377
    },
    "cycles": 16,
    "per_cycle_V": [
      0.00015535281682254326,
      0.0001468847076946417,
      0.00017864125165906032,
      0.00015665667167290151,
      0.00019045778731520058,
      0.00015725103256574748,
      0.0001900061755305403,
      0.00019888322842622348,
      0.00010296998584585188,
      0.00015485747341720125,
      0.00020537719832740883,
      0.0002048386538797259,
      0.0001983704839136279,
      0.00015148792494012184,
      0.00021004888660981617,
      0.0002097334667675781
    ]
  },
  "diagnostics": {
    "measured_link_count": 6,
    "selection_policy": "uniform",
    "num_links": 128,
    "creutz_sizes": [
      [
        2,
        2
      ],
      [
        3,
        3
      ]
    ],
    "loop_sizes_measured": [
      [
        1,
        1
      ],
      [
        1,
        2
      ],
      [
        2,
        1
      ],
      [
        2,
        2
      ],
      [
        2,
        3
      ],
      [
        3,
        2
      ],
      [
        3,
        3
      ]
    ],
    "visibility_qc": {
      "r2_ok": false,
      "v_in_unit_interval": true,
      "i0_very_small": true
    },
    "hybrid_knobs": {
      "kick_passes": 3,
      "loop_measurement_cycles": 6
    }
  },
  "artifacts": {
    "kernel_hash": "bb669db8d373312f24e4630fcfc599d4f7b832920772c12cef62ec22cd65bc64",
    "flip_counts_hash": "b3326e9c852a05e144e201e0a4a89d13606dfe15c97d7e29e97870d36629453e",
    "pivot_fit_hash": "18f843e4852e0cb06a5603a8f3e251da6d346190d1181f60fc167ac1ef296fd4",
    "config_hash": "3e53227bb97f97d3e0f7892c2fd75b0f2e140b1e74473c1589a222acbe454fae"
  }
}