{
  "sim": "MICC",
  "gauge": "SU2",
  "rep": "fundamental",
  "L": 12,
  "b": 3.0,
  "kappa": 0.75,
  "seed": 2,
  "measurement_model": "dephasing",
  "f": 0.3,
  "schedule": "pre",
  "sigma": 0.18310527280331443,
  "sigma_err": 0.030576763657729638,
  "visibility": 0.00025332775280994277,
  "visibility_err": 1.4342646596563004e-19,
  "coherence": {
    "C": 0.5913249190481991,
    "P_entropy": 0.30557797535102094
  },
  "twist_scan": {
    "phi_values": [
      0.0,
      0.09817477042468103,
      0.19634954084936207,
      0.2945243112740431,
      0.39269908169872414,
      0.4908738521234052,
      0.5890486225480862,
      0.6872233929727672,
      0.7853981633974483,
      0.8835729338221293,
      0.9817477042468103,
      1.0799224746714913,
      1.1780972450961724,
      1.2762720155208536,
      1.3744467859455345,
      1.4726215563702154,
      1.5707963267948966,
      1.6689710972195777,
      1.7671458676442586,
      1.8653206380689396,
      1.9634954084936207,
      2.061670178918302,
      2.1598449493429825,
      2.2580197197676637,
      2.356194490192345,
      2.454369260617026,
      2.552544031041707,
      2.650718801466388,
      2.748893571891069,
      2.84706834231575,
      2.945243112740431,
      3.043417883165112,
      3.141592653589793,
      3.2397674240144743,
      3.3379421944391554,
      3.436116964863836,
      3.5342917352885173,
      3.6324665057131984,
      3.730641276137879,
      3.8288160465625602,
      3.9269908169872414,
      4.025165587411922,
      4.123340357836604,
      4.221515128261284,
      4.319689898685965,
      4.417864669110647,
      4.516039439535327,
      4.614214209960009,
      4.71238898038469,
      4.81056375080937,
      4.908738521234052,
      5.006913291658733,
      5.105088062083414,
      5.203262832508095,
      5.301437602932776,
      5.399612373357457,
      5.497787143782138,
      5.595961914206819,
      5.6941366846315,
      5.792311455056181,
      5.890486225480862,
      5.988660995905543,
      6.086835766330224,
      6.1850105367549055
    ],
    "mean_I": [
      -0.8099320771448613,
      -0.8990670460667866,
      -0.03770246626248296,
      0.8635214069339331,
      0.851824813078583,
      -0.06042653246861363,
      -0.9087945535254125,
      -0.7963790414856246,
      0.15797359065953473,
      0.9453155117688049,
      0.7332637043780917,
      -0.2539992768152532,
      -0.9727325648718399,
      -0.6630866369546825,
      0.3475788110851154,
      0.9907816716254486,
      0.5865236827373721,
      -0.4378109713983229,
      -0.9992890092649497,
      -0.5043121848288438,
      0.523826772725139,
      0.9981726474782902,
      0.4172438848953286,
      -0.6047978358777711,
      -0.9874433374397402,
      -0.3261572982615593,
      0.6799443652547758,
      0.9672044082702101,
      0.2319296385498206,
      -0.7485426586989733,
      -0.9376507719213266,
      -0.13546836963320952,
      0.8099320771448603,
      0.8990670460667866,
      0.03770246626248166,
      -0.8635214069339315,
      -0.8518248130785856,
      0.06042653246861363,
      0.9087945535254116,
      0.7963790414856262,
      -0.15797359065953318,
      -0.945315511768804,
      -0.7332637043780911,
      0.2539992768152526,
      0.9727325648718387,
      0.6630866369546831,
      -0.34757881108511157,
      -0.9907816716254503,
      -0.5865236827373735,
      0.4378109713983164,
      0.99928900926495,
      0.5043121848288442,
      -0.5238267727251419,
      -0.99817264747829,
      -0.41724388489533043,
      0.6047978358777736,
      0.9874433374397409,
      0.32615729826156586,
      -0.6799443652547743,
      -0.9672044082702103,
      -0.2319296385498266,
      0.7485426586989727,
      0.9376507719213265,
      0.13546836963320552
    ],
    "fit": {
      "A": 2.4091638144348943e-16,
      "I0": -1.5188618948336342e-16,
      "phi0": -2.2501805780841417,
      "R2": -2.220446049250313e-16,
      "visibility_fit": 0.00024091638144348943,
      "visibility_fourier": 0.00025332775280994277,
      "visibility": 0.00025332775280994277
    },
    "cycles": 8,
    "per_cycle_V": [
      0.0002739375555852558,
      0.0002739375555852558,
      0.0002739375555852558,
      0.0002739375555852558,
      0.0002739375555852558,
      0.0002739375555852558,
      0.0002739375555852558,
      0.0002739375555852558
    ]
  },
  "diagnostics": {
    "measured_link_count": 86,
    "selection_policy": "uniform",
    "num_links": 288,
    "visibility_qc": {
      "r2_ok": false,
      "v_in_unit_interval": true,
      "i0_very_small": true
    },
    "hybrid_knobs": {
      "kick_passes": 3,
      "loop_measurement_cycles": 4
    }
  },
  "artifacts": {
    "kernel_hash": "c5f37351f163441ec05d09116a3864130c1bfed1c4688da9e07e9067e5bf8f54",
    "flip_counts_hash": "3c718ce239e2c926749d06c4b85bf1839d5fe51eaf7ab8de2413bea26f16d7e1",
    "pivot_fit_hash": "d04f83ead3fcfaea1653e658999e83d0abac9536c46d06a4e4ad9b696714687e",
    "config_hash": "09be816148e3d54a4ba01072548fde7efe2f97f681380c3e050adf0677f43c72"
  }
}