{
  "sim": "MICC",
  "gauge": "SU2",
  "rep": "fundamental",
  "L": 8,
  "b": 3.0,
  "kappa": 1.0,
  "seed": 1,
  "measurement_model": "dephasing",
  "f": 0.05,
  "schedule": "during",
  "sigma": 0.20822209568636277,
  "sigma_err": 0.017480730317085476,
  "visibility": 0.00021167414804561455,
  "visibility_err": 1.0886770356649899e-05,
  "coherence": {
    "C": 0.5935019789941047,
    "P_entropy": 0.3476504458631532
  },
  "twist_scan": {
    "phi_values": [
      0.0,
      0.09817477042468103,
      0.19634954084936207,
      0.2945243112740431,
      0.39269908169872414,
      0.4908738521234052,
      0.5890486225480862,
      0.6872233929727672,
      0.7853981633974483,
      0.8835729338221293,
      0.9817477042468103,
      1.0799224746714913,
      1.1780972450961724,
      1.2762720155208536,
      1.3744467859455345,
      1.4726215563702154,
      1.5707963267948966,
      1.6689710972195777,
      1.7671458676442586,
      1.8653206380689396,
      1.9634954084936207,
      2.061670178918302,
      2.1598449493429825,
      2.2580197197676637,
      2.356194490192345,
      2.454369260617026,
      2.552544031041707,
      2.650718801466388,
      2.748893571891069,
      2.84706834231575,
      2.945243112740431,
      3.043417883165112,
      3.141592653589793,
      3.2397674240144743,
      3.3379421944391554,
      3.436116964863836,
      3.5342917352885173,
      3.6324665057131984,
      3.730641276137879,
      3.8288160465625602,
      3.9269908169872414,
      4.025165587411922,
      4.123340357836604,
      4.221515128261284,
      4.319689898685965,
      4.417864669110647,
      4.516039439535327,
      4.614214209960009,
      4.71238898038469,
      4.81056375080937,
      4.908738521234052,
      5.006913291658733,
      5.105088062083414,
      5.203262832508095,
      5.301437602932776,
      5.399612373357457,
      5.497787143782138,
      5.595961914206819,
      5.6941366846315,
      5.792311455056181,
      5.890486225480862,
      5.988660995905543,
      6.086835766330224,
      6.1850105367549055
    ],
    "mean_I": [
      0.8984505521747074,
      0.42423222722800014,
      -0.24257865957350774,
      -0.7992639064540839,
      -0.9931000497955798,
      -0.736089532999992,
      -0.14490975744419793,
      0.5120560184027446,
      0.9365590673094455,
      0.9358838800409672,
      0.5103369775012467,
      -0.1468922433489516,
      -0.7374354567545331,
      -0.9931983901542054,
      -0.7980700189499517,
      -0.24063454417321642,
      0.42604398277780603,
      0.8993074487322917,
      0.9643041345362633,
      0.5915269037025876,
      -0.049791174521478763,
      -0.6685051004832099,
      -0.9837316870781763,
      -0.852364654347974,
      -0.33404188869762264,
      0.3359289106993859,
      0.8533950078123876,
      0.9834376130737141,
      0.6670201024597726,
      0.04778941053526141,
      -0.5931366746521697,
      -0.9647911100931432,
      -0.8984505521747077,
      -0.4242322272280001,
      0.24257865957350852,
      0.7992639064540834,
      0.9931000497955806,
      0.736089532999992,
      0.14490975744420004,
      -0.5120560184027428,
      -0.9365590673094447,
      -0.9358838800409688,
      -0.5103369775012461,
      0.1468922433489512,
      0.7374354567545305,
      0.9931983901542049,
      0.7980700189499531,
      0.24063454417321423,
      -0.42604398277780525,
      -0.8993074487322897,
      -0.9643041345362634,
      -0.5915269037025882,
      0.04979117452148102,
      0.6685051004832095,
      0.983731687078176,
      0.8523646543479726,
      0.33404188869762375,
      -0.3359289106993818,
      -0.8533950078123871,
      -0.983437613073714,
      -0.6670201024597756,
      -0.04778941053526208,
      0.5931366746521689,
      0.9647911100931441
    ],
    "fit": {
      "A": 0.9469924277173731,
      "I0": -3.3775009278055695e-16,
      "phi0": 2.2332733471463166,
      "R2": 0.6581973928612208,
      "visibility_fit": 1.0,
      "visibility_fourier": 0.00021167414804561455,
      "visibility": 0.00021167414804561455
    },
    "cycles": 8,
    "per_cycle_V": [
      0.000171112797442137,
      0.00023712084009699716,
      0.00018035973006506125,
      0.0002138446899818393,
      0.00020384396416897143,
      0.00024578674488584214,
      0.0002162533030844191,
      0.00016031944685549352
    ]
  },
  "diagnostics": {
    "measured_link_count": 6,
    "selection_policy": "uniform",
    "num_links": 128,
    "visibility_qc": {
      "r2_ok": true,
      "v_in_unit_interval": true,
      "i0_very_small": true
    },
    "hybrid_knobs": {
      "kick_passes": 3,
      "loop_measurement_cycles": 4
    }
  },
  "artifacts": {
    "kernel_hash": "bb669db8d373312f24e4630fcfc599d4f7b832920772c12cef62ec22cd65bc64",
    "flip_counts_hash": "2f22c538feb77f48a899689bff9bdbb91197c5203a770852a4a789b6ab244652",
    "pivot_fit_hash": "e730f86cf82cf01e0490c7477184968845e3929e6af95e60cac897b00c6a8382",
    "config_hash": "09be816148e3d54a4ba01072548fde7efe2f97f681380c3e050adf0677f43c72"
  }
}