{
  "sim": "MICC",
  "gauge": "SU2",
  "rep": "fundamental",
  "L": 8,
  "b": 3.0,
  "kappa": 0.75,
  "seed": 4,
  "measurement_model": "dephasing",
  "f": 0.3,
  "schedule": "during",
  "sigma": 0.21872820240122626,
  "sigma_err": 0.040505426260545166,
  "visibility": 0.00011983482936609944,
  "visibility_err": 1.7466716940971453e-05,
  "coherence": {
    "C": 0.5941669100769185,
    "P_entropy": 0.24673114386339265
  },
  "twist_scan": {
    "phi_values": [
      0.0,
      0.09817477042468103,
      0.19634954084936207,
      0.2945243112740431,
      0.39269908169872414,
      0.4908738521234052,
      0.5890486225480862,
      0.6872233929727672,
      0.7853981633974483,
      0.8835729338221293,
      0.9817477042468103,
      1.0799224746714913,
      1.1780972450961724,
      1.2762720155208536,
      1.3744467859455345,
      1.4726215563702154,
      1.5707963267948966,
      1.6689710972195777,
      1.7671458676442586,
      1.8653206380689396,
      1.9634954084936207,
      2.061670178918302,
      2.1598449493429825,
      2.2580197197676637,
      2.356194490192345,
      2.454369260617026,
      2.552544031041707,
      2.650718801466388,
      2.748893571891069,
      2.84706834231575,
      2.945243112740431,
      3.043417883165112,
      3.141592653589793,
      3.2397674240144743,
      3.3379421944391554,
      3.436116964863836,
      3.5342917352885173,
      3.6324665057131984,
      3.730641276137879,
      3.8288160465625602,
      3.9269908169872414,
      4.025165587411922,
      4.123340357836604,
      4.221515128261284,
      4.319689898685965,
      4.417864669110647,
      4.516039439535327,
      4.614214209960009,
      4.71238898038469,
      4.81056375080937,
      4.908738521234052,
      5.006913291658733,
      5.105088062083414,
      5.203262832508095,
      5.301437602932776,
      5.399612373357457,
      5.497787143782138,
      5.595961914206819,
      5.6941366846315,
      5.792311455056181,
      5.890486225480862,
      5.988660995905543,
      6.086835766330224,
      6.1850105367549055
    ],
    "mean_I": [
      0.5730311718636946,
      0.26706226654078585,
      -0.16014732439414864,
      -0.514653378210286,
      -0.6355175580358462,
      -0.46787005310425195,
      -0.08781932569408499,
      0.33209953956666316,
      0.60125215697805,
      0.5974488653351882,
      0.3224162795295639,
      -0.09898655651383767,
      -0.4754515653847205,
      -0.6360715037062935,
      -0.5079282775175186,
      -0.14919623245284952,
      0.2772677829407403,
      0.5778580216406548,
      0.6161127996347325,
      0.3746652474958059,
      -0.03687249398274383,
      -0.4316708940762367,
      -0.6304997330839945,
      -0.5430948749564515,
      -0.20913629793413538,
      0.21976578599511065,
      0.5488987976655327,
      0.6288432308722783,
      0.4233059843158042,
      0.025596670821960016,
      -0.38373299608248257,
      -0.6188559053658838,
      -0.5730311718636949,
      -0.26706226654078596,
      0.16014732439414914,
      0.5146533782102853,
      0.6355175580358464,
      0.46787005310425195,
      0.0878193256940863,
      -0.33209953956666205,
      -0.6012521569780496,
      -0.5974488653351894,
      -0.3224162795295635,
      0.09898655651383748,
      0.475451565384719,
      0.636071503706293,
      0.5079282775175193,
      0.14919623245284802,
      -0.2772677829407397,
      -0.5778580216406535,
      -0.6161127996347324,
      -0.3746652474958061,
      0.03687249398274522,
      0.43167089407623616,
      0.6304997330839949,
      0.5430948749564506,
      0.20913629793413607,
      -0.21976578599510796,
      -0.5488987976655324,
      -0.6288432308722782,
      -0.4233059843158059,
      -0.0255966708219605,
      0.3837329960824819,
      0.6188559053658843
    ],
    "fit": {
      "A": 0.0012271475360905477,
      "I0": -2.255989881933674e-17,
      "phi0": -1.8142429426428215,
      "R2": 3.168792911178997e-06,
      "visibility_fit": 1.0,
      "visibility_fourier": 0.00011983482936609944,
      "visibility": 0.00011983482936609944
    },
    "cycles": 8,
    "per_cycle_V": [
      0.00017292559015728723,
      0.00010418297201331275,
      9.17686037169632e-05,
      0.0001751986173131672,
      0.00022273481694825797,
      9.398600879220887e-05,
      9.305082637616286e-05,
      0.0001460507253101091
    ]
  },
  "diagnostics": {
    "measured_link_count": 38,
    "selection_policy": "uniform",
    "num_links": 128,
    "visibility_qc": {
      "r2_ok": false,
      "v_in_unit_interval": true,
      "i0_very_small": true
    },
    "hybrid_knobs": {
      "kick_passes": 3,
      "loop_measurement_cycles": 4
    }
  },
  "artifacts": {
    "kernel_hash": "bb669db8d373312f24e4630fcfc599d4f7b832920772c12cef62ec22cd65bc64",
    "flip_counts_hash": "b3326e9c852a05e144e201e0a4a89d13606dfe15c97d7e29e97870d36629453e",
    "pivot_fit_hash": "d04f83ead3fcfaea1653e658999e83d0abac9536c46d06a4e4ad9b696714687e",
    "config_hash": "09be816148e3d54a4ba01072548fde7efe2f97f681380c3e050adf0677f43c72"
  }
}