{
  "sim": "MICC",
  "gauge": "SU2",
  "rep": "fundamental",
  "L": 8,
  "b": 3.0,
  "kappa": 1.0,
  "seed": 3,
  "measurement_model": "dephasing",
  "f": 0.2,
  "schedule": "during",
  "sigma": 0.23231274740511432,
  "sigma_err": 0.02281768414795804,
  "visibility": 0.0001416930707357643,
  "visibility_err": 1.4967939609459402e-05,
  "coherence": {
    "C": 0.5886400100121773,
    "P_entropy": 0.2869792679048948
  },
  "twist_scan": {
    "phi_values": [
      0.0,
      0.09817477042468103,
      0.19634954084936207,
      0.2945243112740431,
      0.39269908169872414,
      0.4908738521234052,
      0.5890486225480862,
      0.6872233929727672,
      0.7853981633974483,
      0.8835729338221293,
      0.9817477042468103,
      1.0799224746714913,
      1.1780972450961724,
      1.2762720155208536,
      1.3744467859455345,
      1.4726215563702154,
      1.5707963267948966,
      1.6689710972195777,
      1.7671458676442586,
      1.8653206380689396,
      1.9634954084936207,
      2.061670178918302,
      2.1598449493429825,
      2.2580197197676637,
      2.356194490192345,
      2.454369260617026,
      2.552544031041707,
      2.650718801466388,
      2.748893571891069,
      2.84706834231575,
      2.945243112740431,
      3.043417883165112,
      3.141592653589793,
      3.2397674240144743,
      3.3379421944391554,
      3.436116964863836,
      3.5342917352885173,
      3.6324665057131984,
      3.730641276137879,
      3.8288160465625602,
      3.9269908169872414,
      4.025165587411922,
      4.123340357836604,
      4.221515128261284,
      4.319689898685965,
      4.417864669110647,
      4.516039439535327,
      4.614214209960009,
      4.71238898038469,
      4.81056375080937,
      4.908738521234052,
      5.006913291658733,
      5.105088062083414,
      5.203262832508095,
      5.301437602932776,
      5.399612373357457,
      5.497787143782138,
      5.595961914206819,
      5.6941366846315,
      5.792311455056181,
      5.890486225480862,
      5.988660995905543,
      6.086835766330224,
      6.1850105367549055
    ],
    "mean_I": [
      0.5769663503631787,
      0.1615500243963624,
      -0.327206635164392,
      -0.667418323179807,
      -0.7046360460032487,
      -0.42196373557358835,
      0.05227128892650157,
      0.5027762410754477,
      0.7250312911809877,
      0.6181372931205232,
      0.23062188721003463,
      -0.26159103394532535,
      -0.6350470947014417,
      -0.720205051218375,
      -0.47840497161145645,
      -0.019419036774344423,
      0.44838273476985036,
      0.7126281189432757,
      0.6533552358369009,
      0.29747273517912715,
      -0.19345616806916133,
      -0.5965600155490471,
      -0.7288380880861385,
      -0.5302389062499469,
      -0.09092234653552712,
      0.38967105761748355,
      0.6933619483579835,
      0.6822810104718668,
      0.3614587580933053,
      -0.12345821354059175,
      -0.5523277373340367,
      -0.7304520157422062,
      -0.576966350363179,
      -0.16155002439636262,
      0.32720663516439263,
      0.6674183231798068,
      0.7046360460032491,
      0.42196373557358835,
      -0.0522712889265,
      -0.5027762410754465,
      -0.7250312911809876,
      -0.6181372931205249,
      -0.23062188721003407,
      0.26159103394532507,
      0.6350470947014402,
      0.7202050512183747,
      0.47840497161145773,
      0.01941903677434273,
      -0.4483827347698496,
      -0.7126281189432747,
      -0.6533552358369006,
      -0.2974727351791277,
      0.19345616806916283,
      0.5965600155490466,
      0.7288380880861388,
      0.5302389062499457,
      0.09092234653552787,
      -0.3896710576174808,
      -0.6933619483579829,
      -0.6822810104718671,
      -0.3614587580933077,
      0.12345821354059118,
      0.5523277373340361,
      0.7304520157422068
    ],
    "fit": {
      "A": 0.1489136089848261,
      "I0": 4.165774055396107e-16,
      "phi0": 1.3040247245240453,
      "R2": 0.02646257918451278,
      "visibility_fit": 1.0,
      "visibility_fourier": 0.0001416930707357643,
      "visibility": 0.0001416930707357643
    },
    "cycles": 8,
    "per_cycle_V": [
      9.075542880119993e-05,
      0.0001337538172316385,
      0.00019158852934340382,
      0.00018183984010137547,
      0.00016747045952985,
      0.00020473055968093845,
      0.00010765860067411129,
      0.00011939778578132976
    ]
  },
  "diagnostics": {
    "measured_link_count": 26,
    "selection_policy": "uniform",
    "num_links": 128,
    "visibility_qc": {
      "r2_ok": false,
      "v_in_unit_interval": true,
      "i0_very_small": true
    },
    "hybrid_knobs": {
      "kick_passes": 3,
      "loop_measurement_cycles": 4
    }
  },
  "artifacts": {
    "kernel_hash": "bb669db8d373312f24e4630fcfc599d4f7b832920772c12cef62ec22cd65bc64",
    "flip_counts_hash": "c1b27689be21b2ac0fdae0da5c804f2dab3460dc84baee0f4b6cda147a262623",
    "pivot_fit_hash": "e730f86cf82cf01e0490c7477184968845e3929e6af95e60cac897b00c6a8382",
    "config_hash": "09be816148e3d54a4ba01072548fde7efe2f97f681380c3e050adf0677f43c72"
  }
}