{
  "sim": "MICC",
  "gauge": "SU2",
  "rep": "fundamental",
  "L": 8,
  "b": 3.5,
  "kappa": 0.75,
  "seed": 2,
  "measurement_model": "dephasing",
  "f": 0.1,
  "schedule": "during",
  "sigma": 0.25982092661892847,
  "sigma_err": 0.00834497639652158,
  "visibility": 0.00016792247711835566,
  "visibility_err": 1.9657223852651996e-05,
  "coherence": {
    "C": 0.46243381235442205,
    "P_entropy": 0.30814520693307745
  },
  "twist_scan": {
    "phi_values": [
      0.0,
      0.09817477042468103,
      0.19634954084936207,
      0.2945243112740431,
      0.39269908169872414,
      0.4908738521234052,
      0.5890486225480862,
      0.6872233929727672,
      0.7853981633974483,
      0.8835729338221293,
      0.9817477042468103,
      1.0799224746714913,
      1.1780972450961724,
      1.2762720155208536,
      1.3744467859455345,
      1.4726215563702154,
      1.5707963267948966,
      1.6689710972195777,
      1.7671458676442586,
      1.8653206380689396,
      1.9634954084936207,
      2.061670178918302,
      2.1598449493429825,
      2.2580197197676637,
      2.356194490192345,
      2.454369260617026,
      2.552544031041707,
      2.650718801466388,
      2.748893571891069,
      2.84706834231575,
      2.945243112740431,
      3.043417883165112,
      3.141592653589793,
      3.2397674240144743,
      3.3379421944391554,
      3.436116964863836,
      3.5342917352885173,
      3.6324665057131984,
      3.730641276137879,
      3.8288160465625602,
      3.9269908169872414,
      4.025165587411922,
      4.123340357836604,
      4.221515128261284,
      4.319689898685965,
      4.417864669110647,
      4.516039439535327,
      4.614214209960009,
      4.71238898038469,
      4.81056375080937,
      4.908738521234052,
      5.006913291658733,
      5.105088062083414,
      5.203262832508095,
      5.301437602932776,
      5.399612373357457,
      5.497787143782138,
      5.595961914206819,
      5.6941366846315,
      5.792311455056181,
      5.890486225480862,
      5.988660995905543,
      6.086835766330224,
      6.1850105367549055
    ],
    "mean_I": [
      0.7335593652347862,
      0.25396100214541234,
      -0.34093034642502584,
      -0.7810464454556607,
      -0.866583787373043,
      -0.5587102072524067,
      0.002806126159899794,
      0.5630485369625213,
      0.8676786834853489,
      0.7784008480258627,
      0.3357453013754743,
      -0.2593315927645342,
      -0.7366773655638621,
      -0.8795870159086406,
      -0.6231825503151679,
      -0.08386623558510957,
      0.49352359673222596,
      0.846864034095482,
      0.8157459051332633,
      0.4142961898162397,
      -0.17523533410065312,
      -0.6852136799328721,
      -0.8841193406498634,
      -0.6816533047521598,
      -0.169730919635485,
      0.41924575447795853,
      0.817893621114304,
      0.8452348832421582,
      0.48885717947173873,
      -0.08945146337600376,
      -0.6271510119882271,
      -0.8801371128318344,
      -0.7335593652347868,
      -0.2539610021454125,
      0.3409303464250267,
      0.7810464454556599,
      0.8665837873730439,
      0.5587102072524067,
      -0.002806126159897865,
      -0.5630485369625199,
      -0.8676786834853492,
      -0.7784008480258647,
      -0.33574530137547354,
      0.259331592764534,
      0.73667736556386,
      0.8795870159086404,
      0.6231825503151693,
      0.08386623558510767,
      -0.4935235967322251,
      -0.8468640340954806,
      -0.8157459051332633,
      -0.41429618981624017,
      0.17523533410065478,
      0.6852136799328715,
      0.8841193406498636,
      0.6816533047521585,
      0.16973091963548606,
      -0.4192457544779551,
      -0.8178936211143032,
      -0.8452348832421583,
      -0.4888571794717414,
      0.08945146337600325,
      0.627151011988226,
      0.8801371128318353
    ],
    "fit": {
      "A": 0.1312451673927483,
      "I0": -3.306074384853022e-16,
      "phi0": -0.9722071559929948,
      "R2": 0.014714344793306577,
      "visibility_fit": 1.0,
      "visibility_fourier": 0.00016792247711835566,
      "visibility": 0.00016792247711835566
    },
    "cycles": 8,
    "per_cycle_V": [
      0.00018461769633749194,
      0.0001799064856368026,
      0.00016971556551203157,
      0.0002572191908096629,
      0.00014102982463183857,
      9.54317191119217e-05,
      0.00018700727528171487,
      8.335815620909995e-05
    ]
  },
  "diagnostics": {
    "measured_link_count": 13,
    "selection_policy": "uniform",
    "num_links": 128,
    "visibility_qc": {
      "r2_ok": false,
      "v_in_unit_interval": true,
      "i0_very_small": true
    },
    "hybrid_knobs": {
      "kick_passes": 3,
      "loop_measurement_cycles": 4
    }
  },
  "artifacts": {
    "kernel_hash": "bb669db8d373312f24e4630fcfc599d4f7b832920772c12cef62ec22cd65bc64",
    "flip_counts_hash": "2268e99a6015a7b96d81d3b1a331fda63562012ba66381118831ac9c8b2f0d5d",
    "pivot_fit_hash": "32e5af21ae29df0c4428cd8be3189fb5b9433eb374572ce92302aca28369a080",
    "config_hash": "09be816148e3d54a4ba01072548fde7efe2f97f681380c3e050adf0677f43c72"
  }
}