{
  "sim": "MICC",
  "gauge": "SU2",
  "rep": "fundamental",
  "L": 12,
  "b": 3.5,
  "kappa": 0.75,
  "seed": 4,
  "measurement_model": "dephasing",
  "f": 0.5,
  "schedule": "during",
  "sigma": 0.4157289574659949,
  "sigma_err": 0.0581940092858975,
  "visibility": 0.00018468597173252637,
  "visibility_err": 5.5829975241299863e-05,
  "coherence": {
    "C": 0.5010194064450932,
    "P_entropy": 0.13153019945404337
  },
  "twist_scan": {
    "phi_values": [
      0.0,
      0.09817477042468103,
      0.19634954084936207,
      0.2945243112740431,
      0.39269908169872414,
      0.4908738521234052,
      0.5890486225480862,
      0.6872233929727672,
      0.7853981633974483,
      0.8835729338221293,
      0.9817477042468103,
      1.0799224746714913,
      1.1780972450961724,
      1.2762720155208536,
      1.3744467859455345,
      1.4726215563702154,
      1.5707963267948966,
      1.6689710972195777,
      1.7671458676442586,
      1.8653206380689396,
      1.9634954084936207,
      2.061670178918302,
      2.1598449493429825,
      2.2580197197676637,
      2.356194490192345,
      2.454369260617026,
      2.552544031041707,
      2.650718801466388,
      2.748893571891069,
      2.84706834231575,
      2.945243112740431,
      3.043417883165112,
      3.141592653589793,
      3.2397674240144743,
      3.3379421944391554,
      3.436116964863836,
      3.5342917352885173,
      3.6324665057131984,
      3.730641276137879,
      3.8288160465625602,
      3.9269908169872414,
      4.025165587411922,
      4.123340357836604,
      4.221515128261284,
      4.319689898685965,
      4.417864669110647,
      4.516039439535327,
      4.614214209960009,
      4.71238898038469,
      4.81056375080937,
      4.908738521234052,
      5.006913291658733,
      5.105088062083414,
      5.203262832508095,
      5.301437602932776,
      5.399612373357457,
      5.497787143782138,
      5.595961914206819,
      5.6941366846315,
      5.792311455056181,
      5.890486225480862,
      5.988660995905543,
      6.086835766330224,
      6.1850105367549055
    ],
    "mean_I": [
      0.17542089862863874,
      0.42435909277914924,
      0.22466208452842468,
      -0.21254914570869718,
      -0.4250520319328917,
      -0.18818713596015224,
      0.24763042832439927,
      0.42165148766204436,
      0.1498998423990308,
      -0.28032689454677506,
      -0.4141902090668618,
      -0.11016893141201801,
      0.3103236595323975,
      0.4027400523389656,
      0.06937703339104227,
      -0.33733183803655353,
      -0.38741128874693753,
      -0.027916996613166767,
      0.3610913265360786,
      0.368351542663724,
      -0.013811896103075746,
      -0.3813733081684628,
      -0.34574436986322293,
      0.05540777270949444,
      0.3979824563633273,
      0.3198074897778399,
      -0.09647004217575322,
      -0.4107588159440721,
      -0.2907906887413403,
      0.1366032523999683,
      0.41957934358366633,
      0.2589734144099008,
      -0.17542089862863822,
      -0.42435909277914946,
      -0.2246620845284243,
      0.21254914570869657,
      0.4250520319328918,
      0.18818713596015224,
      -0.24763042832439816,
      -0.4216514876620441,
      -0.1498998423990314,
      0.2803268945467736,
      0.4141902090668616,
      0.11016893141201835,
      -0.3103236595323954,
      -0.4027400523389655,
      -0.06937703339104392,
      0.3373318380365548,
      0.3874112887469377,
      0.027916996613169334,
      -0.36109132653607884,
      -0.3683515426637243,
      0.013811896103076982,
      0.3813733081684626,
      0.34574436986322316,
      -0.05540777270949589,
      -0.3979824563633269,
      -0.31980748977784146,
      0.09647004217575295,
      0.4107588159440717,
      0.290790688741342,
      -0.136603252399968,
      -0.4195793435836658,
      -0.25897341440990007
    ],
    "fit": {
      "A": 1.4146478175785207e-16,
      "I0": 5.659895258838829e-17,
      "phi0": 1.0193627739912883,
      "R2": 0.0,
      "visibility_fit": 0.00014146478175785208,
      "visibility_fourier": 0.00018468597173252637,
      "visibility": 0.00018468597173252637
    },
    "cycles": 8,
    "per_cycle_V": [
      0.0004722057823590843,
      0.0005069623742795051,
      0.0004580521398158677,
      0.0001690567073787211,
      0.00046901142361606684,
      0.00039084464252426833,
      0.00015443484743200855,
      0.00015884750519456594
    ]
  },
  "diagnostics": {
    "measured_link_count": 144,
    "selection_policy": "uniform",
    "num_links": 288,
    "visibility_qc": {
      "r2_ok": false,
      "v_in_unit_interval": true,
      "i0_very_small": true
    },
    "hybrid_knobs": {
      "kick_passes": 3,
      "loop_measurement_cycles": 4
    }
  },
  "artifacts": {
    "kernel_hash": "c5f37351f163441ec05d09116a3864130c1bfed1c4688da9e07e9067e5bf8f54",
    "flip_counts_hash": "7a11042fb34eaa3744d5206ec23f7fdadc3f7966920f4b324b412fb9e9cc0219",
    "pivot_fit_hash": "32e5af21ae29df0c4428cd8be3189fb5b9433eb374572ce92302aca28369a080",
    "config_hash": "09be816148e3d54a4ba01072548fde7efe2f97f681380c3e050adf0677f43c72"
  }
}