{
  "sim": "MICC",
  "gauge": "SU2",
  "rep": "fundamental",
  "L": 12,
  "b": 3.5,
  "kappa": 1.0,
  "seed": 0,
  "measurement_model": "dephasing",
  "f": 0.2,
  "schedule": "during",
  "sigma": 0.26808676209730453,
  "sigma_err": 0.01217332814841703,
  "visibility": 0.0001803722737776193,
  "visibility_err": 3.611652747644854e-05,
  "coherence": {
    "C": 0.4673966362612877,
    "P_entropy": 0.2566610731386655
  },
  "twist_scan": {
    "phi_values": [
      0.0,
      0.09817477042468103,
      0.19634954084936207,
      0.2945243112740431,
      0.39269908169872414,
      0.4908738521234052,
      0.5890486225480862,
      0.6872233929727672,
      0.7853981633974483,
      0.8835729338221293,
      0.9817477042468103,
      1.0799224746714913,
      1.1780972450961724,
      1.2762720155208536,
      1.3744467859455345,
      1.4726215563702154,
      1.5707963267948966,
      1.6689710972195777,
      1.7671458676442586,
      1.8653206380689396,
      1.9634954084936207,
      2.061670178918302,
      2.1598449493429825,
      2.2580197197676637,
      2.356194490192345,
      2.454369260617026,
      2.552544031041707,
      2.650718801466388,
      2.748893571891069,
      2.84706834231575,
      2.945243112740431,
      3.043417883165112,
      3.141592653589793,
      3.2397674240144743,
      3.3379421944391554,
      3.436116964863836,
      3.5342917352885173,
      3.6324665057131984,
      3.730641276137879,
      3.8288160465625602,
      3.9269908169872414,
      4.025165587411922,
      4.123340357836604,
      4.221515128261284,
      4.319689898685965,
      4.417864669110647,
      4.516039439535327,
      4.614214209960009,
      4.71238898038469,
      4.81056375080937,
      4.908738521234052,
      5.006913291658733,
      5.105088062083414,
      5.203262832508095,
      5.301437602932776,
      5.399612373357457,
      5.497787143782138,
      5.595961914206819,
      5.6941366846315,
      5.792311455056181,
      5.890486225480862,
      5.988660995905543,
      6.086835766330224,
      6.1850105367549055
    ],
    "mean_I": [
      0.024235996959347708,
      -0.40152725286353647,
      -0.4027932704525041,
      0.021776386249972024,
      0.42332390528870284,
      0.37733062889709257,
      -0.06757905095552126,
      -0.44104371709355383,
      -0.3482340871154982,
      0.11273089245790144,
      0.4545160368037727,
      0.31578386071086606,
      -0.1567970738409378,
      -0.46361111861583204,
      -0.2802924631025693,
      0.19935321368888606,
      0.4682413719200033,
      0.24210169585114888,
      -0.23998947311145946,
      -0.4683622048458143,
      -0.20157935692243273,
      0.2783145027163789,
      0.46397245370613466,
      0.15911569859206887,
      -0.31395921151795486,
      -0.4551143942041226,
      -0.11511966910277266,
      0.34658032148505014,
      0.44187333429508957,
      0.07001497426920586,
      -0.37586367349616906,
      -0.4243767926242594,
      -0.024235996959348444,
      0.40152725286353647,
      0.40279327045250396,
      -0.021776386249970803,
      -0.4233239052887031,
      -0.37733062889709257,
      0.06757905095551975,
      0.44104371709355306,
      0.34823408711549875,
      -0.11273089245789941,
      -0.4545160368037725,
      -0.3157838607108661,
      0.15679707384093533,
      0.46361111861583176,
      0.2802924631025708,
      -0.19935321368888753,
      -0.46824137192000315,
      -0.24210169585115102,
      0.23998947311146007,
      0.4683622048458143,
      0.20157935692243134,
      -0.2783145027163781,
      -0.4639724537061349,
      -0.15911569859206728,
      0.3139592115179545,
      0.4551143942041229,
      0.11511966910277271,
      -0.34658032148504947,
      -0.4418733342950906,
      -0.07001497426920611,
      0.3758636734961681,
      0.42437679262425887
    ],
    "fit": {
      "A": 1.0695558963208036e-08,
      "I0": -1.0959074985493004e-16,
      "phi0": -2.5287504466354496,
      "R2": 4.440892098500626e-16,
      "visibility_fit": 1.0,
      "visibility_fourier": 0.0001803722737776193,
      "visibility": 0.0001803722737776193
    },
    "cycles": 8,
    "per_cycle_V": [
      0.0001842531336157633,
      0.00027306963368594223,
      0.00038671728522012775,
      0.00035922293200134293,
      0.0002882826501297769,
      0.00010998428145226859,
      0.00038237989231201027,
      0.00019530968521552121
    ]
  },
  "diagnostics": {
    "measured_link_count": 58,
    "selection_policy": "uniform",
    "num_links": 288,
    "visibility_qc": {
      "r2_ok": false,
      "v_in_unit_interval": true,
      "i0_very_small": true
    },
    "hybrid_knobs": {
      "kick_passes": 3,
      "loop_measurement_cycles": 4
    }
  },
  "artifacts": {
    "kernel_hash": "c5f37351f163441ec05d09116a3864130c1bfed1c4688da9e07e9067e5bf8f54",
    "flip_counts_hash": "526d3d4f7381a97e02c3ef4c6b8d2598448ee2e98060a326f334d01ae3e48798",
    "pivot_fit_hash": "18f843e4852e0cb06a5603a8f3e251da6d346190d1181f60fc167ac1ef296fd4",
    "config_hash": "09be816148e3d54a4ba01072548fde7efe2f97f681380c3e050adf0677f43c72"
  }
}