{
  "sim": "MICC",
  "gauge": "SU2",
  "rep": "fundamental",
  "L": 12,
  "b": 3.0,
  "kappa": 1.0,
  "seed": 3,
  "measurement_model": "dephasing",
  "f": 0.3,
  "schedule": "during",
  "sigma": 0.3425527156351873,
  "sigma_err": 0.011748044629384953,
  "visibility": 0.00013421113556671735,
  "visibility_err": 3.162641216229324e-05,
  "coherence": {
    "C": 0.579679174771853,
    "P_entropy": 0.232801126559077
  },
  "twist_scan": {
    "phi_values": [
      0.0,
      0.09817477042468103,
      0.19634954084936207,
      0.2945243112740431,
      0.39269908169872414,
      0.4908738521234052,
      0.5890486225480862,
      0.6872233929727672,
      0.7853981633974483,
      0.8835729338221293,
      0.9817477042468103,
      1.0799224746714913,
      1.1780972450961724,
      1.2762720155208536,
      1.3744467859455345,
      1.4726215563702154,
      1.5707963267948966,
      1.6689710972195777,
      1.7671458676442586,
      1.8653206380689396,
      1.9634954084936207,
      2.061670178918302,
      2.1598449493429825,
      2.2580197197676637,
      2.356194490192345,
      2.454369260617026,
      2.552544031041707,
      2.650718801466388,
      2.748893571891069,
      2.84706834231575,
      2.945243112740431,
      3.043417883165112,
      3.141592653589793,
      3.2397674240144743,
      3.3379421944391554,
      3.436116964863836,
      3.5342917352885173,
      3.6324665057131984,
      3.730641276137879,
      3.8288160465625602,
      3.9269908169872414,
      4.025165587411922,
      4.123340357836604,
      4.221515128261284,
      4.319689898685965,
      4.417864669110647,
      4.516039439535327,
      4.614214209960009,
      4.71238898038469,
      4.81056375080937,
      4.908738521234052,
      5.006913291658733,
      5.105088062083414,
      5.203262832508095,
      5.301437602932776,
      5.399612373357457,
      5.497787143782138,
      5.595961914206819,
      5.6941366846315,
      5.792311455056181,
      5.890486225480862,
      5.988660995905543,
      6.086835766330224,
      6.1850105367549055
    ],
    "mean_I": [
      -0.24097241537521238,
      0.17009176586075922,
      0.40133382215067925,
      0.20828314241871193,
      -0.20496583480658875,
      -0.40152359379599706,
      -0.173587988941572,
      0.23786597071750812,
      0.3978464737379355,
      0.13722108823807722,
      -0.2684753272996514,
      -0.3903378746527721,
      -0.09953267344217273,
      0.29649911971635684,
      0.37907010845431505,
      0.06088570459092655,
      -0.3216674635272868,
      -0.364151689890643,
      -0.02165237312095697,
      0.34373797382312665,
      0.3457262914877613,
      -0.017789482538558436,
      -0.36249809952475937,
      -0.32397135990463766,
      0.057060015756506405,
      0.3777671703663519,
      0.29909640702487095,
      -0.09578102983054163,
      -0.3893981368487736,
      -0.27134099224272773,
      0.1335796202280718,
      0.39727898640666687,
      0.24097241537521297,
      -0.17009176586075922,
      -0.4013338221506795,
      -0.2082831424187129,
      0.2049658348065882,
      0.40152359379599706,
      0.17358798894157343,
      -0.237865970717507,
      -0.39784647373793547,
      -0.13722108823807933,
      0.26847532729965157,
      0.39033787465277225,
      0.09953267344217501,
      -0.296499119716356,
      -0.37907010845431544,
      -0.06088570459092509,
      0.32166746352728653,
      0.36415168989064395,
      0.021652373120956456,
      -0.34373797382312643,
      -0.34572629148776063,
      0.017789482538558055,
      0.3624980995247594,
      0.3239713599046368,
      -0.05706001575650566,
      -0.37776717036635055,
      -0.2990964070248709,
      0.09578102983054101,
      0.38939813684877306,
      0.2713409922427281,
      -0.13357962022807113,
      -0.3972789864066674
    ],
    "fit": {
      "A": 1.0653536792437169e-16,
      "I0": 6.235157759016004e-17,
      "phi0": 1.0119702594806088,
      "R2": 0.0,
      "visibility_fit": 0.0001065353679243717,
      "visibility_fourier": 0.00013421113556671735,
      "visibility": 0.00013421113556671735
    },
    "cycles": 16,
    "per_cycle_V": [
      0.00010278899904202241,
      0.0005249807232667714,
      0.0003321587794111879,
      0.0003391654915370609,
      0.0004607856681998753,
      0.00015369505599347136,
      0.00038900382243485076,
      0.00027957134290532436,
      0.00029489063394123085,
      0.0003618094252132026,
      0.0004742290387469375,
      0.00037535824553895,
      0.00012391610301388332,
      0.0004018530669696492,
      0.0003417900532572924,
      0.00017296215785674311
    ]
  },
  "diagnostics": {
    "measured_link_count": 86,
    "selection_policy": "uniform",
    "num_links": 288,
    "creutz_sizes": [
      [
        2,
        2
      ],
      [
        3,
        3
      ]
    ],
    "loop_sizes_measured": [
      [
        1,
        1
      ],
      [
        1,
        2
      ],
      [
        2,
        1
      ],
      [
        2,
        2
      ],
      [
        2,
        3
      ],
      [
        3,
        2
      ],
      [
        3,
        3
      ]
    ],
    "visibility_qc": {
      "r2_ok": false,
      "v_in_unit_interval": true,
      "i0_very_small": true
    },
    "hybrid_knobs": {
      "kick_passes": 3,
      "loop_measurement_cycles": 6
    }
  },
  "artifacts": {
    "kernel_hash": "c5f37351f163441ec05d09116a3864130c1bfed1c4688da9e07e9067e5bf8f54",
    "flip_counts_hash": "f9f0d5ea10777d9547c57c830847aa737adfb2a8c3d087b6a31b748452bdd993",
    "pivot_fit_hash": "e730f86cf82cf01e0490c7477184968845e3929e6af95e60cac897b00c6a8382",
    "config_hash": "3e53227bb97f97d3e0f7892c2fd75b0f2e140b1e74473c1589a222acbe454fae"
  }
}