{
  "sim": "MICC",
  "gauge": "SU2",
  "rep": "fundamental",
  "L": 12,
  "b": 3.5,
  "kappa": 1.0,
  "seed": 3,
  "measurement_model": "dephasing",
  "f": 0.3,
  "schedule": "pre",
  "sigma": 0.28501711031254107,
  "sigma_err": 0.043897053577593714,
  "visibility": 0.00034588951715473955,
  "visibility_err": 1.4342646596563004e-19,
  "coherence": {
    "C": 0.4665881748102269,
    "P_entropy": 0.2847356744998014
  },
  "twist_scan": {
    "phi_values": [
      0.0,
      0.09817477042468103,
      0.19634954084936207,
      0.2945243112740431,
      0.39269908169872414,
      0.4908738521234052,
      0.5890486225480862,
      0.6872233929727672,
      0.7853981633974483,
      0.8835729338221293,
      0.9817477042468103,
      1.0799224746714913,
      1.1780972450961724,
      1.2762720155208536,
      1.3744467859455345,
      1.4726215563702154,
      1.5707963267948966,
      1.6689710972195777,
      1.7671458676442586,
      1.8653206380689396,
      1.9634954084936207,
      2.061670178918302,
      2.1598449493429825,
      2.2580197197676637,
      2.356194490192345,
      2.454369260617026,
      2.552544031041707,
      2.650718801466388,
      2.748893571891069,
      2.84706834231575,
      2.945243112740431,
      3.043417883165112,
      3.141592653589793,
      3.2397674240144743,
      3.3379421944391554,
      3.436116964863836,
      3.5342917352885173,
      3.6324665057131984,
      3.730641276137879,
      3.8288160465625602,
      3.9269908169872414,
      4.025165587411922,
      4.123340357836604,
      4.221515128261284,
      4.319689898685965,
      4.417864669110647,
      4.516039439535327,
      4.614214209960009,
      4.71238898038469,
      4.81056375080937,
      4.908738521234052,
      5.006913291658733,
      5.105088062083414,
      5.203262832508095,
      5.301437602932776,
      5.399612373357457,
      5.497787143782138,
      5.595961914206819,
      5.6941366846315,
      5.792311455056181,
      5.890486225480862,
      5.988660995905543,
      6.086835766330224,
      6.1850105367549055
    ],
    "mean_I": [
      0.497350461652032,
      -0.5306611620904443,
      -0.9976543419914867,
      -0.4099208404997051,
      0.6111836488544244,
      0.9861407958424693,
      0.31854345756784036,
      -0.6858201029729682,
      -0.9651301747500945,
      -0.22409832700603077,
      0.7538517345924775,
      0.9348248224810549,
      0.1274950070505462,
      -0.8146233619105859,
      -0.8955165961442935,
      -0.02966384048130554,
      0.8675497209350659,
      0.8475840554474938,
      -0.06845300508767761,
      -0.9121211018960229,
      -0.7914888169601588,
      0.16591061079744748,
      0.9479082580296067,
      0.7277711084937004,
      -0.2617704066292686,
      -0.974566539459005,
      -0.6570445664122887,
      0.35510921034699156,
      0.9918392123611478,
      0.579990325979232,
      -0.4450281182466314,
      -0.9995599314537864,
      -0.4973504616520335,
      0.5306611620904443,
      0.9976543419914866,
      0.40992084049970734,
      -0.6111836488544239,
      -0.9861407958424693,
      -0.3185434575678441,
      0.6858201029729657,
      0.9651301747500947,
      0.22409832700603588,
      -0.7538517345924782,
      -0.9348248224810549,
      -0.12749500705055208,
      0.8146233619105845,
      0.8955165961442939,
      0.029663840481301967,
      -0.8675497209350649,
      -0.8475840554474959,
      0.06845300508767883,
      0.912121101896022,
      0.7914888169601567,
      -0.16591061079744604,
      -0.9479082580296063,
      -0.7277711084936983,
      0.26177040662926765,
      0.974566539459002,
      0.6570445664122881,
      -0.35510921034698995,
      -0.9918392123611464,
      -0.5799903259792334,
      0.4450281182466297,
      0.9995599314537873
    ],
    "fit": {
      "A": 3.348982413096138e-16,
      "I0": -2.0686290832117037e-16,
      "phi0": -2.1613076153495387,
      "R2": 0.0,
      "visibility_fit": 0.0003348982413096138,
      "visibility_fourier": 0.00034588951715473955,
      "visibility": 0.00034588951715473955
    },
    "cycles": 8,
    "per_cycle_V": [
      0.0003532540324090252,
      0.0003532540324090252,
      0.0003532540324090252,
      0.0003532540324090252,
      0.0003532540324090252,
      0.0003532540324090252,
      0.0003532540324090252,
      0.0003532540324090252
    ]
  },
  "diagnostics": {
    "measured_link_count": 86,
    "selection_policy": "uniform",
    "num_links": 288,
    "visibility_qc": {
      "r2_ok": false,
      "v_in_unit_interval": true,
      "i0_very_small": true
    },
    "hybrid_knobs": {
      "kick_passes": 3,
      "loop_measurement_cycles": 4
    }
  },
  "artifacts": {
    "kernel_hash": "c5f37351f163441ec05d09116a3864130c1bfed1c4688da9e07e9067e5bf8f54",
    "flip_counts_hash": "f9f0d5ea10777d9547c57c830847aa737adfb2a8c3d087b6a31b748452bdd993",
    "pivot_fit_hash": "18f843e4852e0cb06a5603a8f3e251da6d346190d1181f60fc167ac1ef296fd4",
    "config_hash": "09be816148e3d54a4ba01072548fde7efe2f97f681380c3e050adf0677f43c72"
  }
}