{
  "sim": "MICC",
  "gauge": "SU2",
  "rep": "fundamental",
  "L": 12,
  "b": 3.5,
  "kappa": 0.75,
  "seed": 4,
  "measurement_model": "dephasing",
  "f": 0.3,
  "schedule": "post",
  "sigma": 0.14305657200441543,
  "sigma_err": 0.017071176594059743,
  "visibility": 0.0003385445892889329,
  "visibility_err": 2.09954847897913e-19,
  "coherence": {
    "C": 0.4651844771984388,
    "P_entropy": 0.3605680553151701
  },
  "twist_scan": {
    "phi_values": [
      0.0,
      0.09817477042468103,
      0.19634954084936207,
      0.2945243112740431,
      0.39269908169872414,
      0.4908738521234052,
      0.5890486225480862,
      0.6872233929727672,
      0.7853981633974483,
      0.8835729338221293,
      0.9817477042468103,
      1.0799224746714913,
      1.1780972450961724,
      1.2762720155208536,
      1.3744467859455345,
      1.4726215563702154,
      1.5707963267948966,
      1.6689710972195777,
      1.7671458676442586,
      1.8653206380689396,
      1.9634954084936207,
      2.061670178918302,
      2.1598449493429825,
      2.2580197197676637,
      2.356194490192345,
      2.454369260617026,
      2.552544031041707,
      2.650718801466388,
      2.748893571891069,
      2.84706834231575,
      2.945243112740431,
      3.043417883165112,
      3.141592653589793,
      3.2397674240144743,
      3.3379421944391554,
      3.436116964863836,
      3.5342917352885173,
      3.6324665057131984,
      3.730641276137879,
      3.8288160465625602,
      3.9269908169872414,
      4.025165587411922,
      4.123340357836604,
      4.221515128261284,
      4.319689898685965,
      4.417864669110647,
      4.516039439535327,
      4.614214209960009,
      4.71238898038469,
      4.81056375080937,
      4.908738521234052,
      5.006913291658733,
      5.105088062083414,
      5.203262832508095,
      5.301437602932776,
      5.399612373357457,
      5.497787143782138,
      5.595961914206819,
      5.6941366846315,
      5.792311455056181,
      5.890486225480862,
      5.988660995905543,
      6.086835766330224,
      6.1850105367549055
    ],
    "mean_I": [
      -0.6657009050480938,
      -0.9719153481913128,
      -0.2506145421688823,
      0.7356375934322069,
      0.9441688642298266,
      0.1545186497890904,
      -0.7984896896511537,
      -0.9073295179706059,
      -0.05693465834334357,
      0.8536518936598937,
      0.8617520924565606,
      -0.04119764498589741,
      -0.9005929632790971,
      -0.8078755232105445,
      0.13893319247300434,
      0.9388608303477297,
      0.7462186710463291,
      -0.23533073736798726,
      -0.9680869543865778,
      -0.6773753251553175,
      0.32946191861724766,
      0.9879898718445227,
      0.6020084845920409,
      -0.42042020148801884,
      -0.9983779067464016,
      -0.5208439732308269,
      0.5073296079934038,
      0.9991510166374321,
      0.43466344968512605,
      -0.589353153039234,
      -0.9903017560467421,
      -0.34429687950774485,
      0.6657009050480927,
      0.9719153481913128,
      0.2506145421688807,
      -0.7356375934322051,
      -0.9441688642298284,
      -0.1545186497890904,
      0.7984896896511521,
      0.9073295179706059,
      0.05693465834334522,
      -0.8536518936598921,
      -0.8617520924565589,
      0.04119764498589713,
      0.9005929632790948,
      0.8078755232105457,
      -0.1389331924730002,
      -0.9388608303477306,
      -0.7462186710463298,
      0.23533073736798116,
      0.9680869543865782,
      0.6773753251553186,
      -0.3294619186172506,
      -0.9879898718445222,
      -0.6020084845920424,
      0.4204202014880216,
      0.9983779067464016,
      0.5208439732308329,
      -0.5073296079934035,
      -0.9991510166374321,
      -0.43466344968513115,
      0.5893531530392335,
      0.9903017560467405,
      0.3442968795077421
    ],
    "fit": {
      "A": 3.3135822817257783e-16,
      "I0": -1.1145661209610581e-16,
      "phi0": -2.375800748833747,
      "R2": 0.0,
      "visibility_fit": 0.00033135822817257786,
      "visibility_fourier": 0.0003385445892889329,
      "visibility": 0.0003385445892889329
    },
    "cycles": 16,
    "per_cycle_V": [
      0.00035130566336218707,
      0.00035130566336218707,
      0.00035130566336218707,
      0.00035130566336218707,
      0.00035130566336218707,
      0.00035130566336218707,
      0.00035130566336218707,
      0.00035130566336218707,
      0.00035130566336218707,
      0.00035130566336218707,
      0.00035130566336218707,
      0.00035130566336218707,
      0.00035130566336218707,
      0.00035130566336218707,
      0.00035130566336218707,
      0.00035130566336218707
    ]
  },
  "diagnostics": {
    "measured_link_count": 86,
    "selection_policy": "uniform",
    "num_links": 288,
    "creutz_sizes": [
      [
        2,
        2
      ],
      [
        3,
        3
      ]
    ],
    "loop_sizes_measured": [
      [
        1,
        1
      ],
      [
        1,
        2
      ],
      [
        2,
        1
      ],
      [
        2,
        2
      ],
      [
        2,
        3
      ],
      [
        3,
        2
      ],
      [
        3,
        3
      ]
    ],
    "visibility_qc": {
      "r2_ok": false,
      "v_in_unit_interval": true,
      "i0_very_small": true
    },
    "hybrid_knobs": {
      "kick_passes": 3,
      "loop_measurement_cycles": 6
    }
  },
  "artifacts": {
    "kernel_hash": "c5f37351f163441ec05d09116a3864130c1bfed1c4688da9e07e9067e5bf8f54",
    "flip_counts_hash": "7a11042fb34eaa3744d5206ec23f7fdadc3f7966920f4b324b412fb9e9cc0219",
    "pivot_fit_hash": "32e5af21ae29df0c4428cd8be3189fb5b9433eb374572ce92302aca28369a080",
    "config_hash": "3e53227bb97f97d3e0f7892c2fd75b0f2e140b1e74473c1589a222acbe454fae"
  }
}