{
  "sim": "MICC",
  "gauge": "SU2",
  "rep": "fundamental",
  "L": 12,
  "b": 3.0,
  "kappa": 1.0,
  "seed": 0,
  "measurement_model": "dephasing",
  "f": 0.3,
  "schedule": "during",
  "sigma": 0.29112191559724065,
  "sigma_err": 0.04166216308514706,
  "visibility": 5.910450739645574e-05,
  "visibility_err": 5.727146685546485e-05,
  "coherence": {
    "C": 0.585331709735891,
    "P_entropy": 0.23948938030844066
  },
  "twist_scan": {
    "phi_values": [
      0.0,
      0.09817477042468103,
      0.19634954084936207,
      0.2945243112740431,
      0.39269908169872414,
      0.4908738521234052,
      0.5890486225480862,
      0.6872233929727672,
      0.7853981633974483,
      0.8835729338221293,
      0.9817477042468103,
      1.0799224746714913,
      1.1780972450961724,
      1.2762720155208536,
      1.3744467859455345,
      1.4726215563702154,
      1.5707963267948966,
      1.6689710972195777,
      1.7671458676442586,
      1.8653206380689396,
      1.9634954084936207,
      2.061670178918302,
      2.1598449493429825,
      2.2580197197676637,
      2.356194490192345,
      2.454369260617026,
      2.552544031041707,
      2.650718801466388,
      2.748893571891069,
      2.84706834231575,
      2.945243112740431,
      3.043417883165112,
      3.141592653589793,
      3.2397674240144743,
      3.3379421944391554,
      3.436116964863836,
      3.5342917352885173,
      3.6324665057131984,
      3.730641276137879,
      3.8288160465625602,
      3.9269908169872414,
      4.025165587411922,
      4.123340357836604,
      4.221515128261284,
      4.319689898685965,
      4.417864669110647,
      4.516039439535327,
      4.614214209960009,
      4.71238898038469,
      4.81056375080937,
      4.908738521234052,
      5.006913291658733,
      5.105088062083414,
      5.203262832508095,
      5.301437602932776,
      5.399612373357457,
      5.497787143782138,
      5.595961914206819,
      5.6941366846315,
      5.792311455056181,
      5.890486225480862,
      5.988660995905543,
      6.086835766330224,
      6.1850105367549055
    ],
    "mean_I": [
      -0.1925059162305333,
      -0.18181626265645034,
      0.021090730394234924,
      0.20170046562668875,
      0.1690711522311757,
      -0.0423012867203134,
      -0.20895252927816893,
      -0.15469779418622198,
      0.06310445853103969,
      0.21419226584762868,
      0.13883461181683845,
      -0.08329989990970521,
      -0.21736921380757324,
      -0.1216343762409394,
      0.10269311771588398,
      0.21845277741245095,
      0.10326273512972681,
      -0.12109734466069026,
      -0.2174325213524116,
      -0.08389661743006227,
      0.13833533797787095,
      0.21431827125104175,
      0.0637225294419897,
      -0.154241086368537,
      -0.20914001903923984,
      -0.042934758661111835,
      0.16866140878072028,
      0.2019476341165261,
      0.021733502683801934,
      -0.18145742962663935,
      -0.1928103830814643,
      -0.00032294119490625106,
      0.1925059162305331,
      0.18181626265645034,
      -0.02109073039423527,
      -0.20170046562668864,
      -0.16907115223117597,
      0.0423012867203134,
      0.2089525292781689,
      0.1546977941862223,
      -0.06310445853103915,
      -0.21419226584762863,
      -0.13883461181683804,
      0.08329989990970516,
      0.2173692138075729,
      0.12163437624093963,
      -0.10269311771588308,
      -0.21845277741245134,
      -0.10326273512972711,
      0.12109734466068911,
      0.21743252135241148,
      0.08389661743006244,
      -0.13833533797787176,
      -0.21431827125104164,
      -0.06372252944199014,
      0.15424108636853762,
      0.20914001903923976,
      0.042934758661113404,
      -0.16866140878072003,
      -0.2019476341165261,
      -0.021733502683803294,
      0.18145742962663924,
      0.19281038308146414,
      0.0003229411949054878
    ],
    "fit": {
      "A": 5.757540652285934e-17,
      "I0": -1.8373080760057e-17,
      "phi0": -2.3598163027575243,
      "R2": 1.1102230246251565e-16,
      "visibility_fit": 5.757540652285934e-05,
      "visibility_fourier": 5.910450739645574e-05,
      "visibility": 5.910450739645574e-05
    },
    "cycles": 8,
    "per_cycle_V": [
      0.00046688258330898787,
      0.0004813818575328528,
      0.00010695334331612022,
      0.00013990157661345856,
      0.0001569619222600253,
      0.0002940896943932795,
      0.0003216141330384873,
      0.0004990734640324846
    ]
  },
  "diagnostics": {
    "measured_link_count": 86,
    "selection_policy": "uniform",
    "num_links": 288,
    "visibility_qc": {
      "r2_ok": false,
      "v_in_unit_interval": true,
      "i0_very_small": true
    },
    "hybrid_knobs": {
      "kick_passes": 3,
      "loop_measurement_cycles": 4
    }
  },
  "artifacts": {
    "kernel_hash": "c5f37351f163441ec05d09116a3864130c1bfed1c4688da9e07e9067e5bf8f54",
    "flip_counts_hash": "526d3d4f7381a97e02c3ef4c6b8d2598448ee2e98060a326f334d01ae3e48798",
    "pivot_fit_hash": "e730f86cf82cf01e0490c7477184968845e3929e6af95e60cac897b00c6a8382",
    "config_hash": "09be816148e3d54a4ba01072548fde7efe2f97f681380c3e050adf0677f43c72"
  }
}