{
  "sim": "MICC",
  "gauge": "SU2",
  "rep": "fundamental",
  "L": 8,
  "b": 3.0,
  "kappa": 1.0,
  "seed": 4,
  "measurement_model": "dephasing",
  "f": 0.0,
  "schedule": "during",
  "sigma": 0.20726038729388116,
  "sigma_err": 0.047839725196986926,
  "visibility": 0.0002181914783127486,
  "visibility_err": 7.171323298281502e-20,
  "coherence": {
    "C": 0.5930676551242585,
    "P_entropy": 0.35917350980617924
  },
  "twist_scan": {
    "phi_values": [
      0.0,
      0.09817477042468103,
      0.19634954084936207,
      0.2945243112740431,
      0.39269908169872414,
      0.4908738521234052,
      0.5890486225480862,
      0.6872233929727672,
      0.7853981633974483,
      0.8835729338221293,
      0.9817477042468103,
      1.0799224746714913,
      1.1780972450961724,
      1.2762720155208536,
      1.3744467859455345,
      1.4726215563702154,
      1.5707963267948966,
      1.6689710972195777,
      1.7671458676442586,
      1.8653206380689396,
      1.9634954084936207,
      2.061670178918302,
      2.1598449493429825,
      2.2580197197676637,
      2.356194490192345,
      2.454369260617026,
      2.552544031041707,
      2.650718801466388,
      2.748893571891069,
      2.84706834231575,
      2.945243112740431,
      3.043417883165112,
      3.141592653589793,
      3.2397674240144743,
      3.3379421944391554,
      3.436116964863836,
      3.5342917352885173,
      3.6324665057131984,
      3.730641276137879,
      3.8288160465625602,
      3.9269908169872414,
      4.025165587411922,
      4.123340357836604,
      4.221515128261284,
      4.319689898685965,
      4.417864669110647,
      4.516039439535327,
      4.614214209960009,
      4.71238898038469,
      4.81056375080937,
      4.908738521234052,
      5.006913291658733,
      5.105088062083414,
      5.203262832508095,
      5.301437602932776,
      5.399612373357457,
      5.497787143782138,
      5.595961914206819,
      5.6941366846315,
      5.792311455056181,
      5.890486225480862,
      5.988660995905543,
      6.086835766330224,
      6.1850105367549055
    ],
    "mean_I": [
      0.8492472584369429,
      0.3215203014990004,
      -0.3521701503828107,
      -0.8659827167154796,
      -0.9866572345222443,
      -0.6594099956278496,
      -0.032804404822163964,
      0.6086936999400984,
      0.9738575907216384,
      0.8969104954888534,
      0.41278478676563424,
      -0.2587365851709655,
      -0.8127969567747046,
      -0.9978645029255687,
      -0.7299224268274466,
      -0.13061082923746012,
      0.5279953541815842,
      0.9469026854561101,
      0.9359359941680567,
      0.5000739288845985,
      -0.16281124520412138,
      -0.751783517820177,
      -0.9994617906774942,
      -0.7934053060405094,
      -0.2271593999680561,
      0.4422121245306814,
      0.910828589699978,
      0.965947917588763,
      0.5825470857001851,
      -0.06531794394428025,
      -0.6835299926223631,
      -0.9914337150238045,
      -0.8492472584369432,
      -0.32152030149900046,
      0.3521701503828114,
      0.8659827167154788,
      0.9866572345222452,
      0.6594099956278496,
      0.03280440482216591,
      -0.6086936999400963,
      -0.9738575907216375,
      -0.8969104954888553,
      -0.41278478676563374,
      0.25873658517096504,
      0.8127969567747025,
      0.9978645029255685,
      0.7299224268274489,
      0.13061082923745823,
      -0.5279953541815833,
      -0.9469026854561086,
      -0.9359359941680562,
      -0.5000739288845995,
      0.16281124520412363,
      0.7517835178201764,
      0.9994617906774942,
      0.7934053060405077,
      0.22715939996805723,
      -0.4422121245306775,
      -0.9108285896999772,
      -0.965947917588763,
      -0.5825470857001885,
      0.06531794394427987,
      0.6835299926223628,
      0.9914337150238052
    ],
    "fit": {
      "A": 2.440904940731873e-16,
      "I0": 9.113424674112023e-17,
      "phi0": -2.9304784979132203,
      "R2": 1.1102230246251565e-16,
      "visibility_fit": 0.00024409049407318729,
      "visibility_fourier": 0.0002181914783127486,
      "visibility": 0.0002181914783127486
    },
    "cycles": 8,
    "per_cycle_V": [
      0.00022323614784908915,
      0.00022323614784908915,
      0.00022323614784908915,
      0.00022323614784908915,
      0.00022323614784908915,
      0.00022323614784908915,
      0.00022323614784908915,
      0.00022323614784908915
    ]
  },
  "diagnostics": {
    "measured_link_count": 0,
    "selection_policy": "uniform",
    "num_links": 128,
    "visibility_qc": {
      "r2_ok": false,
      "v_in_unit_interval": true,
      "i0_very_small": true
    },
    "hybrid_knobs": {
      "kick_passes": 3,
      "loop_measurement_cycles": 4
    }
  },
  "artifacts": {
    "kernel_hash": "bb669db8d373312f24e4630fcfc599d4f7b832920772c12cef62ec22cd65bc64",
    "flip_counts_hash": "b3326e9c852a05e144e201e0a4a89d13606dfe15c97d7e29e97870d36629453e",
    "pivot_fit_hash": "e730f86cf82cf01e0490c7477184968845e3929e6af95e60cac897b00c6a8382",
    "config_hash": "09be816148e3d54a4ba01072548fde7efe2f97f681380c3e050adf0677f43c72"
  }
}