{
  "sim": "MICC",
  "gauge": "SU2",
  "rep": "fundamental",
  "L": 12,
  "b": 3.5,
  "kappa": 0.75,
  "seed": 1,
  "measurement_model": "dephasing",
  "f": 0.3,
  "schedule": "pre",
  "sigma": 0.2686898620878771,
  "sigma_err": 0.05774221379965337,
  "visibility": 0.00038626944916295413,
  "visibility_err": 1.4342646596563004e-19,
  "coherence": {
    "C": 0.47382055173378756,
    "P_entropy": 0.2989990004981248
  },
  "twist_scan": {
    "phi_values": [
      0.0,
      0.09817477042468103,
      0.19634954084936207,
      0.2945243112740431,
      0.39269908169872414,
      0.4908738521234052,
      0.5890486225480862,
      0.6872233929727672,
      0.7853981633974483,
      0.8835729338221293,
      0.9817477042468103,
      1.0799224746714913,
      1.1780972450961724,
      1.2762720155208536,
      1.3744467859455345,
      1.4726215563702154,
      1.5707963267948966,
      1.6689710972195777,
      1.7671458676442586,
      1.8653206380689396,
      1.9634954084936207,
      2.061670178918302,
      2.1598449493429825,
      2.2580197197676637,
      2.356194490192345,
      2.454369260617026,
      2.552544031041707,
      2.650718801466388,
      2.748893571891069,
      2.84706834231575,
      2.945243112740431,
      3.043417883165112,
      3.141592653589793,
      3.2397674240144743,
      3.3379421944391554,
      3.436116964863836,
      3.5342917352885173,
      3.6324665057131984,
      3.730641276137879,
      3.8288160465625602,
      3.9269908169872414,
      4.025165587411922,
      4.123340357836604,
      4.221515128261284,
      4.319689898685965,
      4.417864669110647,
      4.516039439535327,
      4.614214209960009,
      4.71238898038469,
      4.81056375080937,
      4.908738521234052,
      5.006913291658733,
      5.105088062083414,
      5.203262832508095,
      5.301437602932776,
      5.399612373357457,
      5.497787143782138,
      5.595961914206819,
      5.6941366846315,
      5.792311455056181,
      5.890486225480862,
      5.988660995905543,
      6.086835766330224,
      6.1850105367549055
    ],
    "mean_I": [
      -0.47975020968448184,
      -0.999954911944367,
      -0.4630007552429233,
      0.5634408216053934,
      0.994209084641607,
      0.37389301484023735,
      -0.6417051904061625,
      -0.9788884803637786,
      -0.28118448031392623,
      0.7137895874315793,
      0.9541406449051715,
      0.18576798553112275,
      -0.7789998005329516,
      -0.9202039134497946,
      -0.08856244349653995,
      0.8367078197105811,
      0.8774051152732679,
      -0.00949600328207053,
      -0.88635788519338,
      -0.8261564261982353,
      0.10746299835802876,
      0.92747183970926,
      0.7669513991158715,
      -0.20439506601454863,
      -0.9596537334010566,
      -0.7003602108017373,
      0.2993586974516442,
      0.9825936370401076,
      0.6270241708017504,
      -0.3914393409861657,
      -0.9960706268141444,
      -0.5476495452706631,
      0.4797502096844807,
      0.9999549119443677,
      0.4630007552429217,
      -0.563440821605392,
      -0.9942090846416078,
      -0.37389301484023735,
      0.6417051904061597,
      0.9788884803637786,
      0.2811844803139287,
      -0.7137895874315766,
      -0.9541406449051706,
      -0.18576798553112311,
      0.778999800532948,
      0.9202039134497941,
      0.08856244349654417,
      -0.8367078197105842,
      -0.877405115273268,
      0.009496003282064002,
      0.8863578851933811,
      0.8261564261982359,
      -0.1074629983580325,
      -0.9274718397092593,
      -0.7669513991158724,
      0.2043950660145522,
      0.9596537334010565,
      0.7003602108017415,
      -0.29935869745164373,
      -0.9825936370401075,
      -0.6270241708017547,
      0.3914393409861646,
      0.9960706268141433,
      0.5476495452706606
    ],
    "fit": {
      "A": 3.8135525540300346e-16,
      "I0": -1.6990231359415024e-16,
      "phi0": -2.260785605061588,
      "R2": 0.0,
      "visibility_fit": 0.0003813552554030035,
      "visibility_fourier": 0.00038626944916295413,
      "visibility": 0.00038626944916295413
    },
    "cycles": 8,
    "per_cycle_V": [
      0.0003907486891217175,
      0.0003907486891217175,
      0.0003907486891217175,
      0.0003907486891217175,
      0.0003907486891217175,
      0.0003907486891217175,
      0.0003907486891217175,
      0.0003907486891217175
    ]
  },
  "diagnostics": {
    "measured_link_count": 86,
    "selection_policy": "uniform",
    "num_links": 288,
    "visibility_qc": {
      "r2_ok": false,
      "v_in_unit_interval": true,
      "i0_very_small": true
    },
    "hybrid_knobs": {
      "kick_passes": 3,
      "loop_measurement_cycles": 4
    }
  },
  "artifacts": {
    "kernel_hash": "c5f37351f163441ec05d09116a3864130c1bfed1c4688da9e07e9067e5bf8f54",
    "flip_counts_hash": "1045813912820017453b344ca74f8b8f873bba658c2e9b55c71942b9dd07c053",
    "pivot_fit_hash": "32e5af21ae29df0c4428cd8be3189fb5b9433eb374572ce92302aca28369a080",
    "config_hash": "09be816148e3d54a4ba01072548fde7efe2f97f681380c3e050adf0677f43c72"
  }
}