{
  "sim": "MICC",
  "gauge": "SU2",
  "rep": "fundamental",
  "L": 8,
  "b": 3.5,
  "kappa": 0.75,
  "seed": 3,
  "measurement_model": "dephasing",
  "f": 0.3,
  "schedule": "pre",
  "sigma": 0.2897734387319689,
  "sigma_err": 0.06179426595626867,
  "visibility": 0.00017719724801385682,
  "visibility_err": 1.049774239489565e-19,
  "coherence": {
    "C": 0.46761479259017363,
    "P_entropy": 0.2711916926733471
  },
  "twist_scan": {
    "phi_values": [
      0.0,
      0.09817477042468103,
      0.19634954084936207,
      0.2945243112740431,
      0.39269908169872414,
      0.4908738521234052,
      0.5890486225480862,
      0.6872233929727672,
      0.7853981633974483,
      0.8835729338221293,
      0.9817477042468103,
      1.0799224746714913,
      1.1780972450961724,
      1.2762720155208536,
      1.3744467859455345,
      1.4726215563702154,
      1.5707963267948966,
      1.6689710972195777,
      1.7671458676442586,
      1.8653206380689396,
      1.9634954084936207,
      2.061670178918302,
      2.1598449493429825,
      2.2580197197676637,
      2.356194490192345,
      2.454369260617026,
      2.552544031041707,
      2.650718801466388,
      2.748893571891069,
      2.84706834231575,
      2.945243112740431,
      3.043417883165112,
      3.141592653589793,
      3.2397674240144743,
      3.3379421944391554,
      3.436116964863836,
      3.5342917352885173,
      3.6324665057131984,
      3.730641276137879,
      3.8288160465625602,
      3.9269908169872414,
      4.025165587411922,
      4.123340357836604,
      4.221515128261284,
      4.319689898685965,
      4.417864669110647,
      4.516039439535327,
      4.614214209960009,
      4.71238898038469,
      4.81056375080937,
      4.908738521234052,
      5.006913291658733,
      5.105088062083414,
      5.203262832508095,
      5.301437602932776,
      5.399612373357457,
      5.497787143782138,
      5.595961914206819,
      5.6941366846315,
      5.792311455056181,
      5.890486225480862,
      5.988660995905543,
      6.086835766330224,
      6.1850105367549055
    ],
    "mean_I": [
      0.6488926403877572,
      0.01890364589481216,
      -0.6196672086210422,
      -0.9769221056351595,
      -0.8906747909331861,
      -0.4000797422408866,
      0.27214314507143633,
      0.8208187341433514,
      0.9968597785461241,
      0.7203473245626811,
      0.11681224533154279,
      -0.5397531511185696,
      -0.9512819014318077,
      -0.9309485566845658,
      -0.4879840302884355,
      0.17651504371048668,
      0.7608799782164102,
      0.9998213101209056,
      0.7848646702201628,
      0.21359587898966287,
      -0.45464097571174206,
      -0.9164803324940837,
      -0.9622567789268239,
      -0.5711887653651003,
      0.07918700598566897,
      0.6936135321599396,
      0.993154015921299,
      0.8418233400527536,
      0.3083224675697259,
      -0.3651503591767708,
      -0.872852556955328,
      -0.9842979423649543,
      -0.6488926403877577,
      -0.01890364589481216,
      0.6196672086210435,
      0.9769221056351594,
      0.8906747909331867,
      0.4000797422408866,
      -0.2721431450714341,
      -0.8208187341433498,
      -0.9968597785461241,
      -0.720347324562684,
      -0.11681224533154227,
      0.5397531511185701,
      0.9512819014318059,
      0.9309485566845658,
      0.48798403028843734,
      -0.17651504371048923,
      -0.760879978216409,
      -0.9998213101209056,
      -0.7848646702201628,
      -0.21359587898966345,
      0.45464097571174383,
      0.9164803324940833,
      0.9622567789268248,
      0.5711887653650985,
      -0.07918700598566765,
      -0.6936135321599365,
      -0.9931540159212987,
      -0.8418233400527536,
      -0.3083224675697292,
      0.36515035917677025,
      0.8728525569553269,
      0.9842979423649555
    ],
    "fit": {
      "A": 1.747238510430468e-16,
      "I0": 4.5515948094987374e-17,
      "phi0": -2.63329975666864,
      "R2": 0.0,
      "visibility_fit": 0.0001747238510430468,
      "visibility_fourier": 0.00017719724801385682,
      "visibility": 0.00017719724801385682
    },
    "cycles": 16,
    "per_cycle_V": [
      0.0001928046816633556,
      0.0001928046816633556,
      0.0001928046816633556,
      0.0001928046816633556,
      0.0001928046816633556,
      0.0001928046816633556,
      0.0001928046816633556,
      0.0001928046816633556,
      0.0001928046816633556,
      0.0001928046816633556,
      0.0001928046816633556,
      0.0001928046816633556,
      0.0001928046816633556,
      0.0001928046816633556,
      0.0001928046816633556,
      0.0001928046816633556
    ]
  },
  "diagnostics": {
    "measured_link_count": 38,
    "selection_policy": "uniform",
    "num_links": 128,
    "creutz_sizes": [
      [
        2,
        2
      ],
      [
        3,
        3
      ]
    ],
    "loop_sizes_measured": [
      [
        1,
        1
      ],
      [
        1,
        2
      ],
      [
        2,
        1
      ],
      [
        2,
        2
      ],
      [
        2,
        3
      ],
      [
        3,
        2
      ],
      [
        3,
        3
      ]
    ],
    "visibility_qc": {
      "r2_ok": false,
      "v_in_unit_interval": true,
      "i0_very_small": true
    },
    "hybrid_knobs": {
      "kick_passes": 3,
      "loop_measurement_cycles": 6
    }
  },
  "artifacts": {
    "kernel_hash": "bb669db8d373312f24e4630fcfc599d4f7b832920772c12cef62ec22cd65bc64",
    "flip_counts_hash": "c1b27689be21b2ac0fdae0da5c804f2dab3460dc84baee0f4b6cda147a262623",
    "pivot_fit_hash": "32e5af21ae29df0c4428cd8be3189fb5b9433eb374572ce92302aca28369a080",
    "config_hash": "3e53227bb97f97d3e0f7892c2fd75b0f2e140b1e74473c1589a222acbe454fae"
  }
}