{
  "sim": "MICC",
  "gauge": "SU2",
  "rep": "fundamental",
  "L": 12,
  "b": 3.5,
  "kappa": 1.0,
  "seed": 0,
  "measurement_model": "dephasing",
  "f": 0.1,
  "schedule": "during",
  "sigma": 0.22530910849002794,
  "sigma_err": 0.009124732707433405,
  "visibility": 0.0003514758703175597,
  "visibility_err": 3.8930538470908496e-05,
  "coherence": {
    "C": 0.4655579359989797,
    "P_entropy": 0.3033273570154322
  },
  "twist_scan": {
    "phi_values": [
      0.0,
      0.09817477042468103,
      0.19634954084936207,
      0.2945243112740431,
      0.39269908169872414,
      0.4908738521234052,
      0.5890486225480862,
      0.6872233929727672,
      0.7853981633974483,
      0.8835729338221293,
      0.9817477042468103,
      1.0799224746714913,
      1.1780972450961724,
      1.2762720155208536,
      1.3744467859455345,
      1.4726215563702154,
      1.5707963267948966,
      1.6689710972195777,
      1.7671458676442586,
      1.8653206380689396,
      1.9634954084936207,
      2.061670178918302,
      2.1598449493429825,
      2.2580197197676637,
      2.356194490192345,
      2.454369260617026,
      2.552544031041707,
      2.650718801466388,
      2.748893571891069,
      2.84706834231575,
      2.945243112740431,
      3.043417883165112,
      3.141592653589793,
      3.2397674240144743,
      3.3379421944391554,
      3.436116964863836,
      3.5342917352885173,
      3.6324665057131984,
      3.730641276137879,
      3.8288160465625602,
      3.9269908169872414,
      4.025165587411922,
      4.123340357836604,
      4.221515128261284,
      4.319689898685965,
      4.417864669110647,
      4.516039439535327,
      4.614214209960009,
      4.71238898038469,
      4.81056375080937,
      4.908738521234052,
      5.006913291658733,
      5.105088062083414,
      5.203262832508095,
      5.301437602932776,
      5.399612373357457,
      5.497787143782138,
      5.595961914206819,
      5.6941366846315,
      5.792311455056181,
      5.890486225480862,
      5.988660995905543,
      6.086835766330224,
      6.1850105367549055
    ],
    "mean_I": [
      -0.5132351199558208,
      -0.9291872824330036,
      -0.3627965857224482,
      0.5871450291506521,
      0.9163530872928933,
      0.27678668110994514,
      -0.6554004107486413,
      -0.8946939109926019,
      -0.18811116945136216,
      0.7173439281128119,
      0.8644183432400085,
      0.097624044398939,
      -0.772379031309177,
      -0.8258179543028801,
      -0.006196746432219936,
      0.8199757022087056,
      0.7792644870278006,
      -0.08529022959012729,
      -0.859675558851652,
      -0.7252062767533439,
      0.17595581407713792,
      0.891096269916393,
      0.6641639335956748,
      -0.26492684788735277,
      -0.9139352367790654,
      -0.5967253286885398,
      0.35134649132866963,
      0.9279725077037361,
      0.5235399326628909,
      -0.43438247599295826,
      -0.9330728960978463,
      -0.44531256088965854,
      0.5132351199558197,
      0.9291872824330036,
      0.3627965857224473,
      -0.5871450291506506,
      -0.9163530872928947,
      -0.27678668110994514,
      0.6554004107486396,
      0.8946939109926018,
      0.18811116945136386,
      -0.7173439281128098,
      -0.8644183432400073,
      -0.09762404439893937,
      0.7723790313091737,
      0.8258179543028799,
      0.006196746432223659,
      -0.819975702208708,
      -0.779264487027801,
      0.08529022959012164,
      0.8596755588516525,
      0.7252062767533447,
      -0.17595581407714084,
      -0.8910962699163922,
      -0.6641639335956764,
      0.26492684788735554,
      0.9139352367790655,
      0.5967253286885444,
      -0.351346491328669,
      -0.9279725077037352,
      -0.5235399326628956,
      0.43438247599295765,
      0.9330728960978456,
      0.4453125608896558
    ],
    "fit": {
      "A": 0.012810831877511942,
      "I0": 1.5150751000951714e-16,
      "phi0": 1.8385842003118222,
      "R2": 8.552081710389015e-05,
      "visibility_fit": 1.0,
      "visibility_fourier": 0.0003514758703175597,
      "visibility": 0.0003514758703175597
    },
    "cycles": 8,
    "per_cycle_V": [
      0.00036281526110459015,
      0.00044175564394772696,
      0.00044848578198872495,
      0.0002657895034788983,
      0.0003680640107296738,
      0.0005067330492204889,
      0.0001664714675804108,
      0.0004208313658692817
    ]
  },
  "diagnostics": {
    "measured_link_count": 29,
    "selection_policy": "uniform",
    "num_links": 288,
    "visibility_qc": {
      "r2_ok": false,
      "v_in_unit_interval": true,
      "i0_very_small": true
    },
    "hybrid_knobs": {
      "kick_passes": 3,
      "loop_measurement_cycles": 4
    }
  },
  "artifacts": {
    "kernel_hash": "c5f37351f163441ec05d09116a3864130c1bfed1c4688da9e07e9067e5bf8f54",
    "flip_counts_hash": "526d3d4f7381a97e02c3ef4c6b8d2598448ee2e98060a326f334d01ae3e48798",
    "pivot_fit_hash": "18f843e4852e0cb06a5603a8f3e251da6d346190d1181f60fc167ac1ef296fd4",
    "config_hash": "09be816148e3d54a4ba01072548fde7efe2f97f681380c3e050adf0677f43c72"
  }
}