{
  "sim": "MICC",
  "gauge": "SU2",
  "rep": "fundamental",
  "L": 12,
  "b": 3.5,
  "kappa": 1.0,
  "seed": 1,
  "measurement_model": "dephasing",
  "f": 0.1,
  "schedule": "during",
  "sigma": 0.22700718951332324,
  "sigma_err": 0.020606711000739894,
  "visibility": 0.00033470787357118046,
  "visibility_err": 4.3700464542443275e-05,
  "coherence": {
    "C": 0.4666659815906991,
    "P_entropy": 0.3138941448977026
  },
  "twist_scan": {
    "phi_values": [
      0.0,
      0.09817477042468103,
      0.19634954084936207,
      0.2945243112740431,
      0.39269908169872414,
      0.4908738521234052,
      0.5890486225480862,
      0.6872233929727672,
      0.7853981633974483,
      0.8835729338221293,
      0.9817477042468103,
      1.0799224746714913,
      1.1780972450961724,
      1.2762720155208536,
      1.3744467859455345,
      1.4726215563702154,
      1.5707963267948966,
      1.6689710972195777,
      1.7671458676442586,
      1.8653206380689396,
      1.9634954084936207,
      2.061670178918302,
      2.1598449493429825,
      2.2580197197676637,
      2.356194490192345,
      2.454369260617026,
      2.552544031041707,
      2.650718801466388,
      2.748893571891069,
      2.84706834231575,
      2.945243112740431,
      3.043417883165112,
      3.141592653589793,
      3.2397674240144743,
      3.3379421944391554,
      3.436116964863836,
      3.5342917352885173,
      3.6324665057131984,
      3.730641276137879,
      3.8288160465625602,
      3.9269908169872414,
      4.025165587411922,
      4.123340357836604,
      4.221515128261284,
      4.319689898685965,
      4.417864669110647,
      4.516039439535327,
      4.614214209960009,
      4.71238898038469,
      4.81056375080937,
      4.908738521234052,
      5.006913291658733,
      5.105088062083414,
      5.203262832508095,
      5.301437602932776,
      5.399612373357457,
      5.497787143782138,
      5.595961914206819,
      5.6941366846315,
      5.792311455056181,
      5.890486225480862,
      5.988660995905543,
      6.086835766330224,
      6.1850105367549055
    ],
    "mean_I": [
      -0.5405253726751411,
      -0.8995072605845297,
      -0.3075242021065381,
      0.6095754498484478,
      0.8822279579221337,
      0.22218331115386708,
      -0.6727549822118774,
      -0.8564523177500899,
      -0.1347026734570316,
      0.7294555163313237,
      0.8224285735736512,
      0.0459247753788351,
      -0.7791309950675522,
      -0.7804843926485071,
      0.04329540339129849,
      0.821303016404953,
      0.7310237203659897,
      -0.13209862375909862,
      -0.8555654407244772,
      -0.6745228900381336,
      0.2196296621676436,
      0.88158830215018,
      0.6115260355474905,
      -0.3050455468677277,
      -0.8991209863009872,
      -0.5426398510403866,
      0.38752367619662065,
      0.907994643844189,
      0.4685277481306508,
      -0.4662697406817466,
      -0.9081238166068094,
      -0.3899034668830958,
      0.5405253726751402,
      0.8995072605845298,
      0.307524202106537,
      -0.6095754498484465,
      -0.8822279579221352,
      -0.22218331115386708,
      0.6727549822118759,
      0.8564523177500901,
      0.13470267345703332,
      -0.7294555163313216,
      -0.8224285735736503,
      -0.04592477537883573,
      0.7791309950675496,
      0.7804843926485071,
      -0.04329540339129486,
      -0.8213030164049547,
      -0.7310237203659904,
      0.13209862375909295,
      0.8555654407244778,
      0.6745228900381346,
      -0.2196296621676464,
      -0.8815883021501794,
      -0.6115260355474916,
      0.3050455468677304,
      0.8991209863009874,
      0.5426398510403916,
      -0.3875236761966202,
      -0.9079946438441884,
      -0.4685277481306554,
      0.46626974068174604,
      0.908123816606809,
      0.3899034668830933
    ],
    "fit": {
      "A": 0.013728993871869188,
      "I0": 1.4499957895296022e-16,
      "phi0": 3.0557885447456052,
      "R2": 0.00018473002557028995,
      "visibility_fit": 1.0,
      "visibility_fourier": 0.00033470787357118046,
      "visibility": 0.00033470787357118046
    },
    "cycles": 8,
    "per_cycle_V": [
      0.00019238280830742184,
      0.0005065347558279138,
      0.00031875678474120573,
      0.00044957208867730267,
      0.0002660028771070797,
      0.0001640547490911912,
      0.00030130936154598644,
      0.0004298895384003985
    ]
  },
  "diagnostics": {
    "measured_link_count": 29,
    "selection_policy": "uniform",
    "num_links": 288,
    "visibility_qc": {
      "r2_ok": false,
      "v_in_unit_interval": true,
      "i0_very_small": true
    },
    "hybrid_knobs": {
      "kick_passes": 3,
      "loop_measurement_cycles": 4
    }
  },
  "artifacts": {
    "kernel_hash": "c5f37351f163441ec05d09116a3864130c1bfed1c4688da9e07e9067e5bf8f54",
    "flip_counts_hash": "1045813912820017453b344ca74f8b8f873bba658c2e9b55c71942b9dd07c053",
    "pivot_fit_hash": "18f843e4852e0cb06a5603a8f3e251da6d346190d1181f60fc167ac1ef296fd4",
    "config_hash": "09be816148e3d54a4ba01072548fde7efe2f97f681380c3e050adf0677f43c72"
  }
}