{
  "sim": "MICC",
  "gauge": "SU2",
  "rep": "fundamental",
  "L": 12,
  "b": 3.5,
  "kappa": 1.0,
  "seed": 1,
  "measurement_model": "dephasing",
  "f": 0.05,
  "schedule": "during",
  "sigma": 0.16575232010006782,
  "sigma_err": 0.00564804962185715,
  "visibility": 0.0002969693083952871,
  "visibility_err": 1.3631391882601994e-05,
  "coherence": {
    "C": 0.4663285527496574,
    "P_entropy": 0.3438145070693068
  },
  "twist_scan": {
    "phi_values": [
      0.0,
      0.09817477042468103,
      0.19634954084936207,
      0.2945243112740431,
      0.39269908169872414,
      0.4908738521234052,
      0.5890486225480862,
      0.6872233929727672,
      0.7853981633974483,
      0.8835729338221293,
      0.9817477042468103,
      1.0799224746714913,
      1.1780972450961724,
      1.2762720155208536,
      1.3744467859455345,
      1.4726215563702154,
      1.5707963267948966,
      1.6689710972195777,
      1.7671458676442586,
      1.8653206380689396,
      1.9634954084936207,
      2.061670178918302,
      2.1598449493429825,
      2.2580197197676637,
      2.356194490192345,
      2.454369260617026,
      2.552544031041707,
      2.650718801466388,
      2.748893571891069,
      2.84706834231575,
      2.945243112740431,
      3.043417883165112,
      3.141592653589793,
      3.2397674240144743,
      3.3379421944391554,
      3.436116964863836,
      3.5342917352885173,
      3.6324665057131984,
      3.730641276137879,
      3.8288160465625602,
      3.9269908169872414,
      4.025165587411922,
      4.123340357836604,
      4.221515128261284,
      4.319689898685965,
      4.417864669110647,
      4.516039439535327,
      4.614214209960009,
      4.71238898038469,
      4.81056375080937,
      4.908738521234052,
      5.006913291658733,
      5.105088062083414,
      5.203262832508095,
      5.301437602932776,
      5.399612373357457,
      5.497787143782138,
      5.595961914206819,
      5.6941366846315,
      5.792311455056181,
      5.890486225480862,
      5.988660995905543,
      6.086835766330224,
      6.1850105367549055
    ],
    "mean_I": [
      -0.7326842806364203,
      -0.9312530531355862,
      -0.145295020178305,
      0.7942698563573449,
      0.8941274570705172,
      0.04870767478179357,
      -0.8482061791694784,
      -0.8483909248140736,
      0.04834875214919026,
      0.8939738127995466,
      0.7944839241740144,
      -0.14493955416685872,
      -0.9311319899165592,
      -0.7329256090350674,
      0.24013450904588374,
      0.9593228569621521,
      0.6643088196232206,
      -0.33301683733192106,
      -0.9782749204759829,
      -0.5892943731302628,
      0.42269203142892886,
      0.9878056617261601,
      0.5086046996829872,
      -0.5082964701963072,
      -0.9878232944644102,
      -0.4230168849461503,
      0.5890057360925837,
      0.9783276488778272,
      0.3333551863627347,
      -0.6640425547669969,
      -0.9594101732242576,
      -0.24048309510416405,
      0.7326842806364198,
      0.9312530531355862,
      0.14529502017830373,
      -0.7942698563573436,
      -0.8941274570705189,
      -0.04870767478179357,
      0.8482061791694775,
      0.848390924814074,
      -0.04834875214918845,
      -0.8939738127995452,
      -0.7944839241740133,
      0.14493955416685816,
      0.9311319899165575,
      0.7329256090350678,
      -0.24013450904587977,
      -0.9593228569621537,
      -0.6643088196232215,
      0.33301683733191506,
      0.9782749204759833,
      0.589294373130264,
      -0.42269203142893175,
      -0.9878056617261597,
      -0.5086046996829888,
      0.5082964701963099,
      0.9878232944644108,
      0.4230168849461563,
      -0.5890057360925828,
      -0.978327648877827,
      -0.3333551863627403,
      0.6640425547669965,
      0.9594101732242575,
      0.2404830951041609
    ],
    "fit": {
      "A": 0.15447915654130498,
      "I0": -3.617984499276243e-15,
      "phi0": 1.5546779354624023,
      "R2": 0.012381329257288853,
      "visibility_fit": 1.0,
      "visibility_fourier": 0.0002969693083952871,
      "visibility": 0.0002969693083952871
    },
    "cycles": 16,
    "per_cycle_V": [
      0.00020957672865371362,
      0.0002704842799777724,
      0.00029174639505170967,
      0.00034930052865915566,
      0.00035838338481430476,
      0.0003841365477451013,
      0.00029951528013700065,
      0.00027612634959193555,
      0.0003420041985661941,
      0.0002406530516595701,
      0.0003163630599640267,
      0.00023852527261639773,
      0.0003583380524687565,
      0.0003262489590762677,
      0.0002700801364224953,
      0.00021125492230754375
    ]
  },
  "diagnostics": {
    "measured_link_count": 14,
    "selection_policy": "uniform",
    "num_links": 288,
    "creutz_sizes": [
      [
        2,
        2
      ],
      [
        3,
        3
      ]
    ],
    "loop_sizes_measured": [
      [
        1,
        1
      ],
      [
        1,
        2
      ],
      [
        2,
        1
      ],
      [
        2,
        2
      ],
      [
        2,
        3
      ],
      [
        3,
        2
      ],
      [
        3,
        3
      ]
    ],
    "visibility_qc": {
      "r2_ok": false,
      "v_in_unit_interval": true,
      "i0_very_small": true
    },
    "hybrid_knobs": {
      "kick_passes": 3,
      "loop_measurement_cycles": 6
    }
  },
  "artifacts": {
    "kernel_hash": "c5f37351f163441ec05d09116a3864130c1bfed1c4688da9e07e9067e5bf8f54",
    "flip_counts_hash": "1045813912820017453b344ca74f8b8f873bba658c2e9b55c71942b9dd07c053",
    "pivot_fit_hash": "18f843e4852e0cb06a5603a8f3e251da6d346190d1181f60fc167ac1ef296fd4",
    "config_hash": "3e53227bb97f97d3e0f7892c2fd75b0f2e140b1e74473c1589a222acbe454fae"
  }
}