{
  "sim": "MICC",
  "gauge": "SU2",
  "rep": "fundamental",
  "L": 8,
  "b": 3.5,
  "kappa": 0.75,
  "seed": 1,
  "measurement_model": "dephasing",
  "f": 0.2,
  "schedule": "during",
  "sigma": 0.31391520007617685,
  "sigma_err": 0.01978334329429383,
  "visibility": 0.00010148502995104526,
  "visibility_err": 1.3108486877276958e-05,
  "coherence": {
    "C": 0.46901496591296366,
    "P_entropy": 0.2662798781372693
  },
  "twist_scan": {
    "phi_values": [
      0.0,
      0.09817477042468103,
      0.19634954084936207,
      0.2945243112740431,
      0.39269908169872414,
      0.4908738521234052,
      0.5890486225480862,
      0.6872233929727672,
      0.7853981633974483,
      0.8835729338221293,
      0.9817477042468103,
      1.0799224746714913,
      1.1780972450961724,
      1.2762720155208536,
      1.3744467859455345,
      1.4726215563702154,
      1.5707963267948966,
      1.6689710972195777,
      1.7671458676442586,
      1.8653206380689396,
      1.9634954084936207,
      2.061670178918302,
      2.1598449493429825,
      2.2580197197676637,
      2.356194490192345,
      2.454369260617026,
      2.552544031041707,
      2.650718801466388,
      2.748893571891069,
      2.84706834231575,
      2.945243112740431,
      3.043417883165112,
      3.141592653589793,
      3.2397674240144743,
      3.3379421944391554,
      3.436116964863836,
      3.5342917352885173,
      3.6324665057131984,
      3.730641276137879,
      3.8288160465625602,
      3.9269908169872414,
      4.025165587411922,
      4.123340357836604,
      4.221515128261284,
      4.319689898685965,
      4.417864669110647,
      4.516039439535327,
      4.614214209960009,
      4.71238898038469,
      4.81056375080937,
      4.908738521234052,
      5.006913291658733,
      5.105088062083414,
      5.203262832508095,
      5.301437602932776,
      5.399612373357457,
      5.497787143782138,
      5.595961914206819,
      5.6941366846315,
      5.792311455056181,
      5.890486225480862,
      5.988660995905543,
      6.086835766330224,
      6.1850105367549055
    ],
    "mean_I": [
      0.3695966264500204,
      -0.02393334627373564,
      -0.4065980801571159,
      -0.6046757862836054,
      -0.5282433272280029,
      -0.21199944144911287,
      0.20048775853355155,
      0.5219577076845123,
      0.606469769973208,
      0.4156572359910559,
      0.03614500690068925,
      -0.35977629964885377,
      -0.5923666879021465,
      -0.5560349842955883,
      -0.2672750226896034,
      0.14282221137193535,
      0.4880811474153812,
      0.6117614467108013,
      0.4577148391281395,
      0.09587526389979016,
      -0.30948967670124283,
      -0.5743527744956191,
      -0.5784717205047655,
      -0.319976599354204,
      0.08378120824024608,
      0.4495040988843447,
      0.6111615262937455,
      0.49536439815203637,
      0.15468218969678466,
      -0.2562224989827319,
      -0.5508075298975339,
      -0.5953374578206724,
      -0.36959662645002095,
      0.02393334627373553,
      0.4065980801571164,
      0.6046757862836056,
      0.5282433272280034,
      0.21199944144911287,
      -0.20048775853355036,
      -0.5219577076845114,
      -0.6064697699732082,
      -0.41565723599105786,
      -0.03614500690068882,
      0.3597762996488537,
      0.5923666879021457,
      0.5560349842955882,
      0.2672750226896048,
      -0.14282221137193682,
      -0.4880811474153808,
      -0.6117614467108012,
      -0.4577148391281393,
      -0.09587526389979063,
      0.3094896767012441,
      0.5743527744956187,
      0.5784717205047658,
      0.31997659935420275,
      -0.08378120824024524,
      -0.44950409888434273,
      -0.6111615262937451,
      -0.49536439815203653,
      -0.1546821896967869,
      0.2562224989827316,
      0.5508075298975335,
      0.5953374578206725
    ],
    "fit": {
      "A": 0.016539934441969436,
      "I0": -1.7745093164832946e-16,
      "phi0": -1.980857113937125,
      "R2": 0.0005311038010122893,
      "visibility_fit": 1.0,
      "visibility_fourier": 0.00010148502995104526,
      "visibility": 0.00010148502995104526
    },
    "cycles": 16,
    "per_cycle_V": [
      7.146070610728733e-05,
      0.00012070535315677564,
      2.3662712414496134e-05,
      0.00015363079747154372,
      0.00013316827660951846,
      0.00011179133891137397,
      0.0001827419465052027,
      0.00019416895553653573,
      0.00012390699591626682,
      0.00016480101273287935,
      0.00018417148624798243,
      3.443942217836542e-05,
      0.00013215317109130912,
      0.00017877806733296436,
      0.00016296247535484086,
      0.0001761449185489953
    ]
  },
  "diagnostics": {
    "measured_link_count": 26,
    "selection_policy": "uniform",
    "num_links": 128,
    "creutz_sizes": [
      [
        2,
        2
      ],
      [
        3,
        3
      ]
    ],
    "loop_sizes_measured": [
      [
        1,
        1
      ],
      [
        1,
        2
      ],
      [
        2,
        1
      ],
      [
        2,
        2
      ],
      [
        2,
        3
      ],
      [
        3,
        2
      ],
      [
        3,
        3
      ]
    ],
    "visibility_qc": {
      "r2_ok": false,
      "v_in_unit_interval": true,
      "i0_very_small": true
    },
    "hybrid_knobs": {
      "kick_passes": 3,
      "loop_measurement_cycles": 6
    }
  },
  "artifacts": {
    "kernel_hash": "bb669db8d373312f24e4630fcfc599d4f7b832920772c12cef62ec22cd65bc64",
    "flip_counts_hash": "2f22c538feb77f48a899689bff9bdbb91197c5203a770852a4a789b6ab244652",
    "pivot_fit_hash": "32e5af21ae29df0c4428cd8be3189fb5b9433eb374572ce92302aca28369a080",
    "config_hash": "3e53227bb97f97d3e0f7892c2fd75b0f2e140b1e74473c1589a222acbe454fae"
  }
}