{
  "sim": "MICC",
  "gauge": "SU2",
  "rep": "fundamental",
  "L": 8,
  "b": 3.0,
  "kappa": 1.0,
  "seed": 1,
  "measurement_model": "dephasing",
  "f": 0.2,
  "schedule": "during",
  "sigma": 0.22648050740281703,
  "sigma_err": 0.013709132130150587,
  "visibility": 0.00011883825221746179,
  "visibility_err": 1.6730922637737618e-05,
  "coherence": {
    "C": 0.5838607722658976,
    "P_entropy": 0.29065142270223765
  },
  "twist_scan": {
    "phi_values": [
      0.0,
      0.09817477042468103,
      0.19634954084936207,
      0.2945243112740431,
      0.39269908169872414,
      0.4908738521234052,
      0.5890486225480862,
      0.6872233929727672,
      0.7853981633974483,
      0.8835729338221293,
      0.9817477042468103,
      1.0799224746714913,
      1.1780972450961724,
      1.2762720155208536,
      1.3744467859455345,
      1.4726215563702154,
      1.5707963267948966,
      1.6689710972195777,
      1.7671458676442586,
      1.8653206380689396,
      1.9634954084936207,
      2.061670178918302,
      2.1598449493429825,
      2.2580197197676637,
      2.356194490192345,
      2.454369260617026,
      2.552544031041707,
      2.650718801466388,
      2.748893571891069,
      2.84706834231575,
      2.945243112740431,
      3.043417883165112,
      3.141592653589793,
      3.2397674240144743,
      3.3379421944391554,
      3.436116964863836,
      3.5342917352885173,
      3.6324665057131984,
      3.730641276137879,
      3.8288160465625602,
      3.9269908169872414,
      4.025165587411922,
      4.123340357836604,
      4.221515128261284,
      4.319689898685965,
      4.417864669110647,
      4.516039439535327,
      4.614214209960009,
      4.71238898038469,
      4.81056375080937,
      4.908738521234052,
      5.006913291658733,
      5.105088062083414,
      5.203262832508095,
      5.301437602932776,
      5.399612373357457,
      5.497787143782138,
      5.595961914206819,
      5.6941366846315,
      5.792311455056181,
      5.890486225480862,
      5.988660995905543,
      6.086835766330224,
      6.1850105367549055
    ],
    "mean_I": [
      0.4131929734458132,
      0.03280241851493399,
      -0.3624797486305665,
      -0.593203688162384,
      -0.554625555215138,
      -0.2642590156044431,
      0.14607559229997583,
      0.49009493526251263,
      0.6116214238961364,
      0.4554845730821171,
      0.09256724877974433,
      -0.31237367119057396,
      -0.5755034751509615,
      -0.5773667332859762,
      -0.3171175653569481,
      0.0870963473542517,
      0.4517703392660462,
      0.6113500421895155,
      0.493389607286445,
      0.15144060583640073,
      -0.2592592645361988,
      -0.5522608490716341,
      -0.5945475540945084,
      -0.36692209960097144,
      0.027278316971800554,
      0.4090949479396594,
      0.605191025378682,
      0.5265430298584097,
      0.20885550707299516,
      -0.20364804943880913,
      -0.5236996491192565,
      -0.6060025569443568,
      -0.4131929734458137,
      -0.03280241851493405,
      0.36247974863056703,
      0.5932036881623841,
      0.5546255552151386,
      0.2642590156044431,
      -0.14607559229997466,
      -0.4900949352625116,
      -0.6116214238961363,
      -0.45548457308211887,
      -0.09256724877974391,
      0.3123736711905738,
      0.5755034751509605,
      0.5773667332859761,
      0.31711756535694946,
      -0.0870963473542531,
      -0.45177033926604576,
      -0.6113500421895152,
      -0.49338960728644476,
      -0.1514406058364011,
      0.25925926453620013,
      0.5522608490716336,
      0.5945475540945085,
      0.3669220996009703,
      -0.0272783169717999,
      -0.4090949479396573,
      -0.6051910253786816,
      -0.52654302985841,
      -0.20885550707299746,
      0.20364804943880874,
      0.5236996491192557,
      0.6060025569443569
    ],
    "fit": {
      "A": 0.016539934441969373,
      "I0": -9.729596190914695e-17,
      "phi0": -1.146499617059307,
      "R2": 0.0005311038009926383,
      "visibility_fit": 1.0,
      "visibility_fourier": 0.00011883825221746179,
      "visibility": 0.00011883825221746179
    },
    "cycles": 16,
    "per_cycle_V": [
      5.584220101197091e-05,
      7.270190002630096e-05,
      2.5189040663266932e-05,
      0.0001529960343141913,
      0.00017063234276523003,
      4.499634951700313e-05,
      0.00016954600385227402,
      0.00021257441905499837,
      0.00014349283657337516,
      0.00013058133846058533,
      0.0002614505825075496,
      6.60918830693726e-05,
      0.0001531344895946827,
      0.00016577291670761364,
      0.00017596330707834358,
      0.00020132557118218524
    ]
  },
  "diagnostics": {
    "measured_link_count": 26,
    "selection_policy": "uniform",
    "num_links": 128,
    "creutz_sizes": [
      [
        2,
        2
      ],
      [
        3,
        3
      ]
    ],
    "loop_sizes_measured": [
      [
        1,
        1
      ],
      [
        1,
        2
      ],
      [
        2,
        1
      ],
      [
        2,
        2
      ],
      [
        2,
        3
      ],
      [
        3,
        2
      ],
      [
        3,
        3
      ]
    ],
    "visibility_qc": {
      "r2_ok": false,
      "v_in_unit_interval": true,
      "i0_very_small": true
    },
    "hybrid_knobs": {
      "kick_passes": 3,
      "loop_measurement_cycles": 6
    }
  },
  "artifacts": {
    "kernel_hash": "bb669db8d373312f24e4630fcfc599d4f7b832920772c12cef62ec22cd65bc64",
    "flip_counts_hash": "2f22c538feb77f48a899689bff9bdbb91197c5203a770852a4a789b6ab244652",
    "pivot_fit_hash": "e730f86cf82cf01e0490c7477184968845e3929e6af95e60cac897b00c6a8382",
    "config_hash": "3e53227bb97f97d3e0f7892c2fd75b0f2e140b1e74473c1589a222acbe454fae"
  }
}