{
  "sim": "MICC",
  "gauge": "SU2",
  "rep": "fundamental",
  "L": 8,
  "b": 3.5,
  "kappa": 1.0,
  "seed": 2,
  "measurement_model": "dephasing",
  "f": 0.5,
  "schedule": "during",
  "sigma": 0.390000536112493,
  "sigma_err": 0.04208095290125491,
  "visibility": 5.172451200805598e-06,
  "visibility_err": 1.5724694217819292e-05,
  "coherence": {
    "C": 0.49924383905145825,
    "P_entropy": 0.14852950715691646
  },
  "twist_scan": {
    "phi_values": [
      0.0,
      0.09817477042468103,
      0.19634954084936207,
      0.2945243112740431,
      0.39269908169872414,
      0.4908738521234052,
      0.5890486225480862,
      0.6872233929727672,
      0.7853981633974483,
      0.8835729338221293,
      0.9817477042468103,
      1.0799224746714913,
      1.1780972450961724,
      1.2762720155208536,
      1.3744467859455345,
      1.4726215563702154,
      1.5707963267948966,
      1.6689710972195777,
      1.7671458676442586,
      1.8653206380689396,
      1.9634954084936207,
      2.061670178918302,
      2.1598449493429825,
      2.2580197197676637,
      2.356194490192345,
      2.454369260617026,
      2.552544031041707,
      2.650718801466388,
      2.748893571891069,
      2.84706834231575,
      2.945243112740431,
      3.043417883165112,
      3.141592653589793,
      3.2397674240144743,
      3.3379421944391554,
      3.436116964863836,
      3.5342917352885173,
      3.6324665057131984,
      3.730641276137879,
      3.8288160465625602,
      3.9269908169872414,
      4.025165587411922,
      4.123340357836604,
      4.221515128261284,
      4.319689898685965,
      4.417864669110647,
      4.516039439535327,
      4.614214209960009,
      4.71238898038469,
      4.81056375080937,
      4.908738521234052,
      5.006913291658733,
      5.105088062083414,
      5.203262832508095,
      5.301437602932776,
      5.399612373357457,
      5.497787143782138,
      5.595961914206819,
      5.6941366846315,
      5.792311455056181,
      5.890486225480862,
      5.988660995905543,
      6.086835766330224,
      6.1850105367549055
    ],
    "mean_I": [
      -0.10162080925055875,
      -0.10564786233739826,
      -0.061712994673913814,
      0.010238282354889792,
      0.07754159324353185,
      0.10964264194041318,
      0.09196822346496225,
      0.0325421542908188,
      -0.04165737258147034,
      -0.0969453232210245,
      -0.10822212392749227,
      -0.07036834294111356,
      -0.0005688054310971774,
      0.06948895785277814,
      0.10800018705805756,
      0.09748158926924073,
      0.04270838797301439,
      -0.031453528570417943,
      -0.09133620073316737,
      -0.10975414730393346,
      -0.07834600559854099,
      -0.011370415309842008,
      0.06076710581137373,
      0.10531763133542502,
      0.10205615407999916,
      0.052463316532249935,
      -0.02094676988498463,
      -0.0848474607028036,
      -0.11022917824411782,
      -0.08556915339377134,
      -0.022062521873452014,
      0.051460033322326855,
      0.10162080925055868,
      0.10564786233739833,
      0.06171299467391377,
      -0.010238282354889574,
      -0.07754159324353178,
      -0.10964264194041318,
      -0.09196822346496258,
      -0.03254215429081905,
      0.041657372581470245,
      0.09694532322102431,
      0.10822212392749203,
      0.0703683429411136,
      0.0005688054310977048,
      -0.06948895785277817,
      -0.10800018705805753,
      -0.0974815892692407,
      -0.04270838797301452,
      0.03145352857041751,
      0.09133620073316737,
      0.10975414730393337,
      0.07834600559854088,
      0.011370415309842154,
      -0.06076710581137361,
      -0.10531763133542513,
      -0.10205615407999921,
      -0.052463316532250365,
      0.020946769884984544,
      0.08484746070280347,
      0.11022917824411788,
      0.08556915339377147,
      0.02206252187345205,
      -0.051460033322327056
    ],
    "fit": {
      "A": 5.0361119199222556e-05,
      "I0": -2.6198578897780132e-17,
      "phi0": -1.8022775601062249,
      "R2": 1.8611801810841655e-07,
      "visibility_fit": 1.0,
      "visibility_fourier": 5.172451200805598e-06,
      "visibility": 5.172451200805598e-06
    },
    "cycles": 16,
    "per_cycle_V": [
      0.00018568703176774696,
      0.00011765966585722603,
      4.485623619251844e-05,
      0.00011334483326792496,
      0.00013634143003965984,
      0.00012030580112148609,
      4.1236186876643774e-05,
      0.00018378298201625546,
      0.0001817247041385981,
      3.1150441657425325e-05,
      0.00014732388704342115,
      0.00023226029870052216,
      8.794209704646572e-05,
      8.672316239684218e-05,
      0.00011802109879032176,
      1.0391527789618444e-05
    ]
  },
  "diagnostics": {
    "measured_link_count": 64,
    "selection_policy": "uniform",
    "num_links": 128,
    "creutz_sizes": [
      [
        2,
        2
      ],
      [
        3,
        3
      ]
    ],
    "loop_sizes_measured": [
      [
        1,
        1
      ],
      [
        1,
        2
      ],
      [
        2,
        1
      ],
      [
        2,
        2
      ],
      [
        2,
        3
      ],
      [
        3,
        2
      ],
      [
        3,
        3
      ]
    ],
    "visibility_qc": {
      "r2_ok": false,
      "v_in_unit_interval": true,
      "i0_very_small": true
    },
    "hybrid_knobs": {
      "kick_passes": 3,
      "loop_measurement_cycles": 6
    }
  },
  "artifacts": {
    "kernel_hash": "bb669db8d373312f24e4630fcfc599d4f7b832920772c12cef62ec22cd65bc64",
    "flip_counts_hash": "2268e99a6015a7b96d81d3b1a331fda63562012ba66381118831ac9c8b2f0d5d",
    "pivot_fit_hash": "18f843e4852e0cb06a5603a8f3e251da6d346190d1181f60fc167ac1ef296fd4",
    "config_hash": "3e53227bb97f97d3e0f7892c2fd75b0f2e140b1e74473c1589a222acbe454fae"
  }
}