{
  "sim": "MICC",
  "gauge": "SU2",
  "rep": "fundamental",
  "L": 8,
  "b": 3.5,
  "kappa": 1.0,
  "seed": 4,
  "measurement_model": "dephasing",
  "f": 0.1,
  "schedule": "during",
  "sigma": 0.22239741216668546,
  "sigma_err": 0.03144743772865989,
  "visibility": 0.00013309897660229096,
  "visibility_err": 1.0444530210768575e-05,
  "coherence": {
    "C": 0.46737291488312316,
    "P_entropy": 0.3138153803200332
  },
  "twist_scan": {
    "phi_values": [
      0.0,
      0.09817477042468103,
      0.19634954084936207,
      0.2945243112740431,
      0.39269908169872414,
      0.4908738521234052,
      0.5890486225480862,
      0.6872233929727672,
      0.7853981633974483,
      0.8835729338221293,
      0.9817477042468103,
      1.0799224746714913,
      1.1780972450961724,
      1.2762720155208536,
      1.3744467859455345,
      1.4726215563702154,
      1.5707963267948966,
      1.6689710972195777,
      1.7671458676442586,
      1.8653206380689396,
      1.9634954084936207,
      2.061670178918302,
      2.1598449493429825,
      2.2580197197676637,
      2.356194490192345,
      2.454369260617026,
      2.552544031041707,
      2.650718801466388,
      2.748893571891069,
      2.84706834231575,
      2.945243112740431,
      3.043417883165112,
      3.141592653589793,
      3.2397674240144743,
      3.3379421944391554,
      3.436116964863836,
      3.5342917352885173,
      3.6324665057131984,
      3.730641276137879,
      3.8288160465625602,
      3.9269908169872414,
      4.025165587411922,
      4.123340357836604,
      4.221515128261284,
      4.319689898685965,
      4.417864669110647,
      4.516039439535327,
      4.614214209960009,
      4.71238898038469,
      4.81056375080937,
      4.908738521234052,
      5.006913291658733,
      5.105088062083414,
      5.203262832508095,
      5.301437602932776,
      5.399612373357457,
      5.497787143782138,
      5.595961914206819,
      5.6941366846315,
      5.792311455056181,
      5.890486225480862,
      5.988660995905543,
      6.086835766330224,
      6.1850105367549055
    ],
    "mean_I": [
      0.8213899690899065,
      0.3423898677397173,
      -0.29204807531333354,
      -0.7939022979430668,
      -0.9353414752040436,
      -0.6521551776498316,
      -0.07290406387186113,
      0.539443970718685,
      0.9068957206099529,
      0.8626357735641655,
      0.4267572202095501,
      -0.20286018902415393,
      -0.7403833135831744,
      -0.9417878927661159,
      -0.7156404583341696,
      -0.1646072175171108,
      0.46115425865480936,
      0.8775613426229324,
      0.8955739239743203,
      0.5070146673595384,
      -0.11171864822001384,
      -0.679734033178788,
      -0.9391643780872181,
      -0.7722337301958805,
      -0.254725113674211,
      0.37842337898752765,
      0.839775569182626,
      0.919887207926096,
      0.5823892861004428,
      -0.01950119576188893,
      -0.6125385424544674,
      -0.9274961970478683,
      -0.821389969089907,
      -0.34238986773971736,
      0.2920480753133344,
      0.7939022979430661,
      0.9353414752040443,
      0.6521551776498316,
      0.07290406387186338,
      -0.5394439707186834,
      -0.9068957206099526,
      -0.8626357735641673,
      -0.42675722020954926,
      0.20286018902415368,
      0.7403833135831723,
      0.941787892766116,
      0.7156404583341704,
      0.16460721751710888,
      -0.46115425865480847,
      -0.8775613426229306,
      -0.8955739239743201,
      -0.507014667359539,
      0.11171864822001581,
      0.6797340331787873,
      0.9391643780872182,
      0.7722337301958792,
      0.25472511367421197,
      -0.3784233789875238,
      -0.8397755691826252,
      -0.9198872079260959,
      -0.5823892861004455,
      0.019501195761888246,
      0.6125385424544664,
      0.9274961970478692
    ],
    "fit": {
      "A": 0.5062809252669007,
      "I0": 1.6856713099314456e-15,
      "phi0": 1.2644403814598553,
      "R2": 0.1781604995256948,
      "visibility_fit": 1.0,
      "visibility_fourier": 0.00013309897660229096,
      "visibility": 0.00013309897660229096
    },
    "cycles": 8,
    "per_cycle_V": [
      0.00013465075145383692,
      0.0001895319367408685,
      0.0001395590157567774,
      0.0001192017054170014,
      0.00010267526233892241,
      0.00012061319134980372,
      0.00017717654929175913,
      0.00013333721120256767
    ]
  },
  "diagnostics": {
    "measured_link_count": 13,
    "selection_policy": "uniform",
    "num_links": 128,
    "visibility_qc": {
      "r2_ok": false,
      "v_in_unit_interval": true,
      "i0_very_small": true
    },
    "hybrid_knobs": {
      "kick_passes": 3,
      "loop_measurement_cycles": 4
    }
  },
  "artifacts": {
    "kernel_hash": "bb669db8d373312f24e4630fcfc599d4f7b832920772c12cef62ec22cd65bc64",
    "flip_counts_hash": "b3326e9c852a05e144e201e0a4a89d13606dfe15c97d7e29e97870d36629453e",
    "pivot_fit_hash": "18f843e4852e0cb06a5603a8f3e251da6d346190d1181f60fc167ac1ef296fd4",
    "config_hash": "09be816148e3d54a4ba01072548fde7efe2f97f681380c3e050adf0677f43c72"
  }
}