{
  "sim": "MICC",
  "gauge": "SU2",
  "rep": "fundamental",
  "L": 12,
  "b": 3.0,
  "kappa": 1.0,
  "seed": 2,
  "measurement_model": "dephasing",
  "f": 0.3,
  "schedule": "pre",
  "sigma": 0.1831052728036382,
  "sigma_err": 0.030576763657781513,
  "visibility": 0.0003101837044336147,
  "visibility_err": 0.0,
  "coherence": {
    "C": 0.5913249190483489,
    "P_entropy": 0.30557797535102094
  },
  "twist_scan": {
    "phi_values": [
      0.0,
      0.09817477042468103,
      0.19634954084936207,
      0.2945243112740431,
      0.39269908169872414,
      0.4908738521234052,
      0.5890486225480862,
      0.6872233929727672,
      0.7853981633974483,
      0.8835729338221293,
      0.9817477042468103,
      1.0799224746714913,
      1.1780972450961724,
      1.2762720155208536,
      1.3744467859455345,
      1.4726215563702154,
      1.5707963267948966,
      1.6689710972195777,
      1.7671458676442586,
      1.8653206380689396,
      1.9634954084936207,
      2.061670178918302,
      2.1598449493429825,
      2.2580197197676637,
      2.356194490192345,
      2.454369260617026,
      2.552544031041707,
      2.650718801466388,
      2.748893571891069,
      2.84706834231575,
      2.945243112740431,
      3.043417883165112,
      3.141592653589793,
      3.2397674240144743,
      3.3379421944391554,
      3.436116964863836,
      3.5342917352885173,
      3.6324665057131984,
      3.730641276137879,
      3.8288160465625602,
      3.9269908169872414,
      4.025165587411922,
      4.123340357836604,
      4.221515128261284,
      4.319689898685965,
      4.417864669110647,
      4.516039439535327,
      4.614214209960009,
      4.71238898038469,
      4.81056375080937,
      4.908738521234052,
      5.006913291658733,
      5.105088062083414,
      5.203262832508095,
      5.301437602932776,
      5.399612373357457,
      5.497787143782138,
      5.595961914206819,
      5.6941366846315,
      5.792311455056181,
      5.890486225480862,
      5.988660995905543,
      6.086835766330224,
      6.1850105367549055
    ],
    "mean_I": [
      -0.8099320771555716,
      -0.8990670460587936,
      -0.03770246624423613,
      0.8635214069431416,
      0.8518248130690188,
      -0.060426532486839594,
      -0.9087945535330315,
      -0.7963790414745824,
      0.15797359067756503,
      0.945315511774761,
      0.7332637043656771,
      -0.2539992768329143,
      -0.9727325648760756,
      -0.6630866369410149,
      0.3475788111022369,
      0.9907816716279233,
      0.5865236827225836,
      -0.43781097141473924,
      -0.9992890092656389,
      -0.5043121848130764,
      0.5238267727406933,
      0.9981726474771878,
      0.41724388487873476,
      -0.6047978358923131,
      -0.9874433374368562,
      -0.32615729824429884,
      0.6799443652681652,
      0.9672044082655732,
      0.2319296385320593,
      -0.7485426587110818,
      -0.9376507719149804,
      -0.1354683696151179,
      0.8099320771555706,
      0.8990670460587935,
      0.03770246624423484,
      -0.8635214069431407,
      -0.8518248130690209,
      0.060426532486839594,
      0.9087945535330314,
      0.7963790414745829,
      -0.1579735906775632,
      -0.9453155117747601,
      -0.7332637043656761,
      0.2539992768329135,
      0.9727325648760743,
      0.6630866369410157,
      -0.3475788111022332,
      -0.990781671627924,
      -0.5865236827225847,
      0.437810971414733,
      0.999289009265639,
      0.5043121848130775,
      -0.5238267727406961,
      -0.9981726474771876,
      -0.41724388487873604,
      0.6047978358923153,
      0.9874433374368563,
      0.3261572982443051,
      -0.6799443652681639,
      -0.9672044082655729,
      -0.2319296385320648,
      0.7485426587110807,
      0.9376507719149807,
      0.13546836961511477
    ],
    "fit": {
      "A": 3.093572654071862e-16,
      "I0": -1.0233953694971378e-16,
      "phi0": -2.4080457728318994,
      "R2": 0.0,
      "visibility_fit": 0.0003093572654071862,
      "visibility_fourier": 0.0003101837044336147,
      "visibility": 0.0003101837044336147
    },
    "cycles": 8,
    "per_cycle_V": [
      0.00029898199412240644,
      0.00029898199412240644,
      0.00029898199412240644,
      0.00029898199412240644,
      0.00029898199412240644,
      0.00029898199412240644,
      0.00029898199412240644,
      0.00029898199412240644
    ]
  },
  "diagnostics": {
    "measured_link_count": 86,
    "selection_policy": "uniform",
    "num_links": 288,
    "visibility_qc": {
      "r2_ok": false,
      "v_in_unit_interval": true,
      "i0_very_small": true
    },
    "hybrid_knobs": {
      "kick_passes": 3,
      "loop_measurement_cycles": 4
    }
  },
  "artifacts": {
    "kernel_hash": "c5f37351f163441ec05d09116a3864130c1bfed1c4688da9e07e9067e5bf8f54",
    "flip_counts_hash": "3c718ce239e2c926749d06c4b85bf1839d5fe51eaf7ab8de2413bea26f16d7e1",
    "pivot_fit_hash": "e730f86cf82cf01e0490c7477184968845e3929e6af95e60cac897b00c6a8382",
    "config_hash": "09be816148e3d54a4ba01072548fde7efe2f97f681380c3e050adf0677f43c72"
  }
}