{
  "sim": "MICC",
  "gauge": "SU2",
  "rep": "fundamental",
  "L": 12,
  "b": 3.5,
  "kappa": 0.75,
  "seed": 3,
  "measurement_model": "dephasing",
  "f": 0.3,
  "schedule": "pre",
  "sigma": 0.2850171103135729,
  "sigma_err": 0.04389705357812069,
  "visibility": 0.00028109078299522894,
  "visibility_err": 0.0,
  "coherence": {
    "C": 0.46658817481019377,
    "P_entropy": 0.2847356744998014
  },
  "twist_scan": {
    "phi_values": [
      0.0,
      0.09817477042468103,
      0.19634954084936207,
      0.2945243112740431,
      0.39269908169872414,
      0.4908738521234052,
      0.5890486225480862,
      0.6872233929727672,
      0.7853981633974483,
      0.8835729338221293,
      0.9817477042468103,
      1.0799224746714913,
      1.1780972450961724,
      1.2762720155208536,
      1.3744467859455345,
      1.4726215563702154,
      1.5707963267948966,
      1.6689710972195777,
      1.7671458676442586,
      1.8653206380689396,
      1.9634954084936207,
      2.061670178918302,
      2.1598449493429825,
      2.2580197197676637,
      2.356194490192345,
      2.454369260617026,
      2.552544031041707,
      2.650718801466388,
      2.748893571891069,
      2.84706834231575,
      2.945243112740431,
      3.043417883165112,
      3.141592653589793,
      3.2397674240144743,
      3.3379421944391554,
      3.436116964863836,
      3.5342917352885173,
      3.6324665057131984,
      3.730641276137879,
      3.8288160465625602,
      3.9269908169872414,
      4.025165587411922,
      4.123340357836604,
      4.221515128261284,
      4.319689898685965,
      4.417864669110647,
      4.516039439535327,
      4.614214209960009,
      4.71238898038469,
      4.81056375080937,
      4.908738521234052,
      5.006913291658733,
      5.105088062083414,
      5.203262832508095,
      5.301437602932776,
      5.399612373357457,
      5.497787143782138,
      5.595961914206819,
      5.6941366846315,
      5.792311455056181,
      5.890486225480862,
      5.988660995905543,
      6.086835766330224,
      6.1850105367549055
    ],
    "mean_I": [
      0.4973504616525294,
      -0.5306611620899586,
      -0.9976543419915257,
      -0.40992084050022726,
      0.6111836488539709,
      0.986140795842564,
      0.3185434575683832,
      -0.6858201029725506,
      -0.9651301747502447,
      -0.2240983270065888,
      0.7538517345921005,
      0.934824822481258,
      0.12749500705111452,
      -0.8146233619102538,
      -0.8955165961445477,
      -0.029663840481877504,
      0.8675497209347804,
      0.847584055447797,
      -0.06845300508710579,
      -0.9121211018957869,
      -0.7914888169605085,
      0.1659106107968817,
      0.9479082580294234,
      0.727771108494093,
      -0.26177040662871626,
      -0.974566539458876,
      -0.6570445664127198,
      0.35510921034645543,
      0.9918392123610741,
      0.5799903259796987,
      -0.4450281182461179,
      -0.9995599314537688,
      -0.49735046165253033,
      0.5306611620899586,
      0.9976543419915256,
      0.40992084050023,
      -0.6111836488539694,
      -0.986140795842564,
      -0.3185434575683867,
      0.6858201029725483,
      0.9651301747502448,
      0.224098327006594,
      -0.7538517345921009,
      -0.9348248224812582,
      -0.1274950070511203,
      0.8146233619102519,
      0.8955165961445486,
      0.02966384048187446,
      -0.8675497209347797,
      -0.8475840554477997,
      0.06845300508710757,
      0.9121211018957867,
      0.7914888169605067,
      -0.16591061079688088,
      -0.9479082580294228,
      -0.7277711084940909,
      0.26177040662871504,
      0.9745665394588733,
      0.6570445664127194,
      -0.3551092103464537,
      -0.9918392123610726,
      -0.5799903259797,
      0.44502811824611654,
      0.9995599314537699
    ],
    "fit": {
      "A": 2.71781714853029e-16,
      "I0": -1.3948949780484555e-16,
      "phi0": -2.272068440034962,
      "R2": -2.220446049250313e-16,
      "visibility_fit": 0.000271781714853029,
      "visibility_fourier": 0.00028109078299522894,
      "visibility": 0.00028109078299522894
    },
    "cycles": 8,
    "per_cycle_V": [
      0.00030862023852245863,
      0.00030862023852245863,
      0.00030862023852245863,
      0.00030862023852245863,
      0.00030862023852245863,
      0.00030862023852245863,
      0.00030862023852245863,
      0.00030862023852245863
    ]
  },
  "diagnostics": {
    "measured_link_count": 86,
    "selection_policy": "uniform",
    "num_links": 288,
    "visibility_qc": {
      "r2_ok": false,
      "v_in_unit_interval": true,
      "i0_very_small": true
    },
    "hybrid_knobs": {
      "kick_passes": 3,
      "loop_measurement_cycles": 4
    }
  },
  "artifacts": {
    "kernel_hash": "c5f37351f163441ec05d09116a3864130c1bfed1c4688da9e07e9067e5bf8f54",
    "flip_counts_hash": "f9f0d5ea10777d9547c57c830847aa737adfb2a8c3d087b6a31b748452bdd993",
    "pivot_fit_hash": "32e5af21ae29df0c4428cd8be3189fb5b9433eb374572ce92302aca28369a080",
    "config_hash": "09be816148e3d54a4ba01072548fde7efe2f97f681380c3e050adf0677f43c72"
  }
}