{
  "sim": "MICC",
  "gauge": "SU2",
  "rep": "fundamental",
  "L": 8,
  "b": 3.5,
  "kappa": 1.0,
  "seed": 1,
  "measurement_model": "dephasing",
  "f": 0.3,
  "schedule": "during",
  "sigma": 0.27684697815142684,
  "sigma_err": 0.019490668397472762,
  "visibility": 0.00011268715665146956,
  "visibility_err": 1.8726302272389512e-05,
  "coherence": {
    "C": 0.478869053663559,
    "P_entropy": 0.2129212322727807
  },
  "twist_scan": {
    "phi_values": [
      0.0,
      0.09817477042468103,
      0.19634954084936207,
      0.2945243112740431,
      0.39269908169872414,
      0.4908738521234052,
      0.5890486225480862,
      0.6872233929727672,
      0.7853981633974483,
      0.8835729338221293,
      0.9817477042468103,
      1.0799224746714913,
      1.1780972450961724,
      1.2762720155208536,
      1.3744467859455345,
      1.4726215563702154,
      1.5707963267948966,
      1.6689710972195777,
      1.7671458676442586,
      1.8653206380689396,
      1.9634954084936207,
      2.061670178918302,
      2.1598449493429825,
      2.2580197197676637,
      2.356194490192345,
      2.454369260617026,
      2.552544031041707,
      2.650718801466388,
      2.748893571891069,
      2.84706834231575,
      2.945243112740431,
      3.043417883165112,
      3.141592653589793,
      3.2397674240144743,
      3.3379421944391554,
      3.436116964863836,
      3.5342917352885173,
      3.6324665057131984,
      3.730641276137879,
      3.8288160465625602,
      3.9269908169872414,
      4.025165587411922,
      4.123340357836604,
      4.221515128261284,
      4.319689898685965,
      4.417864669110647,
      4.516039439535327,
      4.614214209960009,
      4.71238898038469,
      4.81056375080937,
      4.908738521234052,
      5.006913291658733,
      5.105088062083414,
      5.203262832508095,
      5.301437602932776,
      5.399612373357457,
      5.497787143782138,
      5.595961914206819,
      5.6941366846315,
      5.792311455056181,
      5.890486225480862,
      5.988660995905543,
      6.086835766330224,
      6.1850105367549055
    ],
    "mean_I": [
      0.44854718548384065,
      0.11312662327591333,
      -0.27365106079202195,
      -0.5361968844079829,
      -0.555320532623782,
      -0.3223402689623097,
      0.05697573772853892,
      0.4104259506667383,
      0.5775513626649166,
      0.48248053072100855,
      0.16837362491776567,
      -0.22217138645698958,
      -0.5118552332564569,
      -0.5691675053743367,
      -0.36808962948105084,
      9.324264779808633e-05,
      0.3682337845639458,
      0.5692038868507061,
      0.5117673246966463,
      0.2219990965092741,
      -0.16855208021914359,
      -0.48258413640013875,
      -0.5775330839095283,
      -0.4102940856496304,
      -0.05679015041061172,
      0.32249532581874046,
      0.5553746664476277,
      0.5361255195749784,
      0.2734865954443468,
      -0.11330952530884682,
      -0.44866549050296245,
      -0.5803367031349732,
      -0.448547185483841,
      -0.11312662327591347,
      0.2736510607920224,
      0.5361968844079826,
      0.5553205326237823,
      0.3223402689623097,
      -0.056975737728537576,
      -0.41042595066673754,
      -0.5775513626649167,
      -0.4824805307210099,
      -0.1683736249177652,
      0.22217138645698947,
      0.5118552332564558,
      0.5691675053743365,
      0.36808962948105195,
      -9.324264779947411e-05,
      -0.3682337845639455,
      -0.5692038868507054,
      -0.5117673246966462,
      -0.2219990965092745,
      0.16855208021914464,
      0.48258413640013836,
      0.5775330839095284,
      0.4102940856496294,
      0.05679015041061237,
      -0.3224953258187381,
      -0.5553746664476273,
      -0.5361255195749784,
      -0.2734865954443487,
      0.11330952530884657,
      0.4486654905029617,
      0.5803367031349735
    ],
    "fit": {
      "A": 3.7948874306969256e-07,
      "I0": -1.951810408942274e-17,
      "phi0": -3.069100951600603,
      "R2": 4.363176486776865e-13,
      "visibility_fit": 1.0,
      "visibility_fourier": 0.00011268715665146956,
      "visibility": 0.00011268715665146956
    },
    "cycles": 8,
    "per_cycle_V": [
      5.100914854864877e-05,
      0.00020123960608723354,
      0.00010486135272830457,
      0.00010308134474686963,
      0.00013572825566915227,
      0.00019602099428699137,
      0.0001790051606206893,
      0.0001670735847709438
    ]
  },
  "diagnostics": {
    "measured_link_count": 38,
    "selection_policy": "uniform",
    "num_links": 128,
    "visibility_qc": {
      "r2_ok": false,
      "v_in_unit_interval": true,
      "i0_very_small": true
    },
    "hybrid_knobs": {
      "kick_passes": 3,
      "loop_measurement_cycles": 4
    }
  },
  "artifacts": {
    "kernel_hash": "bb669db8d373312f24e4630fcfc599d4f7b832920772c12cef62ec22cd65bc64",
    "flip_counts_hash": "2f22c538feb77f48a899689bff9bdbb91197c5203a770852a4a789b6ab244652",
    "pivot_fit_hash": "18f843e4852e0cb06a5603a8f3e251da6d346190d1181f60fc167ac1ef296fd4",
    "config_hash": "09be816148e3d54a4ba01072548fde7efe2f97f681380c3e050adf0677f43c72"
  }
}