{
  "sim": "MICC",
  "gauge": "SU2",
  "rep": "fundamental",
  "L": 8,
  "b": 3.5,
  "kappa": 0.75,
  "seed": 2,
  "measurement_model": "dephasing",
  "f": 0.0,
  "schedule": "during",
  "sigma": 0.1916623511581346,
  "sigma_err": 0.04051208073437315,
  "visibility": 0.00014651114039986743,
  "visibility_err": 0.0,
  "coherence": {
    "C": 0.466503649015678,
    "P_entropy": 0.3606971363933126
  },
  "twist_scan": {
    "phi_values": [
      0.0,
      0.09817477042468103,
      0.19634954084936207,
      0.2945243112740431,
      0.39269908169872414,
      0.4908738521234052,
      0.5890486225480862,
      0.6872233929727672,
      0.7853981633974483,
      0.8835729338221293,
      0.9817477042468103,
      1.0799224746714913,
      1.1780972450961724,
      1.2762720155208536,
      1.3744467859455345,
      1.4726215563702154,
      1.5707963267948966,
      1.6689710972195777,
      1.7671458676442586,
      1.8653206380689396,
      1.9634954084936207,
      2.061670178918302,
      2.1598449493429825,
      2.2580197197676637,
      2.356194490192345,
      2.454369260617026,
      2.552544031041707,
      2.650718801466388,
      2.748893571891069,
      2.84706834231575,
      2.945243112740431,
      3.043417883165112,
      3.141592653589793,
      3.2397674240144743,
      3.3379421944391554,
      3.436116964863836,
      3.5342917352885173,
      3.6324665057131984,
      3.730641276137879,
      3.8288160465625602,
      3.9269908169872414,
      4.025165587411922,
      4.123340357836604,
      4.221515128261284,
      4.319689898685965,
      4.417864669110647,
      4.516039439535327,
      4.614214209960009,
      4.71238898038469,
      4.81056375080937,
      4.908738521234052,
      5.006913291658733,
      5.105088062083414,
      5.203262832508095,
      5.301437602932776,
      5.399612373357457,
      5.497787143782138,
      5.595961914206819,
      5.6941366846315,
      5.792311455056181,
      5.890486225480862,
      5.988660995905543,
      6.086835766330224,
      6.1850105367549055
    ],
    "mean_I": [
      0.7967219964000651,
      0.232481402239727,
      -0.4373008881125923,
      -0.9085577177914121,
      -0.9673483385597138,
      -0.5869830377080575,
      0.059860290369830156,
      0.6795282981024722,
      0.9907046652081722,
      0.8521218266998228,
      0.3266934939468562,
      -0.347046854966791,
      -0.8632351873388399,
      -0.9875327920801358,
      -0.6635111552940302,
      -0.03826932585000833,
      0.6043459774436287,
      0.9726008418732996,
      0.8993152579912885,
      0.4177593487184476,
      -0.2534505708925528,
      -0.8095992301398399,
      -0.9982067649724876,
      -0.7336492977424289,
      -0.13603038754176808,
      0.5233434746528866,
      0.9451303407534838,
      0.9378477917325699,
      0.5048019525913888,
      -0.1574134192704425,
      -0.7481663897826342,
      -0.9992674610428303,
      -0.7967219964000655,
      -0.232481402239727,
      0.4373008881125936,
      0.9085577177914115,
      0.9673483385597149,
      0.5869830377080575,
      -0.059860290369827776,
      -0.6795282981024708,
      -0.9907046652081724,
      -0.8521218266998254,
      -0.32669349394685526,
      0.34704685496679094,
      0.8632351873388375,
      0.9875327920801354,
      0.663511155294032,
      0.03826932585000623,
      -0.6043459774436277,
      -0.9726008418732982,
      -0.8993152579912884,
      -0.4177593487184481,
      0.2534505708925549,
      0.8095992301398398,
      0.9982067649724878,
      0.733649297742427,
      0.1360303875417692,
      -0.523343474652883,
      -0.9451303407534832,
      -0.9378477917325706,
      -0.5048019525913919,
      0.15741341927044203,
      0.7481663897826331,
      0.9992674610428313
    ],
    "fit": {
      "A": 1.6044042838203277e-16,
      "I0": 5.736977813164401e-17,
      "phi0": -3.0124367016453526,
      "R2": 0.0,
      "visibility_fit": 0.00016044042838203278,
      "visibility_fourier": 0.00014651114039986743,
      "visibility": 0.00014651114039986743
    },
    "cycles": 8,
    "per_cycle_V": [
      0.00013851895267047082,
      0.00013851895267047082,
      0.00013851895267047082,
      0.00013851895267047082,
      0.00013851895267047082,
      0.00013851895267047082,
      0.00013851895267047082,
      0.00013851895267047082
    ]
  },
  "diagnostics": {
    "measured_link_count": 0,
    "selection_policy": "uniform",
    "num_links": 128,
    "visibility_qc": {
      "r2_ok": false,
      "v_in_unit_interval": true,
      "i0_very_small": true
    },
    "hybrid_knobs": {
      "kick_passes": 3,
      "loop_measurement_cycles": 4
    }
  },
  "artifacts": {
    "kernel_hash": "bb669db8d373312f24e4630fcfc599d4f7b832920772c12cef62ec22cd65bc64",
    "flip_counts_hash": "2268e99a6015a7b96d81d3b1a331fda63562012ba66381118831ac9c8b2f0d5d",
    "pivot_fit_hash": "32e5af21ae29df0c4428cd8be3189fb5b9433eb374572ce92302aca28369a080",
    "config_hash": "09be816148e3d54a4ba01072548fde7efe2f97f681380c3e050adf0677f43c72"
  }
}