{
  "sim": "MICC",
  "gauge": "SU2",
  "rep": "fundamental",
  "L": 12,
  "b": 3.0,
  "kappa": 1.0,
  "seed": 1,
  "measurement_model": "dephasing",
  "f": 0.3,
  "schedule": "post",
  "sigma": 0.13345753500909968,
  "sigma_err": 0.013895444847708681,
  "visibility": 0.00018560657724478946,
  "visibility_err": 0.0,
  "coherence": {
    "C": 0.5920143399990445,
    "P_entropy": 0.3605680553151701
  },
  "twist_scan": {
    "phi_values": [
      0.0,
      0.09817477042468103,
      0.19634954084936207,
      0.2945243112740431,
      0.39269908169872414,
      0.4908738521234052,
      0.5890486225480862,
      0.6872233929727672,
      0.7853981633974483,
      0.8835729338221293,
      0.9817477042468103,
      1.0799224746714913,
      1.1780972450961724,
      1.2762720155208536,
      1.3744467859455345,
      1.4726215563702154,
      1.5707963267948966,
      1.6689710972195777,
      1.7671458676442586,
      1.8653206380689396,
      1.9634954084936207,
      2.061670178918302,
      2.1598449493429825,
      2.2580197197676637,
      2.356194490192345,
      2.454369260617026,
      2.552544031041707,
      2.650718801466388,
      2.748893571891069,
      2.84706834231575,
      2.945243112740431,
      3.043417883165112,
      3.141592653589793,
      3.2397674240144743,
      3.3379421944391554,
      3.436116964863836,
      3.5342917352885173,
      3.6324665057131984,
      3.730641276137879,
      3.8288160465625602,
      3.9269908169872414,
      4.025165587411922,
      4.123340357836604,
      4.221515128261284,
      4.319689898685965,
      4.417864669110647,
      4.516039439535327,
      4.614214209960009,
      4.71238898038469,
      4.81056375080937,
      4.908738521234052,
      5.006913291658733,
      5.105088062083414,
      5.203262832508095,
      5.301437602932776,
      5.399612373357457,
      5.497787143782138,
      5.595961914206819,
      5.6941366846315,
      5.792311455056181,
      5.890486225480862,
      5.988660995905543,
      6.086835766330224,
      6.1850105367549055
    ],
    "mean_I": [
      -0.962905133407517,
      -0.6918880999447411,
      0.3105975482821362,
      0.9847174413974483,
      0.6177876288586694,
      -0.40227129680655466,
      -0.9970463821254133,
      -0.5377375251896196,
      0.49007095283886576,
      0.9997732211525153,
      0.45250871519576114,
      -0.5731509576953026,
      -0.9928716975282841,
      -0.36292199890813936,
      0.6507112055129527,
      0.9764082766979741,
      0.2698401453776884,
      -0.7220047487065846,
      -0.9505415104040046,
      -0.174159583737624,
      0.786344991482226,
      0.9155205097459993,
      0.07680177010085233,
      -0.8431123021299969,
      -0.8716825461047206,
      0.021295686566113387,
      0.8917599804161902,
      0.8194498030343028,
      -0.11918805413003607,
      -0.9318195226053805,
      -0.7593253104038372,
      0.21593257557786846,
      0.9629051334075169,
      0.6918880999447411,
      -0.3105975482821377,
      -0.984717441397449,
      -0.617787628858672,
      0.40227129680655466,
      0.9970463821254142,
      0.5377375251896214,
      -0.490070952838864,
      -0.999773221152517,
      -0.4525087151957595,
      0.5731509576953023,
      0.9928716975282843,
      0.36292199890814025,
      -0.6507112055129493,
      -0.9764082766979738,
      -0.2698401453776902,
      0.7220047487065802,
      0.950541510404004,
      0.17415958373762547,
      -0.7863449914822286,
      -0.9155205097459999,
      -0.0768017701008538,
      0.843112302129998,
      0.8716825461047214,
      -0.02129568656610664,
      -0.8917599804161894,
      -0.8194498030343037,
      0.11918805413002978,
      0.9318195226053803,
      0.7593253104038383,
      -0.21593257557787157
    ],
    "fit": {
      "A": 1.7292154521682678e-16,
      "I0": -9.071819262018723e-17,
      "phi0": -2.722446902049499,
      "R2": 0.0,
      "visibility_fit": 0.00017292154521682677,
      "visibility_fourier": 0.00018560657724478946,
      "visibility": 0.00018560657724478946
    },
    "cycles": 8,
    "per_cycle_V": [
      0.00017385627242123833,
      0.00017385627242123833,
      0.00017385627242123833,
      0.00017385627242123833,
      0.00017385627242123833,
      0.00017385627242123833,
      0.00017385627242123833,
      0.00017385627242123833
    ]
  },
  "diagnostics": {
    "measured_link_count": 86,
    "selection_policy": "uniform",
    "num_links": 288,
    "visibility_qc": {
      "r2_ok": false,
      "v_in_unit_interval": true,
      "i0_very_small": true
    },
    "hybrid_knobs": {
      "kick_passes": 3,
      "loop_measurement_cycles": 4
    }
  },
  "artifacts": {
    "kernel_hash": "c5f37351f163441ec05d09116a3864130c1bfed1c4688da9e07e9067e5bf8f54",
    "flip_counts_hash": "1045813912820017453b344ca74f8b8f873bba658c2e9b55c71942b9dd07c053",
    "pivot_fit_hash": "e730f86cf82cf01e0490c7477184968845e3929e6af95e60cac897b00c6a8382",
    "config_hash": "09be816148e3d54a4ba01072548fde7efe2f97f681380c3e050adf0677f43c72"
  }
}