{
  "sim": "MICC",
  "gauge": "SU2",
  "rep": "fundamental",
  "L": 8,
  "b": 3.0,
  "kappa": 1.0,
  "seed": 2,
  "measurement_model": "dephasing",
  "f": 0.3,
  "schedule": "during",
  "sigma": 0.29660254352868526,
  "sigma_err": 0.048294830129082394,
  "visibility": 0.00012367910053098826,
  "visibility_err": 1.465333534003267e-05,
  "coherence": {
    "C": 0.5771201698626152,
    "P_entropy": 0.24081434831077042
  },
  "twist_scan": {
    "phi_values": [
      0.0,
      0.09817477042468103,
      0.19634954084936207,
      0.2945243112740431,
      0.39269908169872414,
      0.4908738521234052,
      0.5890486225480862,
      0.6872233929727672,
      0.7853981633974483,
      0.8835729338221293,
      0.9817477042468103,
      1.0799224746714913,
      1.1780972450961724,
      1.2762720155208536,
      1.3744467859455345,
      1.4726215563702154,
      1.5707963267948966,
      1.6689710972195777,
      1.7671458676442586,
      1.8653206380689396,
      1.9634954084936207,
      2.061670178918302,
      2.1598449493429825,
      2.2580197197676637,
      2.356194490192345,
      2.454369260617026,
      2.552544031041707,
      2.650718801466388,
      2.748893571891069,
      2.84706834231575,
      2.945243112740431,
      3.043417883165112,
      3.141592653589793,
      3.2397674240144743,
      3.3379421944391554,
      3.436116964863836,
      3.5342917352885173,
      3.6324665057131984,
      3.730641276137879,
      3.8288160465625602,
      3.9269908169872414,
      4.025165587411922,
      4.123340357836604,
      4.221515128261284,
      4.319689898685965,
      4.417864669110647,
      4.516039439535327,
      4.614214209960009,
      4.71238898038469,
      4.81056375080937,
      4.908738521234052,
      5.006913291658733,
      5.105088062083414,
      5.203262832508095,
      5.301437602932776,
      5.399612373357457,
      5.497787143782138,
      5.595961914206819,
      5.6941366846315,
      5.792311455056181,
      5.890486225480862,
      5.988660995905543,
      6.086835766330224,
      6.1850105367549055
    ],
    "mean_I": [
      0.4196412074857565,
      -0.07271244407733199,
      -0.5320561662084186,
      -0.7498575124330867,
      -0.6272392250782904,
      -0.21986744305623585,
      0.28731956140507753,
      0.6640694918996795,
      0.7393457565903896,
      0.47897450508782574,
      0.0011588420638766611,
      -0.47718291102947935,
      -0.7388935988475744,
      -0.6651620406344954,
      -0.2894608223335351,
      0.2176495576289018,
      0.6259515887673692,
      0.7500846852034766,
      0.5336950163718013,
      0.0750189679225233,
      -0.41771412356261395,
      -0.7208137359848318,
      -0.6966789821248317,
      -0.35626653565638144,
      0.14588346963341012,
      0.5818054296552841,
      0.7535998882600559,
      0.5832757529007437,
      0.1481566201105352,
      -0.3542225207400725,
      -0.6957920428076845,
      -0.7214865241738342,
      -0.4196412074857571,
      0.07271244407733182,
      0.5320561662084189,
      0.7498575124330868,
      0.6272392250782913,
      0.21986744305623585,
      -0.2873195614050762,
      -0.6640694918996785,
      -0.7393457565903898,
      -0.47897450508782813,
      -0.0011588420638761546,
      0.4771829110294792,
      0.7388935988475737,
      0.6651620406344956,
      0.2894608223335368,
      -0.21764955762890345,
      -0.6259515887673687,
      -0.7500846852034767,
      -0.5336950163718008,
      -0.07501896792252391,
      0.4177141235626152,
      0.7208137359848313,
      0.696678982124832,
      0.35626653565637995,
      -0.14588346963340929,
      -0.581805429655282,
      -0.7535998882600555,
      -0.583275752900744,
      -0.148156620110538,
      0.3542225207400721,
      0.6957920428076839,
      0.7214865241738341
    ],
    "fit": {
      "A": 0.013976649727858465,
      "I0": 2.0308232631205033e-16,
      "phi0": 0.41719161641222335,
      "R2": 0.00027600702771224395,
      "visibility_fit": 1.0,
      "visibility_fourier": 0.00012367910053098826,
      "visibility": 0.00012367910053098826
    },
    "cycles": 8,
    "per_cycle_V": [
      0.0001619726925113988,
      7.564748243446745e-05,
      0.00019922149277140652,
      0.00018108552280271,
      0.00013320781630419664,
      0.00020490491722754305,
      0.00014880097157452866,
      0.00016827100641065483
    ]
  },
  "diagnostics": {
    "measured_link_count": 38,
    "selection_policy": "uniform",
    "num_links": 128,
    "visibility_qc": {
      "r2_ok": false,
      "v_in_unit_interval": true,
      "i0_very_small": true
    },
    "hybrid_knobs": {
      "kick_passes": 3,
      "loop_measurement_cycles": 4
    }
  },
  "artifacts": {
    "kernel_hash": "bb669db8d373312f24e4630fcfc599d4f7b832920772c12cef62ec22cd65bc64",
    "flip_counts_hash": "2268e99a6015a7b96d81d3b1a331fda63562012ba66381118831ac9c8b2f0d5d",
    "pivot_fit_hash": "e730f86cf82cf01e0490c7477184968845e3929e6af95e60cac897b00c6a8382",
    "config_hash": "09be816148e3d54a4ba01072548fde7efe2f97f681380c3e050adf0677f43c72"
  }
}