{
  "sim": "MICC",
  "gauge": "SU2",
  "rep": "fundamental",
  "L": 12,
  "b": 3.0,
  "kappa": 1.0,
  "seed": 0,
  "measurement_model": "dephasing",
  "f": 0.0,
  "schedule": "pre",
  "sigma": 0.08232263521026106,
  "sigma_err": 0.009611259662698724,
  "visibility": 0.00017021794557671097,
  "visibility_err": 2.09954847897913e-19,
  "coherence": {
    "C": 0.5920143399990445,
    "P_entropy": 0.3605680553151701
  },
  "twist_scan": {
    "phi_values": [
      0.0,
      0.09817477042468103,
      0.19634954084936207,
      0.2945243112740431,
      0.39269908169872414,
      0.4908738521234052,
      0.5890486225480862,
      0.6872233929727672,
      0.7853981633974483,
      0.8835729338221293,
      0.9817477042468103,
      1.0799224746714913,
      1.1780972450961724,
      1.2762720155208536,
      1.3744467859455345,
      1.4726215563702154,
      1.5707963267948966,
      1.6689710972195777,
      1.7671458676442586,
      1.8653206380689396,
      1.9634954084936207,
      2.061670178918302,
      2.1598449493429825,
      2.2580197197676637,
      2.356194490192345,
      2.454369260617026,
      2.552544031041707,
      2.650718801466388,
      2.748893571891069,
      2.84706834231575,
      2.945243112740431,
      3.043417883165112,
      3.141592653589793,
      3.2397674240144743,
      3.3379421944391554,
      3.436116964863836,
      3.5342917352885173,
      3.6324665057131984,
      3.730641276137879,
      3.8288160465625602,
      3.9269908169872414,
      4.025165587411922,
      4.123340357836604,
      4.221515128261284,
      4.319689898685965,
      4.417864669110647,
      4.516039439535327,
      4.614214209960009,
      4.71238898038469,
      4.81056375080937,
      4.908738521234052,
      5.006913291658733,
      5.105088062083414,
      5.203262832508095,
      5.301437602932776,
      5.399612373357457,
      5.497787143782138,
      5.595961914206819,
      5.6941366846315,
      5.792311455056181,
      5.890486225480862,
      5.988660995905543,
      6.086835766330224,
      6.1850105367549055
    ],
    "mean_I": [
      -0.962905133407517,
      -0.6918880999447409,
      0.3105975482821357,
      0.9847174413974481,
      0.6177876288586697,
      -0.40227129680655344,
      -0.9970463821254131,
      -0.5377375251896197,
      0.4900709528388649,
      0.9997732211525157,
      0.45250871519576125,
      -0.573150957695302,
      -0.9928716975282833,
      -0.36292199890813964,
      0.6507112055129519,
      0.9764082766979739,
      0.26984014537768874,
      -0.7220047487065836,
      -0.9505415104040043,
      -0.17415958373762444,
      0.7863449914822254,
      0.9155205097459991,
      0.07680177010085253,
      -0.8431123021299958,
      -0.8716825461047203,
      0.0212956865661126,
      0.8917599804161895,
      0.8194498030343028,
      -0.11918805413003498,
      -0.9318195226053799,
      -0.7593253104038369,
      0.21593257557786763,
      0.9629051334075158,
      0.6918880999447411,
      -0.3105975482821369,
      -0.9847174413974481,
      -0.6177876288586718,
      0.40227129680655344,
      0.9970463821254136,
      0.5377375251896214,
      -0.4900709528388632,
      -0.9997732211525162,
      -0.4525087151957601,
      0.5731509576953016,
      0.9928716975282836,
      0.36292199890814053,
      -0.6507112055129489,
      -0.9764082766979736,
      -0.2698401453776906,
      0.7220047487065794,
      0.9505415104040044,
      0.17415958373762577,
      -0.7863449914822277,
      -0.9155205097459994,
      -0.07680177010085432,
      0.8431123021299972,
      0.8716825461047217,
      -0.021295686566106104,
      -0.8917599804161891,
      -0.8194498030343034,
      0.11918805413002925,
      0.9318195226053798,
      0.7593253104038383,
      -0.21593257557787113
    ],
    "fit": {
      "A": 1.6765324391627184e-16,
      "I0": -5.41354362599833e-17,
      "phi0": -2.353998769900041,
      "R2": 1.1102230246251565e-16,
      "visibility_fit": 0.00016765324391627184,
      "visibility_fourier": 0.00017021794557671097,
      "visibility": 0.00017021794557671097
    },
    "cycles": 16,
    "per_cycle_V": [
      0.00017729911418318354,
      0.00017729911418318354,
      0.00017729911418318354,
      0.00017729911418318354,
      0.00017729911418318354,
      0.00017729911418318354,
      0.00017729911418318354,
      0.00017729911418318354,
      0.00017729911418318354,
      0.00017729911418318354,
      0.00017729911418318354,
      0.00017729911418318354,
      0.00017729911418318354,
      0.00017729911418318354,
      0.00017729911418318354,
      0.00017729911418318354
    ]
  },
  "diagnostics": {
    "measured_link_count": 0,
    "selection_policy": "uniform",
    "num_links": 288,
    "creutz_sizes": [
      [
        2,
        2
      ],
      [
        3,
        3
      ]
    ],
    "loop_sizes_measured": [
      [
        1,
        1
      ],
      [
        1,
        2
      ],
      [
        2,
        1
      ],
      [
        2,
        2
      ],
      [
        2,
        3
      ],
      [
        3,
        2
      ],
      [
        3,
        3
      ]
    ],
    "visibility_qc": {
      "r2_ok": false,
      "v_in_unit_interval": true,
      "i0_very_small": true
    },
    "hybrid_knobs": {
      "kick_passes": 3,
      "loop_measurement_cycles": 6
    }
  },
  "artifacts": {
    "kernel_hash": "c5f37351f163441ec05d09116a3864130c1bfed1c4688da9e07e9067e5bf8f54",
    "flip_counts_hash": "526d3d4f7381a97e02c3ef4c6b8d2598448ee2e98060a326f334d01ae3e48798",
    "pivot_fit_hash": "e730f86cf82cf01e0490c7477184968845e3929e6af95e60cac897b00c6a8382",
    "config_hash": "3e53227bb97f97d3e0f7892c2fd75b0f2e140b1e74473c1589a222acbe454fae"
  }
}