{
  "sim": "MICC",
  "gauge": "SU2",
  "rep": "fundamental",
  "L": 8,
  "b": 3.5,
  "kappa": 0.75,
  "seed": 0,
  "measurement_model": "dephasing",
  "f": 0.3,
  "schedule": "pre",
  "sigma": 0.19182293157537267,
  "sigma_err": 0.04948200074056984,
  "visibility": 7.001528819727281e-05,
  "visibility_err": 3.585661649140751e-20,
  "coherence": {
    "C": 0.4582704383526608,
    "P_entropy": 0.2748080763229309
  },
  "twist_scan": {
    "phi_values": [
      0.0,
      0.09817477042468103,
      0.19634954084936207,
      0.2945243112740431,
      0.39269908169872414,
      0.4908738521234052,
      0.5890486225480862,
      0.6872233929727672,
      0.7853981633974483,
      0.8835729338221293,
      0.9817477042468103,
      1.0799224746714913,
      1.1780972450961724,
      1.2762720155208536,
      1.3744467859455345,
      1.4726215563702154,
      1.5707963267948966,
      1.6689710972195777,
      1.7671458676442586,
      1.8653206380689396,
      1.9634954084936207,
      2.061670178918302,
      2.1598449493429825,
      2.2580197197676637,
      2.356194490192345,
      2.454369260617026,
      2.552544031041707,
      2.650718801466388,
      2.748893571891069,
      2.84706834231575,
      2.945243112740431,
      3.043417883165112,
      3.141592653589793,
      3.2397674240144743,
      3.3379421944391554,
      3.436116964863836,
      3.5342917352885173,
      3.6324665057131984,
      3.730641276137879,
      3.8288160465625602,
      3.9269908169872414,
      4.025165587411922,
      4.123340357836604,
      4.221515128261284,
      4.319689898685965,
      4.417864669110647,
      4.516039439535327,
      4.614214209960009,
      4.71238898038469,
      4.81056375080937,
      4.908738521234052,
      5.006913291658733,
      5.105088062083414,
      5.203262832508095,
      5.301437602932776,
      5.399612373357457,
      5.497787143782138,
      5.595961914206819,
      5.6941366846315,
      5.792311455056181,
      5.890486225480862,
      5.988660995905543,
      6.086835766330224,
      6.1850105367549055
    ],
    "mean_I": [
      -0.07496983996915195,
      -0.6905604456394768,
      -0.992651046347138,
      -0.8440988250961168,
      -0.3123433845938676,
      0.3612094224366019,
      0.8707807033870881,
      0.9850357501729503,
      0.6521051602523033,
      0.02313246096067661,
      -0.6163418919830866,
      -0.9760099116572614,
      -0.8925898366103235,
      -0.40395263687297245,
      0.26807061467782356,
      0.8183954116436364,
      0.9971858016914397,
      0.7232746856611312,
      0.12101198364596422,
      -0.536187628980148,
      -0.9499692679768365,
      -0.9324847200587342,
      -0.4916716044360187,
      0.17235014035739288,
      0.7581285247056179,
      0.9997324088224319,
      0.7874786804648799,
      0.21772609477686272,
      -0.4508695860001594,
      -0.9147799009397682,
      -0.9633992659049806,
      -0.574655505673305,
      0.07496983996915109,
      0.6905604456394767,
      0.9926510463471383,
      0.8440988250961182,
      0.3123433845938686,
      -0.3612094224366019,
      -0.870780703387087,
      -0.9850357501729502,
      -0.6521051602523041,
      -0.02313246096068019,
      0.6163418919830866,
      0.976009911657262,
      0.8925898366103252,
      0.4039526368729732,
      -0.2680706146778214,
      -0.8183954116436378,
      -0.9971858016914394,
      -0.7232746856611333,
      -0.12101198364596379,
      0.5361876289801476,
      0.9499692679768367,
      0.9324847200587341,
      0.49167160443602015,
      -0.172350140357395,
      -0.7581285247056176,
      -0.9997324088224316,
      -0.78747868046488,
      -0.21772609477686355,
      0.45086958600015586,
      0.9147799009397681,
      0.9633992659049798,
      0.5746555056733036
    ],
    "fit": {
      "A": 6.393974254075111e-17,
      "I0": -1.0480313646255013e-16,
      "phi0": -2.9496279421298293,
      "R2": 0.0,
      "visibility_fit": 6.393974254075111e-05,
      "visibility_fourier": 7.001528819727281e-05,
      "visibility": 7.001528819727281e-05
    },
    "cycles": 8,
    "per_cycle_V": [
      6.479756756094408e-05,
      6.479756756094408e-05,
      6.479756756094408e-05,
      6.479756756094408e-05,
      6.479756756094408e-05,
      6.479756756094408e-05,
      6.479756756094408e-05,
      6.479756756094408e-05
    ]
  },
  "diagnostics": {
    "measured_link_count": 38,
    "selection_policy": "uniform",
    "num_links": 128,
    "visibility_qc": {
      "r2_ok": false,
      "v_in_unit_interval": true,
      "i0_very_small": true
    },
    "hybrid_knobs": {
      "kick_passes": 3,
      "loop_measurement_cycles": 4
    }
  },
  "artifacts": {
    "kernel_hash": "bb669db8d373312f24e4630fcfc599d4f7b832920772c12cef62ec22cd65bc64",
    "flip_counts_hash": "051ffecc2b526e5161a7cdb343471ea2bcf4c30d07d6aca6b7e9329b81a2e42c",
    "pivot_fit_hash": "32e5af21ae29df0c4428cd8be3189fb5b9433eb374572ce92302aca28369a080",
    "config_hash": "09be816148e3d54a4ba01072548fde7efe2f97f681380c3e050adf0677f43c72"
  }
}