{
  "sim": "MICC",
  "gauge": "SU2",
  "rep": "fundamental",
  "L": 8,
  "b": 3.5,
  "kappa": 1.0,
  "seed": 0,
  "measurement_model": "dephasing",
  "f": 0.3,
  "schedule": "during",
  "sigma": 0.3147071889281569,
  "sigma_err": 0.02768524114818197,
  "visibility": 7.436868239130544e-05,
  "visibility_err": 1.5035911321335363e-05,
  "coherence": {
    "C": 0.4729838276481537,
    "P_entropy": 0.21846507093547965
  },
  "twist_scan": {
    "phi_values": [
      0.0,
      0.09817477042468103,
      0.19634954084936207,
      0.2945243112740431,
      0.39269908169872414,
      0.4908738521234052,
      0.5890486225480862,
      0.6872233929727672,
      0.7853981633974483,
      0.8835729338221293,
      0.9817477042468103,
      1.0799224746714913,
      1.1780972450961724,
      1.2762720155208536,
      1.3744467859455345,
      1.4726215563702154,
      1.5707963267948966,
      1.6689710972195777,
      1.7671458676442586,
      1.8653206380689396,
      1.9634954084936207,
      2.061670178918302,
      2.1598449493429825,
      2.2580197197676637,
      2.356194490192345,
      2.454369260617026,
      2.552544031041707,
      2.650718801466388,
      2.748893571891069,
      2.84706834231575,
      2.945243112740431,
      3.043417883165112,
      3.141592653589793,
      3.2397674240144743,
      3.3379421944391554,
      3.436116964863836,
      3.5342917352885173,
      3.6324665057131984,
      3.730641276137879,
      3.8288160465625602,
      3.9269908169872414,
      4.025165587411922,
      4.123340357836604,
      4.221515128261284,
      4.319689898685965,
      4.417864669110647,
      4.516039439535327,
      4.614214209960009,
      4.71238898038469,
      4.81056375080937,
      4.908738521234052,
      5.006913291658733,
      5.105088062083414,
      5.203262832508095,
      5.301437602932776,
      5.399612373357457,
      5.497787143782138,
      5.595961914206819,
      5.6941366846315,
      5.792311455056181,
      5.890486225480862,
      5.988660995905543,
      6.086835766330224,
      6.1850105367549055
    ],
    "mean_I": [
      0.3826481416221697,
      0.06336021096328955,
      -0.2846919308183875,
      -0.5034998879845588,
      -0.4937294225396745,
      -0.25981612152727374,
      0.09204826675418297,
      0.4021246663570842,
      0.5296448745438751,
      0.41671738282773685,
      0.11460891150372989,
      -0.23952960954592065,
      -0.48492669564151347,
      -0.5101772001451599,
      -0.30381792191756984,
      0.04046834102270884,
      0.3663828231991745,
      0.5259671635083175,
      0.44677340783577996,
      0.16475386557478572,
      -0.19206048719332378,
      -0.46168339413154424,
      -0.5217116924220199,
      -0.3448937896360294,
      -0.011501316955058648,
      0.3271125131686327,
      0.5172241011652765,
      0.4725267606951763,
      0.2133121498567312,
      -0.1427417173581128,
      -0.4339938291542714,
      -0.5282218159042346,
      -0.3826481416221701,
      -0.06336021096328953,
      0.28469193081838784,
      0.5034998879845587,
      0.4937294225396749,
      0.25981612152727374,
      -0.09204826675418194,
      -0.40212466635708344,
      -0.529644874543875,
      -0.41671738282773846,
      -0.1146089115037294,
      0.23952960954592065,
      0.48492669564151264,
      0.5101772001451598,
      0.3038179219175706,
      -0.040468341022710075,
      -0.36638282319917403,
      -0.5259671635083172,
      -0.44677340783577973,
      -0.1647538655747861,
      0.1920604871933249,
      0.46168339413154375,
      0.5217116924220202,
      0.34489378963602846,
      0.011501316955059175,
      -0.3271125131686308,
      -0.5172241011652761,
      -0.4725267606951763,
      -0.21331214985673305,
      0.1427417173581125,
      0.43399382915427076,
      0.5282218159042349
    ],
    "fit": {
      "A": 6.472807043389715e-05,
      "I0": -1.9324037835987128e-17,
      "phi0": 0.8522881262917568,
      "R2": 1.3615581440085123e-08,
      "visibility_fit": 1.0,
      "visibility_fourier": 7.436868239130544e-05,
      "visibility": 7.436868239130544e-05
    },
    "cycles": 16,
    "per_cycle_V": [
      9.837461974722735e-05,
      0.00014507325973852616,
      6.199058067287446e-05,
      0.0001229705143848477,
      0.00017202923500732597,
      0.00012582202413998237,
      0.0001147313373933035,
      0.0001762431243604141,
      0.0001921279670510404,
      2.3244259310103158e-05,
      0.00023169479064785256,
      3.617159088542758e-05,
      0.0001375014586781743,
      0.00016170714570624273,
      0.00018340189102423508,
      5.248168501519931e-05
    ]
  },
  "diagnostics": {
    "measured_link_count": 38,
    "selection_policy": "uniform",
    "num_links": 128,
    "creutz_sizes": [
      [
        2,
        2
      ],
      [
        3,
        3
      ]
    ],
    "loop_sizes_measured": [
      [
        1,
        1
      ],
      [
        1,
        2
      ],
      [
        2,
        1
      ],
      [
        2,
        2
      ],
      [
        2,
        3
      ],
      [
        3,
        2
      ],
      [
        3,
        3
      ]
    ],
    "visibility_qc": {
      "r2_ok": false,
      "v_in_unit_interval": true,
      "i0_very_small": true
    },
    "hybrid_knobs": {
      "kick_passes": 3,
      "loop_measurement_cycles": 6
    }
  },
  "artifacts": {
    "kernel_hash": "bb669db8d373312f24e4630fcfc599d4f7b832920772c12cef62ec22cd65bc64",
    "flip_counts_hash": "051ffecc2b526e5161a7cdb343471ea2bcf4c30d07d6aca6b7e9329b81a2e42c",
    "pivot_fit_hash": "18f843e4852e0cb06a5603a8f3e251da6d346190d1181f60fc167ac1ef296fd4",
    "config_hash": "3e53227bb97f97d3e0f7892c2fd75b0f2e140b1e74473c1589a222acbe454fae"
  }
}