{
  "sim": "MICC",
  "gauge": "SU2",
  "rep": "fundamental",
  "L": 8,
  "b": 3.5,
  "kappa": 0.75,
  "seed": 0,
  "measurement_model": "dephasing",
  "f": 0.5,
  "schedule": "during",
  "sigma": 0.45737728407571093,
  "sigma_err": 0.06626567795976422,
  "visibility": 3.183708727316708e-05,
  "visibility_err": 1.1465818976396265e-05,
  "coherence": {
    "C": 0.4908213971883675,
    "P_entropy": 0.13294063023810263
  },
  "twist_scan": {
    "phi_values": [
      0.0,
      0.09817477042468103,
      0.19634954084936207,
      0.2945243112740431,
      0.39269908169872414,
      0.4908738521234052,
      0.5890486225480862,
      0.6872233929727672,
      0.7853981633974483,
      0.8835729338221293,
      0.9817477042468103,
      1.0799224746714913,
      1.1780972450961724,
      1.2762720155208536,
      1.3744467859455345,
      1.4726215563702154,
      1.5707963267948966,
      1.6689710972195777,
      1.7671458676442586,
      1.8653206380689396,
      1.9634954084936207,
      2.061670178918302,
      2.1598449493429825,
      2.2580197197676637,
      2.356194490192345,
      2.454369260617026,
      2.552544031041707,
      2.650718801466388,
      2.748893571891069,
      2.84706834231575,
      2.945243112740431,
      3.043417883165112,
      3.141592653589793,
      3.2397674240144743,
      3.3379421944391554,
      3.436116964863836,
      3.5342917352885173,
      3.6324665057131984,
      3.730641276137879,
      3.8288160465625602,
      3.9269908169872414,
      4.025165587411922,
      4.123340357836604,
      4.221515128261284,
      4.319689898685965,
      4.417864669110647,
      4.516039439535327,
      4.614214209960009,
      4.71238898038469,
      4.81056375080937,
      4.908738521234052,
      5.006913291658733,
      5.105088062083414,
      5.203262832508095,
      5.301437602932776,
      5.399612373357457,
      5.497787143782138,
      5.595961914206819,
      5.6941366846315,
      5.792311455056181,
      5.890486225480862,
      5.988660995905543,
      6.086835766330224,
      6.1850105367549055
    ],
    "mean_I": [
      0.3904524360156149,
      0.5727168706039851,
      0.49497981957253406,
      0.1925322788623556,
      -0.19732089123183336,
      -0.4975945020404732,
      -0.5719706119943897,
      -0.38668402213541747,
      -0.025850970523661535,
      0.34671788124669234,
      0.5618840636666085,
      0.5219666283377516,
      0.24508725635656053,
      -0.14305660603852374,
      -0.4662557601373071,
      -0.5777845470149311,
      -0.4270112291306842,
      -0.08238374062764796,
      0.299644243746091,
      0.5456400060390488,
      0.5439266131360925,
      0.29528190959372863,
      -0.0874146075263656,
      -0.4304267203826932,
      -0.5780341009985572,
      -0.46322608456133996,
      -0.1381231102738564,
      0.24968486837600862,
      0.5241411368761654,
      0.5606482873094005,
      0.3426328366239993,
      -0.03093075855804499,
      -0.3904524360156145,
      -0.5727168706039851,
      -0.494979819572534,
      -0.1925322788623565,
      0.19732089123183305,
      0.4975945020404732,
      0.57197061199439,
      0.38668402213541814,
      0.025850970523662135,
      -0.3467178812466911,
      -0.5618840636666084,
      -0.5219666283377519,
      -0.24508725635656256,
      0.14305660603852322,
      0.46625576013730596,
      0.5777845470149312,
      0.42701122913068457,
      0.08238374062765014,
      -0.29964424374609144,
      -0.5456400060390486,
      -0.543926613136092,
      -0.2952819095937288,
      0.08741460752636505,
      0.4304267203826939,
      0.578034100998557,
      0.4632260845613413,
      0.1381231102738566,
      -0.24968486837600806,
      -0.5241411368761643,
      -0.5606482873094008,
      -0.34263283662399946,
      0.03093075855804636
    ],
    "fit": {
      "A": 0.006632497707250235,
      "I0": 1.1610545040916439e-16,
      "phi0": -0.677353211013736,
      "R2": 0.00011359075751016245,
      "visibility_fit": 1.0,
      "visibility_fourier": 3.183708727316708e-05,
      "visibility": 3.183708727316708e-05
    },
    "cycles": 8,
    "per_cycle_V": [
      0.00016478631848869393,
      8.759172659843492e-05,
      0.00016156285884020308,
      0.00016930281252698311,
      0.00010553180856077746,
      0.000135400704535782,
      9.541595121948226e-05,
      0.0001299386789750085
    ]
  },
  "diagnostics": {
    "measured_link_count": 64,
    "selection_policy": "uniform",
    "num_links": 128,
    "visibility_qc": {
      "r2_ok": false,
      "v_in_unit_interval": true,
      "i0_very_small": true
    },
    "hybrid_knobs": {
      "kick_passes": 3,
      "loop_measurement_cycles": 4
    }
  },
  "artifacts": {
    "kernel_hash": "bb669db8d373312f24e4630fcfc599d4f7b832920772c12cef62ec22cd65bc64",
    "flip_counts_hash": "051ffecc2b526e5161a7cdb343471ea2bcf4c30d07d6aca6b7e9329b81a2e42c",
    "pivot_fit_hash": "32e5af21ae29df0c4428cd8be3189fb5b9433eb374572ce92302aca28369a080",
    "config_hash": "09be816148e3d54a4ba01072548fde7efe2f97f681380c3e050adf0677f43c72"
  }
}