{
  "sim": "MICC",
  "gauge": "SU2",
  "rep": "fundamental",
  "L": 8,
  "b": 3.0,
  "kappa": 0.75,
  "seed": 3,
  "measurement_model": "dephasing",
  "f": 0.2,
  "schedule": "during",
  "sigma": 0.23231274740522473,
  "sigma_err": 0.022817684147981375,
  "visibility": 0.00015694454672200117,
  "visibility_err": 1.721425781564711e-05,
  "coherence": {
    "C": 0.5886400100121002,
    "P_entropy": 0.2869792679048948
  },
  "twist_scan": {
    "phi_values": [
      0.0,
      0.09817477042468103,
      0.19634954084936207,
      0.2945243112740431,
      0.39269908169872414,
      0.4908738521234052,
      0.5890486225480862,
      0.6872233929727672,
      0.7853981633974483,
      0.8835729338221293,
      0.9817477042468103,
      1.0799224746714913,
      1.1780972450961724,
      1.2762720155208536,
      1.3744467859455345,
      1.4726215563702154,
      1.5707963267948966,
      1.6689710972195777,
      1.7671458676442586,
      1.8653206380689396,
      1.9634954084936207,
      2.061670178918302,
      2.1598449493429825,
      2.2580197197676637,
      2.356194490192345,
      2.454369260617026,
      2.552544031041707,
      2.650718801466388,
      2.748893571891069,
      2.84706834231575,
      2.945243112740431,
      3.043417883165112,
      3.141592653589793,
      3.2397674240144743,
      3.3379421944391554,
      3.436116964863836,
      3.5342917352885173,
      3.6324665057131984,
      3.730641276137879,
      3.8288160465625602,
      3.9269908169872414,
      4.025165587411922,
      4.123340357836604,
      4.221515128261284,
      4.319689898685965,
      4.417864669110647,
      4.516039439535327,
      4.614214209960009,
      4.71238898038469,
      4.81056375080937,
      4.908738521234052,
      5.006913291658733,
      5.105088062083414,
      5.203262832508095,
      5.301437602932776,
      5.399612373357457,
      5.497787143782138,
      5.595961914206819,
      5.6941366846315,
      5.792311455056181,
      5.890486225480862,
      5.988660995905543,
      6.086835766330224,
      6.1850105367549055
    ],
    "mean_I": [
      0.5769663503628325,
      0.16155002439581226,
      -0.3272066351648964,
      -0.6674183231800367,
      -0.7046360460030994,
      -0.4219637355731279,
      0.052271288927064355,
      0.502776241075857,
      0.7250312911810579,
      0.6181372931202226,
      0.23062188720949933,
      -0.2615910339458519,
      -0.6350470947017207,
      -0.7202050512182796,
      -0.4784049716110302,
      -0.019419036773780485,
      0.4483827347702956,
      0.7126281189434003,
      0.6533552358366483,
      0.2974727351786121,
      -0.19345616806970534,
      -0.5965600155493728,
      -0.7288380880860983,
      -0.530238906249559,
      -0.09092234653496746,
      0.38967105761796095,
      0.6933619483581615,
      0.6822810104716649,
      0.3614587580928149,
      -0.12345821354114768,
      -0.5523277373344061,
      -0.7304520157422213,
      -0.5769663503628328,
      -0.16155002439581237,
      0.327206635164897,
      0.6674183231800362,
      0.7046360460030998,
      0.4219637355731279,
      -0.05227128892706258,
      -0.5027762410758558,
      -0.7250312911810577,
      -0.6181372931202243,
      -0.23062188720949872,
      0.2615910339458517,
      0.635047094701719,
      0.7202050512182795,
      0.4784049716110312,
      0.019419036773778778,
      -0.4483827347702951,
      -0.7126281189433994,
      -0.6533552358366481,
      -0.29747273517861245,
      0.19345616806970659,
      0.5965600155493724,
      0.7288380880860984,
      0.5302389062495577,
      0.09092234653496822,
      -0.38967105761795806,
      -0.693361948358161,
      -0.6822810104716651,
      -0.36145875809281747,
      0.1234582135411471,
      0.5523277373344053,
      0.7304520157422217
    ],
    "fit": {
      "A": 0.1489136089848262,
      "I0": 4.890715527554225e-16,
      "phi0": 1.3040247245170937,
      "R2": 0.02646257918451278,
      "visibility_fit": 1.0,
      "visibility_fourier": 0.00015694454672200117,
      "visibility": 0.00015694454672200117
    },
    "cycles": 8,
    "per_cycle_V": [
      9.645378421890929e-05,
      0.00012869219466641053,
      0.00012850293354885227,
      0.00011120008996943055,
      0.00018995222061946038,
      0.0002360743114957476,
      0.0001377174067901485,
      9.66242533320229e-05
    ]
  },
  "diagnostics": {
    "measured_link_count": 26,
    "selection_policy": "uniform",
    "num_links": 128,
    "visibility_qc": {
      "r2_ok": false,
      "v_in_unit_interval": true,
      "i0_very_small": true
    },
    "hybrid_knobs": {
      "kick_passes": 3,
      "loop_measurement_cycles": 4
    }
  },
  "artifacts": {
    "kernel_hash": "bb669db8d373312f24e4630fcfc599d4f7b832920772c12cef62ec22cd65bc64",
    "flip_counts_hash": "c1b27689be21b2ac0fdae0da5c804f2dab3460dc84baee0f4b6cda147a262623",
    "pivot_fit_hash": "d04f83ead3fcfaea1653e658999e83d0abac9536c46d06a4e4ad9b696714687e",
    "config_hash": "09be816148e3d54a4ba01072548fde7efe2f97f681380c3e050adf0677f43c72"
  }
}