{
  "sim": "MICC",
  "gauge": "SU2",
  "rep": "fundamental",
  "L": 8,
  "b": 3.5,
  "kappa": 0.75,
  "seed": 0,
  "measurement_model": "dephasing",
  "f": 0.2,
  "schedule": "during",
  "sigma": 0.24272193972041106,
  "sigma_err": 0.03799266494724069,
  "visibility": 6.618430439994193e-05,
  "visibility_err": 1.869915966586927e-05,
  "coherence": {
    "C": 0.4746943941456897,
    "P_entropy": 0.27625674586590887
  },
  "twist_scan": {
    "phi_values": [
      0.0,
      0.09817477042468103,
      0.19634954084936207,
      0.2945243112740431,
      0.39269908169872414,
      0.4908738521234052,
      0.5890486225480862,
      0.6872233929727672,
      0.7853981633974483,
      0.8835729338221293,
      0.9817477042468103,
      1.0799224746714913,
      1.1780972450961724,
      1.2762720155208536,
      1.3744467859455345,
      1.4726215563702154,
      1.5707963267948966,
      1.6689710972195777,
      1.7671458676442586,
      1.8653206380689396,
      1.9634954084936207,
      2.061670178918302,
      2.1598449493429825,
      2.2580197197676637,
      2.356194490192345,
      2.454369260617026,
      2.552544031041707,
      2.650718801466388,
      2.748893571891069,
      2.84706834231575,
      2.945243112740431,
      3.043417883165112,
      3.141592653589793,
      3.2397674240144743,
      3.3379421944391554,
      3.436116964863836,
      3.5342917352885173,
      3.6324665057131984,
      3.730641276137879,
      3.8288160465625602,
      3.9269908169872414,
      4.025165587411922,
      4.123340357836604,
      4.221515128261284,
      4.319689898685965,
      4.417864669110647,
      4.516039439535327,
      4.614214209960009,
      4.71238898038469,
      4.81056375080937,
      4.908738521234052,
      5.006913291658733,
      5.105088062083414,
      5.203262832508095,
      5.301437602932776,
      5.399612373357457,
      5.497787143782138,
      5.595961914206819,
      5.6941366846315,
      5.792311455056181,
      5.890486225480862,
      5.988660995905543,
      6.086835766330224,
      6.1850105367549055
    ],
    "mean_I": [
      0.20024628680155065,
      -0.00048764206044936594,
      -0.20100019162200414,
      -0.31026285644299545,
      -0.2786726710192312,
      -0.12057091908576617,
      0.0922675093695313,
      0.2632184175825502,
      0.3146736672482874,
      0.22327365077927686,
      0.030512064777397586,
      -0.17610136072605836,
      -0.30276845016268833,
      -0.2919849931223274,
      -0.14864645365452345,
      0.062174468061834624,
      0.24476948114265556,
      0.3162442671130573,
      0.24415076744620606,
      0.06121792375184692,
      -0.14950657745952517,
      -0.29235821819724406,
      -0.30248534012642186,
      -0.17529044161617052,
      0.03148265263868161,
      0.22396328079474817,
      0.3147692618088267,
      0.2626765787562423,
      0.09133422065544447,
      -0.12147196412344775,
      -0.27913241677130085,
      -0.3100725879497921,
      -0.2002462868015509,
      0.00048764206044936594,
      0.20100019162200436,
      0.3102628564429953,
      0.27867267101923154,
      0.12057091908576617,
      -0.09226750936953074,
      -0.2632184175825497,
      -0.3146736672482875,
      -0.22327365077927777,
      -0.030512064777397225,
      0.17610136072605836,
      0.302768450162688,
      0.2919849931223274,
      0.14864645365452406,
      -0.06217446806183535,
      -0.24476948114265518,
      -0.31624426711305703,
      -0.24415076744620592,
      -0.06121792375184718,
      0.14950657745952575,
      0.29235821819724384,
      0.30248534012642214,
      0.17529044161616997,
      -0.03148265263868133,
      -0.22396328079474703,
      -0.3147692618088264,
      -0.2626765787562425,
      -0.09133422065544555,
      0.1214719641234476,
      0.2791324167713007,
      0.310072587949792
    ],
    "fit": {
      "A": 0.00032493798974091745,
      "I0": -1.1141155806726515e-17,
      "phi0": -2.5789662346991538,
      "R2": 1.0092011238915788e-06,
      "visibility_fit": 1.0,
      "visibility_fourier": 6.618430439994193e-05,
      "visibility": 6.618430439994193e-05
    },
    "cycles": 8,
    "per_cycle_V": [
      0.00012397210643701493,
      8.023096076392733e-05,
      0.00016976376544608135,
      0.00014131609401356126,
      0.00010186958073494139,
      0.0001386809436553038,
      2.347030080537008e-05,
      0.0001912099885840264
    ]
  },
  "diagnostics": {
    "measured_link_count": 26,
    "selection_policy": "uniform",
    "num_links": 128,
    "visibility_qc": {
      "r2_ok": false,
      "v_in_unit_interval": true,
      "i0_very_small": true
    },
    "hybrid_knobs": {
      "kick_passes": 3,
      "loop_measurement_cycles": 4
    }
  },
  "artifacts": {
    "kernel_hash": "bb669db8d373312f24e4630fcfc599d4f7b832920772c12cef62ec22cd65bc64",
    "flip_counts_hash": "051ffecc2b526e5161a7cdb343471ea2bcf4c30d07d6aca6b7e9329b81a2e42c",
    "pivot_fit_hash": "32e5af21ae29df0c4428cd8be3189fb5b9433eb374572ce92302aca28369a080",
    "config_hash": "09be816148e3d54a4ba01072548fde7efe2f97f681380c3e050adf0677f43c72"
  }
}