{
  "sim": "MICC",
  "gauge": "SU2",
  "rep": "fundamental",
  "L": 12,
  "b": 3.5,
  "kappa": 1.0,
  "seed": 3,
  "measurement_model": "dephasing",
  "f": 0.2,
  "schedule": "during",
  "sigma": 0.2366527930693811,
  "sigma_err": 0.010615846514241654,
  "visibility": 0.00018937436913866226,
  "visibility_err": 3.086601984834714e-05,
  "coherence": {
    "C": 0.4753391421166246,
    "P_entropy": 0.257928870362292
  },
  "twist_scan": {
    "phi_values": [
      0.0,
      0.09817477042468103,
      0.19634954084936207,
      0.2945243112740431,
      0.39269908169872414,
      0.4908738521234052,
      0.5890486225480862,
      0.6872233929727672,
      0.7853981633974483,
      0.8835729338221293,
      0.9817477042468103,
      1.0799224746714913,
      1.1780972450961724,
      1.2762720155208536,
      1.3744467859455345,
      1.4726215563702154,
      1.5707963267948966,
      1.6689710972195777,
      1.7671458676442586,
      1.8653206380689396,
      1.9634954084936207,
      2.061670178918302,
      2.1598449493429825,
      2.2580197197676637,
      2.356194490192345,
      2.454369260617026,
      2.552544031041707,
      2.650718801466388,
      2.748893571891069,
      2.84706834231575,
      2.945243112740431,
      3.043417883165112,
      3.141592653589793,
      3.2397674240144743,
      3.3379421944391554,
      3.436116964863836,
      3.5342917352885173,
      3.6324665057131984,
      3.730641276137879,
      3.8288160465625602,
      3.9269908169872414,
      4.025165587411922,
      4.123340357836604,
      4.221515128261284,
      4.319689898685965,
      4.417864669110647,
      4.516039439535327,
      4.614214209960009,
      4.71238898038469,
      4.81056375080937,
      4.908738521234052,
      5.006913291658733,
      5.105088062083414,
      5.203262832508095,
      5.301437602932776,
      5.399612373357457,
      5.497787143782138,
      5.595961914206819,
      5.6941366846315,
      5.792311455056181,
      5.890486225480862,
      5.988660995905543,
      6.086835766330224,
      6.1850105367549055
    ],
    "mean_I": [
      -0.24667491475419778,
      -0.5150009429966775,
      -0.238864613227693,
      0.28980094455920036,
      0.5120870524162906,
      0.19299138640056587,
      -0.3301360328467868,
      -0.5042414835858775,
      -0.14525954702257793,
      0.36729173066734533,
      0.4915397936220982,
      0.09612877879981772,
      -0.4009102083394941,
      -0.47410430674275383,
      -0.046072237887878016,
      0.4306677015455198,
      0.45210293621769987,
      -0.004428003860569199,
      -0.4562776293587497,
      -0.4257475672722653,
      0.05488560151124507,
      0.47749335417453087,
      0.3952920165167037,
      -0.10481462081584536,
      -0.49411055696519113,
      -0.3610295875534886,
      0.15373421802449128,
      0.505969204983971,
      0.32329024630328673,
      -0.20117327067388702,
      -0.5129550929678535,
      -0.2824374432527583,
      0.24667491475419717,
      0.5150009429966775,
      0.23886461322769248,
      -0.28980094455919925,
      -0.512087052416291,
      -0.19299138640056587,
      0.3301360328467856,
      0.5042414835858773,
      0.14525954702257893,
      -0.3672917306673439,
      -0.49153979362209765,
      -0.096128778799818,
      0.40091020833949215,
      0.47410430674275383,
      0.04607223788787996,
      -0.4306677015455211,
      -0.45210293621770004,
      0.0044280038605661945,
      0.45627762935875016,
      0.4257475672722657,
      -0.054885601511246516,
      -0.4774933541745303,
      -0.3952920165167044,
      0.10481462081584692,
      0.49411055696519096,
      0.3610295875534908,
      -0.15373421802449094,
      -0.5059692049839707,
      -0.32329024630328906,
      0.20117327067388652,
      0.5129550929678528,
      0.28243744325275716
    ],
    "fit": {
      "A": 4.172657152900715e-09,
      "I0": -5.2949757464173836e-17,
      "phi0": 2.8007026074849217,
      "R2": 0.0,
      "visibility_fit": 1.0,
      "visibility_fourier": 0.00018937436913866226,
      "visibility": 0.00018937436913866226
    },
    "cycles": 16,
    "per_cycle_V": [
      0.0001509022870601262,
      0.0003975432738079911,
      0.0004409994968789647,
      0.0003464093809106937,
      0.0003914332027527215,
      0.00033128364669897614,
      0.00010607731219897745,
      0.0004341022562878703,
      0.00040629492374589236,
      0.00033861069351349727,
      0.0002646825971261362,
      0.0003652113734633851,
      0.00019287539174359949,
      0.00010962801312885818,
      0.00023181348556049666,
      9.580323528576904e-05
    ]
  },
  "diagnostics": {
    "measured_link_count": 58,
    "selection_policy": "uniform",
    "num_links": 288,
    "creutz_sizes": [
      [
        2,
        2
      ],
      [
        3,
        3
      ]
    ],
    "loop_sizes_measured": [
      [
        1,
        1
      ],
      [
        1,
        2
      ],
      [
        2,
        1
      ],
      [
        2,
        2
      ],
      [
        2,
        3
      ],
      [
        3,
        2
      ],
      [
        3,
        3
      ]
    ],
    "visibility_qc": {
      "r2_ok": false,
      "v_in_unit_interval": true,
      "i0_very_small": true
    },
    "hybrid_knobs": {
      "kick_passes": 3,
      "loop_measurement_cycles": 6
    }
  },
  "artifacts": {
    "kernel_hash": "c5f37351f163441ec05d09116a3864130c1bfed1c4688da9e07e9067e5bf8f54",
    "flip_counts_hash": "f9f0d5ea10777d9547c57c830847aa737adfb2a8c3d087b6a31b748452bdd993",
    "pivot_fit_hash": "18f843e4852e0cb06a5603a8f3e251da6d346190d1181f60fc167ac1ef296fd4",
    "config_hash": "3e53227bb97f97d3e0f7892c2fd75b0f2e140b1e74473c1589a222acbe454fae"
  }
}