{
  "sim": "MICC",
  "gauge": "SU2",
  "rep": "fundamental",
  "L": 12,
  "b": 3.0,
  "kappa": 1.0,
  "seed": 0,
  "measurement_model": "dephasing",
  "f": 0.1,
  "schedule": "during",
  "sigma": 0.1565395791227971,
  "sigma_err": 0.010529151221676927,
  "visibility": 0.00022484604523863316,
  "visibility_err": 2.9975208194168543e-05,
  "coherence": {
    "C": 0.5888357310135915,
    "P_entropy": 0.32408322862767336
  },
  "twist_scan": {
    "phi_values": [
      0.0,
      0.09817477042468103,
      0.19634954084936207,
      0.2945243112740431,
      0.39269908169872414,
      0.4908738521234052,
      0.5890486225480862,
      0.6872233929727672,
      0.7853981633974483,
      0.8835729338221293,
      0.9817477042468103,
      1.0799224746714913,
      1.1780972450961724,
      1.2762720155208536,
      1.3744467859455345,
      1.4726215563702154,
      1.5707963267948966,
      1.6689710972195777,
      1.7671458676442586,
      1.8653206380689396,
      1.9634954084936207,
      2.061670178918302,
      2.1598449493429825,
      2.2580197197676637,
      2.356194490192345,
      2.454369260617026,
      2.552544031041707,
      2.650718801466388,
      2.748893571891069,
      2.84706834231575,
      2.945243112740431,
      3.043417883165112,
      3.141592653589793,
      3.2397674240144743,
      3.3379421944391554,
      3.436116964863836,
      3.5342917352885173,
      3.6324665057131984,
      3.730641276137879,
      3.8288160465625602,
      3.9269908169872414,
      4.025165587411922,
      4.123340357836604,
      4.221515128261284,
      4.319689898685965,
      4.417864669110647,
      4.516039439535327,
      4.614214209960009,
      4.71238898038469,
      4.81056375080937,
      4.908738521234052,
      5.006913291658733,
      5.105088062083414,
      5.203262832508095,
      5.301437602932776,
      5.399612373357457,
      5.497787143782138,
      5.595961914206819,
      5.6941366846315,
      5.792311455056181,
      5.890486225480862,
      5.988660995905543,
      6.086835766330224,
      6.1850105367549055
    ],
    "mean_I": [
      -0.8522816065805378,
      -0.7367529794554749,
      0.15767570585625343,
      0.8854086058902217,
      0.6770817492923592,
      -0.24706035152850908,
      -0.9100086363116053,
      -0.610889851753025,
      0.33406567095861933,
      0.925844786103985,
      0.5388147509949469,
      -0.4178537553585239,
      -0.9327645444879415,
      -0.4615505696386818,
      0.4976176796722308,
      0.9307012704075106,
      0.379841403987591,
      -0.5725892737051999,
      -0.9196748343199885,
      -0.2944741579736682,
      0.6420465200232491,
      0.8997914268325615,
      0.2062709648425085,
      -0.7053205073751454,
      -0.871242536028708,
      -0.11608126956073245,
      0.761801872673612,
      0.8343031033332823,
      0.024773648196614203,
      -0.8109466694949636,
      -0.789328875676289,
      0.06677255694229155,
      0.8522816065805369,
      0.736752979455475,
      -0.1576757058562547,
      -0.8854086058902213,
      -0.6770817492923611,
      0.24706035152850908,
      0.9100086363116056,
      0.6108898517530265,
      -0.33406567095861767,
      -0.9258447861039854,
      -0.5388147509949457,
      0.41785375535852337,
      0.9327645444879411,
      0.4615505696386826,
      -0.4976176796722275,
      -0.9307012704075108,
      -0.37984140398759236,
      0.5725892737051951,
      0.9196748343199884,
      0.2944741579736694,
      -0.6420465200232516,
      -0.8997914268325615,
      -0.20627096484250998,
      0.7053205073751472,
      0.8712425360287087,
      0.11608126956073861,
      -0.7618018726736109,
      -0.8343031033332828,
      -0.0247736481966196,
      0.8109466694949634,
      0.7893288756762895,
      -0.06677255694229463
    ],
    "fit": {
      "A": 0.012810831877513612,
      "I0": 8.338305910948259e-16,
      "phi0": -2.1000069156772425,
      "R2": 7.6655196656783e-05,
      "visibility_fit": 1.0,
      "visibility_fourier": 0.00022484604523863316,
      "visibility": 0.00022484604523863316
    },
    "cycles": 8,
    "per_cycle_V": [
      0.00033367684789675664,
      0.00028322867996884393,
      0.00025023402729300163,
      9.552897897182674e-05,
      0.00026546052134764406,
      0.00034570656323769204,
      0.00017189580098929023,
      0.00030649147522768093
    ]
  },
  "diagnostics": {
    "measured_link_count": 29,
    "selection_policy": "uniform",
    "num_links": 288,
    "visibility_qc": {
      "r2_ok": false,
      "v_in_unit_interval": true,
      "i0_very_small": true
    },
    "hybrid_knobs": {
      "kick_passes": 3,
      "loop_measurement_cycles": 4
    }
  },
  "artifacts": {
    "kernel_hash": "c5f37351f163441ec05d09116a3864130c1bfed1c4688da9e07e9067e5bf8f54",
    "flip_counts_hash": "526d3d4f7381a97e02c3ef4c6b8d2598448ee2e98060a326f334d01ae3e48798",
    "pivot_fit_hash": "e730f86cf82cf01e0490c7477184968845e3929e6af95e60cac897b00c6a8382",
    "config_hash": "09be816148e3d54a4ba01072548fde7efe2f97f681380c3e050adf0677f43c72"
  }
}