{
  "sim": "MICC",
  "gauge": "SU2",
  "rep": "fundamental",
  "L": 12,
  "b": 3.0,
  "kappa": 1.0,
  "seed": 2,
  "measurement_model": "dephasing",
  "f": 0.0,
  "schedule": "post",
  "sigma": 0.08232263521026101,
  "sigma_err": 0.009611259662698723,
  "visibility": 0.00018529595601416102,
  "visibility_err": 2.09954847897913e-19,
  "coherence": {
    "C": 0.5920143399990445,
    "P_entropy": 0.3605680553151701
  },
  "twist_scan": {
    "phi_values": [
      0.0,
      0.09817477042468103,
      0.19634954084936207,
      0.2945243112740431,
      0.39269908169872414,
      0.4908738521234052,
      0.5890486225480862,
      0.6872233929727672,
      0.7853981633974483,
      0.8835729338221293,
      0.9817477042468103,
      1.0799224746714913,
      1.1780972450961724,
      1.2762720155208536,
      1.3744467859455345,
      1.4726215563702154,
      1.5707963267948966,
      1.6689710972195777,
      1.7671458676442586,
      1.8653206380689396,
      1.9634954084936207,
      2.061670178918302,
      2.1598449493429825,
      2.2580197197676637,
      2.356194490192345,
      2.454369260617026,
      2.552544031041707,
      2.650718801466388,
      2.748893571891069,
      2.84706834231575,
      2.945243112740431,
      3.043417883165112,
      3.141592653589793,
      3.2397674240144743,
      3.3379421944391554,
      3.436116964863836,
      3.5342917352885173,
      3.6324665057131984,
      3.730641276137879,
      3.8288160465625602,
      3.9269908169872414,
      4.025165587411922,
      4.123340357836604,
      4.221515128261284,
      4.319689898685965,
      4.417864669110647,
      4.516039439535327,
      4.614214209960009,
      4.71238898038469,
      4.81056375080937,
      4.908738521234052,
      5.006913291658733,
      5.105088062083414,
      5.203262832508095,
      5.301437602932776,
      5.399612373357457,
      5.497787143782138,
      5.595961914206819,
      5.6941366846315,
      5.792311455056181,
      5.890486225480862,
      5.988660995905543,
      6.086835766330224,
      6.1850105367549055
    ],
    "mean_I": [
      -0.9629051334075158,
      -0.6918880999447429,
      0.3105975482821327,
      0.9847174413974481,
      0.6177876288586722,
      -0.4022712968065507,
      -0.9970463821254131,
      -0.5377375251896226,
      0.4900709528388623,
      0.9997732211525157,
      0.4525087151957639,
      -0.5731509576952992,
      -0.9928716975282845,
      -0.36292199890814264,
      0.6507112055129499,
      0.9764082766979745,
      0.269840145377692,
      -0.7220047487065814,
      -0.9505415104040051,
      -0.17415958373762783,
      0.7863449914822234,
      0.9155205097460007,
      0.0768017701008559,
      -0.8431123021299949,
      -0.8716825461047223,
      0.021295686566109417,
      0.8917599804161891,
      0.8194498030343046,
      -0.1191880541300319,
      -0.9318195226053786,
      -0.7593253104038395,
      0.21593257557786447,
      0.9629051334075154,
      0.6918880999447433,
      -0.310597548282134,
      -0.9847174413974481,
      -0.6177876288586746,
      0.4022712968065507,
      0.9970463821254136,
      0.5377375251896243,
      -0.49007095283886054,
      -0.9997732211525164,
      -0.45250871519576275,
      0.573150957695299,
      0.9928716975282849,
      0.36292199890814375,
      -0.6507112055129466,
      -0.976408276697974,
      -0.26984014537769363,
      0.7220047487065772,
      0.9505415104040048,
      0.17415958373762916,
      -0.786344991482226,
      -0.915520509746001,
      -0.07680177010085762,
      0.8431123021299954,
      0.8716825461047228,
      -0.02129568656610283,
      -0.8917599804161876,
      -0.8194498030343058,
      0.11918805413002632,
      0.9318195226053786,
      0.7593253104038402,
      -0.21593257557786807
    ],
    "fit": {
      "A": 1.8050981067926698e-16,
      "I0": -6.847841235302356e-17,
      "phi0": -2.462256428821202,
      "R2": 0.0,
      "visibility_fit": 0.000180509810679267,
      "visibility_fourier": 0.00018529595601416102,
      "visibility": 0.00018529595601416102
    },
    "cycles": 16,
    "per_cycle_V": [
      0.00015954873977815358,
      0.00015954873977815358,
      0.00015954873977815358,
      0.00015954873977815358,
      0.00015954873977815358,
      0.00015954873977815358,
      0.00015954873977815358,
      0.00015954873977815358,
      0.00015954873977815358,
      0.00015954873977815358,
      0.00015954873977815358,
      0.00015954873977815358,
      0.00015954873977815358,
      0.00015954873977815358,
      0.00015954873977815358,
      0.00015954873977815358
    ]
  },
  "diagnostics": {
    "measured_link_count": 0,
    "selection_policy": "uniform",
    "num_links": 288,
    "creutz_sizes": [
      [
        2,
        2
      ],
      [
        3,
        3
      ]
    ],
    "loop_sizes_measured": [
      [
        1,
        1
      ],
      [
        1,
        2
      ],
      [
        2,
        1
      ],
      [
        2,
        2
      ],
      [
        2,
        3
      ],
      [
        3,
        2
      ],
      [
        3,
        3
      ]
    ],
    "visibility_qc": {
      "r2_ok": false,
      "v_in_unit_interval": true,
      "i0_very_small": true
    },
    "hybrid_knobs": {
      "kick_passes": 3,
      "loop_measurement_cycles": 6
    }
  },
  "artifacts": {
    "kernel_hash": "c5f37351f163441ec05d09116a3864130c1bfed1c4688da9e07e9067e5bf8f54",
    "flip_counts_hash": "3c718ce239e2c926749d06c4b85bf1839d5fe51eaf7ab8de2413bea26f16d7e1",
    "pivot_fit_hash": "e730f86cf82cf01e0490c7477184968845e3929e6af95e60cac897b00c6a8382",
    "config_hash": "3e53227bb97f97d3e0f7892c2fd75b0f2e140b1e74473c1589a222acbe454fae"
  }
}