{
  "sim": "MICC",
  "gauge": "SU2",
  "rep": "fundamental",
  "L": 8,
  "b": 3.5,
  "kappa": 1.0,
  "seed": 2,
  "measurement_model": "dephasing",
  "f": 0.2,
  "schedule": "during",
  "sigma": 0.33920552773105195,
  "sigma_err": 0.024883546646739273,
  "visibility": 0.00013724132425073607,
  "visibility_err": 1.495606147830773e-05,
  "coherence": {
    "C": 0.47577967137206034,
    "P_entropy": 0.2568411335529465
  },
  "twist_scan": {
    "phi_values": [
      0.0,
      0.09817477042468103,
      0.19634954084936207,
      0.2945243112740431,
      0.39269908169872414,
      0.4908738521234052,
      0.5890486225480862,
      0.6872233929727672,
      0.7853981633974483,
      0.8835729338221293,
      0.9817477042468103,
      1.0799224746714913,
      1.1780972450961724,
      1.2762720155208536,
      1.3744467859455345,
      1.4726215563702154,
      1.5707963267948966,
      1.6689710972195777,
      1.7671458676442586,
      1.8653206380689396,
      1.9634954084936207,
      2.061670178918302,
      2.1598449493429825,
      2.2580197197676637,
      2.356194490192345,
      2.454369260617026,
      2.552544031041707,
      2.650718801466388,
      2.748893571891069,
      2.84706834231575,
      2.945243112740431,
      3.043417883165112,
      3.141592653589793,
      3.2397674240144743,
      3.3379421944391554,
      3.436116964863836,
      3.5342917352885173,
      3.6324665057131984,
      3.730641276137879,
      3.8288160465625602,
      3.9269908169872414,
      4.025165587411922,
      4.123340357836604,
      4.221515128261284,
      4.319689898685965,
      4.417864669110647,
      4.516039439535327,
      4.614214209960009,
      4.71238898038469,
      4.81056375080937,
      4.908738521234052,
      5.006913291658733,
      5.105088062083414,
      5.203262832508095,
      5.301437602932776,
      5.399612373357457,
      5.497787143782138,
      5.595961914206819,
      5.6941366846315,
      5.792311455056181,
      5.890486225480862,
      5.988660995905543,
      6.086835766330224,
      6.1850105367549055
    ],
    "mean_I": [
      0.6445640570950104,
      0.1670761422566538,
      -0.386260848151184,
      -0.764243488947898,
      -0.7952755635910846,
      -0.46526915897180354,
      0.07595971656609868,
      0.5827044688519335,
      0.8249135747213533,
      0.6926291639089246,
      0.24590559328963008,
      -0.3124539756024248,
      -0.728965971960471,
      -0.8145426573399186,
      -0.5303340057067666,
      -0.005364803030210101,
      0.5220399080615985,
      0.8124494150384852,
      0.7340238732447809,
      0.32236683903355645,
      -0.23563800046389846,
      -0.6866681141697298,
      -0.8259652600242579,
      -0.5902914460567165,
      -0.08663765664063687,
      0.4563478175805885,
      0.7921609233587694,
      0.7683495314230244,
      0.3957235158939486,
      -0.15655270256807013,
      -0.6377572670685585,
      -0.8294333657360237,
      -0.6445640570950109,
      -0.16707614225665388,
      0.38626084815118455,
      0.7642434889478975,
      0.7952755635910855,
      0.46526915897180354,
      -0.07595971656609683,
      -0.5827044688519323,
      -0.8249135747213531,
      -0.6926291639089267,
      -0.24590559328962944,
      0.3124539756024247,
      0.7289659719604694,
      0.8145426573399183,
      0.530334005706768,
      0.005364803030208267,
      -0.522039908061598,
      -0.8124494150384842,
      -0.7340238732447807,
      -0.32236683903355695,
      0.23563800046390015,
      0.6866681141697294,
      0.825965260024258,
      0.5902914460567148,
      0.08663765664063777,
      -0.45634781758058546,
      -0.7921609233587688,
      -0.7683495314230244,
      -0.3957235158939514,
      0.15655270256806963,
      0.6377572670685575,
      0.8294333657360242
    ],
    "fit": {
      "A": 0.06182205372668224,
      "I0": -1.174905351935898e-16,
      "phi0": -0.7351240150003001,
      "R2": 0.00379725576306178,
      "visibility_fit": 1.0,
      "visibility_fourier": 0.00013724132425073607,
      "visibility": 0.00013724132425073607
    },
    "cycles": 16,
    "per_cycle_V": [
      0.0001083785758884502,
      0.00020181081794321432,
      0.00018770730559218275,
      5.660199946361549e-05,
      6.51229263675296e-05,
      7.30440127529989e-05,
      0.0001863723036093983,
      9.866991831747545e-05,
      0.00014052330931573373,
      7.116364775791485e-05,
      0.00022484917752194148,
      0.00014640953092031556,
      0.000183471469786933,
      0.00019984937217286638,
      0.0002040302567830518,
      0.00021082288244050567
    ]
  },
  "diagnostics": {
    "measured_link_count": 26,
    "selection_policy": "uniform",
    "num_links": 128,
    "creutz_sizes": [
      [
        2,
        2
      ],
      [
        3,
        3
      ]
    ],
    "loop_sizes_measured": [
      [
        1,
        1
      ],
      [
        1,
        2
      ],
      [
        2,
        1
      ],
      [
        2,
        2
      ],
      [
        2,
        3
      ],
      [
        3,
        2
      ],
      [
        3,
        3
      ]
    ],
    "visibility_qc": {
      "r2_ok": false,
      "v_in_unit_interval": true,
      "i0_very_small": true
    },
    "hybrid_knobs": {
      "kick_passes": 3,
      "loop_measurement_cycles": 6
    }
  },
  "artifacts": {
    "kernel_hash": "bb669db8d373312f24e4630fcfc599d4f7b832920772c12cef62ec22cd65bc64",
    "flip_counts_hash": "2268e99a6015a7b96d81d3b1a331fda63562012ba66381118831ac9c8b2f0d5d",
    "pivot_fit_hash": "18f843e4852e0cb06a5603a8f3e251da6d346190d1181f60fc167ac1ef296fd4",
    "config_hash": "3e53227bb97f97d3e0f7892c2fd75b0f2e140b1e74473c1589a222acbe454fae"
  }
}