{
  "sim": "MICC",
  "gauge": "SU2",
  "rep": "fundamental",
  "L": 12,
  "b": 3.0,
  "kappa": 0.75,
  "seed": 2,
  "measurement_model": "dephasing",
  "f": 0.5,
  "schedule": "during",
  "sigma": 0.4575692035761692,
  "sigma_err": 0.05735405627560395,
  "visibility": 0.00018414241915428034,
  "visibility_err": 3.0518741933697735e-05,
  "coherence": {
    "C": 0.5853279007131624,
    "P_entropy": 0.15134874695953937
  },
  "twist_scan": {
    "phi_values": [
      0.0,
      0.09817477042468103,
      0.19634954084936207,
      0.2945243112740431,
      0.39269908169872414,
      0.4908738521234052,
      0.5890486225480862,
      0.6872233929727672,
      0.7853981633974483,
      0.8835729338221293,
      0.9817477042468103,
      1.0799224746714913,
      1.1780972450961724,
      1.2762720155208536,
      1.3744467859455345,
      1.4726215563702154,
      1.5707963267948966,
      1.6689710972195777,
      1.7671458676442586,
      1.8653206380689396,
      1.9634954084936207,
      2.061670178918302,
      2.1598449493429825,
      2.2580197197676637,
      2.356194490192345,
      2.454369260617026,
      2.552544031041707,
      2.650718801466388,
      2.748893571891069,
      2.84706834231575,
      2.945243112740431,
      3.043417883165112,
      3.141592653589793,
      3.2397674240144743,
      3.3379421944391554,
      3.436116964863836,
      3.5342917352885173,
      3.6324665057131984,
      3.730641276137879,
      3.8288160465625602,
      3.9269908169872414,
      4.025165587411922,
      4.123340357836604,
      4.221515128261284,
      4.319689898685965,
      4.417864669110647,
      4.516039439535327,
      4.614214209960009,
      4.71238898038469,
      4.81056375080937,
      4.908738521234052,
      5.006913291658733,
      5.105088062083414,
      5.203262832508095,
      5.301437602932776,
      5.399612373357457,
      5.497787143782138,
      5.595961914206819,
      5.6941366846315,
      5.792311455056181,
      5.890486225480862,
      5.988660995905543,
      6.086835766330224,
      6.1850105367549055
    ],
    "mean_I": [
      -0.08662512207348819,
      -0.40266155712696206,
      -0.2930015660763617,
      0.12642159286035384,
      0.4121910187537933,
      0.2621894095186897,
      -0.1650005545989026,
      -0.4177508555434946,
      -0.22885222562004176,
      0.20199047079818516,
      0.41928752322846485,
      0.1933110696853213,
      -0.2370351083444583,
      -0.4167862228588699,
      -0.15590822247494993,
      0.2697969682208028,
      0.41027104332461806,
      0.11700389385404128,
      -0.29996053580715676,
      -0.39980472936618516,
      -0.07697275377448425,
      0.32723531945857964,
      0.3854880773084586,
      0.03620032399849208,
      -0.35135864809859296,
      -0.36745896433703285,
      0.004920734686717655,
      0.3720982008852425,
      0.34589102066553906,
      -0.04599440400694524,
      -0.3892542445877999,
      -0.32099195738177067,
      0.08662512207348734,
      0.40266155712696206,
      0.2930015660763615,
      -0.12642159286035287,
      -0.4121910187537936,
      -0.2621894095186897,
      0.16500055459890134,
      0.4177508555434944,
      0.22885222562004232,
      -0.20199047079818344,
      -0.4192875232284645,
      -0.19331106968532152,
      0.23703510834445618,
      0.4167862228588696,
      0.15590822247495154,
      -0.26979696822080423,
      -0.4102710433246183,
      -0.11700389385404368,
      0.2999605358071573,
      0.39980472936618505,
      0.0769727537744829,
      -0.327235319458579,
      -0.385488077308459,
      -0.03620032399849069,
      0.35135864809859246,
      0.36745896433703396,
      -0.004920734686717336,
      -0.3720982008852419,
      -0.34589102066554067,
      0.04599440400694482,
      0.3892542445877993,
      0.32099195738176983
    ],
    "fit": {
      "A": 3.0535886928091975e-12,
      "I0": -2.93527370172855e-17,
      "phi0": -1.4409915804800786,
      "R2": 0.0,
      "visibility_fit": 1.0,
      "visibility_fourier": 0.00018414241915428034,
      "visibility": 0.00018414241915428034
    },
    "cycles": 8,
    "per_cycle_V": [
      0.0003910806658516913,
      0.00027573964512162154,
      0.00031152900063502454,
      0.0003208878364123395,
      0.0004451856111102413,
      0.0004132985507545869,
      0.000516320160560786,
      0.0004838154737018722
    ]
  },
  "diagnostics": {
    "measured_link_count": 144,
    "selection_policy": "uniform",
    "num_links": 288,
    "visibility_qc": {
      "r2_ok": false,
      "v_in_unit_interval": true,
      "i0_very_small": true
    },
    "hybrid_knobs": {
      "kick_passes": 3,
      "loop_measurement_cycles": 4
    }
  },
  "artifacts": {
    "kernel_hash": "c5f37351f163441ec05d09116a3864130c1bfed1c4688da9e07e9067e5bf8f54",
    "flip_counts_hash": "3c718ce239e2c926749d06c4b85bf1839d5fe51eaf7ab8de2413bea26f16d7e1",
    "pivot_fit_hash": "d04f83ead3fcfaea1653e658999e83d0abac9536c46d06a4e4ad9b696714687e",
    "config_hash": "09be816148e3d54a4ba01072548fde7efe2f97f681380c3e050adf0677f43c72"
  }
}