{
  "sim": "MICC",
  "gauge": "SU2",
  "rep": "fundamental",
  "L": 12,
  "b": 3.5,
  "kappa": 0.75,
  "seed": 1,
  "measurement_model": "dephasing",
  "f": 0.05,
  "schedule": "during",
  "sigma": 0.16575232010036048,
  "sigma_err": 0.005648049621841668,
  "visibility": 0.00033673999978203035,
  "visibility_err": 1.778639909794113e-05,
  "coherence": {
    "C": 0.466328552749546,
    "P_entropy": 0.3438145070693068
  },
  "twist_scan": {
    "phi_values": [
      0.0,
      0.09817477042468103,
      0.19634954084936207,
      0.2945243112740431,
      0.39269908169872414,
      0.4908738521234052,
      0.5890486225480862,
      0.6872233929727672,
      0.7853981633974483,
      0.8835729338221293,
      0.9817477042468103,
      1.0799224746714913,
      1.1780972450961724,
      1.2762720155208536,
      1.3744467859455345,
      1.4726215563702154,
      1.5707963267948966,
      1.6689710972195777,
      1.7671458676442586,
      1.8653206380689396,
      1.9634954084936207,
      2.061670178918302,
      2.1598449493429825,
      2.2580197197676637,
      2.356194490192345,
      2.454369260617026,
      2.552544031041707,
      2.650718801466388,
      2.748893571891069,
      2.84706834231575,
      2.945243112740431,
      3.043417883165112,
      3.141592653589793,
      3.2397674240144743,
      3.3379421944391554,
      3.436116964863836,
      3.5342917352885173,
      3.6324665057131984,
      3.730641276137879,
      3.8288160465625602,
      3.9269908169872414,
      4.025165587411922,
      4.123340357836604,
      4.221515128261284,
      4.319689898685965,
      4.417864669110647,
      4.516039439535327,
      4.614214209960009,
      4.71238898038469,
      4.81056375080937,
      4.908738521234052,
      5.006913291658733,
      5.105088062083414,
      5.203262832508095,
      5.301437602932776,
      5.399612373357457,
      5.497787143782138,
      5.595961914206819,
      5.6941366846315,
      5.792311455056181,
      5.890486225480862,
      5.988660995905543,
      6.086835766330224,
      6.1850105367549055
    ],
    "mean_I": [
      -0.7326842806365569,
      -0.931253053135518,
      -0.14529502017810406,
      0.7942698563574656,
      0.8941274570704305,
      0.048707674781590514,
      -0.8482061791695829,
      -0.8483909248139693,
      0.04834875214939315,
      0.8939738127996337,
      0.7944839241738936,
      -0.1449395541670594,
      -0.9311319899166282,
      -0.732925609034931,
      0.24013450904608089,
      0.9593228569622017,
      0.6643088196230704,
      -0.3330168373321122,
      -0.9782749204760127,
      -0.5892943731300998,
      0.4226920314291123,
      0.9878056617261703,
      0.5086046996828129,
      -0.5082964701964816,
      -0.9878232944644003,
      -0.42301688494596684,
      0.5890057360927471,
      0.9783276488777973,
      0.33335518636254363,
      -0.6640425547671475,
      -0.9594101732242089,
      -0.24048309510396704,
      0.7326842806365563,
      0.9312530531355182,
      0.1452950201781026,
      -0.7942698563574647,
      -0.894127457070432,
      -0.048707674781590514,
      0.848206179169582,
      0.8483909248139698,
      -0.04834875214939159,
      -0.8939738127996327,
      -0.7944839241738922,
      0.1449395541670591,
      0.9311319899166257,
      0.7329256090349316,
      -0.24013450904607678,
      -0.9593228569622032,
      -0.6643088196230714,
      0.3330168373321065,
      0.978274920476013,
      0.5892943731301008,
      -0.4226920314291153,
      -0.9878056617261697,
      -0.5086046996828145,
      0.5082964701964842,
      0.987823294464401,
      0.4230168849459728,
      -0.5890057360927462,
      -0.9783276488777973,
      -0.33335518636254896,
      0.664042554767147,
      0.9594101732242077,
      0.24048309510396385
    ],
    "fit": {
      "A": 0.15447915654129857,
      "I0": -2.1429691522154527e-15,
      "phi0": 1.5546779354564317,
      "R2": 0.012381329257390772,
      "visibility_fit": 1.0,
      "visibility_fourier": 0.00033673999978203035,
      "visibility": 0.00033673999978203035
    },
    "cycles": 16,
    "per_cycle_V": [
      0.00028101819800617505,
      0.0002465682893290128,
      0.0002062690572734181,
      0.000436918140373111,
      0.0004078607178624343,
      0.000421774210450882,
      0.00035149881251290066,
      0.0002596718525816691,
      0.0003117197206232103,
      0.00030253895717246627,
      0.0003340289473870187,
      0.00029459950229044317,
      0.00035738152153851267,
      0.0002522383014348023,
      0.00039113037795104514,
      0.00023341241125765904
    ]
  },
  "diagnostics": {
    "measured_link_count": 14,
    "selection_policy": "uniform",
    "num_links": 288,
    "creutz_sizes": [
      [
        2,
        2
      ],
      [
        3,
        3
      ]
    ],
    "loop_sizes_measured": [
      [
        1,
        1
      ],
      [
        1,
        2
      ],
      [
        2,
        1
      ],
      [
        2,
        2
      ],
      [
        2,
        3
      ],
      [
        3,
        2
      ],
      [
        3,
        3
      ]
    ],
    "visibility_qc": {
      "r2_ok": false,
      "v_in_unit_interval": true,
      "i0_very_small": true
    },
    "hybrid_knobs": {
      "kick_passes": 3,
      "loop_measurement_cycles": 6
    }
  },
  "artifacts": {
    "kernel_hash": "c5f37351f163441ec05d09116a3864130c1bfed1c4688da9e07e9067e5bf8f54",
    "flip_counts_hash": "1045813912820017453b344ca74f8b8f873bba658c2e9b55c71942b9dd07c053",
    "pivot_fit_hash": "32e5af21ae29df0c4428cd8be3189fb5b9433eb374572ce92302aca28369a080",
    "config_hash": "3e53227bb97f97d3e0f7892c2fd75b0f2e140b1e74473c1589a222acbe454fae"
  }
}