{
  "sim": "MICC",
  "gauge": "SU2",
  "rep": "fundamental",
  "L": 12,
  "b": 3.0,
  "kappa": 0.75,
  "seed": 0,
  "measurement_model": "dephasing",
  "f": 0.3,
  "schedule": "pre",
  "sigma": 0.20705285959593248,
  "sigma_err": 0.031923040576629834,
  "visibility": 0.00010950763977617566,
  "visibility_err": 0.0,
  "coherence": {
    "C": 0.5866557535934918,
    "P_entropy": 0.29253918335601115
  },
  "twist_scan": {
    "phi_values": [
      0.0,
      0.09817477042468103,
      0.19634954084936207,
      0.2945243112740431,
      0.39269908169872414,
      0.4908738521234052,
      0.5890486225480862,
      0.6872233929727672,
      0.7853981633974483,
      0.8835729338221293,
      0.9817477042468103,
      1.0799224746714913,
      1.1780972450961724,
      1.2762720155208536,
      1.3744467859455345,
      1.4726215563702154,
      1.5707963267948966,
      1.6689710972195777,
      1.7671458676442586,
      1.8653206380689396,
      1.9634954084936207,
      2.061670178918302,
      2.1598449493429825,
      2.2580197197676637,
      2.356194490192345,
      2.454369260617026,
      2.552544031041707,
      2.650718801466388,
      2.748893571891069,
      2.84706834231575,
      2.945243112740431,
      3.043417883165112,
      3.141592653589793,
      3.2397674240144743,
      3.3379421944391554,
      3.436116964863836,
      3.5342917352885173,
      3.6324665057131984,
      3.730641276137879,
      3.8288160465625602,
      3.9269908169872414,
      4.025165587411922,
      4.123340357836604,
      4.221515128261284,
      4.319689898685965,
      4.417864669110647,
      4.516039439535327,
      4.614214209960009,
      4.71238898038469,
      4.81056375080937,
      4.908738521234052,
      5.006913291658733,
      5.105088062083414,
      5.203262832508095,
      5.301437602932776,
      5.399612373357457,
      5.497787143782138,
      5.595961914206819,
      5.6941366846315,
      5.792311455056181,
      5.890486225480862,
      5.988660995905543,
      6.086835766330224,
      6.1850105367549055
    ],
    "mean_I": [
      -0.9573708362338758,
      -0.1965482121389093,
      0.7720664645713439,
      0.9244474361623417,
      0.09949654497683108,
      -0.8306427429072631,
      -0.8826211019261916,
      -0.0014866716962826287,
      0.881219477553474,
      0.8322946439887177,
      -0.09653751904539841,
      -0.9233095869072744,
      -0.7739527336511004,
      0.19363200070589806,
      0.9565077202067982,
      0.7081572354028223,
      -0.28886170034957886,
      -0.9804941612804223,
      -0.6355417958594906,
      0.38130950391102447,
      0.9950379075882853,
      0.5568057413995464,
      -0.47008508850482966,
      -0.9999988949030235,
      -0.47270734326894626,
      0.5543334967216885,
      0.9953293462048433,
      0.3840565150145465,
      -0.6332433703355993,
      -0.9810742318003419,
      -0.2917070125739109,
      0.7060547641271395,
      0.9573708362338761,
      0.19654821213890925,
      -0.7720664645713448,
      -0.9244474361623427,
      -0.0994965449768325,
      0.8306427429072631,
      0.8826211019261933,
      0.0014866716962852735,
      -0.8812194775534736,
      -0.8322946439887213,
      0.09653751904539952,
      0.9233095869072746,
      0.773952733651104,
      -0.1936320007058965,
      -0.9565077202067968,
      -0.7081572354028197,
      0.28886170034957764,
      0.9804941612804213,
      0.6355417958594894,
      -0.38130950391102336,
      -0.9950379075882856,
      -0.556805741399547,
      0.47008508850482833,
      0.9999988949030234,
      0.47270734326894737,
      -0.5543334967216826,
      -0.9953293462048425,
      -0.3840565150145477,
      0.6332433703355949,
      0.9810742318003423,
      0.2917070125739119,
      -0.706054764127143
    ],
    "fit": {
      "A": 1.0749909722098944e-16,
      "I0": 6.198778016752726e-17,
      "phi0": 1.3995971530581912,
      "R2": -2.220446049250313e-16,
      "visibility_fit": 0.00010749909722098943,
      "visibility_fourier": 0.00010950763977617566,
      "visibility": 0.00010950763977617566
    },
    "cycles": 8,
    "per_cycle_V": [
      0.00012678398933179332,
      0.00012678398933179332,
      0.00012678398933179332,
      0.00012678398933179332,
      0.00012678398933179332,
      0.00012678398933179332,
      0.00012678398933179332,
      0.00012678398933179332
    ]
  },
  "diagnostics": {
    "measured_link_count": 86,
    "selection_policy": "uniform",
    "num_links": 288,
    "visibility_qc": {
      "r2_ok": false,
      "v_in_unit_interval": true,
      "i0_very_small": true
    },
    "hybrid_knobs": {
      "kick_passes": 3,
      "loop_measurement_cycles": 4
    }
  },
  "artifacts": {
    "kernel_hash": "c5f37351f163441ec05d09116a3864130c1bfed1c4688da9e07e9067e5bf8f54",
    "flip_counts_hash": "526d3d4f7381a97e02c3ef4c6b8d2598448ee2e98060a326f334d01ae3e48798",
    "pivot_fit_hash": "d04f83ead3fcfaea1653e658999e83d0abac9536c46d06a4e4ad9b696714687e",
    "config_hash": "09be816148e3d54a4ba01072548fde7efe2f97f681380c3e050adf0677f43c72"
  }
}