{
  "sim": "MICC",
  "gauge": "SU2",
  "rep": "fundamental",
  "L": 8,
  "b": 3.0,
  "kappa": 0.75,
  "seed": 3,
  "measurement_model": "dephasing",
  "f": 0.3,
  "schedule": "pre",
  "sigma": 0.19914121555085065,
  "sigma_err": 0.04922764343119953,
  "visibility": 0.00025961224982064875,
  "visibility_err": 0.0,
  "coherence": {
    "C": 0.5904641182199277,
    "P_entropy": 0.2943688990065966
  },
  "twist_scan": {
    "phi_values": [
      0.0,
      0.09817477042468103,
      0.19634954084936207,
      0.2945243112740431,
      0.39269908169872414,
      0.4908738521234052,
      0.5890486225480862,
      0.6872233929727672,
      0.7853981633974483,
      0.8835729338221293,
      0.9817477042468103,
      1.0799224746714913,
      1.1780972450961724,
      1.2762720155208536,
      1.3744467859455345,
      1.4726215563702154,
      1.5707963267948966,
      1.6689710972195777,
      1.7671458676442586,
      1.8653206380689396,
      1.9634954084936207,
      2.061670178918302,
      2.1598449493429825,
      2.2580197197676637,
      2.356194490192345,
      2.454369260617026,
      2.552544031041707,
      2.650718801466388,
      2.748893571891069,
      2.84706834231575,
      2.945243112740431,
      3.043417883165112,
      3.141592653589793,
      3.2397674240144743,
      3.3379421944391554,
      3.436116964863836,
      3.5342917352885173,
      3.6324665057131984,
      3.730641276137879,
      3.8288160465625602,
      3.9269908169872414,
      4.025165587411922,
      4.123340357836604,
      4.221515128261284,
      4.319689898685965,
      4.417864669110647,
      4.516039439535327,
      4.614214209960009,
      4.71238898038469,
      4.81056375080937,
      4.908738521234052,
      5.006913291658733,
      5.105088062083414,
      5.203262832508095,
      5.301437602932776,
      5.399612373357457,
      5.497787143782138,
      5.595961914206819,
      5.6941366846315,
      5.792311455056181,
      5.890486225480862,
      5.988660995905543,
      6.086835766330224,
      6.1850105367549055
    ],
    "mean_I": [
      0.7165436294744119,
      0.1113795804448077,
      -0.5443484695244275,
      -0.9529536948735869,
      -0.9289378658914264,
      -0.4832036668435027,
      0.18189489474496037,
      0.7644169769458413,
      0.9999097330691951,
      0.7814643752174214,
      0.20825052887809953,
      -0.45950470373524194,
      -0.9186544075914798,
      -0.9607542164566898,
      -0.5666916972752142,
      0.08463700480146463,
      0.6975422761809041,
      0.993777937499087,
      0.8388591918352051,
      0.3031159108769769,
      -0.3702356564582652,
      -0.875507976176685,
      -0.9833179787157966,
      -0.6447221768769725,
      -0.013435985765561138,
      0.6239498619809495,
      0.9780755171365823,
      0.8881753358685368,
      0.39506212095409504,
      -0.2774010374181975,
      -0.8239299243499631,
      -0.9964118513035841,
      -0.7165436294744125,
      -0.1113795804448077,
      0.5443484695244281,
      0.9529536948735868,
      0.9289378658914271,
      0.4832036668435027,
      -0.18189489474495837,
      -0.76441697694584,
      -0.9999097330691951,
      -0.7814643752174241,
      -0.20825052887809886,
      0.45950470373524194,
      0.9186544075914779,
      0.9607542164566897,
      0.5666916972752157,
      -0.08463700480146669,
      -0.6975422761809035,
      -0.993777937499086,
      -0.838859191835205,
      -0.3031159108769775,
      0.370235656458267,
      0.875507976176684,
      0.9833179787157971,
      0.6447221768769708,
      0.013435985765562082,
      -0.6239498619809457,
      -0.9780755171365814,
      -0.8881753358685369,
      -0.3950621209540989,
      0.27740103741819727,
      0.8239299243499618,
      0.9964118513035845
    ],
    "fit": {
      "A": 2.677644457430265e-16,
      "I0": 6.028603401375661e-18,
      "phi0": -3.0441794351084006,
      "R2": -2.220446049250313e-16,
      "visibility_fit": 0.0002677644457430265,
      "visibility_fourier": 0.00025961224982064875,
      "visibility": 0.00025961224982064875
    },
    "cycles": 8,
    "per_cycle_V": [
      0.0002576170224508952,
      0.0002576170224508952,
      0.0002576170224508952,
      0.0002576170224508952,
      0.0002576170224508952,
      0.0002576170224508952,
      0.0002576170224508952,
      0.0002576170224508952
    ]
  },
  "diagnostics": {
    "measured_link_count": 38,
    "selection_policy": "uniform",
    "num_links": 128,
    "visibility_qc": {
      "r2_ok": false,
      "v_in_unit_interval": true,
      "i0_very_small": true
    },
    "hybrid_knobs": {
      "kick_passes": 3,
      "loop_measurement_cycles": 4
    }
  },
  "artifacts": {
    "kernel_hash": "bb669db8d373312f24e4630fcfc599d4f7b832920772c12cef62ec22cd65bc64",
    "flip_counts_hash": "c1b27689be21b2ac0fdae0da5c804f2dab3460dc84baee0f4b6cda147a262623",
    "pivot_fit_hash": "d04f83ead3fcfaea1653e658999e83d0abac9536c46d06a4e4ad9b696714687e",
    "config_hash": "09be816148e3d54a4ba01072548fde7efe2f97f681380c3e050adf0677f43c72"
  }
}