{
  "sim": "MICC",
  "gauge": "SU2",
  "rep": "fundamental",
  "L": 8,
  "b": 3.5,
  "kappa": 0.75,
  "seed": 2,
  "measurement_model": "dephasing",
  "f": 0.0,
  "schedule": "pre",
  "sigma": 0.17744456201271847,
  "sigma_err": 0.027463931243322786,
  "visibility": 0.00011554665610812533,
  "visibility_err": 1.049774239489565e-19,
  "coherence": {
    "C": 0.466503649015678,
    "P_entropy": 0.3606971363933126
  },
  "twist_scan": {
    "phi_values": [
      0.0,
      0.09817477042468103,
      0.19634954084936207,
      0.2945243112740431,
      0.39269908169872414,
      0.4908738521234052,
      0.5890486225480862,
      0.6872233929727672,
      0.7853981633974483,
      0.8835729338221293,
      0.9817477042468103,
      1.0799224746714913,
      1.1780972450961724,
      1.2762720155208536,
      1.3744467859455345,
      1.4726215563702154,
      1.5707963267948966,
      1.6689710972195777,
      1.7671458676442586,
      1.8653206380689396,
      1.9634954084936207,
      2.061670178918302,
      2.1598449493429825,
      2.2580197197676637,
      2.356194490192345,
      2.454369260617026,
      2.552544031041707,
      2.650718801466388,
      2.748893571891069,
      2.84706834231575,
      2.945243112740431,
      3.043417883165112,
      3.141592653589793,
      3.2397674240144743,
      3.3379421944391554,
      3.436116964863836,
      3.5342917352885173,
      3.6324665057131984,
      3.730641276137879,
      3.8288160465625602,
      3.9269908169872414,
      4.025165587411922,
      4.123340357836604,
      4.221515128261284,
      4.319689898685965,
      4.417864669110647,
      4.516039439535327,
      4.614214209960009,
      4.71238898038469,
      4.81056375080937,
      4.908738521234052,
      5.006913291658733,
      5.105088062083414,
      5.203262832508095,
      5.301437602932776,
      5.399612373357457,
      5.497787143782138,
      5.595961914206819,
      5.6941366846315,
      5.792311455056181,
      5.890486225480862,
      5.988660995905543,
      6.086835766330224,
      6.1850105367549055
    ],
    "mean_I": [
      0.7967219964000649,
      0.2324814022397269,
      -0.43730088811259216,
      -0.9085577177914121,
      -0.9673483385597135,
      -0.5869830377080574,
      0.05986029036983018,
      0.6795282981024721,
      0.9907046652081722,
      0.8521218266998232,
      0.3266934939468563,
      -0.34704685496679105,
      -0.8632351873388395,
      -0.9875327920801361,
      -0.66351115529403,
      -0.03826932585000832,
      0.6043459774436287,
      0.9726008418732998,
      0.8993152579912885,
      0.41775934871844744,
      -0.2534505708925528,
      -0.8095992301398399,
      -0.9982067649724873,
      -0.7336492977424292,
      -0.13603038754176808,
      0.5233434746528866,
      0.9451303407534835,
      0.9378477917325703,
      0.5048019525913887,
      -0.15741341927044245,
      -0.7481663897826342,
      -0.9992674610428303,
      -0.7967219964000657,
      -0.2324814022397269,
      0.43730088811259366,
      0.9085577177914118,
      0.9673483385597149,
      0.5869830377080574,
      -0.05986029036982777,
      -0.6795282981024707,
      -0.9907046652081722,
      -0.8521218266998254,
      -0.32669349394685526,
      0.34704685496679105,
      0.8632351873388374,
      0.9875327920801351,
      0.6635111552940318,
      0.03826932585000623,
      -0.6043459774436277,
      -0.9726008418732982,
      -0.8993152579912884,
      -0.4177593487184481,
      0.2534505708925549,
      0.8095992301398399,
      0.9982067649724882,
      0.7336492977424273,
      0.1360303875417692,
      -0.523343474652883,
      -0.9451303407534831,
      -0.9378477917325706,
      -0.5048019525913919,
      0.157413419270442,
      0.7481663897826328,
      0.9992674610428316
    ],
    "fit": {
      "A": 1.2891445986328697e-16,
      "I0": 8.060533001597035e-17,
      "phi0": -2.960982218742771,
      "R2": 0.0,
      "visibility_fit": 0.00012891445986328698,
      "visibility_fourier": 0.00011554665610812533,
      "visibility": 0.00011554665610812533
    },
    "cycles": 16,
    "per_cycle_V": [
      0.00013851895267047082,
      0.00013851895267047082,
      0.00013851895267047082,
      0.00013851895267047082,
      0.00013851895267047082,
      0.00013851895267047082,
      0.00013851895267047082,
      0.00013851895267047082,
      0.00013851895267047082,
      0.00013851895267047082,
      0.00013851895267047082,
      0.00013851895267047082,
      0.00013851895267047082,
      0.00013851895267047082,
      0.00013851895267047082,
      0.00013851895267047082
    ]
  },
  "diagnostics": {
    "measured_link_count": 0,
    "selection_policy": "uniform",
    "num_links": 128,
    "creutz_sizes": [
      [
        2,
        2
      ],
      [
        3,
        3
      ]
    ],
    "loop_sizes_measured": [
      [
        1,
        1
      ],
      [
        1,
        2
      ],
      [
        2,
        1
      ],
      [
        2,
        2
      ],
      [
        2,
        3
      ],
      [
        3,
        2
      ],
      [
        3,
        3
      ]
    ],
    "visibility_qc": {
      "r2_ok": false,
      "v_in_unit_interval": true,
      "i0_very_small": true
    },
    "hybrid_knobs": {
      "kick_passes": 3,
      "loop_measurement_cycles": 6
    }
  },
  "artifacts": {
    "kernel_hash": "bb669db8d373312f24e4630fcfc599d4f7b832920772c12cef62ec22cd65bc64",
    "flip_counts_hash": "2268e99a6015a7b96d81d3b1a331fda63562012ba66381118831ac9c8b2f0d5d",
    "pivot_fit_hash": "32e5af21ae29df0c4428cd8be3189fb5b9433eb374572ce92302aca28369a080",
    "config_hash": "3e53227bb97f97d3e0f7892c2fd75b0f2e140b1e74473c1589a222acbe454fae"
  }
}