{
  "sim": "MICC",
  "gauge": "SU2",
  "rep": "fundamental",
  "L": 12,
  "b": 3.0,
  "kappa": 1.0,
  "seed": 4,
  "measurement_model": "dephasing",
  "f": 0.3,
  "schedule": "during",
  "sigma": 0.3127142076378188,
  "sigma_err": 0.010332046692947315,
  "visibility": 4.558396487868888e-05,
  "visibility_err": 3.6598306113496094e-05,
  "coherence": {
    "C": 0.5739818241923569,
    "P_entropy": 0.22795913734488
  },
  "twist_scan": {
    "phi_values": [
      0.0,
      0.09817477042468103,
      0.19634954084936207,
      0.2945243112740431,
      0.39269908169872414,
      0.4908738521234052,
      0.5890486225480862,
      0.6872233929727672,
      0.7853981633974483,
      0.8835729338221293,
      0.9817477042468103,
      1.0799224746714913,
      1.1780972450961724,
      1.2762720155208536,
      1.3744467859455345,
      1.4726215563702154,
      1.5707963267948966,
      1.6689710972195777,
      1.7671458676442586,
      1.8653206380689396,
      1.9634954084936207,
      2.061670178918302,
      2.1598449493429825,
      2.2580197197676637,
      2.356194490192345,
      2.454369260617026,
      2.552544031041707,
      2.650718801466388,
      2.748893571891069,
      2.84706834231575,
      2.945243112740431,
      3.043417883165112,
      3.141592653589793,
      3.2397674240144743,
      3.3379421944391554,
      3.436116964863836,
      3.5342917352885173,
      3.6324665057131984,
      3.730641276137879,
      3.8288160465625602,
      3.9269908169872414,
      4.025165587411922,
      4.123340357836604,
      4.221515128261284,
      4.319689898685965,
      4.417864669110647,
      4.516039439535327,
      4.614214209960009,
      4.71238898038469,
      4.81056375080937,
      4.908738521234052,
      5.006913291658733,
      5.105088062083414,
      5.203262832508095,
      5.301437602932776,
      5.399612373357457,
      5.497787143782138,
      5.595961914206819,
      5.6941366846315,
      5.792311455056181,
      5.890486225480862,
      5.988660995905543,
      6.086835766330224,
      6.1850105367549055
    ],
    "mean_I": [
      -0.40938298761821135,
      -0.21898587545167175,
      0.2029245334204065,
      0.4103018012043069,
      0.1839053269826723,
      -0.2369170591552074,
      -0.40726918415102564,
      -0.14705366968195255,
      0.2686279440983051,
      0.4003143422183869,
      0.10878580515448229,
      -0.2977517950927633,
      -0.3895042543361062,
      -0.06947027385500365,
      0.32400813353279134,
      0.3749430275598839,
      0.0294857058419873,
      -0.34714409652603617,
      -0.35677089446355215,
      0.010782825636813265,
      0.36693687210146775,
      0.3351628626227268,
      -0.050947512610239776,
      -0.3831958450104644,
      -0.31032702919618677,
      0.09062154718648771,
      0.3957644324558539,
      0.28250257683647767,
      -0.12942284672455123,
      -0.4045215920698464,
      -0.25195747023021586,
      0.16697773349893252,
      0.4093829876182113,
      0.2189858754516718,
      -0.20292453342040717,
      -0.4103018012043072,
      -0.1839053269826734,
      0.2369170591552074,
      0.4072691841510263,
      0.14705366968195352,
      -0.2686279440983046,
      -0.4003143422183879,
      -0.10878580515448187,
      0.2977517950927633,
      0.3895042543361067,
      0.06947027385500407,
      -0.32400813353279034,
      -0.3749430275598837,
      -0.029485705841987994,
      0.34714409652603473,
      0.356770894463552,
      -0.010782825636812654,
      -0.3669368721014682,
      -0.3351628626227269,
      0.050947512610239,
      0.3831958450104649,
      0.3103270291961872,
      -0.09062154718648487,
      -0.3957644324558533,
      -0.2825025768364777,
      0.12942284672454885,
      0.4045215920698468,
      0.2519574702302162,
      -0.16697773349893405
    ],
    "fit": {
      "A": 2.9129625006872632e-09,
      "I0": 8.206584346966033e-18,
      "phi0": -0.3410874457931897,
      "R2": 0.0,
      "visibility_fit": 1.0,
      "visibility_fourier": 4.558396487868888e-05,
      "visibility": 4.558396487868888e-05
    },
    "cycles": 8,
    "per_cycle_V": [
      0.000113090134569495,
      0.000132021460364232,
      0.0002970766381632251,
      0.00017586765204176521,
      0.00024238559203586184,
      0.00013765730337524294,
      0.0002391772170379815,
      0.00042075180610566884
    ]
  },
  "diagnostics": {
    "measured_link_count": 86,
    "selection_policy": "uniform",
    "num_links": 288,
    "visibility_qc": {
      "r2_ok": false,
      "v_in_unit_interval": true,
      "i0_very_small": true
    },
    "hybrid_knobs": {
      "kick_passes": 3,
      "loop_measurement_cycles": 4
    }
  },
  "artifacts": {
    "kernel_hash": "c5f37351f163441ec05d09116a3864130c1bfed1c4688da9e07e9067e5bf8f54",
    "flip_counts_hash": "7a11042fb34eaa3744d5206ec23f7fdadc3f7966920f4b324b412fb9e9cc0219",
    "pivot_fit_hash": "e730f86cf82cf01e0490c7477184968845e3929e6af95e60cac897b00c6a8382",
    "config_hash": "09be816148e3d54a4ba01072548fde7efe2f97f681380c3e050adf0677f43c72"
  }
}