{
  "sim": "MICC",
  "gauge": "SU2",
  "rep": "fundamental",
  "L": 12,
  "b": 3.0,
  "kappa": 0.75,
  "seed": 1,
  "measurement_model": "dephasing",
  "f": 0.2,
  "schedule": "during",
  "sigma": 0.26745540709000093,
  "sigma_err": 0.019190767955347694,
  "visibility": 0.00016376205371911978,
  "visibility_err": 2.7489277078912183e-05,
  "coherence": {
    "C": 0.5867338060539762,
    "P_entropy": 0.2868046016014695
  },
  "twist_scan": {
    "phi_values": [
      0.0,
      0.09817477042468103,
      0.19634954084936207,
      0.2945243112740431,
      0.39269908169872414,
      0.4908738521234052,
      0.5890486225480862,
      0.6872233929727672,
      0.7853981633974483,
      0.8835729338221293,
      0.9817477042468103,
      1.0799224746714913,
      1.1780972450961724,
      1.2762720155208536,
      1.3744467859455345,
      1.4726215563702154,
      1.5707963267948966,
      1.6689710972195777,
      1.7671458676442586,
      1.8653206380689396,
      1.9634954084936207,
      2.061670178918302,
      2.1598449493429825,
      2.2580197197676637,
      2.356194490192345,
      2.454369260617026,
      2.552544031041707,
      2.650718801466388,
      2.748893571891069,
      2.84706834231575,
      2.945243112740431,
      3.043417883165112,
      3.141592653589793,
      3.2397674240144743,
      3.3379421944391554,
      3.436116964863836,
      3.5342917352885173,
      3.6324665057131984,
      3.730641276137879,
      3.8288160465625602,
      3.9269908169872414,
      4.025165587411922,
      4.123340357836604,
      4.221515128261284,
      4.319689898685965,
      4.417864669110647,
      4.516039439535327,
      4.614214209960009,
      4.71238898038469,
      4.81056375080937,
      4.908738521234052,
      5.006913291658733,
      5.105088062083414,
      5.203262832508095,
      5.301437602932776,
      5.399612373357457,
      5.497787143782138,
      5.595961914206819,
      5.6941366846315,
      5.792311455056181,
      5.890486225480862,
      5.988660995905543,
      6.086835766330224,
      6.1850105367549055
    ],
    "mean_I": [
      -0.5227500148238791,
      -0.5877312081881153,
      -0.03135913251747788,
      0.5581660227112485,
      0.5575944159439347,
      -0.03246964641451097,
      -0.5882065866753234,
      -0.5220876846621011,
      0.09598572490181441,
      0.6125823996632868,
      0.4815529635748115,
      -0.15857740838717704,
      -0.6310587092708897,
      -0.4363806242046686,
      0.21964190474254408,
      0.6434575785364322,
      0.3870057008735207,
      -0.27859112948676173,
      -0.6496595995709769,
      -0.3339037010841259,
      0.3348573693606172,
      0.6496050435215907,
      0.27758602612295996,
      -0.38789874971587235,
      -0.6432944357928523,
      -0.21859504598627025,
      0.4372044530643393,
      0.6307885509869194,
      0.15749887606052831,
      -0.482299638529529,
      -0.6122078276108852,
      -0.09488590586067963,
      0.5227500148238784,
      0.5877312081881154,
      0.0313591325174771,
      -0.558166022711248,
      -0.5575944159439357,
      0.03246964641451097,
      0.5882065866753232,
      0.5220876846621016,
      -0.09598572490181297,
      -0.6125823996632861,
      -0.48155296357481087,
      0.15857740838717663,
      0.6310587092708886,
      0.43638062420466905,
      -0.21964190474254153,
      -0.643457578536433,
      -0.38700570087352154,
      0.2785911294867578,
      0.6496595995709769,
      0.33390370108412654,
      -0.3348573693606193,
      -0.6496050435215908,
      -0.2775860261229609,
      0.387898749715874,
      0.6432944357928525,
      0.21859504598627433,
      -0.43720445306433886,
      -0.6307885509869193,
      -0.15749887606053226,
      0.4822996385295286,
      0.6122078276108851,
      0.09488590586067744
    ],
    "fit": {
      "A": 2.954303173203366e-09,
      "I0": -1.9809813521011612e-17,
      "phi0": 0.6859030661176297,
      "R2": 0.0,
      "visibility_fit": 1.0,
      "visibility_fourier": 0.00016376205371911978,
      "visibility": 0.00016376205371911978
    },
    "cycles": 8,
    "per_cycle_V": [
      0.00027808293065190593,
      0.0003081616145224408,
      0.0003861548253254749,
      0.00027166836008957207,
      0.00024537649219925694,
      0.00019935173190268474,
      0.0003369223799671814,
      0.0004400283504211598
    ]
  },
  "diagnostics": {
    "measured_link_count": 58,
    "selection_policy": "uniform",
    "num_links": 288,
    "visibility_qc": {
      "r2_ok": false,
      "v_in_unit_interval": true,
      "i0_very_small": true
    },
    "hybrid_knobs": {
      "kick_passes": 3,
      "loop_measurement_cycles": 4
    }
  },
  "artifacts": {
    "kernel_hash": "c5f37351f163441ec05d09116a3864130c1bfed1c4688da9e07e9067e5bf8f54",
    "flip_counts_hash": "1045813912820017453b344ca74f8b8f873bba658c2e9b55c71942b9dd07c053",
    "pivot_fit_hash": "d04f83ead3fcfaea1653e658999e83d0abac9536c46d06a4e4ad9b696714687e",
    "config_hash": "09be816148e3d54a4ba01072548fde7efe2f97f681380c3e050adf0677f43c72"
  }
}