{
  "sim": "MICC",
  "gauge": "SU2",
  "rep": "fundamental",
  "L": 12,
  "b": 3.0,
  "kappa": 1.0,
  "seed": 0,
  "measurement_model": "dephasing",
  "f": 0.1,
  "schedule": "during",
  "sigma": 0.13142779946004554,
  "sigma_err": 0.007505644081241569,
  "visibility": 0.00021184412246952027,
  "visibility_err": 2.1646752675486288e-05,
  "coherence": {
    "C": 0.5912516973437011,
    "P_entropy": 0.33476254048831056
  },
  "twist_scan": {
    "phi_values": [
      0.0,
      0.09817477042468103,
      0.19634954084936207,
      0.2945243112740431,
      0.39269908169872414,
      0.4908738521234052,
      0.5890486225480862,
      0.6872233929727672,
      0.7853981633974483,
      0.8835729338221293,
      0.9817477042468103,
      1.0799224746714913,
      1.1780972450961724,
      1.2762720155208536,
      1.3744467859455345,
      1.4726215563702154,
      1.5707963267948966,
      1.6689710972195777,
      1.7671458676442586,
      1.8653206380689396,
      1.9634954084936207,
      2.061670178918302,
      2.1598449493429825,
      2.2580197197676637,
      2.356194490192345,
      2.454369260617026,
      2.552544031041707,
      2.650718801466388,
      2.748893571891069,
      2.84706834231575,
      2.945243112740431,
      3.043417883165112,
      3.141592653589793,
      3.2397674240144743,
      3.3379421944391554,
      3.436116964863836,
      3.5342917352885173,
      3.6324665057131984,
      3.730641276137879,
      3.8288160465625602,
      3.9269908169872414,
      4.025165587411922,
      4.123340357836604,
      4.221515128261284,
      4.319689898685965,
      4.417864669110647,
      4.516039439535327,
      4.614214209960009,
      4.71238898038469,
      4.81056375080937,
      4.908738521234052,
      5.006913291658733,
      5.105088062083414,
      5.203262832508095,
      5.301437602932776,
      5.399612373357457,
      5.497787143782138,
      5.595961914206819,
      5.6941366846315,
      5.792311455056181,
      5.890486225480862,
      5.988660995905543,
      6.086835766330224,
      6.1850105367549055
    ],
    "mean_I": [
      -0.8631392571673102,
      -0.6930383109495848,
      0.2097472606132398,
      0.8907866593721309,
      0.6300805882590681,
      -0.29675079288667144,
      -0.909855299093677,
      -0.5610548450665318,
      0.38089645280412043,
      0.9201615349074503,
      0.4866258370122283,
      -0.46137387166188176,
      -0.9216061121286045,
      -0.40751035613075365,
      0.5374080079229289,
      0.9141751186888113,
      0.32447032775192053,
      -0.6082666112905777,
      -0.8979401191170913,
      -0.2383054727433141,
      0.673267274679143,
      0.8730574653342742,
      0.14984560576116576,
      -0.7317840061672186,
      -0.8397667908985293,
      -0.0599426436815932,
      0.7832532576420765,
      0.7983887032032082,
      -0.03053759882461096,
      -0.8271793520760536,
      -0.7493216958523802,
      0.12072374756058465,
      0.8631392571673097,
      0.6930383109495848,
      -0.209747260613241,
      -0.8907866593721305,
      -0.6300805882590699,
      0.29675079288667144,
      0.9098552990936772,
      0.5610548450665332,
      -0.3808964528041187,
      -0.920161534907451,
      -0.48662583701222706,
      0.4613738716618813,
      0.9216061121286043,
      0.40751035613075454,
      -0.5374080079229256,
      -0.9141751186888113,
      -0.3244703277519218,
      0.608266611290573,
      0.897940119117091,
      0.23830547274331518,
      -0.6732672746791454,
      -0.8730574653342743,
      -0.14984560576116723,
      0.7317840061672201,
      0.8397667908985298,
      0.05994264368159931,
      -0.7832532576420755,
      -0.7983887032032085,
      0.030537598824605515,
      0.8271793520760533,
      0.7493216958523808,
      -0.12072374756058783
    ],
    "fit": {
      "A": 0.002675170351039555,
      "I0": 9.90528705560519e-16,
      "phi0": -1.3545806454255171,
      "R2": 5.841238724380027e-06,
      "visibility_fit": 1.0,
      "visibility_fourier": 0.00021184412246952027,
      "visibility": 0.00021184412246952027
    },
    "cycles": 16,
    "per_cycle_V": [
      0.00033367684789675664,
      0.00028322867996884393,
      0.00025023402729300163,
      9.552897897182674e-05,
      0.00026546052134764406,
      0.00034570656323769204,
      0.00017189580098929023,
      0.00030649147522768093,
      0.00014613500939288527,
      0.0001873027269337434,
      0.0002490466021520658,
      0.00013098023832905833,
      0.00037596329564124834,
      0.0003658110340877115,
      0.0001921059705443411,
      0.00022459749797495708
    ]
  },
  "diagnostics": {
    "measured_link_count": 29,
    "selection_policy": "uniform",
    "num_links": 288,
    "creutz_sizes": [
      [
        2,
        2
      ],
      [
        3,
        3
      ]
    ],
    "loop_sizes_measured": [
      [
        1,
        1
      ],
      [
        1,
        2
      ],
      [
        2,
        1
      ],
      [
        2,
        2
      ],
      [
        2,
        3
      ],
      [
        3,
        2
      ],
      [
        3,
        3
      ]
    ],
    "visibility_qc": {
      "r2_ok": false,
      "v_in_unit_interval": true,
      "i0_very_small": true
    },
    "hybrid_knobs": {
      "kick_passes": 3,
      "loop_measurement_cycles": 6
    }
  },
  "artifacts": {
    "kernel_hash": "c5f37351f163441ec05d09116a3864130c1bfed1c4688da9e07e9067e5bf8f54",
    "flip_counts_hash": "526d3d4f7381a97e02c3ef4c6b8d2598448ee2e98060a326f334d01ae3e48798",
    "pivot_fit_hash": "e730f86cf82cf01e0490c7477184968845e3929e6af95e60cac897b00c6a8382",
    "config_hash": "3e53227bb97f97d3e0f7892c2fd75b0f2e140b1e74473c1589a222acbe454fae"
  }
}