{
  "sim": "MICC",
  "gauge": "SU2",
  "rep": "fundamental",
  "L": 12,
  "b": 3.5,
  "kappa": 1.0,
  "seed": 4,
  "measurement_model": "dephasing",
  "f": 0.3,
  "schedule": "pre",
  "sigma": 0.20567129720978766,
  "sigma_err": 0.02641107783910691,
  "visibility": 0.00036360384431058287,
  "visibility_err": 2.09954847897913e-19,
  "coherence": {
    "C": 0.4644529651977045,
    "P_entropy": 0.28968618454505823
  },
  "twist_scan": {
    "phi_values": [
      0.0,
      0.09817477042468103,
      0.19634954084936207,
      0.2945243112740431,
      0.39269908169872414,
      0.4908738521234052,
      0.5890486225480862,
      0.6872233929727672,
      0.7853981633974483,
      0.8835729338221293,
      0.9817477042468103,
      1.0799224746714913,
      1.1780972450961724,
      1.2762720155208536,
      1.3744467859455345,
      1.4726215563702154,
      1.5707963267948966,
      1.6689710972195777,
      1.7671458676442586,
      1.8653206380689396,
      1.9634954084936207,
      2.061670178918302,
      2.1598449493429825,
      2.2580197197676637,
      2.356194490192345,
      2.454369260617026,
      2.552544031041707,
      2.650718801466388,
      2.748893571891069,
      2.84706834231575,
      2.945243112740431,
      3.043417883165112,
      3.141592653589793,
      3.2397674240144743,
      3.3379421944391554,
      3.436116964863836,
      3.5342917352885173,
      3.6324665057131984,
      3.730641276137879,
      3.8288160465625602,
      3.9269908169872414,
      4.025165587411922,
      4.123340357836604,
      4.221515128261284,
      4.319689898685965,
      4.417864669110647,
      4.516039439535327,
      4.614214209960009,
      4.71238898038469,
      4.81056375080937,
      4.908738521234052,
      5.006913291658733,
      5.105088062083414,
      5.203262832508095,
      5.301437602932776,
      5.399612373357457,
      5.497787143782138,
      5.595961914206819,
      5.6941366846315,
      5.792311455056181,
      5.890486225480862,
      5.988660995905543,
      6.086835766330224,
      6.1850105367549055
    ],
    "mean_I": [
      0.35633405785021777,
      -0.6560560274014244,
      -0.9748593988343351,
      -0.2630350515478948,
      0.7268716688932637,
      0.9483249171629989,
      0.16720287390957958,
      -0.7906871388651885,
      -0.9126575481322488,
      -0.06976044119312744,
      0.8468878594562846,
      0.8682007880036212,
      -0.028353822706950967,
      -0.894932587004821,
      -0.8153827796796898,
      0.12619502379458478,
      0.934358624520584,
      0.7547121894538755,
      -0.22282089781786174,
      -0.9647862777098335,
      -0.6867733082759705,
      0.31730088478885937,
      0.9859225116389093,
      0.6122204247108904,
      -0.40872509078503066,
      -0.9975637728208361,
      -0.5317715237821139,
      0.49621305072507943,
      0.9995979495466684,
      0.4462013723834335,
      -0.5789222077290005,
      -0.9920054515825413,
      -0.3563340578502198,
      0.6560560274014244,
      0.9748593988343349,
      0.2630350515478975,
      -0.7268716688932636,
      -0.9483249171629989,
      -0.16720287390958385,
      0.7906871388651864,
      0.9126575481322502,
      0.06976044119313253,
      -0.8468878594562846,
      -0.8682007880036218,
      0.02835382270694509,
      0.8949325870048203,
      0.8153827796796917,
      -0.1261950237945884,
      -0.9343586245205827,
      -0.7547121894538785,
      0.22282089781786307,
      0.9647862777098335,
      0.6867733082759683,
      -0.31730088478885854,
      -0.9859225116389091,
      -0.6122204247108874,
      0.40872509078502905,
      0.9975637728208349,
      0.5317715237821138,
      -0.49621305072507843,
      -0.9995979495466681,
      -0.44620137238343477,
      0.5789222077289983,
      0.9920054515825426
    ],
    "fit": {
      "A": 3.5579917393598686e-16,
      "I0": -1.6239953035679377e-16,
      "phi0": -2.0775970085306237,
      "R2": 2.220446049250313e-16,
      "visibility_fit": 0.0003557991739359869,
      "visibility_fourier": 0.00036360384431058287,
      "visibility": 0.00036360384431058287
    },
    "cycles": 16,
    "per_cycle_V": [
      0.0003771388179104877,
      0.0003771388179104877,
      0.0003771388179104877,
      0.0003771388179104877,
      0.0003771388179104877,
      0.0003771388179104877,
      0.0003771388179104877,
      0.0003771388179104877,
      0.0003771388179104877,
      0.0003771388179104877,
      0.0003771388179104877,
      0.0003771388179104877,
      0.0003771388179104877,
      0.0003771388179104877,
      0.0003771388179104877,
      0.0003771388179104877
    ]
  },
  "diagnostics": {
    "measured_link_count": 86,
    "selection_policy": "uniform",
    "num_links": 288,
    "creutz_sizes": [
      [
        2,
        2
      ],
      [
        3,
        3
      ]
    ],
    "loop_sizes_measured": [
      [
        1,
        1
      ],
      [
        1,
        2
      ],
      [
        2,
        1
      ],
      [
        2,
        2
      ],
      [
        2,
        3
      ],
      [
        3,
        2
      ],
      [
        3,
        3
      ]
    ],
    "visibility_qc": {
      "r2_ok": false,
      "v_in_unit_interval": true,
      "i0_very_small": true
    },
    "hybrid_knobs": {
      "kick_passes": 3,
      "loop_measurement_cycles": 6
    }
  },
  "artifacts": {
    "kernel_hash": "c5f37351f163441ec05d09116a3864130c1bfed1c4688da9e07e9067e5bf8f54",
    "flip_counts_hash": "7a11042fb34eaa3744d5206ec23f7fdadc3f7966920f4b324b412fb9e9cc0219",
    "pivot_fit_hash": "18f843e4852e0cb06a5603a8f3e251da6d346190d1181f60fc167ac1ef296fd4",
    "config_hash": "3e53227bb97f97d3e0f7892c2fd75b0f2e140b1e74473c1589a222acbe454fae"
  }
}