{
  "sim": "MICC",
  "gauge": "SU2",
  "rep": "fundamental",
  "L": 12,
  "b": 3.5,
  "kappa": 1.0,
  "seed": 4,
  "measurement_model": "dephasing",
  "f": 0.5,
  "schedule": "during",
  "sigma": 0.47245399082175665,
  "sigma_err": 0.03968046521051026,
  "visibility": 3.714663390957482e-05,
  "visibility_err": 3.727713413933109e-05,
  "coherence": {
    "C": 0.49934364358883604,
    "P_entropy": 0.1303211945791458
  },
  "twist_scan": {
    "phi_values": [
      0.0,
      0.09817477042468103,
      0.19634954084936207,
      0.2945243112740431,
      0.39269908169872414,
      0.4908738521234052,
      0.5890486225480862,
      0.6872233929727672,
      0.7853981633974483,
      0.8835729338221293,
      0.9817477042468103,
      1.0799224746714913,
      1.1780972450961724,
      1.2762720155208536,
      1.3744467859455345,
      1.4726215563702154,
      1.5707963267948966,
      1.6689710972195777,
      1.7671458676442586,
      1.8653206380689396,
      1.9634954084936207,
      2.061670178918302,
      2.1598449493429825,
      2.2580197197676637,
      2.356194490192345,
      2.454369260617026,
      2.552544031041707,
      2.650718801466388,
      2.748893571891069,
      2.84706834231575,
      2.945243112740431,
      3.043417883165112,
      3.141592653589793,
      3.2397674240144743,
      3.3379421944391554,
      3.436116964863836,
      3.5342917352885173,
      3.6324665057131984,
      3.730641276137879,
      3.8288160465625602,
      3.9269908169872414,
      4.025165587411922,
      4.123340357836604,
      4.221515128261284,
      4.319689898685965,
      4.417864669110647,
      4.516039439535327,
      4.614214209960009,
      4.71238898038469,
      4.81056375080937,
      4.908738521234052,
      5.006913291658733,
      5.105088062083414,
      5.203262832508095,
      5.301437602932776,
      5.399612373357457,
      5.497787143782138,
      5.595961914206819,
      5.6941366846315,
      5.792311455056181,
      5.890486225480862,
      5.988660995905543,
      6.086835766330224,
      6.1850105367549055
    ],
    "mean_I": [
      -0.039761575858299356,
      -0.10423820349709703,
      -0.05851352210397237,
      0.049072036737080056,
      0.10477831807850244,
      0.049712277727564896,
      -0.057909907076578754,
      -0.104309360179157,
      -0.04043227694114568,
      0.06619007335415464,
      0.10283584611998974,
      0.03076289122525251,
      -0.07383279304215547,
      -0.1003719666468949,
      -0.020797242050152744,
      0.0807644625720499,
      0.09694145026609245,
      0.010631304065181167,
      -0.08691832617702946,
      -0.09257733472564021,
      -0.00036298081040036026,
      0.09223511878653391,
      0.0873216488438609,
      -0.00990883814801035,
      -0.09666363678127908,
      -0.08122500774884633,
      0.020085229578334106,
      0.10016123111210162,
      0.07434612542710482,
      -0.030068189268114755,
      -0.10269421803361625,
      -0.0667512492757739,
      0.03976157585829916,
      0.10423820349709716,
      0.05851352210397227,
      -0.04907203673707968,
      -0.10477831807850249,
      -0.049712277727564896,
      0.057909907076578504,
      0.10430936017915682,
      0.04043227694114583,
      -0.0661900733541544,
      -0.10283584611998949,
      -0.030762891225252543,
      0.07383279304215501,
      0.10037196664689499,
      0.020797242050153257,
      -0.08076446257205014,
      -0.0969414502660925,
      -0.010631304065181858,
      0.08691832617702953,
      0.09257733472564017,
      0.0003629808103998919,
      -0.09223511878653373,
      -0.08732164884386111,
      0.009908838148010614,
      0.09666363678127897,
      0.08122500774884688,
      -0.020085229578334016,
      -0.10016123111210157,
      -0.07434612542710523,
      0.030068189268114595,
      0.10269421803361609,
      0.06675124927577371
    ],
    "fit": {
      "A": 3.5916360058748495e-17,
      "I0": -7.899503013299677e-18,
      "phi0": -1.9737481332822642,
      "R2": 0.0,
      "visibility_fit": 3.5916360058748495e-05,
      "visibility_fourier": 3.714663390957482e-05,
      "visibility": 3.714663390957482e-05
    },
    "cycles": 16,
    "per_cycle_V": [
      0.0005124493238351694,
      0.00048379491856462395,
      0.0004919307089978203,
      0.00012456006132457255,
      0.0004882234012233684,
      0.0003944241225337934,
      9.895624356295051e-05,
      0.00018741942243712906,
      0.00037534446598263773,
      0.00038481504482828306,
      0.00030505156716578805,
      0.000133620341324005,
      0.00041738488662483255,
      0.00010601789879033878,
      0.00038830134333154307,
      0.00032329105365421775
    ]
  },
  "diagnostics": {
    "measured_link_count": 144,
    "selection_policy": "uniform",
    "num_links": 288,
    "creutz_sizes": [
      [
        2,
        2
      ],
      [
        3,
        3
      ]
    ],
    "loop_sizes_measured": [
      [
        1,
        1
      ],
      [
        1,
        2
      ],
      [
        2,
        1
      ],
      [
        2,
        2
      ],
      [
        2,
        3
      ],
      [
        3,
        2
      ],
      [
        3,
        3
      ]
    ],
    "visibility_qc": {
      "r2_ok": false,
      "v_in_unit_interval": true,
      "i0_very_small": true
    },
    "hybrid_knobs": {
      "kick_passes": 3,
      "loop_measurement_cycles": 6
    }
  },
  "artifacts": {
    "kernel_hash": "c5f37351f163441ec05d09116a3864130c1bfed1c4688da9e07e9067e5bf8f54",
    "flip_counts_hash": "7a11042fb34eaa3744d5206ec23f7fdadc3f7966920f4b324b412fb9e9cc0219",
    "pivot_fit_hash": "18f843e4852e0cb06a5603a8f3e251da6d346190d1181f60fc167ac1ef296fd4",
    "config_hash": "3e53227bb97f97d3e0f7892c2fd75b0f2e140b1e74473c1589a222acbe454fae"
  }
}