{
  "sim": "MICC",
  "gauge": "SU2",
  "rep": "fundamental",
  "L": 12,
  "b": 3.5,
  "kappa": 1.0,
  "seed": 3,
  "measurement_model": "dephasing",
  "f": 0.3,
  "schedule": "during",
  "sigma": 0.36410676119059376,
  "sigma_err": 0.023780763374525535,
  "visibility": 6.481751961766912e-05,
  "visibility_err": 2.9308391960426604e-05,
  "coherence": {
    "C": 0.4765056871054845,
    "P_entropy": 0.21357560356512542
  },
  "twist_scan": {
    "phi_values": [
      0.0,
      0.09817477042468103,
      0.19634954084936207,
      0.2945243112740431,
      0.39269908169872414,
      0.4908738521234052,
      0.5890486225480862,
      0.6872233929727672,
      0.7853981633974483,
      0.8835729338221293,
      0.9817477042468103,
      1.0799224746714913,
      1.1780972450961724,
      1.2762720155208536,
      1.3744467859455345,
      1.4726215563702154,
      1.5707963267948966,
      1.6689710972195777,
      1.7671458676442586,
      1.8653206380689396,
      1.9634954084936207,
      2.061670178918302,
      2.1598449493429825,
      2.2580197197676637,
      2.356194490192345,
      2.454369260617026,
      2.552544031041707,
      2.650718801466388,
      2.748893571891069,
      2.84706834231575,
      2.945243112740431,
      3.043417883165112,
      3.141592653589793,
      3.2397674240144743,
      3.3379421944391554,
      3.436116964863836,
      3.5342917352885173,
      3.6324665057131984,
      3.730641276137879,
      3.8288160465625602,
      3.9269908169872414,
      4.025165587411922,
      4.123340357836604,
      4.221515128261284,
      4.319689898685965,
      4.417864669110647,
      4.516039439535327,
      4.614214209960009,
      4.71238898038469,
      4.81056375080937,
      4.908738521234052,
      5.006913291658733,
      5.105088062083414,
      5.203262832508095,
      5.301437602932776,
      5.399612373357457,
      5.497787143782138,
      5.595961914206819,
      5.6941366846315,
      5.792311455056181,
      5.890486225480862,
      5.988660995905543,
      6.086835766330224,
      6.1850105367549055
    ],
    "mean_I": [
      -0.37633529940096694,
      -0.05296353388313856,
      0.32640162531439765,
      0.3606928560189563,
      0.013657245333173113,
      -0.3478168942507766,
      -0.34157674325871157,
      0.025780569955160045,
      0.36588249635946535,
      0.3191710597360436,
      -0.06497010426173194,
      -0.38042445001649416,
      -0.29369158443146876,
      0.10353394094799231,
      0.3913027082587064,
      0.2653836986206676,
      -0.1411006891855132,
      -0.3984125075125681,
      -0.23452002271866246,
      0.17730856065269476,
      0.40168537652465236,
      0.20139779079619105,
      -0.21180885375407227,
      -0.4010897957772418,
      -0.16633598805312177,
      0.2442693118073025,
      0.3966315010385108,
      0.12967227881660065,
      -0.27437732285663785,
      -0.3883534281239448,
      -0.0917597546489977,
      0.30184293029696196,
      0.37633529940096727,
      0.052963533883138625,
      -0.326401625314398,
      -0.3606928560189569,
      -0.013657245333173786,
      0.3478168942507766,
      0.3415767432587125,
      -0.02578056995515888,
      -0.3658824963594652,
      -0.3191710597360453,
      0.06497010426173228,
      0.3804244500164941,
      0.2936915844314703,
      -0.10353394094799159,
      -0.3913027082587059,
      -0.26538369862066663,
      0.1411006891855126,
      0.39841250751256746,
      0.23452002271866207,
      -0.17730856065269432,
      -0.4016853765246522,
      -0.20139779079619138,
      0.21180885375407174,
      0.4010897957772416,
      0.16633598805312233,
      -0.24426931180730027,
      -0.39663150103851036,
      -0.12967227881660115,
      0.2743773228566361,
      0.38835342812394513,
      0.09175975464899822,
      -0.30184293029696324
    ],
    "fit": {
      "A": 3.289885499135588e-17,
      "I0": 3.084100010320694e-17,
      "phi0": 1.790064236385495,
      "R2": 0.0,
      "visibility_fit": 3.289885499135588e-05,
      "visibility_fourier": 6.481751961766912e-05,
      "visibility": 6.481751961766912e-05
    },
    "cycles": 16,
    "per_cycle_V": [
      0.0001918402255969159,
      0.00038682218532946487,
      0.00031174103465348113,
      0.0004243088609436893,
      0.0002934853373848388,
      0.00032730210443388425,
      8.992265887964177e-05,
      0.00011089432672847807,
      0.00017349958603878906,
      0.00014552319721544,
      0.00034999308992336465,
      0.00043982018530254534,
      0.00022581998162066817,
      0.00035219586238439883,
      0.0001144687488762498,
      0.00034994532706519605
    ]
  },
  "diagnostics": {
    "measured_link_count": 86,
    "selection_policy": "uniform",
    "num_links": 288,
    "creutz_sizes": [
      [
        2,
        2
      ],
      [
        3,
        3
      ]
    ],
    "loop_sizes_measured": [
      [
        1,
        1
      ],
      [
        1,
        2
      ],
      [
        2,
        1
      ],
      [
        2,
        2
      ],
      [
        2,
        3
      ],
      [
        3,
        2
      ],
      [
        3,
        3
      ]
    ],
    "visibility_qc": {
      "r2_ok": false,
      "v_in_unit_interval": true,
      "i0_very_small": true
    },
    "hybrid_knobs": {
      "kick_passes": 3,
      "loop_measurement_cycles": 6
    }
  },
  "artifacts": {
    "kernel_hash": "c5f37351f163441ec05d09116a3864130c1bfed1c4688da9e07e9067e5bf8f54",
    "flip_counts_hash": "f9f0d5ea10777d9547c57c830847aa737adfb2a8c3d087b6a31b748452bdd993",
    "pivot_fit_hash": "18f843e4852e0cb06a5603a8f3e251da6d346190d1181f60fc167ac1ef296fd4",
    "config_hash": "3e53227bb97f97d3e0f7892c2fd75b0f2e140b1e74473c1589a222acbe454fae"
  }
}