{
  "sim": "MICC",
  "gauge": "SU2",
  "rep": "fundamental",
  "L": 12,
  "b": 3.5,
  "kappa": 1.0,
  "seed": 3,
  "measurement_model": "dephasing",
  "f": 0.1,
  "schedule": "during",
  "sigma": 0.25204315210744604,
  "sigma_err": 0.01526186574384933,
  "visibility": 0.0002819306761463174,
  "visibility_err": 3.530344402219054e-05,
  "coherence": {
    "C": 0.4684024930288642,
    "P_entropy": 0.3056915915817131
  },
  "twist_scan": {
    "phi_values": [
      0.0,
      0.09817477042468103,
      0.19634954084936207,
      0.2945243112740431,
      0.39269908169872414,
      0.4908738521234052,
      0.5890486225480862,
      0.6872233929727672,
      0.7853981633974483,
      0.8835729338221293,
      0.9817477042468103,
      1.0799224746714913,
      1.1780972450961724,
      1.2762720155208536,
      1.3744467859455345,
      1.4726215563702154,
      1.5707963267948966,
      1.6689710972195777,
      1.7671458676442586,
      1.8653206380689396,
      1.9634954084936207,
      2.061670178918302,
      2.1598449493429825,
      2.2580197197676637,
      2.356194490192345,
      2.454369260617026,
      2.552544031041707,
      2.650718801466388,
      2.748893571891069,
      2.84706834231575,
      2.945243112740431,
      3.043417883165112,
      3.141592653589793,
      3.2397674240144743,
      3.3379421944391554,
      3.436116964863836,
      3.5342917352885173,
      3.6324665057131984,
      3.730641276137879,
      3.8288160465625602,
      3.9269908169872414,
      4.025165587411922,
      4.123340357836604,
      4.221515128261284,
      4.319689898685965,
      4.417864669110647,
      4.516039439535327,
      4.614214209960009,
      4.71238898038469,
      4.81056375080937,
      4.908738521234052,
      5.006913291658733,
      5.105088062083414,
      5.203262832508095,
      5.301437602932776,
      5.399612373357457,
      5.497787143782138,
      5.595961914206819,
      5.6941366846315,
      5.792311455056181,
      5.890486225480862,
      5.988660995905543,
      6.086835766330224,
      6.1850105367549055
    ],
    "mean_I": [
      -0.7230399466698426,
      -0.8916308807769848,
      -0.11758382863327899,
      0.7807736145345144,
      0.8536920968160976,
      0.024081722851989742,
      -0.8309880056769454,
      -0.8075317912873021,
      0.0696523030847728,
      0.8731995280604552,
      0.7535945131666282,
      -0.16271553926700505,
      -0.9070016616493263,
      -0.6923997079274934,
      0.2542117358567376,
      0.9320688734189699,
      0.6245367149968357,
      -0.3432597344638988,
      -0.9481597524169154,
      -0.5506590920942632,
      0.4290019541833126,
      0.9551193346822417,
      0.4714783211139424,
      -0.5106126505676178,
      -0.9528805956332378,
      -0.38775695616502337,
      0.5873058679976918,
      0.941465095550767,
      0.30030127975872545,
      -0.658343008864899,
      -0.9209827719409707,
      -0.20995353786697257,
      0.7230399466698421,
      0.8916308807769848,
      0.11758382863327779,
      -0.7807736145345132,
      -0.8536920968160991,
      -0.024081722851989742,
      0.8309880056769445,
      0.8075317912873028,
      -0.06965230308477127,
      -0.8731995280604542,
      -0.7535945131666267,
      0.1627155392670047,
      0.9070016616493246,
      0.692399707927494,
      -0.25421173585673373,
      -0.9320688734189715,
      -0.6245367149968368,
      0.34325973446389313,
      0.9481597524169156,
      0.5506590920942642,
      -0.4290019541833153,
      -0.9551193346822412,
      -0.47147832111394383,
      0.5106126505676202,
      0.952880595633238,
      0.38775695616502925,
      -0.5873058679976908,
      -0.9414650955507667,
      -0.30030127975873083,
      0.6583430088648987,
      0.9209827719409701,
      0.20995353786696944
    ],
    "fit": {
      "A": 0.010362361287772183,
      "I0": -1.2171155397192337e-15,
      "phi0": 0.7368749173776098,
      "R2": 9.306284529375652e-05,
      "visibility_fit": 1.0,
      "visibility_fourier": 0.0002819306761463174,
      "visibility": 0.0002819306761463174
    },
    "cycles": 8,
    "per_cycle_V": [
      0.00040692769562748667,
      0.00040655123869005763,
      0.000272507955992663,
      0.00019314386156684177,
      0.00010862737301040574,
      0.00028788988021839686,
      0.0003004682403978595,
      0.00026519726980274005
    ]
  },
  "diagnostics": {
    "measured_link_count": 29,
    "selection_policy": "uniform",
    "num_links": 288,
    "visibility_qc": {
      "r2_ok": false,
      "v_in_unit_interval": true,
      "i0_very_small": true
    },
    "hybrid_knobs": {
      "kick_passes": 3,
      "loop_measurement_cycles": 4
    }
  },
  "artifacts": {
    "kernel_hash": "c5f37351f163441ec05d09116a3864130c1bfed1c4688da9e07e9067e5bf8f54",
    "flip_counts_hash": "f9f0d5ea10777d9547c57c830847aa737adfb2a8c3d087b6a31b748452bdd993",
    "pivot_fit_hash": "18f843e4852e0cb06a5603a8f3e251da6d346190d1181f60fc167ac1ef296fd4",
    "config_hash": "09be816148e3d54a4ba01072548fde7efe2f97f681380c3e050adf0677f43c72"
  }
}