{
  "sim": "MICC",
  "gauge": "SU2",
  "rep": "fundamental",
  "L": 12,
  "b": 3.0,
  "kappa": 1.0,
  "seed": 1,
  "measurement_model": "dephasing",
  "f": 0.05,
  "schedule": "during",
  "sigma": 0.09608782117198328,
  "sigma_err": 0.003500947910530297,
  "visibility": 0.00016229170225943315,
  "visibility_err": 1.4890764190486154e-05,
  "coherence": {
    "C": 0.591822350141792,
    "P_entropy": 0.34874645257043513
  },
  "twist_scan": {
    "phi_values": [
      0.0,
      0.09817477042468103,
      0.19634954084936207,
      0.2945243112740431,
      0.39269908169872414,
      0.4908738521234052,
      0.5890486225480862,
      0.6872233929727672,
      0.7853981633974483,
      0.8835729338221293,
      0.9817477042468103,
      1.0799224746714913,
      1.1780972450961724,
      1.2762720155208536,
      1.3744467859455345,
      1.4726215563702154,
      1.5707963267948966,
      1.6689710972195777,
      1.7671458676442586,
      1.8653206380689396,
      1.9634954084936207,
      2.061670178918302,
      2.1598449493429825,
      2.2580197197676637,
      2.356194490192345,
      2.454369260617026,
      2.552544031041707,
      2.650718801466388,
      2.748893571891069,
      2.84706834231575,
      2.945243112740431,
      3.043417883165112,
      3.141592653589793,
      3.2397674240144743,
      3.3379421944391554,
      3.436116964863836,
      3.5342917352885173,
      3.6324665057131984,
      3.730641276137879,
      3.8288160465625602,
      3.9269908169872414,
      4.025165587411922,
      4.123340357836604,
      4.221515128261284,
      4.319689898685965,
      4.417864669110647,
      4.516039439535327,
      4.614214209960009,
      4.71238898038469,
      4.81056375080937,
      4.908738521234052,
      5.006913291658733,
      5.105088062083414,
      5.203262832508095,
      5.301437602932776,
      5.399612373357457,
      5.497787143782138,
      5.595961914206819,
      5.6941366846315,
      5.792311455056181,
      5.890486225480862,
      5.988660995905543,
      6.086835766330224,
      6.1850105367549055
    ],
    "mean_I": [
      -0.9751880647727288,
      -0.6049920180124566,
      0.40480553857903473,
      0.9866400378829503,
      0.5253922499807685,
      -0.4913036534937449,
      -0.9885901280760523,
      -0.4407326673731482,
      0.5730702456514137,
      0.9810195549174453,
      0.3518285882497409,
      -0.6493178580713944,
      -0.9640012271651448,
      -0.2595362074924168,
      0.7193121845649034,
      0.937699040618568,
      0.16474435118001945,
      -0.7823791415050141,
      -0.9023662997123968,
      -0.06836591670733706,
      0.8379113596204849,
      0.8583432780563992,
      -0.02867091891585005,
      -0.8853740332938701,
      -0.806053941414553,
      0.12543163791676304,
      0.9243100710319572,
      0.7460018646829792,
      -0.22098438167662485,
      -0.9543444975067217,
      -0.6787653821884077,
      0.31440892503858964,
      0.9751880647727285,
      0.6049920180124565,
      -0.404805538579036,
      -0.9866400378829511,
      -0.5253922499807706,
      0.4913036534937449,
      0.9885901280760535,
      0.4407326673731502,
      -0.5730702456514118,
      -0.981019554917447,
      -0.35182858824973967,
      0.6493178580713942,
      0.9640012271651459,
      0.2595362074924179,
      -0.7193121845649005,
      -0.9376990406185673,
      -0.164744351180021,
      0.7823791415050096,
      0.9023662997123963,
      0.06836591670733842,
      -0.8379113596204872,
      -0.8583432780563993,
      0.028670918915848533,
      0.885374033293871,
      0.8060539414145538,
      -0.1254316379167565,
      -0.9243100710319563,
      -0.7460018646829804,
      0.22098438167661913,
      0.9543444975067219,
      0.6787653821884089,
      -0.3144089250385931
    ],
    "fit": {
      "A": 0.1544791565413023,
      "I0": -5.02030045044728e-15,
      "phi0": -2.383913180526701,
      "R2": 0.0056271374838284816,
      "visibility_fit": 1.0,
      "visibility_fourier": 0.00016229170225943315,
      "visibility": 0.00016229170225943315
    },
    "cycles": 16,
    "per_cycle_V": [
      9.011487742694113e-05,
      0.00016142033638250538,
      0.00010244809856849438,
      0.0002456098094985611,
      0.00023576960951928914,
      0.00019137396862637014,
      0.0001769642478023642,
      9.257740724182835e-05,
      0.0001720397576719007,
      0.00012584537826410797,
      0.00023283970544643321,
      2.883244014823445e-05,
      0.00017385627242123833,
      0.00017519324963446593,
      0.0001618020546374597,
      0.00011210126175528405
    ]
  },
  "diagnostics": {
    "measured_link_count": 14,
    "selection_policy": "uniform",
    "num_links": 288,
    "creutz_sizes": [
      [
        2,
        2
      ],
      [
        3,
        3
      ]
    ],
    "loop_sizes_measured": [
      [
        1,
        1
      ],
      [
        1,
        2
      ],
      [
        2,
        1
      ],
      [
        2,
        2
      ],
      [
        2,
        3
      ],
      [
        3,
        2
      ],
      [
        3,
        3
      ]
    ],
    "visibility_qc": {
      "r2_ok": false,
      "v_in_unit_interval": true,
      "i0_very_small": true
    },
    "hybrid_knobs": {
      "kick_passes": 3,
      "loop_measurement_cycles": 6
    }
  },
  "artifacts": {
    "kernel_hash": "c5f37351f163441ec05d09116a3864130c1bfed1c4688da9e07e9067e5bf8f54",
    "flip_counts_hash": "1045813912820017453b344ca74f8b8f873bba658c2e9b55c71942b9dd07c053",
    "pivot_fit_hash": "e730f86cf82cf01e0490c7477184968845e3929e6af95e60cac897b00c6a8382",
    "config_hash": "3e53227bb97f97d3e0f7892c2fd75b0f2e140b1e74473c1589a222acbe454fae"
  }
}