{
  "sim": "MICC",
  "gauge": "SU2",
  "rep": "fundamental",
  "L": 12,
  "b": 3.0,
  "kappa": 1.0,
  "seed": 4,
  "measurement_model": "dephasing",
  "f": 0.3,
  "schedule": "pre",
  "sigma": 0.19682428101642133,
  "sigma_err": 0.03119804632716759,
  "visibility": 0.00044606782528660427,
  "visibility_err": 0.0,
  "coherence": {
    "C": 0.5804455726915242,
    "P_entropy": 0.3040402442109027
  },
  "twist_scan": {
    "phi_values": [
      0.0,
      0.09817477042468103,
      0.19634954084936207,
      0.2945243112740431,
      0.39269908169872414,
      0.4908738521234052,
      0.5890486225480862,
      0.6872233929727672,
      0.7853981633974483,
      0.8835729338221293,
      0.9817477042468103,
      1.0799224746714913,
      1.1780972450961724,
      1.2762720155208536,
      1.3744467859455345,
      1.4726215563702154,
      1.5707963267948966,
      1.6689710972195777,
      1.7671458676442586,
      1.8653206380689396,
      1.9634954084936207,
      2.061670178918302,
      2.1598449493429825,
      2.2580197197676637,
      2.356194490192345,
      2.454369260617026,
      2.552544031041707,
      2.650718801466388,
      2.748893571891069,
      2.84706834231575,
      2.945243112740431,
      3.043417883165112,
      3.141592653589793,
      3.2397674240144743,
      3.3379421944391554,
      3.436116964863836,
      3.5342917352885173,
      3.6324665057131984,
      3.730641276137879,
      3.8288160465625602,
      3.9269908169872414,
      4.025165587411922,
      4.123340357836604,
      4.221515128261284,
      4.319689898685965,
      4.417864669110647,
      4.516039439535327,
      4.614214209960009,
      4.71238898038469,
      4.81056375080937,
      4.908738521234052,
      5.006913291658733,
      5.105088062083414,
      5.203262832508095,
      5.301437602932776,
      5.399612373357457,
      5.497787143782138,
      5.595961914206819,
      5.6941366846315,
      5.792311455056181,
      5.890486225480862,
      5.988660995905543,
      6.086835766330224,
      6.1850105367549055
    ],
    "mean_I": [
      -0.20336659783154956,
      -0.9593578100645435,
      -0.7011096843943722,
      0.298356175303319,
      0.9823979392941118,
      0.6278421903923395,
      -0.39047241970884106,
      -0.9959770393349371,
      -0.5485282328833744,
      0.47882820125862946,
      0.9999643360305354,
      0.4639316486357105,
      -0.5625726054761778,
      -0.9943214295340486,
      -0.3748671490008451,
      0.6408991279695201,
      0.9791026641197645,
      0.28219247379787404,
      -0.7130534415094167,
      -0.9544546048180481,
      -0.18680013081013233,
      0.7783406606129163,
      0.9206146259139726,
      0.08960880044735181,
      -0.8361320336704259,
      -0.8779086249031981,
      0.008445511648894226,
      0.8858709981674259,
      0.8267478839209363,
      -0.10641848885117146,
      -0.927078540685727,
      -0.7676251088701498,
      0.20336659783154779,
      0.9593578100645433,
      0.7011096843943716,
      -0.2983561753033157,
      -0.9823979392941126,
      -0.6278421903923395,
      0.39047241970883817,
      0.995977039334936,
      0.5485282328833757,
      -0.47882820125862535,
      -0.9999643360305345,
      -0.46393164863571107,
      0.5625726054761723,
      0.9943214295340479,
      0.37486714900084867,
      -0.640899127969523,
      -0.9791026641197649,
      -0.28219247379787965,
      0.7130534415094177,
      0.9544546048180483,
      0.18680013081012925,
      -0.7783406606129154,
      -0.9206146259139737,
      -0.08960880044734842,
      0.8361320336704245,
      0.8779086249032008,
      -0.008445511648893546,
      -0.8858709981674248,
      -0.82674788392094,
      0.10641848885116999,
      0.9270785406857255,
      0.7676251088701481
    ],
    "fit": {
      "A": 4.3777746616487145e-16,
      "I0": -2.1328339028148235e-16,
      "phi0": -1.9682116457308645,
      "R2": 0.0,
      "visibility_fit": 0.00043777746616487144,
      "visibility_fourier": 0.00044606782528660427,
      "visibility": 0.00044606782528660427
    },
    "cycles": 8,
    "per_cycle_V": [
      0.0004422319253189495,
      0.0004422319253189495,
      0.0004422319253189495,
      0.0004422319253189495,
      0.0004422319253189495,
      0.0004422319253189495,
      0.0004422319253189495,
      0.0004422319253189495
    ]
  },
  "diagnostics": {
    "measured_link_count": 86,
    "selection_policy": "uniform",
    "num_links": 288,
    "visibility_qc": {
      "r2_ok": false,
      "v_in_unit_interval": true,
      "i0_very_small": true
    },
    "hybrid_knobs": {
      "kick_passes": 3,
      "loop_measurement_cycles": 4
    }
  },
  "artifacts": {
    "kernel_hash": "c5f37351f163441ec05d09116a3864130c1bfed1c4688da9e07e9067e5bf8f54",
    "flip_counts_hash": "7a11042fb34eaa3744d5206ec23f7fdadc3f7966920f4b324b412fb9e9cc0219",
    "pivot_fit_hash": "e730f86cf82cf01e0490c7477184968845e3929e6af95e60cac897b00c6a8382",
    "config_hash": "09be816148e3d54a4ba01072548fde7efe2f97f681380c3e050adf0677f43c72"
  }
}