{
  "sim": "MICC",
  "gauge": "SU2",
  "rep": "fundamental",
  "L": 12,
  "b": 3.5,
  "kappa": 1.0,
  "seed": 1,
  "measurement_model": "dephasing",
  "f": 0.3,
  "schedule": "pre",
  "sigma": 0.2686898620859236,
  "sigma_err": 0.05774221379874527,
  "visibility": 0.0003646678508910494,
  "visibility_err": 1.4342646596563004e-19,
  "coherence": {
    "C": 0.47382055173393767,
    "P_entropy": 0.2989990004981248
  },
  "twist_scan": {
    "phi_values": [
      0.0,
      0.09817477042468103,
      0.19634954084936207,
      0.2945243112740431,
      0.39269908169872414,
      0.4908738521234052,
      0.5890486225480862,
      0.6872233929727672,
      0.7853981633974483,
      0.8835729338221293,
      0.9817477042468103,
      1.0799224746714913,
      1.1780972450961724,
      1.2762720155208536,
      1.3744467859455345,
      1.4726215563702154,
      1.5707963267948966,
      1.6689710972195777,
      1.7671458676442586,
      1.8653206380689396,
      1.9634954084936207,
      2.061670178918302,
      2.1598449493429825,
      2.2580197197676637,
      2.356194490192345,
      2.454369260617026,
      2.552544031041707,
      2.650718801466388,
      2.748893571891069,
      2.84706834231575,
      2.945243112740431,
      3.043417883165112,
      3.141592653589793,
      3.2397674240144743,
      3.3379421944391554,
      3.436116964863836,
      3.5342917352885173,
      3.6324665057131984,
      3.730641276137879,
      3.8288160465625602,
      3.9269908169872414,
      4.025165587411922,
      4.123340357836604,
      4.221515128261284,
      4.319689898685965,
      4.417864669110647,
      4.516039439535327,
      4.614214209960009,
      4.71238898038469,
      4.81056375080937,
      4.908738521234052,
      5.006913291658733,
      5.105088062083414,
      5.203262832508095,
      5.301437602932776,
      5.399612373357457,
      5.497787143782138,
      5.595961914206819,
      5.6941366846315,
      5.792311455056181,
      5.890486225480862,
      5.988660995905543,
      6.086835766330224,
      6.1850105367549055
    ],
    "mean_I": [
      -0.479750209684302,
      -0.9999549119443695,
      -0.4630007552431054,
      0.5634408216052246,
      0.9942090846416292,
      0.37389301484042786,
      -0.641705190406005,
      -0.978888480363821,
      -0.2811844803141239,
      0.7137895874314362,
      0.954140644905233,
      0.18576798553132454,
      -0.778999800532823,
      -0.920203913449875,
      -0.0885624434967447,
      0.8367078197104689,
      0.8774051152733664,
      -0.009496003281865084,
      -0.8863578851932854,
      -0.8261564261983514,
      0.10746299835782501,
      0.9274718397091836,
      0.7669513991160033,
      -0.20439506601434784,
      -0.959653733400999,
      -0.7003602108018838,
      0.29935869745144794,
      0.9825936370400702,
      0.62702417080191,
      -0.3914393409859768,
      -0.9960706268141266,
      -0.5476495452708353,
      0.4797502096843003,
      0.9999549119443695,
      0.4630007552431042,
      -0.5634408216052225,
      -0.9942090846416304,
      -0.37389301484042786,
      0.641705190406003,
      0.978888480363821,
      0.28118448031412574,
      -0.7137895874314325,
      -0.9541406449052322,
      -0.18576798553132504,
      0.7789998005328189,
      0.9202039134498748,
      0.08856244349674845,
      -0.8367078197104716,
      -0.8774051152733671,
      0.00949600328185893,
      0.8863578851932862,
      0.8261564261983515,
      -0.10746299835782826,
      -0.9274718397091827,
      -0.7669513991160049,
      0.20439506601435115,
      0.9596537334009988,
      0.7003602108018886,
      -0.29935869745144755,
      -0.9825936370400699,
      -0.6270241708019145,
      0.391439340985976,
      0.9960706268141256,
      0.5476495452708328
    ],
    "fit": {
      "A": 3.5064520832641006e-16,
      "I0": -1.7827031743422594e-16,
      "phi0": -2.2163824976146733,
      "R2": 1.1102230246251565e-16,
      "visibility_fit": 0.00035064520832641007,
      "visibility_fourier": 0.0003646678508910494,
      "visibility": 0.0003646678508910494
    },
    "cycles": 8,
    "per_cycle_V": [
      0.000351494799408949,
      0.000351494799408949,
      0.000351494799408949,
      0.000351494799408949,
      0.000351494799408949,
      0.000351494799408949,
      0.000351494799408949,
      0.000351494799408949
    ]
  },
  "diagnostics": {
    "measured_link_count": 86,
    "selection_policy": "uniform",
    "num_links": 288,
    "visibility_qc": {
      "r2_ok": false,
      "v_in_unit_interval": true,
      "i0_very_small": true
    },
    "hybrid_knobs": {
      "kick_passes": 3,
      "loop_measurement_cycles": 4
    }
  },
  "artifacts": {
    "kernel_hash": "c5f37351f163441ec05d09116a3864130c1bfed1c4688da9e07e9067e5bf8f54",
    "flip_counts_hash": "1045813912820017453b344ca74f8b8f873bba658c2e9b55c71942b9dd07c053",
    "pivot_fit_hash": "18f843e4852e0cb06a5603a8f3e251da6d346190d1181f60fc167ac1ef296fd4",
    "config_hash": "09be816148e3d54a4ba01072548fde7efe2f97f681380c3e050adf0677f43c72"
  }
}