{
  "sim": "MICC",
  "gauge": "SU2",
  "rep": "fundamental",
  "L": 8,
  "b": 3.0,
  "kappa": 1.0,
  "seed": 0,
  "measurement_model": "dephasing",
  "f": 0.0,
  "schedule": "post",
  "sigma": 0.2026966952199719,
  "sigma_err": 0.03483473680700226,
  "visibility": 0.00023169326860472607,
  "visibility_err": 1.049774239489565e-19,
  "coherence": {
    "C": 0.5930676551242586,
    "P_entropy": 0.35917350980617924
  },
  "twist_scan": {
    "phi_values": [
      0.0,
      0.09817477042468103,
      0.19634954084936207,
      0.2945243112740431,
      0.39269908169872414,
      0.4908738521234052,
      0.5890486225480862,
      0.6872233929727672,
      0.7853981633974483,
      0.8835729338221293,
      0.9817477042468103,
      1.0799224746714913,
      1.1780972450961724,
      1.2762720155208536,
      1.3744467859455345,
      1.4726215563702154,
      1.5707963267948966,
      1.6689710972195777,
      1.7671458676442586,
      1.8653206380689396,
      1.9634954084936207,
      2.061670178918302,
      2.1598449493429825,
      2.2580197197676637,
      2.356194490192345,
      2.454369260617026,
      2.552544031041707,
      2.650718801466388,
      2.748893571891069,
      2.84706834231575,
      2.945243112740431,
      3.043417883165112,
      3.141592653589793,
      3.2397674240144743,
      3.3379421944391554,
      3.436116964863836,
      3.5342917352885173,
      3.6324665057131984,
      3.730641276137879,
      3.8288160465625602,
      3.9269908169872414,
      4.025165587411922,
      4.123340357836604,
      4.221515128261284,
      4.319689898685965,
      4.417864669110647,
      4.516039439535327,
      4.614214209960009,
      4.71238898038469,
      4.81056375080937,
      4.908738521234052,
      5.006913291658733,
      5.105088062083414,
      5.203262832508095,
      5.301437602932776,
      5.399612373357457,
      5.497787143782138,
      5.595961914206819,
      5.6941366846315,
      5.792311455056181,
      5.890486225480862,
      5.988660995905543,
      6.086835766330224,
      6.1850105367549055
    ],
    "mean_I": [
      0.8492472584369432,
      0.3215203014990008,
      -0.35217015038281024,
      -0.8659827167154789,
      -0.9866572345222443,
      -0.65940999562785,
      -0.03280440482216446,
      0.6086936999400978,
      0.9738575907216377,
      0.8969104954888535,
      0.41278478676563446,
      -0.25873658517096493,
      -0.8127969567747044,
      -0.997864502925569,
      -0.7299224268274467,
      -0.13061082923746056,
      0.5279953541815835,
      0.9469026854561094,
      0.9359359941680568,
      0.5000739288845989,
      -0.16281124520412088,
      -0.7517835178201764,
      -0.9994617906774937,
      -0.79340530604051,
      -0.22715939996805645,
      0.44221212453068115,
      0.910828589699978,
      0.9659479175887626,
      0.5825470857001855,
      -0.06531794394427973,
      -0.6835299926223629,
      -0.9914337150238044,
      -0.8492472584369432,
      -0.321520301499001,
      0.3521701503828109,
      0.8659827167154787,
      0.9866572345222449,
      0.65940999562785,
      0.0328044048221664,
      -0.6086936999400957,
      -0.9738575907216375,
      -0.8969104954888555,
      -0.4127847867656342,
      0.2587365851709645,
      0.8127969567747022,
      0.9978645029255682,
      0.7299224268274493,
      0.13061082923745865,
      -0.5279953541815827,
      -0.946902685456108,
      -0.9359359941680566,
      -0.5000739288845998,
      0.16281124520412313,
      0.7517835178201758,
      0.9994617906774937,
      0.7934053060405082,
      0.2271593999680577,
      -0.442212124530677,
      -0.9108285896999767,
      -0.9659479175887626,
      -0.5825470857001889,
      0.06531794394427937,
      0.6835299926223625,
      0.9914337150238047
    ],
    "fit": {
      "A": 2.448998733609404e-16,
      "I0": 7.945140605869482e-17,
      "phi0": -3.0137388335381643,
      "R2": 0.0,
      "visibility_fit": 0.0002448998733609404,
      "visibility_fourier": 0.00023169326860472607,
      "visibility": 0.00023169326860472607
    },
    "cycles": 16,
    "per_cycle_V": [
      0.00023887166278833632,
      0.00023887166278833632,
      0.00023887166278833632,
      0.00023887166278833632,
      0.00023887166278833632,
      0.00023887166278833632,
      0.00023887166278833632,
      0.00023887166278833632,
      0.00023887166278833632,
      0.00023887166278833632,
      0.00023887166278833632,
      0.00023887166278833632,
      0.00023887166278833632,
      0.00023887166278833632,
      0.00023887166278833632,
      0.00023887166278833632
    ]
  },
  "diagnostics": {
    "measured_link_count": 0,
    "selection_policy": "uniform",
    "num_links": 128,
    "creutz_sizes": [
      [
        2,
        2
      ],
      [
        3,
        3
      ]
    ],
    "loop_sizes_measured": [
      [
        1,
        1
      ],
      [
        1,
        2
      ],
      [
        2,
        1
      ],
      [
        2,
        2
      ],
      [
        2,
        3
      ],
      [
        3,
        2
      ],
      [
        3,
        3
      ]
    ],
    "visibility_qc": {
      "r2_ok": false,
      "v_in_unit_interval": true,
      "i0_very_small": true
    },
    "hybrid_knobs": {
      "kick_passes": 3,
      "loop_measurement_cycles": 6
    }
  },
  "artifacts": {
    "kernel_hash": "bb669db8d373312f24e4630fcfc599d4f7b832920772c12cef62ec22cd65bc64",
    "flip_counts_hash": "051ffecc2b526e5161a7cdb343471ea2bcf4c30d07d6aca6b7e9329b81a2e42c",
    "pivot_fit_hash": "e730f86cf82cf01e0490c7477184968845e3929e6af95e60cac897b00c6a8382",
    "config_hash": "3e53227bb97f97d3e0f7892c2fd75b0f2e140b1e74473c1589a222acbe454fae"
  }
}