{
  "sim": "MICC",
  "gauge": "SU2",
  "rep": "fundamental",
  "L": 12,
  "b": 3.5,
  "kappa": 1.0,
  "seed": 2,
  "measurement_model": "dephasing",
  "f": 0.2,
  "schedule": "during",
  "sigma": 0.2643089212148004,
  "sigma_err": 0.019779306876916567,
  "visibility": 0.00014682768203945755,
  "visibility_err": 3.444675514795901e-05,
  "coherence": {
    "C": 0.468182018944961,
    "P_entropy": 0.25631417787661814
  },
  "twist_scan": {
    "phi_values": [
      0.0,
      0.09817477042468103,
      0.19634954084936207,
      0.2945243112740431,
      0.39269908169872414,
      0.4908738521234052,
      0.5890486225480862,
      0.6872233929727672,
      0.7853981633974483,
      0.8835729338221293,
      0.9817477042468103,
      1.0799224746714913,
      1.1780972450961724,
      1.2762720155208536,
      1.3744467859455345,
      1.4726215563702154,
      1.5707963267948966,
      1.6689710972195777,
      1.7671458676442586,
      1.8653206380689396,
      1.9634954084936207,
      2.061670178918302,
      2.1598449493429825,
      2.2580197197676637,
      2.356194490192345,
      2.454369260617026,
      2.552544031041707,
      2.650718801466388,
      2.748893571891069,
      2.84706834231575,
      2.945243112740431,
      3.043417883165112,
      3.141592653589793,
      3.2397674240144743,
      3.3379421944391554,
      3.436116964863836,
      3.5342917352885173,
      3.6324665057131984,
      3.730641276137879,
      3.8288160465625602,
      3.9269908169872414,
      4.025165587411922,
      4.123340357836604,
      4.221515128261284,
      4.319689898685965,
      4.417864669110647,
      4.516039439535327,
      4.614214209960009,
      4.71238898038469,
      4.81056375080937,
      4.908738521234052,
      5.006913291658733,
      5.105088062083414,
      5.203262832508095,
      5.301437602932776,
      5.399612373357457,
      5.497787143782138,
      5.595961914206819,
      5.6941366846315,
      5.792311455056181,
      5.890486225480862,
      5.988660995905543,
      6.086835766330224,
      6.1850105367549055
    ],
    "mean_I": [
      -0.5896564455077823,
      -0.5822220618134846,
      0.04074128541382044,
      0.6206326798098273,
      0.544387154646033,
      -0.10738802326956792,
      -0.6456318821329702,
      -0.5013095015870515,
      0.17300055575696432,
      0.6644132964928845,
      0.4534039639841364,
      -0.2369469983206961,
      -0.6767960476023196,
      -0.4011318983522347,
      0.2986115117621968,
      0.6826608827989897,
      0.3449967132582005,
      -0.35740023310777064,
      -0.6819513205139078,
      -0.2855390212211039,
      0.4127469948336736,
      0.6746741942197644,
      0.2233314323181399,
      -0.4641187773688703,
      -0.6608995866208531,
      -0.15897303963657072,
      0.511020842364875,
      0.6407601547183197,
      0.0930836496798009,
      -0.5530014972964947,
      -0.614449852250719,
      -0.026297813291915523,
      0.5896564455077817,
      0.5822220618134846,
      -0.04074128541382141,
      -0.620632679809827,
      -0.5443871546460343,
      0.10738802326956792,
      0.6456318821329701,
      0.5013095015870522,
      -0.17300055575696338,
      -0.6644132964928845,
      -0.4534039639841355,
      0.23694699832069582,
      0.6767960476023189,
      0.40113189835223473,
      -0.29861151176219436,
      -0.6826608827989905,
      -0.3449967132582017,
      0.35740023310776675,
      0.6819513205139078,
      0.2855390212211044,
      -0.4127469948336755,
      -0.6746741942197639,
      -0.2233314323181412,
      0.4641187773688719,
      0.6608995866208535,
      0.15897303963657528,
      -0.5110208423648742,
      -0.6407601547183199,
      -0.09308364967980487,
      0.5530014972964947,
      0.6144498522507187,
      0.026297813291913053
    ],
    "fit": {
      "A": 3.251874778045268e-07,
      "I0": -1.0557392098862683e-16,
      "phi0": -2.9993786552691852,
      "R2": 2.530198273120732e-13,
      "visibility_fit": 1.0,
      "visibility_fourier": 0.00014682768203945755,
      "visibility": 0.00014682768203945755
    },
    "cycles": 8,
    "per_cycle_V": [
      0.0003937175059328246,
      0.00027162629350790317,
      0.00017726828744223753,
      0.000334822485657345,
      0.00019587605855292517,
      0.0004183348245695016,
      0.0002352394180707254,
      0.00040816374430723164
    ]
  },
  "diagnostics": {
    "measured_link_count": 58,
    "selection_policy": "uniform",
    "num_links": 288,
    "visibility_qc": {
      "r2_ok": false,
      "v_in_unit_interval": true,
      "i0_very_small": true
    },
    "hybrid_knobs": {
      "kick_passes": 3,
      "loop_measurement_cycles": 4
    }
  },
  "artifacts": {
    "kernel_hash": "c5f37351f163441ec05d09116a3864130c1bfed1c4688da9e07e9067e5bf8f54",
    "flip_counts_hash": "3c718ce239e2c926749d06c4b85bf1839d5fe51eaf7ab8de2413bea26f16d7e1",
    "pivot_fit_hash": "18f843e4852e0cb06a5603a8f3e251da6d346190d1181f60fc167ac1ef296fd4",
    "config_hash": "09be816148e3d54a4ba01072548fde7efe2f97f681380c3e050adf0677f43c72"
  }
}