{
  "sim": "MICC",
  "gauge": "SU2",
  "rep": "fundamental",
  "L": 12,
  "b": 3.0,
  "kappa": 1.0,
  "seed": 3,
  "measurement_model": "dephasing",
  "f": 0.5,
  "schedule": "during",
  "sigma": 0.40404222088833236,
  "sigma_err": 0.02878562899524234,
  "visibility": 2.717717976788867e-05,
  "visibility_err": 2.900468329464637e-05,
  "coherence": {
    "C": 0.5836349481993813,
    "P_entropy": 0.15988304267186712
  },
  "twist_scan": {
    "phi_values": [
      0.0,
      0.09817477042468103,
      0.19634954084936207,
      0.2945243112740431,
      0.39269908169872414,
      0.4908738521234052,
      0.5890486225480862,
      0.6872233929727672,
      0.7853981633974483,
      0.8835729338221293,
      0.9817477042468103,
      1.0799224746714913,
      1.1780972450961724,
      1.2762720155208536,
      1.3744467859455345,
      1.4726215563702154,
      1.5707963267948966,
      1.6689710972195777,
      1.7671458676442586,
      1.8653206380689396,
      1.9634954084936207,
      2.061670178918302,
      2.1598449493429825,
      2.2580197197676637,
      2.356194490192345,
      2.454369260617026,
      2.552544031041707,
      2.650718801466388,
      2.748893571891069,
      2.84706834231575,
      2.945243112740431,
      3.043417883165112,
      3.141592653589793,
      3.2397674240144743,
      3.3379421944391554,
      3.436116964863836,
      3.5342917352885173,
      3.6324665057131984,
      3.730641276137879,
      3.8288160465625602,
      3.9269908169872414,
      4.025165587411922,
      4.123340357836604,
      4.221515128261284,
      4.319689898685965,
      4.417864669110647,
      4.516039439535327,
      4.614214209960009,
      4.71238898038469,
      4.81056375080937,
      4.908738521234052,
      5.006913291658733,
      5.105088062083414,
      5.203262832508095,
      5.301437602932776,
      5.399612373357457,
      5.497787143782138,
      5.595961914206819,
      5.6941366846315,
      5.792311455056181,
      5.890486225480862,
      5.988660995905543,
      6.086835766330224,
      6.1850105367549055
    ],
    "mean_I": [
      0.1617345939648134,
      0.11323449207587366,
      -0.054977853843381205,
      -0.1650672538748067,
      -0.10064647582344355,
      0.07017841332239089,
      0.16681022589504588,
      0.08708917898987359,
      -0.08470311631768279,
      -0.16694672425217041,
      -0.07269316575484319,
      0.0984120819994016,
      0.1654754343923842,
      0.057597077595466575,
      -0.11117328553395028,
      -0.16241052564132508,
      -0.04194629809308093,
      0.12286382955530745,
      0.15778151474571564,
      0.025891552809879856,
      -0.13337112773384527,
      -0.15163298161095562,
      -0.009587457719356977,
      0.1425939890442315,
      0.14402413997226252,
      -0.006808969830041388,
      -0.15044359229031887,
      -0.1350282671340329,
      0.02313982327781419,
      0.1568443415018165,
      0.12473199826934378,
      -0.0392478275779075,
      -0.16173459396481343,
      -0.1132344920758737,
      0.05497785384338139,
      0.16506725387480672,
      0.10064647582344387,
      -0.07017841332239089,
      -0.16681022589504602,
      -0.0870891789898739,
      0.08470311631768254,
      0.16694672425217066,
      0.07269316575484287,
      -0.0984120819994015,
      -0.1654754343923842,
      -0.05759707759546689,
      0.11117328553394987,
      0.16241052564132502,
      0.04194629809308117,
      -0.12286382955530656,
      -0.15778151474571567,
      -0.025891552809880126,
      0.1333711277338455,
      0.15163298161095554,
      0.009587457719357328,
      -0.1425939890442318,
      -0.14402413997226243,
      0.006808969830040056,
      0.15044359229031862,
      0.1350282671340331,
      -0.02313982327781309,
      -0.15684434150181653,
      -0.12473199826934367,
      0.039247827577908116
    ],
    "fit": {
      "A": 2.174347569282581e-17,
      "I0": 1.1923714416292503e-18,
      "phi0": 0.6622493216457356,
      "R2": 1.1102230246251565e-16,
      "visibility_fit": 2.174347569282581e-05,
      "visibility_fourier": 2.717717976788867e-05,
      "visibility": 2.717717976788867e-05
    },
    "cycles": 16,
    "per_cycle_V": [
      0.00034332216639933557,
      0.0004411509259035137,
      0.00036971714167967443,
      0.0001846503252584688,
      0.00015763106472998107,
      0.00048290554631393463,
      0.00020429315168912334,
      0.00046872536486893056,
      0.00022119503390033438,
      0.0004592694735799428,
      0.0003064998361216687,
      0.0004444505151584575,
      0.0002291104928879616,
      0.00018189086976506898,
      0.0003915846624196454,
      0.0002985747904274413
    ]
  },
  "diagnostics": {
    "measured_link_count": 144,
    "selection_policy": "uniform",
    "num_links": 288,
    "creutz_sizes": [
      [
        2,
        2
      ],
      [
        3,
        3
      ]
    ],
    "loop_sizes_measured": [
      [
        1,
        1
      ],
      [
        1,
        2
      ],
      [
        2,
        1
      ],
      [
        2,
        2
      ],
      [
        2,
        3
      ],
      [
        3,
        2
      ],
      [
        3,
        3
      ]
    ],
    "visibility_qc": {
      "r2_ok": false,
      "v_in_unit_interval": true,
      "i0_very_small": true
    },
    "hybrid_knobs": {
      "kick_passes": 3,
      "loop_measurement_cycles": 6
    }
  },
  "artifacts": {
    "kernel_hash": "c5f37351f163441ec05d09116a3864130c1bfed1c4688da9e07e9067e5bf8f54",
    "flip_counts_hash": "f9f0d5ea10777d9547c57c830847aa737adfb2a8c3d087b6a31b748452bdd993",
    "pivot_fit_hash": "e730f86cf82cf01e0490c7477184968845e3929e6af95e60cac897b00c6a8382",
    "config_hash": "3e53227bb97f97d3e0f7892c2fd75b0f2e140b1e74473c1589a222acbe454fae"
  }
}