{
  "sim": "MICC",
  "gauge": "SU2",
  "rep": "fundamental",
  "L": 8,
  "b": 3.5,
  "kappa": 1.0,
  "seed": 0,
  "measurement_model": "dephasing",
  "f": 0.0,
  "schedule": "post",
  "sigma": 0.19166235115833866,
  "sigma_err": 0.04051208073435554,
  "visibility": 0.00021666960536445738,
  "visibility_err": 1.4342646596563004e-19,
  "coherence": {
    "C": 0.46650364901583474,
    "P_entropy": 0.3606971363933126
  },
  "twist_scan": {
    "phi_values": [
      0.0,
      0.09817477042468103,
      0.19634954084936207,
      0.2945243112740431,
      0.39269908169872414,
      0.4908738521234052,
      0.5890486225480862,
      0.6872233929727672,
      0.7853981633974483,
      0.8835729338221293,
      0.9817477042468103,
      1.0799224746714913,
      1.1780972450961724,
      1.2762720155208536,
      1.3744467859455345,
      1.4726215563702154,
      1.5707963267948966,
      1.6689710972195777,
      1.7671458676442586,
      1.8653206380689396,
      1.9634954084936207,
      2.061670178918302,
      2.1598449493429825,
      2.2580197197676637,
      2.356194490192345,
      2.454369260617026,
      2.552544031041707,
      2.650718801466388,
      2.748893571891069,
      2.84706834231575,
      2.945243112740431,
      3.043417883165112,
      3.141592653589793,
      3.2397674240144743,
      3.3379421944391554,
      3.436116964863836,
      3.5342917352885173,
      3.6324665057131984,
      3.730641276137879,
      3.8288160465625602,
      3.9269908169872414,
      4.025165587411922,
      4.123340357836604,
      4.221515128261284,
      4.319689898685965,
      4.417864669110647,
      4.516039439535327,
      4.614214209960009,
      4.71238898038469,
      4.81056375080937,
      4.908738521234052,
      5.006913291658733,
      5.105088062083414,
      5.203262832508095,
      5.301437602932776,
      5.399612373357457,
      5.497787143782138,
      5.595961914206819,
      5.6941366846315,
      5.792311455056181,
      5.890486225480862,
      5.988660995905543,
      6.086835766330224,
      6.1850105367549055
    ],
    "mean_I": [
      0.7967219964034208,
      0.23248140224512803,
      -0.4373008881075981,
      -0.9085577177890916,
      -0.9673483385611207,
      -0.5869830377125531,
      0.05986029036428646,
      0.6795282980983979,
      0.9907046652074165,
      0.8521218267027287,
      0.32669349395210445,
      -0.34704685496158294,
      -0.8632351873360358,
      -0.9875327920810094,
      -0.6635111552981848,
      -0.03826932585555758,
      0.6043459774392038,
      0.9726008418720078,
      0.8993152579937168,
      0.41775934872349263,
      -0.25345057088718065,
      -0.8095992301365803,
      -0.9982067649728192,
      -0.7336492977462018,
      -0.13603038754726968,
      0.5233434746481543,
      0.9451303407516691,
      0.9378477917344973,
      0.5048019525961824,
      -0.15741341926495836,
      -0.7481663897789491,
      -0.9992674610426173,
      -0.796721996403421,
      -0.23248140224512787,
      0.4373008881075987,
      0.9085577177890914,
      0.9673483385611218,
      0.5869830377125531,
      -0.059860290364284245,
      -0.6795282980983962,
      -0.9907046652074164,
      -0.8521218267027314,
      -0.32669349395210373,
      0.3470468549615827,
      0.863235187336034,
      0.9875327920810094,
      0.6635111552981864,
      0.0382693258555555,
      -0.6043459774392032,
      -0.9726008418720067,
      -0.8993152579937165,
      -0.41775934872349374,
      0.253450570887183,
      0.8095992301365793,
      0.9982067649728198,
      0.7336492977462,
      0.13603038754727062,
      -0.5233434746481508,
      -0.9451303407516686,
      -0.9378477917344974,
      -0.5048019525961857,
      0.1574134192649579,
      0.748166389778948,
      0.9992674610426182
    ],
    "fit": {
      "A": 2.2626982536767195e-16,
      "I0": 4.7331179303000666e-17,
      "phi0": -2.951696777246471,
      "R2": 0.0,
      "visibility_fit": 0.00022626982536767197,
      "visibility_fourier": 0.00021666960536445738,
      "visibility": 0.00021666960536445738
    },
    "cycles": 8,
    "per_cycle_V": [
      0.00019748164451168307,
      0.00019748164451168307,
      0.00019748164451168307,
      0.00019748164451168307,
      0.00019748164451168307,
      0.00019748164451168307,
      0.00019748164451168307,
      0.00019748164451168307
    ]
  },
  "diagnostics": {
    "measured_link_count": 0,
    "selection_policy": "uniform",
    "num_links": 128,
    "visibility_qc": {
      "r2_ok": false,
      "v_in_unit_interval": true,
      "i0_very_small": true
    },
    "hybrid_knobs": {
      "kick_passes": 3,
      "loop_measurement_cycles": 4
    }
  },
  "artifacts": {
    "kernel_hash": "bb669db8d373312f24e4630fcfc599d4f7b832920772c12cef62ec22cd65bc64",
    "flip_counts_hash": "051ffecc2b526e5161a7cdb343471ea2bcf4c30d07d6aca6b7e9329b81a2e42c",
    "pivot_fit_hash": "18f843e4852e0cb06a5603a8f3e251da6d346190d1181f60fc167ac1ef296fd4",
    "config_hash": "09be816148e3d54a4ba01072548fde7efe2f97f681380c3e050adf0677f43c72"
  }
}