{
  "sim": "MICC",
  "gauge": "SU2",
  "rep": "fundamental",
  "L": 8,
  "b": 3.5,
  "kappa": 0.75,
  "seed": 2,
  "measurement_model": "dephasing",
  "f": 0.3,
  "schedule": "during",
  "sigma": 0.31736889349385833,
  "sigma_err": 0.03612092414767483,
  "visibility": 0.00011926623074187364,
  "visibility_err": 1.6497699825168852e-05,
  "coherence": {
    "C": 0.47297425589157915,
    "P_entropy": 0.22356791100439977
  },
  "twist_scan": {
    "phi_values": [
      0.0,
      0.09817477042468103,
      0.19634954084936207,
      0.2945243112740431,
      0.39269908169872414,
      0.4908738521234052,
      0.5890486225480862,
      0.6872233929727672,
      0.7853981633974483,
      0.8835729338221293,
      0.9817477042468103,
      1.0799224746714913,
      1.1780972450961724,
      1.2762720155208536,
      1.3744467859455345,
      1.4726215563702154,
      1.5707963267948966,
      1.6689710972195777,
      1.7671458676442586,
      1.8653206380689396,
      1.9634954084936207,
      2.061670178918302,
      2.1598449493429825,
      2.2580197197676637,
      2.356194490192345,
      2.454369260617026,
      2.552544031041707,
      2.650718801466388,
      2.748893571891069,
      2.84706834231575,
      2.945243112740431,
      3.043417883165112,
      3.141592653589793,
      3.2397674240144743,
      3.3379421944391554,
      3.436116964863836,
      3.5342917352885173,
      3.6324665057131984,
      3.730641276137879,
      3.8288160465625602,
      3.9269908169872414,
      4.025165587411922,
      4.123340357836604,
      4.221515128261284,
      4.319689898685965,
      4.417864669110647,
      4.516039439535327,
      4.614214209960009,
      4.71238898038469,
      4.81056375080937,
      4.908738521234052,
      5.006913291658733,
      5.105088062083414,
      5.203262832508095,
      5.301437602932776,
      5.399612373357457,
      5.497787143782138,
      5.595961914206819,
      5.6941366846315,
      5.792311455056181,
      5.890486225480862,
      5.988660995905543,
      6.086835766330224,
      6.1850105367549055
    ],
    "mean_I": [
      0.35989257639181066,
      -0.14183828366044965,
      -0.579177528304924,
      -0.7535822838045477,
      -0.5858764373948364,
      -0.1521949371657077,
      0.3505798826388825,
      0.6941987652027833,
      0.722665921787629,
      0.4230578584589266,
      -0.06860962785562123,
      -0.5291297775263714,
      -0.7494360705711486,
      -0.6295140558308114,
      -0.22380582082083325,
      0.2835055777949473,
      0.6621113712651081,
      0.7401324447615812,
      0.48214886208213353,
      0.005279776171295179,
      -0.47398621773848143,
      -0.7380723782947197,
      -0.6670891097817478,
      -0.293261332076748,
      0.21370095925693436,
      0.6236474828752568,
      0.7504710876949297,
      0.5365965085941111,
      0.07911833306746134,
      -0.4142779115665464,
      -0.7196006455439088,
      -0.6982397309374839,
      -0.3598925763918114,
      0.14183828366044965,
      0.5791775283049244,
      0.753582283804548,
      0.5858764373948371,
      0.1521949371657077,
      -0.35057988263888124,
      -0.6941987652027826,
      -0.7226659217876292,
      -0.4230578584589292,
      0.06860962785562168,
      0.5291297775263714,
      0.7494360705711482,
      0.6295140558308113,
      0.2238058208208349,
      -0.28350557779494895,
      -0.6621113712651077,
      -0.7401324447615818,
      -0.4821488620821331,
      -0.005279776171295714,
      0.47398621773848276,
      0.7380723782947194,
      0.6670891097817484,
      0.2932613320767464,
      -0.21370095925693358,
      -0.6236474828752551,
      -0.7504710876949292,
      -0.5365965085941113,
      -0.07911833306746435,
      0.41427791156654614,
      0.7196006455439081,
      0.6982397309374837
    ],
    "fit": {
      "A": 0.013976649727858321,
      "I0": 2.5218853481044873e-16,
      "phi0": -0.41716588050745196,
      "R2": 0.00027600702771035657,
      "visibility_fit": 1.0,
      "visibility_fourier": 0.00011926623074187364,
      "visibility": 0.00011926623074187364
    },
    "cycles": 8,
    "per_cycle_V": [
      9.246661943718388e-05,
      0.00017972305036142948,
      0.00017019087261262189,
      0.00019291000584747362,
      7.647676544155949e-05,
      0.00013898524622082248,
      0.0001399998489525637,
      0.00020633230470057975
    ]
  },
  "diagnostics": {
    "measured_link_count": 38,
    "selection_policy": "uniform",
    "num_links": 128,
    "visibility_qc": {
      "r2_ok": false,
      "v_in_unit_interval": true,
      "i0_very_small": true
    },
    "hybrid_knobs": {
      "kick_passes": 3,
      "loop_measurement_cycles": 4
    }
  },
  "artifacts": {
    "kernel_hash": "bb669db8d373312f24e4630fcfc599d4f7b832920772c12cef62ec22cd65bc64",
    "flip_counts_hash": "2268e99a6015a7b96d81d3b1a331fda63562012ba66381118831ac9c8b2f0d5d",
    "pivot_fit_hash": "32e5af21ae29df0c4428cd8be3189fb5b9433eb374572ce92302aca28369a080",
    "config_hash": "09be816148e3d54a4ba01072548fde7efe2f97f681380c3e050adf0677f43c72"
  }
}