{
  "sim": "MICC",
  "gauge": "SU2",
  "rep": "fundamental",
  "L": 8,
  "b": 3.0,
  "kappa": 1.0,
  "seed": 4,
  "measurement_model": "dephasing",
  "f": 0.5,
  "schedule": "during",
  "sigma": 0.4988663650929938,
  "sigma_err": 0.12881176970171646,
  "visibility": 9.085615822675062e-05,
  "visibility_err": 1.5072391709145069e-05,
  "coherence": {
    "C": 0.566726699047698,
    "P_entropy": 0.16476837702563338
  },
  "twist_scan": {
    "phi_values": [
      0.0,
      0.09817477042468103,
      0.19634954084936207,
      0.2945243112740431,
      0.39269908169872414,
      0.4908738521234052,
      0.5890486225480862,
      0.6872233929727672,
      0.7853981633974483,
      0.8835729338221293,
      0.9817477042468103,
      1.0799224746714913,
      1.1780972450961724,
      1.2762720155208536,
      1.3744467859455345,
      1.4726215563702154,
      1.5707963267948966,
      1.6689710972195777,
      1.7671458676442586,
      1.8653206380689396,
      1.9634954084936207,
      2.061670178918302,
      2.1598449493429825,
      2.2580197197676637,
      2.356194490192345,
      2.454369260617026,
      2.552544031041707,
      2.650718801466388,
      2.748893571891069,
      2.84706834231575,
      2.945243112740431,
      3.043417883165112,
      3.141592653589793,
      3.2397674240144743,
      3.3379421944391554,
      3.436116964863836,
      3.5342917352885173,
      3.6324665057131984,
      3.730641276137879,
      3.8288160465625602,
      3.9269908169872414,
      4.025165587411922,
      4.123340357836604,
      4.221515128261284,
      4.319689898685965,
      4.417864669110647,
      4.516039439535327,
      4.614214209960009,
      4.71238898038469,
      4.81056375080937,
      4.908738521234052,
      5.006913291658733,
      5.105088062083414,
      5.203262832508095,
      5.301437602932776,
      5.399612373357457,
      5.497787143782138,
      5.595961914206819,
      5.6941366846315,
      5.792311455056181,
      5.890486225480862,
      5.988660995905543,
      6.086835766330224,
      6.1850105367549055
    ],
    "mean_I": [
      0.44755725325628015,
      0.16593436061497205,
      -0.19101926260140922,
      -0.4612541341840342,
      -0.5220892721606648,
      -0.3459067957534396,
      -0.012689865852571112,
      0.3262879978418231,
      0.5171379321296259,
      0.47321805689135743,
      0.2144670772644179,
      -0.14164747163625968,
      -0.4334570297988795,
      -0.5284861585999346,
      -0.3835936203116538,
      -0.06455759808839603,
      0.28378622397901376,
      0.5032970334006289,
      0.49432151195126733,
      0.26093435872017756,
      -0.09091153808686935,
      -0.40148549726504645,
      -0.5297934344319649,
      -0.4175862286126638,
      -0.11580360536385614,
      0.23855143364595616,
      0.48460910910983873,
      0.5106643806274609,
      0.3048886996602312,
      -0.0393000767284001,
      -0.36564743991825177,
      -0.5259985098758646,
      -0.4475572532562806,
      -0.16593436061497205,
      0.19101926260140967,
      0.4612541341840339,
      0.5220892721606651,
      0.3459067957534396,
      0.012689865852572167,
      -0.3262879978418223,
      -0.5171379321296259,
      -0.4732180568913586,
      -0.21446707726441758,
      0.14164747163625946,
      0.43345702979887824,
      0.5284861585999343,
      0.3835936203116545,
      0.06455759808839487,
      -0.2837862239790133,
      -0.5032970334006279,
      -0.4943215119512672,
      -0.26093435872017773,
      0.09091153808687048,
      0.40148549726504595,
      0.5297934344319648,
      0.41758622861266315,
      0.11580360536385653,
      -0.23855143364595405,
      -0.4846091091098384,
      -0.5106643806274607,
      -0.3048886996602328,
      0.03930007672839965,
      0.36564743991825127,
      0.525998509875865
    ],
    "fit": {
      "A": 2.9168541631197885e-08,
      "I0": -8.256260362497093e-18,
      "phi0": -0.08179185911111972,
      "R2": 2.886579864025407e-15,
      "visibility_fit": 1.0,
      "visibility_fourier": 9.085615822675062e-05,
      "visibility": 9.085615822675062e-05
    },
    "cycles": 8,
    "per_cycle_V": [
      0.00012828311076779853,
      0.0001921584337126525,
      0.00017126070695027283,
      0.00012101387763828563,
      6.49280515683857e-05,
      8.488979336118004e-05,
      0.00013297535223456003,
      0.00015861636930160597
    ]
  },
  "diagnostics": {
    "measured_link_count": 64,
    "selection_policy": "uniform",
    "num_links": 128,
    "visibility_qc": {
      "r2_ok": false,
      "v_in_unit_interval": true,
      "i0_very_small": true
    },
    "hybrid_knobs": {
      "kick_passes": 3,
      "loop_measurement_cycles": 4
    }
  },
  "artifacts": {
    "kernel_hash": "bb669db8d373312f24e4630fcfc599d4f7b832920772c12cef62ec22cd65bc64",
    "flip_counts_hash": "b3326e9c852a05e144e201e0a4a89d13606dfe15c97d7e29e97870d36629453e",
    "pivot_fit_hash": "e730f86cf82cf01e0490c7477184968845e3929e6af95e60cac897b00c6a8382",
    "config_hash": "09be816148e3d54a4ba01072548fde7efe2f97f681380c3e050adf0677f43c72"
  }
}