{
  "sim": "MICC",
  "gauge": "SU2",
  "rep": "fundamental",
  "L": 8,
  "b": 3.0,
  "kappa": 1.0,
  "seed": 4,
  "measurement_model": "dephasing",
  "f": 0.3,
  "schedule": "during",
  "sigma": 0.2187282024013497,
  "sigma_err": 0.04050542626046303,
  "visibility": 0.00014011783421498492,
  "visibility_err": 1.770418635207368e-05,
  "coherence": {
    "C": 0.5941669100770283,
    "P_entropy": 0.24673114386339265
  },
  "twist_scan": {
    "phi_values": [
      0.0,
      0.09817477042468103,
      0.19634954084936207,
      0.2945243112740431,
      0.39269908169872414,
      0.4908738521234052,
      0.5890486225480862,
      0.6872233929727672,
      0.7853981633974483,
      0.8835729338221293,
      0.9817477042468103,
      1.0799224746714913,
      1.1780972450961724,
      1.2762720155208536,
      1.3744467859455345,
      1.4726215563702154,
      1.5707963267948966,
      1.6689710972195777,
      1.7671458676442586,
      1.8653206380689396,
      1.9634954084936207,
      2.061670178918302,
      2.1598449493429825,
      2.2580197197676637,
      2.356194490192345,
      2.454369260617026,
      2.552544031041707,
      2.650718801466388,
      2.748893571891069,
      2.84706834231575,
      2.945243112740431,
      3.043417883165112,
      3.141592653589793,
      3.2397674240144743,
      3.3379421944391554,
      3.436116964863836,
      3.5342917352885173,
      3.6324665057131984,
      3.730641276137879,
      3.8288160465625602,
      3.9269908169872414,
      4.025165587411922,
      4.123340357836604,
      4.221515128261284,
      4.319689898685965,
      4.417864669110647,
      4.516039439535327,
      4.614214209960009,
      4.71238898038469,
      4.81056375080937,
      4.908738521234052,
      5.006913291658733,
      5.105088062083414,
      5.203262832508095,
      5.301437602932776,
      5.399612373357457,
      5.497787143782138,
      5.595961914206819,
      5.6941366846315,
      5.792311455056181,
      5.890486225480862,
      5.988660995905543,
      6.086835766330224,
      6.1850105367549055
    ],
    "mean_I": [
      0.5730311718637873,
      0.26706226654097903,
      -0.1601473243939427,
      -0.5146533782101609,
      -0.6355175580358584,
      -0.4678700531043963,
      -0.08781932569429564,
      0.33209953956648175,
      0.6012521569779804,
      0.5974488653352618,
      0.3224162795297474,
      -0.09898655651362769,
      -0.47545156538457906,
      -0.6360715037062851,
      -0.5079282775176468,
      -0.1491962324530564,
      0.277267782940549,
      0.5778580216405655,
      0.6161127996347858,
      0.37466524749597785,
      -0.03687249398253128,
      -0.4316708940760802,
      -0.6304997330839652,
      -0.5430948749565624,
      -0.2091362979343362,
      0.21976578599491106,
      0.5488987976654252,
      0.6288432308723115,
      0.42330598431596317,
      0.025596670822172624,
      -0.38373299608231287,
      -0.6188559053658339,
      -0.5730311718637875,
      -0.26706226654097903,
      0.16014732439394325,
      0.5146533782101603,
      0.635517558035859,
      0.4678700531043963,
      0.08781932569429687,
      -0.3320995395664806,
      -0.60125215697798,
      -0.5974488653352626,
      -0.32241627952974694,
      0.09898655651362737,
      0.47545156538457756,
      0.6360715037062848,
      0.5079282775176477,
      0.14919623245305494,
      -0.27726778294054844,
      -0.5778580216405643,
      -0.616112799634786,
      -0.3746652474959781,
      0.036872493982532915,
      0.43167089407608,
      0.6304997330839655,
      0.5430948749565617,
      0.20913629793433702,
      -0.21976578599490834,
      -0.5488987976654246,
      -0.6288432308723114,
      -0.42330598431596494,
      -0.025596670822173054,
      0.38373299608231226,
      0.6188559053658346
    ],
    "fit": {
      "A": 0.0012271475360904958,
      "I0": 5.706083089083274e-18,
      "phi0": -1.8142429426398037,
      "R2": 3.168792911178997e-06,
      "visibility_fit": 1.0,
      "visibility_fourier": 0.00014011783421498492,
      "visibility": 0.00014011783421498492
    },
    "cycles": 8,
    "per_cycle_V": [
      0.0001974105597832627,
      0.0001619814011108501,
      0.00014484746256239556,
      0.00016449958983170512,
      0.0001851798267143638,
      7.119238359932501e-05,
      7.996680103938912e-05,
      0.00020075211678814085
    ]
  },
  "diagnostics": {
    "measured_link_count": 38,
    "selection_policy": "uniform",
    "num_links": 128,
    "visibility_qc": {
      "r2_ok": false,
      "v_in_unit_interval": true,
      "i0_very_small": true
    },
    "hybrid_knobs": {
      "kick_passes": 3,
      "loop_measurement_cycles": 4
    }
  },
  "artifacts": {
    "kernel_hash": "bb669db8d373312f24e4630fcfc599d4f7b832920772c12cef62ec22cd65bc64",
    "flip_counts_hash": "b3326e9c852a05e144e201e0a4a89d13606dfe15c97d7e29e97870d36629453e",
    "pivot_fit_hash": "e730f86cf82cf01e0490c7477184968845e3929e6af95e60cac897b00c6a8382",
    "config_hash": "09be816148e3d54a4ba01072548fde7efe2f97f681380c3e050adf0677f43c72"
  }
}