{
  "sim": "MICC",
  "gauge": "SU2",
  "rep": "fundamental",
  "L": 12,
  "b": 3.5,
  "kappa": 0.75,
  "seed": 0,
  "measurement_model": "dephasing",
  "f": 0.3,
  "schedule": "during",
  "sigma": 0.3423135510777618,
  "sigma_err": 0.02023419533439328,
  "visibility": 8.462750789043217e-05,
  "visibility_err": 3.2505656303024454e-05,
  "coherence": {
    "C": 0.47853179683756947,
    "P_entropy": 0.21493144739503664
  },
  "twist_scan": {
    "phi_values": [
      0.0,
      0.09817477042468103,
      0.19634954084936207,
      0.2945243112740431,
      0.39269908169872414,
      0.4908738521234052,
      0.5890486225480862,
      0.6872233929727672,
      0.7853981633974483,
      0.8835729338221293,
      0.9817477042468103,
      1.0799224746714913,
      1.1780972450961724,
      1.2762720155208536,
      1.3744467859455345,
      1.4726215563702154,
      1.5707963267948966,
      1.6689710972195777,
      1.7671458676442586,
      1.8653206380689396,
      1.9634954084936207,
      2.061670178918302,
      2.1598449493429825,
      2.2580197197676637,
      2.356194490192345,
      2.454369260617026,
      2.552544031041707,
      2.650718801466388,
      2.748893571891069,
      2.84706834231575,
      2.945243112740431,
      3.043417883165112,
      3.141592653589793,
      3.2397674240144743,
      3.3379421944391554,
      3.436116964863836,
      3.5342917352885173,
      3.6324665057131984,
      3.730641276137879,
      3.8288160465625602,
      3.9269908169872414,
      4.025165587411922,
      4.123340357836604,
      4.221515128261284,
      4.319689898685965,
      4.417864669110647,
      4.516039439535327,
      4.614214209960009,
      4.71238898038469,
      4.81056375080937,
      4.908738521234052,
      5.006913291658733,
      5.105088062083414,
      5.203262832508095,
      5.301437602932776,
      5.399612373357457,
      5.497787143782138,
      5.595961914206819,
      5.6941366846315,
      5.792311455056181,
      5.890486225480862,
      5.988660995905543,
      6.086835766330224,
      6.1850105367549055
    ],
    "mean_I": [
      -0.2924297646275832,
      -0.2452222725604503,
      0.06123580646347984,
      0.30295499124803565,
      0.22438818209546563,
      -0.09140327760379525,
      -0.31056259569072525,
      -0.20139311077384398,
      0.12069048521467207,
      0.31517931256612913,
      0.17645851370279728,
      -0.14881537747680057,
      -0.31676068036698324,
      -0.14982452468275614,
      0.1755070963030682,
      0.3152914696569013,
      0.12174764358760454,
      -0.20050858584999906,
      -0.3107858297381741,
      -0.09249826613067258,
      0.22357906810605094,
      0.30328715238625215,
      0.06235807980620636,
      -0.24449636171549088,
      -0.29286765396322806,
      -0.031617351084810896,
      0.26305902170630463,
      0.2796276799347936,
      0.0005721299886682629,
      -0.27908827951539655,
      -0.2636947384885486,
      0.030478601032023538,
      0.29242976462758313,
      0.2452222725604504,
      -0.06123580646348016,
      -0.30295499124803554,
      -0.22438818209546596,
      0.09140327760379525,
      0.31056259569072525,
      0.20139311077384436,
      -0.12069048521467168,
      -0.3151793125661293,
      -0.17645851370279678,
      0.14881537747680057,
      0.3167606803669832,
      0.14982452468275653,
      -0.175507096303067,
      -0.31529146965690147,
      -0.1217476435876049,
      0.2005085858499973,
      0.31078582973817404,
      0.09249826613067294,
      -0.22357906810605171,
      -0.30328715238625203,
      -0.06235807980620687,
      0.2444963617154915,
      0.2928676539632284,
      0.031617351084813124,
      -0.2630590217063044,
      -0.2796276799347937,
      -0.000572129988670296,
      0.27908827951539644,
      0.2636947384885486,
      -0.030478601032024547
    ],
    "fit": {
      "A": 7.21378377324162e-17,
      "I0": 6.511399389252936e-18,
      "phi0": -2.4070034776591465,
      "R2": 0.0,
      "visibility_fit": 7.213783773241621e-05,
      "visibility_fourier": 8.462750789043217e-05,
      "visibility": 8.462750789043217e-05
    },
    "cycles": 16,
    "per_cycle_V": [
      0.00041005902176915706,
      0.00021700541441151434,
      0.00014954711337533276,
      0.0002753366585596961,
      0.0001852868206092153,
      0.0004685889178012457,
      0.0003424602522363225,
      0.00053813085776276,
      0.00031772890877221566,
      0.00010227354434082621,
      0.00023942484100544708,
      0.00033090056344658075,
      0.00012779685595381706,
      0.00026732485927411214,
      7.650504213196888e-05,
      0.0002574787278568954
    ]
  },
  "diagnostics": {
    "measured_link_count": 86,
    "selection_policy": "uniform",
    "num_links": 288,
    "creutz_sizes": [
      [
        2,
        2
      ],
      [
        3,
        3
      ]
    ],
    "loop_sizes_measured": [
      [
        1,
        1
      ],
      [
        1,
        2
      ],
      [
        2,
        1
      ],
      [
        2,
        2
      ],
      [
        2,
        3
      ],
      [
        3,
        2
      ],
      [
        3,
        3
      ]
    ],
    "visibility_qc": {
      "r2_ok": false,
      "v_in_unit_interval": true,
      "i0_very_small": true
    },
    "hybrid_knobs": {
      "kick_passes": 3,
      "loop_measurement_cycles": 6
    }
  },
  "artifacts": {
    "kernel_hash": "c5f37351f163441ec05d09116a3864130c1bfed1c4688da9e07e9067e5bf8f54",
    "flip_counts_hash": "526d3d4f7381a97e02c3ef4c6b8d2598448ee2e98060a326f334d01ae3e48798",
    "pivot_fit_hash": "32e5af21ae29df0c4428cd8be3189fb5b9433eb374572ce92302aca28369a080",
    "config_hash": "3e53227bb97f97d3e0f7892c2fd75b0f2e140b1e74473c1589a222acbe454fae"
  }
}