{
  "sim": "MICC",
  "gauge": "SU2",
  "rep": "fundamental",
  "L": 8,
  "b": 3.0,
  "kappa": 0.75,
  "seed": 1,
  "measurement_model": "dephasing",
  "f": 0.1,
  "schedule": "during",
  "sigma": 0.23393087007567823,
  "sigma_err": 0.01769346557802168,
  "visibility": 0.00023403271762860827,
  "visibility_err": 6.542671244520826e-06,
  "coherence": {
    "C": 0.5893085329395533,
    "P_entropy": 0.32348512583570727
  },
  "twist_scan": {
    "phi_values": [
      0.0,
      0.09817477042468103,
      0.19634954084936207,
      0.2945243112740431,
      0.39269908169872414,
      0.4908738521234052,
      0.5890486225480862,
      0.6872233929727672,
      0.7853981633974483,
      0.8835729338221293,
      0.9817477042468103,
      1.0799224746714913,
      1.1780972450961724,
      1.2762720155208536,
      1.3744467859455345,
      1.4726215563702154,
      1.5707963267948966,
      1.6689710972195777,
      1.7671458676442586,
      1.8653206380689396,
      1.9634954084936207,
      2.061670178918302,
      2.1598449493429825,
      2.2580197197676637,
      2.356194490192345,
      2.454369260617026,
      2.552544031041707,
      2.650718801466388,
      2.748893571891069,
      2.84706834231575,
      2.945243112740431,
      3.043417883165112,
      3.141592653589793,
      3.2397674240144743,
      3.3379421944391554,
      3.436116964863836,
      3.5342917352885173,
      3.6324665057131984,
      3.730641276137879,
      3.8288160465625602,
      3.9269908169872414,
      4.025165587411922,
      4.123340357836604,
      4.221515128261284,
      4.319689898685965,
      4.417864669110647,
      4.516039439535327,
      4.614214209960009,
      4.71238898038469,
      4.81056375080937,
      4.908738521234052,
      5.006913291658733,
      5.105088062083414,
      5.203262832508095,
      5.301437602932776,
      5.399612373357457,
      5.497787143782138,
      5.595961914206819,
      5.6941366846315,
      5.792311455056181,
      5.890486225480862,
      5.988660995905543,
      6.086835766330224,
      6.1850105367549055
    ],
    "mean_I": [
      0.7283769443270605,
      0.16997053968077225,
      -0.4655989364531746,
      -0.8897962295865256,
      -0.9100446372130937,
      -0.5171518055983167,
      0.11051713380726831,
      0.6880136050157303,
      0.9531662836586133,
      0.7856013971063084,
      0.26138990062048206,
      -0.38148714594014904,
      -0.8511770038909857,
      -0.9344502973992642,
      -0.5935026921841132,
      0.016882727084770625,
      0.6196037412197106,
      0.9410376107262214,
      0.8352600789780154,
      0.3502919339269626,
      -0.2937014256696348,
      -0.8043604783472947,
      -0.9498566903989852,
      -0.6641378234026033,
      -0.07691426952858924,
      0.5452267546858865,
      0.9198462311790508,
      0.8768747496895593,
      0.4358204644206752,
      -0.20308720011639025,
      -0.7497975216889531,
      -0.9561154442256793,
      -0.7283769443270611,
      -0.16997053968077236,
      0.4655989364531753,
      0.8897962295865252,
      0.9100446372130947,
      0.5171518055983167,
      -0.11051713380726609,
      -0.6880136050157287,
      -0.9531662836586129,
      -0.7856013971063108,
      -0.2613899006204813,
      0.3814871459401489,
      0.851177003890984,
      0.9344502973992639,
      0.5935026921841149,
      -0.016882727084772908,
      -0.6196037412197096,
      -0.9410376107262202,
      -0.8352600789780149,
      -0.35029193392696295,
      0.2937014256696368,
      0.8043604783472945,
      0.9498566903989855,
      0.6641378234026017,
      0.07691426952859026,
      -0.5452267546858827,
      -0.9198462311790501,
      -0.8768747496895593,
      -0.4358204644206785,
      0.20308720011638964,
      0.749797521688952,
      0.9561154442256798
    ],
    "fit": {
      "A": 0.33841964588385876,
      "I0": 1.5676417609750021e-15,
      "phi0": 0.6574042238274986,
      "R2": 0.0772304435422354,
      "visibility_fit": 1.0,
      "visibility_fourier": 0.00023403271762860827,
      "visibility": 0.00023403271762860827
    },
    "cycles": 16,
    "per_cycle_V": [
      0.00025996844056064267,
      0.0002272024489207756,
      0.00017596023409607265,
      0.00019229480152865947,
      0.00024287096682037233,
      0.0002191359072405603,
      0.00019859553484101648,
      0.00022518020409678598,
      0.00024165710013233295,
      0.00022170184789996753,
      0.00019955553162441468,
      0.0002356867001911168,
      0.00018486012677290648,
      0.00020603264789080018,
      0.00022512214756151362,
      0.00016597265597171498
    ]
  },
  "diagnostics": {
    "measured_link_count": 13,
    "selection_policy": "uniform",
    "num_links": 128,
    "creutz_sizes": [
      [
        2,
        2
      ],
      [
        3,
        3
      ]
    ],
    "loop_sizes_measured": [
      [
        1,
        1
      ],
      [
        1,
        2
      ],
      [
        2,
        1
      ],
      [
        2,
        2
      ],
      [
        2,
        3
      ],
      [
        3,
        2
      ],
      [
        3,
        3
      ]
    ],
    "visibility_qc": {
      "r2_ok": false,
      "v_in_unit_interval": true,
      "i0_very_small": true
    },
    "hybrid_knobs": {
      "kick_passes": 3,
      "loop_measurement_cycles": 6
    }
  },
  "artifacts": {
    "kernel_hash": "bb669db8d373312f24e4630fcfc599d4f7b832920772c12cef62ec22cd65bc64",
    "flip_counts_hash": "2f22c538feb77f48a899689bff9bdbb91197c5203a770852a4a789b6ab244652",
    "pivot_fit_hash": "d04f83ead3fcfaea1653e658999e83d0abac9536c46d06a4e4ad9b696714687e",
    "config_hash": "3e53227bb97f97d3e0f7892c2fd75b0f2e140b1e74473c1589a222acbe454fae"
  }
}