{
  "sim": "MICC",
  "gauge": "SU2",
  "rep": "fundamental",
  "L": 12,
  "b": 3.0,
  "kappa": 1.0,
  "seed": 0,
  "measurement_model": "dephasing",
  "f": 0.5,
  "schedule": "during",
  "sigma": 0.43527007529938966,
  "sigma_err": 0.024153118156601112,
  "visibility": 3.873069465144606e-05,
  "visibility_err": 3.757887378470348e-05,
  "coherence": {
    "C": 0.5726118451771276,
    "P_entropy": 0.15068376878184878
  },
  "twist_scan": {
    "phi_values": [
      0.0,
      0.09817477042468103,
      0.19634954084936207,
      0.2945243112740431,
      0.39269908169872414,
      0.4908738521234052,
      0.5890486225480862,
      0.6872233929727672,
      0.7853981633974483,
      0.8835729338221293,
      0.9817477042468103,
      1.0799224746714913,
      1.1780972450961724,
      1.2762720155208536,
      1.3744467859455345,
      1.4726215563702154,
      1.5707963267948966,
      1.6689710972195777,
      1.7671458676442586,
      1.8653206380689396,
      1.9634954084936207,
      2.061670178918302,
      2.1598449493429825,
      2.2580197197676637,
      2.356194490192345,
      2.454369260617026,
      2.552544031041707,
      2.650718801466388,
      2.748893571891069,
      2.84706834231575,
      2.945243112740431,
      3.043417883165112,
      3.141592653589793,
      3.2397674240144743,
      3.3379421944391554,
      3.436116964863836,
      3.5342917352885173,
      3.6324665057131984,
      3.730641276137879,
      3.8288160465625602,
      3.9269908169872414,
      4.025165587411922,
      4.123340357836604,
      4.221515128261284,
      4.319689898685965,
      4.417864669110647,
      4.516039439535327,
      4.614214209960009,
      4.71238898038469,
      4.81056375080937,
      4.908738521234052,
      5.006913291658733,
      5.105088062083414,
      5.203262832508095,
      5.301437602932776,
      5.399612373357457,
      5.497787143782138,
      5.595961914206819,
      5.6941366846315,
      5.792311455056181,
      5.890486225480862,
      5.988660995905543,
      6.086835766330224,
      6.1850105367549055
    ],
    "mean_I": [
      -0.1116407566117782,
      -0.01155765289621926,
      0.10074427689048744,
      0.10653869965636042,
      -0.00030028616310084216,
      -0.10682180749115983,
      -0.10041061678327465,
      0.012155333302517057,
      0.11187058569095243,
      0.0933155247805392,
      -0.023893317937448963,
      -0.11584198899585824,
      -0.08532175326271255,
      0.03540119685922739,
      0.11869777062106121,
      0.07650628661935117,
      -0.04656814290298818,
      -0.12041042782838196,
      -0.06695402261325464,
      0.05728661227385695,
      0.12096346679267941,
      0.05675695476860079,
      -0.06745338025248071,
      -0.12035156144640646,
      -0.046013286423018177,
      0.07697053530550527,
      0.11858060477254873,
      0.03482648497576077,
      -0.08574642202716246,
      -0.1156676520519789,
      -0.023304285440093574,
      0.09369652383093571,
      0.11164075661177816,
      0.011557652896219288,
      -0.10074427689048754,
      -0.10653869965636076,
      0.00030028616310060624,
      0.10682180749115983,
      0.10041061678327473,
      -0.012155333302516752,
      -0.11187058569095241,
      -0.0933155247805396,
      0.02389331793744902,
      0.11584198899585829,
      0.08532175326271296,
      -0.035401196859227026,
      -0.11869777062106106,
      -0.07650628661935086,
      0.04656814290298811,
      0.12041042782838171,
      0.06695402261325459,
      -0.05728661227385683,
      -0.12096346679267946,
      -0.056756954768600876,
      0.06745338025248063,
      0.12035156144640644,
      0.046013286423018246,
      -0.07697053530550434,
      -0.11858060477254848,
      -0.03482648497576092,
      0.08574642202716184,
      0.11566765205197901,
      0.02330428544009371,
      -0.09369652383093603
    ],
    "fit": {
      "A": 2.0046147524610537e-13,
      "I0": 9.347650694058558e-18,
      "phi0": -1.9456892817722102,
      "R2": -2.220446049250313e-16,
      "visibility_fit": 0.2004614752461054,
      "visibility_fourier": 3.873069465144606e-05,
      "visibility": 3.873069465144606e-05
    },
    "cycles": 16,
    "per_cycle_V": [
      0.00044688598797668755,
      0.0002807694033233967,
      0.0005352171903685532,
      0.00043720538306433646,
      5.824416414478841e-05,
      0.0003739491723057696,
      0.00039844298554281304,
      0.00029477030574202244,
      0.00040506837885013233,
      8.844112985438147e-05,
      0.000528592803803484,
      0.00045244888131920467,
      0.0001543050914709937,
      0.0003634018613644266,
      0.00013747067898028204,
      0.0003377171251299626
    ]
  },
  "diagnostics": {
    "measured_link_count": 144,
    "selection_policy": "uniform",
    "num_links": 288,
    "creutz_sizes": [
      [
        2,
        2
      ],
      [
        3,
        3
      ]
    ],
    "loop_sizes_measured": [
      [
        1,
        1
      ],
      [
        1,
        2
      ],
      [
        2,
        1
      ],
      [
        2,
        2
      ],
      [
        2,
        3
      ],
      [
        3,
        2
      ],
      [
        3,
        3
      ]
    ],
    "visibility_qc": {
      "r2_ok": false,
      "v_in_unit_interval": true,
      "i0_very_small": true
    },
    "hybrid_knobs": {
      "kick_passes": 3,
      "loop_measurement_cycles": 6
    }
  },
  "artifacts": {
    "kernel_hash": "c5f37351f163441ec05d09116a3864130c1bfed1c4688da9e07e9067e5bf8f54",
    "flip_counts_hash": "526d3d4f7381a97e02c3ef4c6b8d2598448ee2e98060a326f334d01ae3e48798",
    "pivot_fit_hash": "e730f86cf82cf01e0490c7477184968845e3929e6af95e60cac897b00c6a8382",
    "config_hash": "3e53227bb97f97d3e0f7892c2fd75b0f2e140b1e74473c1589a222acbe454fae"
  }
}