{
  "sim": "MICC",
  "gauge": "SU2",
  "rep": "fundamental",
  "L": 8,
  "b": 3.0,
  "kappa": 1.0,
  "seed": 3,
  "measurement_model": "dephasing",
  "f": 0.1,
  "schedule": "during",
  "sigma": 0.21898762801457572,
  "sigma_err": 0.016368521806944248,
  "visibility": 0.0002055552391966962,
  "visibility_err": 1.2925188570453839e-05,
  "coherence": {
    "C": 0.5903457298065973,
    "P_entropy": 0.3251961760464165
  },
  "twist_scan": {
    "phi_values": [
      0.0,
      0.09817477042468103,
      0.19634954084936207,
      0.2945243112740431,
      0.39269908169872414,
      0.4908738521234052,
      0.5890486225480862,
      0.6872233929727672,
      0.7853981633974483,
      0.8835729338221293,
      0.9817477042468103,
      1.0799224746714913,
      1.1780972450961724,
      1.2762720155208536,
      1.3744467859455345,
      1.4726215563702154,
      1.5707963267948966,
      1.6689710972195777,
      1.7671458676442586,
      1.8653206380689396,
      1.9634954084936207,
      2.061670178918302,
      2.1598449493429825,
      2.2580197197676637,
      2.356194490192345,
      2.454369260617026,
      2.552544031041707,
      2.650718801466388,
      2.748893571891069,
      2.84706834231575,
      2.945243112740431,
      3.043417883165112,
      3.141592653589793,
      3.2397674240144743,
      3.3379421944391554,
      3.436116964863836,
      3.5342917352885173,
      3.6324665057131984,
      3.730641276137879,
      3.8288160465625602,
      3.9269908169872414,
      4.025165587411922,
      4.123340357836604,
      4.221515128261284,
      4.319689898685965,
      4.417864669110647,
      4.516039439535327,
      4.614214209960009,
      4.71238898038469,
      4.81056375080937,
      4.908738521234052,
      5.006913291658733,
      5.105088062083414,
      5.203262832508095,
      5.301437602932776,
      5.399612373357457,
      5.497787143782138,
      5.595961914206819,
      5.6941366846315,
      5.792311455056181,
      5.890486225480862,
      5.988660995905543,
      6.086835766330224,
      6.1850105367549055
    ],
    "mean_I": [
      0.7982997850346696,
      0.3064839346715368,
      -0.32446921445698934,
      -0.8081201238108336,
      -0.924901392100138,
      -0.6217967650354752,
      -0.03640940637897325,
      0.5655070615721186,
      0.9106951464703588,
      0.8424466745244727,
      0.391745025145828,
      -0.23680067554332573,
      -0.7578438202625266,
      -0.9348417146152421,
      -0.687441015011726,
      -0.12795646673346803,
      0.48961764229106325,
      0.884915578017086,
      0.878480342010408,
      0.4732333968783512,
      -0.14685161667576513,
      -0.7002690664455189,
      -0.9357790003821359,
      -0.7464648322199302,
      -0.21827123636519824,
      0.4090129374625163,
      0.8506137888034471,
      0.9060537635765794,
      0.5501642723032449,
      -0.05548829646235638,
      -0.6359503387126274,
      -0.9277042228265135,
      -0.79829978503467,
      -0.306483934671537,
      0.3244692144569902,
      0.808120123810833,
      0.9249013921001388,
      0.6217967650354752,
      0.036409406378975155,
      -0.5655070615721168,
      -0.9106951464703581,
      -0.8424466745244745,
      -0.39174502514582715,
      0.23680067554332546,
      0.7578438202625244,
      0.9348417146152417,
      0.6874410150117276,
      0.12795646673346606,
      -0.48961764229106247,
      -0.8849155780170845,
      -0.8784803420104078,
      -0.4732333968783519,
      0.14685161667576735,
      0.7002690664455183,
      0.9357790003821359,
      0.7464648322199287,
      0.21827123636519935,
      -0.40901293746251266,
      -0.8506137888034464,
      -0.9060537635765793,
      -0.5501642723032478,
      0.05548829646235573,
      0.6359503387126265,
      0.9277042228265144
    ],
    "fit": {
      "A": 0.48628022142860233,
      "I0": 1.391309578480876e-17,
      "phi0": 2.2402181582792817,
      "R2": 0.16707004299814865,
      "visibility_fit": 1.0,
      "visibility_fourier": 0.0002055552391966962,
      "visibility": 0.0002055552391966962
    },
    "cycles": 8,
    "per_cycle_V": [
      0.0002336811604961745,
      0.0001945687118920406,
      0.00014523388913080512,
      0.00023592398714241766,
      0.00020941723505802493,
      0.000167401377193603,
      0.00019344901378726123,
      0.00014086886580698163
    ]
  },
  "diagnostics": {
    "measured_link_count": 13,
    "selection_policy": "uniform",
    "num_links": 128,
    "visibility_qc": {
      "r2_ok": false,
      "v_in_unit_interval": true,
      "i0_very_small": true
    },
    "hybrid_knobs": {
      "kick_passes": 3,
      "loop_measurement_cycles": 4
    }
  },
  "artifacts": {
    "kernel_hash": "bb669db8d373312f24e4630fcfc599d4f7b832920772c12cef62ec22cd65bc64",
    "flip_counts_hash": "c1b27689be21b2ac0fdae0da5c804f2dab3460dc84baee0f4b6cda147a262623",
    "pivot_fit_hash": "e730f86cf82cf01e0490c7477184968845e3929e6af95e60cac897b00c6a8382",
    "config_hash": "09be816148e3d54a4ba01072548fde7efe2f97f681380c3e050adf0677f43c72"
  }
}