{
  "sim": "MICC",
  "gauge": "SU2",
  "rep": "fundamental",
  "L": 12,
  "b": 3.0,
  "kappa": 1.0,
  "seed": 1,
  "measurement_model": "dephasing",
  "f": 0.1,
  "schedule": "during",
  "sigma": 0.16818918356051454,
  "sigma_err": 0.011827663101596475,
  "visibility": 0.0001965744950062284,
  "visibility_err": 4.7008026317414835e-05,
  "coherence": {
    "C": 0.5911898207390168,
    "P_entropy": 0.33978747539976617
  },
  "twist_scan": {
    "phi_values": [
      0.0,
      0.09817477042468103,
      0.19634954084936207,
      0.2945243112740431,
      0.39269908169872414,
      0.4908738521234052,
      0.5890486225480862,
      0.6872233929727672,
      0.7853981633974483,
      0.8835729338221293,
      0.9817477042468103,
      1.0799224746714913,
      1.1780972450961724,
      1.2762720155208536,
      1.3744467859455345,
      1.4726215563702154,
      1.5707963267948966,
      1.6689710972195777,
      1.7671458676442586,
      1.8653206380689396,
      1.9634954084936207,
      2.061670178918302,
      2.1598449493429825,
      2.2580197197676637,
      2.356194490192345,
      2.454369260617026,
      2.552544031041707,
      2.650718801466388,
      2.748893571891069,
      2.84706834231575,
      2.945243112740431,
      3.043417883165112,
      3.141592653589793,
      3.2397674240144743,
      3.3379421944391554,
      3.436116964863836,
      3.5342917352885173,
      3.6324665057131984,
      3.730641276137879,
      3.8288160465625602,
      3.9269908169872414,
      4.025165587411922,
      4.123340357836604,
      4.221515128261284,
      4.319689898685965,
      4.417864669110647,
      4.516039439535327,
      4.614214209960009,
      4.71238898038469,
      4.81056375080937,
      4.908738521234052,
      5.006913291658733,
      5.105088062083414,
      5.203262832508095,
      5.301437602932776,
      5.399612373357457,
      5.497787143782138,
      5.595961914206819,
      5.6941366846315,
      5.792311455056181,
      5.890486225480862,
      5.988660995905543,
      6.086835766330224,
      6.1850105367549055
    ],
    "mean_I": [
      -0.8492728148256353,
      -0.6865262453639092,
      0.2020203512057335,
      0.876989714025558,
      0.6247998276374922,
      -0.28793251419003907,
      -0.8962607228680715,
      -0.557056246020599,
      0.3710717296627715,
      0.9069002510034159,
      0.4839479082366073,
      -0.45063732153040786,
      -0.9088058339594924,
      -0.4061788875434587,
      0.5258630296482909,
      0.9019591199307339,
      0.3244981421233018,
      -0.5960243893246882,
      -0.8864260465160329,
      -0.2396923022057707,
      0.6604457083118122,
      0.8623562057036154,
      0.15257809438885564,
      -0.7185065740915455,
      -0.8299814032184172,
      -0.06399447611530175,
      0.7696478287871323,
      0.7896134261062385,
      -0.025205443946177387,
      -0.8133769541591952,
      -0.7416410400540518,
      0.11416262180375751,
      0.8492728148256348,
      0.6865262453639092,
      -0.2020203512057347,
      -0.8769897140255577,
      -0.6247998276374942,
      0.28793251419003907,
      0.8962607228680719,
      0.5570562460206003,
      -0.3710717296627698,
      -0.9069002510034168,
      -0.48394790823660616,
      0.45063732153040736,
      0.9088058339594924,
      0.40617888754345954,
      -0.525863029648288,
      -0.9019591199307336,
      -0.32449814212330325,
      0.5960243893246835,
      0.8864260465160326,
      0.23969230220577165,
      -0.6604457083118145,
      -0.8623562057036153,
      -0.15257809438885703,
      0.718506574091547,
      0.8299814032184173,
      0.0639944761153078,
      -0.7696478287871311,
      -0.7896134261062392,
      0.025205443946171673,
      0.813376954159195,
      0.7416410400540526,
      -0.11416262180376066
    ],
    "fit": {
      "A": 0.013728993871869337,
      "I0": -1.946731802528977e-15,
      "phi0": -0.8828025712435681,
      "R2": 0.00014834777622374506,
      "visibility_fit": 1.0,
      "visibility_fourier": 0.0001965744950062284,
      "visibility": 0.0001965744950062284
    },
    "cycles": 8,
    "per_cycle_V": [
      6.242632370739191e-05,
      0.00042605393267027724,
      0.00017094512885454556,
      0.0004054385585047113,
      8.940560153363745e-05,
      0.00017057336232326802,
      0.00022571672745826666,
      0.000208411642134805
    ]
  },
  "diagnostics": {
    "measured_link_count": 29,
    "selection_policy": "uniform",
    "num_links": 288,
    "visibility_qc": {
      "r2_ok": false,
      "v_in_unit_interval": true,
      "i0_very_small": true
    },
    "hybrid_knobs": {
      "kick_passes": 3,
      "loop_measurement_cycles": 4
    }
  },
  "artifacts": {
    "kernel_hash": "c5f37351f163441ec05d09116a3864130c1bfed1c4688da9e07e9067e5bf8f54",
    "flip_counts_hash": "1045813912820017453b344ca74f8b8f873bba658c2e9b55c71942b9dd07c053",
    "pivot_fit_hash": "e730f86cf82cf01e0490c7477184968845e3929e6af95e60cac897b00c6a8382",
    "config_hash": "09be816148e3d54a4ba01072548fde7efe2f97f681380c3e050adf0677f43c72"
  }
}