{
  "sim": "MICC",
  "gauge": "SU2",
  "rep": "fundamental",
  "L": 8,
  "b": 3.0,
  "kappa": 1.0,
  "seed": 0,
  "measurement_model": "dephasing",
  "f": 0.1,
  "schedule": "during",
  "sigma": 0.20887314902150173,
  "sigma_err": 0.020105369160054214,
  "visibility": 0.00019763908287604524,
  "visibility_err": 1.4704136609556526e-05,
  "coherence": {
    "C": 0.5910963735183914,
    "P_entropy": 0.33292313349817937
  },
  "twist_scan": {
    "phi_values": [
      0.0,
      0.09817477042468103,
      0.19634954084936207,
      0.2945243112740431,
      0.39269908169872414,
      0.4908738521234052,
      0.5890486225480862,
      0.6872233929727672,
      0.7853981633974483,
      0.8835729338221293,
      0.9817477042468103,
      1.0799224746714913,
      1.1780972450961724,
      1.2762720155208536,
      1.3744467859455345,
      1.4726215563702154,
      1.5707963267948966,
      1.6689710972195777,
      1.7671458676442586,
      1.8653206380689396,
      1.9634954084936207,
      2.061670178918302,
      2.1598449493429825,
      2.2580197197676637,
      2.356194490192345,
      2.454369260617026,
      2.552544031041707,
      2.650718801466388,
      2.748893571891069,
      2.84706834231575,
      2.945243112740431,
      3.043417883165112,
      3.141592653589793,
      3.2397674240144743,
      3.3379421944391554,
      3.436116964863836,
      3.5342917352885173,
      3.6324665057131984,
      3.730641276137879,
      3.8288160465625602,
      3.9269908169872414,
      4.025165587411922,
      4.123340357836604,
      4.221515128261284,
      4.319689898685965,
      4.417864669110647,
      4.516039439535327,
      4.614214209960009,
      4.71238898038469,
      4.81056375080937,
      4.908738521234052,
      5.006913291658733,
      5.105088062083414,
      5.203262832508095,
      5.301437602932776,
      5.399612373357457,
      5.497787143782138,
      5.595961914206819,
      5.6941366846315,
      5.792311455056181,
      5.890486225480862,
      5.988660995905543,
      6.086835766330224,
      6.1850105367549055
    ],
    "mean_I": [
      0.7941152961736043,
      0.27855648055815,
      -0.36346115352683656,
      -0.8404750226931964,
      -0.9359308031374123,
      -0.6064935662056071,
      -0.0017209300109462273,
      0.6038329724296729,
      0.9352593295574074,
      0.8420975042761281,
      0.36664101755483197,
      -0.27526282587325596,
      -0.7922031011992207,
      -0.9494997309534953,
      -0.6757433337850947,
      -0.09521359065863268,
      0.5285411320224486,
      0.9123492308296866,
      0.8819698530751514,
      0.4511946011260936,
      -0.18441356673255113,
      -0.7363018307784306,
      -0.9539244573111434,
      -0.7384853236613507,
      -0.187789292379232,
      0.4481591515838755,
      0.8806527102682541,
      0.9133483500552965,
      0.5314029340404515,
      -0.09178830413350078,
      -0.6733095712237182,
      -0.9491623696767337,
      -0.794115296173605,
      -0.27855648055815024,
      0.36346115352683733,
      0.8404750226931957,
      0.935930803137413,
      0.6064935662056071,
      0.001720930010948302,
      -0.6038329724296712,
      -0.935259329557407,
      -0.8420975042761303,
      -0.3666410175548313,
      0.2752628258732557,
      0.7922031011992187,
      0.9494997309534947,
      0.6757433337850962,
      0.0952135906586307,
      -0.5285411320224478,
      -0.912349230829685,
      -0.8819698530751512,
      -0.4511946011260944,
      0.1844135667325534,
      0.7363018307784299,
      0.9539244573111436,
      0.7384853236613492,
      0.18778929237923309,
      -0.44815915158387176,
      -0.8806527102682535,
      -0.9133483500552966,
      -0.5314029340404546,
      0.09178830413350014,
      0.6733095712237173,
      0.9491623696767344
    ],
    "fit": {
      "A": 0.3037049583965764,
      "I0": 1.3959751394431042e-15,
      "phi0": 0.3283633048981762,
      "R2": 0.0627018258861819,
      "visibility_fit": 1.0,
      "visibility_fourier": 0.00019763908287604524,
      "visibility": 0.00019763908287604524
    },
    "cycles": 8,
    "per_cycle_V": [
      0.0002473002412562524,
      0.000197918664073426,
      0.00023885581654974481,
      0.00015349668598927361,
      0.0001927364157412734,
      0.00026175337336354867,
      0.00017636235550643327,
      0.0001569925120138169
    ]
  },
  "diagnostics": {
    "measured_link_count": 13,
    "selection_policy": "uniform",
    "num_links": 128,
    "visibility_qc": {
      "r2_ok": false,
      "v_in_unit_interval": true,
      "i0_very_small": true
    },
    "hybrid_knobs": {
      "kick_passes": 3,
      "loop_measurement_cycles": 4
    }
  },
  "artifacts": {
    "kernel_hash": "bb669db8d373312f24e4630fcfc599d4f7b832920772c12cef62ec22cd65bc64",
    "flip_counts_hash": "051ffecc2b526e5161a7cdb343471ea2bcf4c30d07d6aca6b7e9329b81a2e42c",
    "pivot_fit_hash": "e730f86cf82cf01e0490c7477184968845e3929e6af95e60cac897b00c6a8382",
    "config_hash": "09be816148e3d54a4ba01072548fde7efe2f97f681380c3e050adf0677f43c72"
  }
}