{
  "sim": "MICC",
  "gauge": "SU2",
  "rep": "fundamental",
  "L": 12,
  "b": 3.5,
  "kappa": 1.0,
  "seed": 1,
  "measurement_model": "dephasing",
  "f": 0.5,
  "schedule": "during",
  "sigma": 0.4183345122164276,
  "sigma_err": 0.04001596713515858,
  "visibility": 0.00030251976253266045,
  "visibility_err": 5.355666463806575e-05,
  "coherence": {
    "C": 0.5069996011818846,
    "P_entropy": 0.14637222884907342
  },
  "twist_scan": {
    "phi_values": [
      0.0,
      0.09817477042468103,
      0.19634954084936207,
      0.2945243112740431,
      0.39269908169872414,
      0.4908738521234052,
      0.5890486225480862,
      0.6872233929727672,
      0.7853981633974483,
      0.8835729338221293,
      0.9817477042468103,
      1.0799224746714913,
      1.1780972450961724,
      1.2762720155208536,
      1.3744467859455345,
      1.4726215563702154,
      1.5707963267948966,
      1.6689710972195777,
      1.7671458676442586,
      1.8653206380689396,
      1.9634954084936207,
      2.061670178918302,
      2.1598449493429825,
      2.2580197197676637,
      2.356194490192345,
      2.454369260617026,
      2.552544031041707,
      2.650718801466388,
      2.748893571891069,
      2.84706834231575,
      2.945243112740431,
      3.043417883165112,
      3.141592653589793,
      3.2397674240144743,
      3.3379421944391554,
      3.436116964863836,
      3.5342917352885173,
      3.6324665057131984,
      3.730641276137879,
      3.8288160465625602,
      3.9269908169872414,
      4.025165587411922,
      4.123340357836604,
      4.221515128261284,
      4.319689898685965,
      4.417864669110647,
      4.516039439535327,
      4.614214209960009,
      4.71238898038469,
      4.81056375080937,
      4.908738521234052,
      5.006913291658733,
      5.105088062083414,
      5.203262832508095,
      5.301437602932776,
      5.399612373357457,
      5.497787143782138,
      5.595961914206819,
      5.6941366846315,
      5.792311455056181,
      5.890486225480862,
      5.988660995905543,
      6.086835766330224,
      6.1850105367549055
    ],
    "mean_I": [
      0.33709850509829886,
      0.6695814064826967,
      0.2941784750123112,
      -0.3922318601521927,
      -0.6639721129221805,
      -0.23375671459776487,
      0.4435878079770757,
      0.6519684049501466,
      0.17108374923722336,
      -0.4906717627213772,
      -0.6336858848362588,
      -0.10676315384763807,
      0.5330302801622024,
      0.6093006232434564,
      0.04141437092382135,
      -0.5702554246210738,
      -0.5790474635712177,
      0.024333255031389663,
      0.6019886976075207,
      0.543217760285247,
      -0.0898465384387367,
      -0.627924490355511,
      -0.5021565730146949,
      0.1544945505658045,
      0.6478130270029332,
      0.45625934343930347,
      -0.21765469571561452,
      -0.6614627700696947,
      -0.4059680869698659,
      0.2787187071635202,
      0.6687422650683543,
      0.35176713589817765,
      -0.33709850509829786,
      -0.6695814064826966,
      -0.29417847501231054,
      0.392231860152191,
      0.663972112922181,
      0.23375671459776487,
      -0.44358780797707414,
      -0.6519684049501466,
      -0.1710837492372245,
      0.49067176272137536,
      0.6336858848362583,
      0.10676315384763851,
      -0.5330302801622,
      -0.6093006232434565,
      -0.041414370923824016,
      0.5702554246210755,
      0.5790474635712183,
      -0.024333255031385368,
      -0.601988697607521,
      -0.5432177602852473,
      0.08984653843873891,
      0.6279244903555102,
      0.5021565730146955,
      -0.15449455056580672,
      -0.6478130270029328,
      -0.45625934343930663,
      0.21765469571561374,
      0.6614627700696943,
      0.4059680869698693,
      -0.2787187071635196,
      -0.6687422650683533,
      -0.35176713589817576
    ],
    "fit": {
      "A": 1.4263843615906716e-09,
      "I0": 1.2129274766328902e-16,
      "phi0": 0.8717193182477315,
      "R2": 0.0,
      "visibility_fit": 1.0,
      "visibility_fourier": 0.00030251976253266045,
      "visibility": 0.00030251976253266045
    },
    "cycles": 8,
    "per_cycle_V": [
      5.6121471502387007e-05,
      0.00037161997006863524,
      0.00021576091777056572,
      0.0004422184087006748,
      0.0003507617731814931,
      0.0003947556138984326,
      0.00036170851173826914,
      0.0005630050068931907
    ]
  },
  "diagnostics": {
    "measured_link_count": 144,
    "selection_policy": "uniform",
    "num_links": 288,
    "visibility_qc": {
      "r2_ok": false,
      "v_in_unit_interval": true,
      "i0_very_small": true
    },
    "hybrid_knobs": {
      "kick_passes": 3,
      "loop_measurement_cycles": 4
    }
  },
  "artifacts": {
    "kernel_hash": "c5f37351f163441ec05d09116a3864130c1bfed1c4688da9e07e9067e5bf8f54",
    "flip_counts_hash": "1045813912820017453b344ca74f8b8f873bba658c2e9b55c71942b9dd07c053",
    "pivot_fit_hash": "18f843e4852e0cb06a5603a8f3e251da6d346190d1181f60fc167ac1ef296fd4",
    "config_hash": "09be816148e3d54a4ba01072548fde7efe2f97f681380c3e050adf0677f43c72"
  }
}