{
  "sim": "MICC",
  "gauge": "SU2",
  "rep": "fundamental",
  "L": 8,
  "b": 3.5,
  "kappa": 0.75,
  "seed": 3,
  "measurement_model": "dephasing",
  "f": 0.1,
  "schedule": "during",
  "sigma": 0.2521278270714478,
  "sigma_err": 0.025230709011535978,
  "visibility": 0.000171494267685932,
  "visibility_err": 9.831339586230554e-06,
  "coherence": {
    "C": 0.46627355945417065,
    "P_entropy": 0.3165613414404361
  },
  "twist_scan": {
    "phi_values": [
      0.0,
      0.09817477042468103,
      0.19634954084936207,
      0.2945243112740431,
      0.39269908169872414,
      0.4908738521234052,
      0.5890486225480862,
      0.6872233929727672,
      0.7853981633974483,
      0.8835729338221293,
      0.9817477042468103,
      1.0799224746714913,
      1.1780972450961724,
      1.2762720155208536,
      1.3744467859455345,
      1.4726215563702154,
      1.5707963267948966,
      1.6689710972195777,
      1.7671458676442586,
      1.8653206380689396,
      1.9634954084936207,
      2.061670178918302,
      2.1598449493429825,
      2.2580197197676637,
      2.356194490192345,
      2.454369260617026,
      2.552544031041707,
      2.650718801466388,
      2.748893571891069,
      2.84706834231575,
      2.945243112740431,
      3.043417883165112,
      3.141592653589793,
      3.2397674240144743,
      3.3379421944391554,
      3.436116964863836,
      3.5342917352885173,
      3.6324665057131984,
      3.730641276137879,
      3.8288160465625602,
      3.9269908169872414,
      4.025165587411922,
      4.123340357836604,
      4.221515128261284,
      4.319689898685965,
      4.417864669110647,
      4.516039439535327,
      4.614214209960009,
      4.71238898038469,
      4.81056375080937,
      4.908738521234052,
      5.006913291658733,
      5.105088062083414,
      5.203262832508095,
      5.301437602932776,
      5.399612373357457,
      5.497787143782138,
      5.595961914206819,
      5.6941366846315,
      5.792311455056181,
      5.890486225480862,
      5.988660995905543,
      6.086835766330224,
      6.1850105367549055
    ],
    "mean_I": [
      0.7461196699494494,
      0.28874875990731624,
      -0.29970805034168435,
      -0.7521036716494909,
      -0.86305995005342,
      -0.5822050548905396,
      -0.03704123680860629,
      0.524938528373465,
      0.8486071764196869,
      0.7870259079686428,
      0.36815133143443457,
      -0.21785625273218745,
      -0.7049616528192661,
      -0.8720292009661427,
      -0.6432137231494999,
      -0.12239266251571584,
      0.45399210807040885,
      0.8242739530809383,
      0.8203526562619736,
      0.44400840438785044,
      -0.13390638031653962,
      -0.6510304679011526,
      -0.8726003339739092,
      -0.698027891638143,
      -0.2065653799761627,
      0.3786734955893039,
      0.7920025209800431,
      0.8457789600251229,
      0.5155894336873267,
      -0.048666916257769186,
      -0.590829503687694,
      -0.8647678487536423,
      -0.7461196699494499,
      -0.2887487599073163,
      0.29970805034168513,
      0.7521036716494902,
      0.8630599500534205,
      0.5822050548905396,
      0.03704123680860825,
      -0.5249385283734637,
      -0.8486071764196869,
      -0.7870259079686446,
      -0.3681513314344338,
      0.21785625273218714,
      0.704961652819264,
      0.8720292009661424,
      0.643213723149501,
      0.122392662515714,
      -0.4539921080704081,
      -0.824273953080937,
      -0.8203526562619736,
      -0.44400840438785105,
      0.13390638031654137,
      0.6510304679011519,
      0.8726003339739092,
      0.6980278916381418,
      0.20656537997616364,
      -0.37867349558930047,
      -0.7920025209800425,
      -0.845778960025123,
      -0.5155894336873295,
      0.04866691625776862,
      0.5908295036876933,
      0.8647678487536434
    ],
    "fit": {
      "A": 0.05477768540383647,
      "I0": -1.1589454827855746e-16,
      "phi0": 2.6592360177792616,
      "R2": 0.0027411588344259386,
      "visibility_fit": 1.0,
      "visibility_fourier": 0.000171494267685932,
      "visibility": 0.000171494267685932
    },
    "cycles": 16,
    "per_cycle_V": [
      0.0001500410460192941,
      0.0001781811723836606,
      0.00015725237810907682,
      0.00018395431763345855,
      0.00014421763708267178,
      0.00017528769676849383,
      0.00019969673735684368,
      0.00013252268394307914,
      8.665373525680611e-05,
      0.00016822751467517703,
      0.0002101795752733691,
      0.00019450780365120397,
      6.351176371096306e-05,
      0.0001670409003378951,
      0.00018912513916720015,
      0.00016305016527556516
    ]
  },
  "diagnostics": {
    "measured_link_count": 13,
    "selection_policy": "uniform",
    "num_links": 128,
    "creutz_sizes": [
      [
        2,
        2
      ],
      [
        3,
        3
      ]
    ],
    "loop_sizes_measured": [
      [
        1,
        1
      ],
      [
        1,
        2
      ],
      [
        2,
        1
      ],
      [
        2,
        2
      ],
      [
        2,
        3
      ],
      [
        3,
        2
      ],
      [
        3,
        3
      ]
    ],
    "visibility_qc": {
      "r2_ok": false,
      "v_in_unit_interval": true,
      "i0_very_small": true
    },
    "hybrid_knobs": {
      "kick_passes": 3,
      "loop_measurement_cycles": 6
    }
  },
  "artifacts": {
    "kernel_hash": "bb669db8d373312f24e4630fcfc599d4f7b832920772c12cef62ec22cd65bc64",
    "flip_counts_hash": "c1b27689be21b2ac0fdae0da5c804f2dab3460dc84baee0f4b6cda147a262623",
    "pivot_fit_hash": "32e5af21ae29df0c4428cd8be3189fb5b9433eb374572ce92302aca28369a080",
    "config_hash": "3e53227bb97f97d3e0f7892c2fd75b0f2e140b1e74473c1589a222acbe454fae"
  }
}