{
  "sim": "MICC",
  "gauge": "SU2",
  "rep": "fundamental",
  "L": 12,
  "b": 3.0,
  "kappa": 0.75,
  "seed": 4,
  "measurement_model": "dephasing",
  "f": 0.3,
  "schedule": "post",
  "sigma": 0.0823226352104667,
  "sigma_err": 0.009611259662733193,
  "visibility": 0.00015044136341938532,
  "visibility_err": 2.09954847897913e-19,
  "coherence": {
    "C": 0.5920143399988603,
    "P_entropy": 0.3605680553151701
  },
  "twist_scan": {
    "phi_values": [
      0.0,
      0.09817477042468103,
      0.19634954084936207,
      0.2945243112740431,
      0.39269908169872414,
      0.4908738521234052,
      0.5890486225480862,
      0.6872233929727672,
      0.7853981633974483,
      0.8835729338221293,
      0.9817477042468103,
      1.0799224746714913,
      1.1780972450961724,
      1.2762720155208536,
      1.3744467859455345,
      1.4726215563702154,
      1.5707963267948966,
      1.6689710972195777,
      1.7671458676442586,
      1.8653206380689396,
      1.9634954084936207,
      2.061670178918302,
      2.1598449493429825,
      2.2580197197676637,
      2.356194490192345,
      2.454369260617026,
      2.552544031041707,
      2.650718801466388,
      2.748893571891069,
      2.84706834231575,
      2.945243112740431,
      3.043417883165112,
      3.141592653589793,
      3.2397674240144743,
      3.3379421944391554,
      3.436116964863836,
      3.5342917352885173,
      3.6324665057131984,
      3.730641276137879,
      3.8288160465625602,
      3.9269908169872414,
      4.025165587411922,
      4.123340357836604,
      4.221515128261284,
      4.319689898685965,
      4.417864669110647,
      4.516039439535327,
      4.614214209960009,
      4.71238898038469,
      4.81056375080937,
      4.908738521234052,
      5.006913291658733,
      5.105088062083414,
      5.203262832508095,
      5.301437602932776,
      5.399612373357457,
      5.497787143782138,
      5.595961914206819,
      5.6941366846315,
      5.792311455056181,
      5.890486225480862,
      5.988660995905543,
      6.086835766330224,
      6.1850105367549055
    ],
    "mean_I": [
      -0.9629051334026468,
      -0.6918880999577711,
      0.3105975482649808,
      0.9847174413943057,
      0.6177876288728613,
      -0.4022712967900308,
      -0.9970463821240273,
      -0.5377375252048361,
      0.4900709528231333,
      0.9997732211528998,
      0.45250871521185565,
      -0.5731509576805127,
      -0.9928716975304347,
      -0.3629219989249564,
      0.6507112054992483,
      0.9764082767018712,
      0.26984014539506773,
      -0.7220047486940976,
      -0.9505415104096095,
      -0.17415958375539672,
      0.7863449914710758,
      0.915520509753259,
      0.07680177011884712,
      -0.843112302120291,
      -0.871682546113565,
      0.021295686548069032,
      0.8917599804080235,
      0.8194498030446465,
      -0.11918805411211636,
      -0.9318195225988307,
      -0.7593253104155812,
      0.21593257556024528,
      0.9629051334026463,
      0.6918880999577711,
      -0.3105975482649822,
      -0.9847174413943054,
      -0.6177876288728636,
      0.4022712967900308,
      0.9970463821240277,
      0.5377375252048376,
      -0.4900709528231317,
      -0.9997732211529012,
      -0.4525087152118539,
      0.5731509576805128,
      0.9928716975304347,
      0.36292199892495786,
      -0.6507112054992449,
      -0.9764082767018712,
      -0.2698401453950688,
      0.7220047486940933,
      0.9505415104096092,
      0.17415958375539775,
      -0.786344991471078,
      -0.9155205097532592,
      -0.0768017701188485,
      0.8431123021202928,
      0.8716825461135653,
      -0.02129568654806252,
      -0.891759980408022,
      -0.8194498030446478,
      0.11918805411210999,
      0.9318195225988304,
      0.7593253104155816,
      -0.21593257556024958
    ],
    "fit": {
      "A": 1.3714179200471094e-16,
      "I0": -7.238416844668194e-17,
      "phi0": -1.786252559529856,
      "R2": 0.0,
      "visibility_fit": 0.00013714179200471094,
      "visibility_fourier": 0.00015044136341938532,
      "visibility": 0.00015044136341938532
    },
    "cycles": 16,
    "per_cycle_V": [
      0.0001665369829603233,
      0.0001665369829603233,
      0.0001665369829603233,
      0.0001665369829603233,
      0.0001665369829603233,
      0.0001665369829603233,
      0.0001665369829603233,
      0.0001665369829603233,
      0.0001665369829603233,
      0.0001665369829603233,
      0.0001665369829603233,
      0.0001665369829603233,
      0.0001665369829603233,
      0.0001665369829603233,
      0.0001665369829603233,
      0.0001665369829603233
    ]
  },
  "diagnostics": {
    "measured_link_count": 86,
    "selection_policy": "uniform",
    "num_links": 288,
    "creutz_sizes": [
      [
        2,
        2
      ],
      [
        3,
        3
      ]
    ],
    "loop_sizes_measured": [
      [
        1,
        1
      ],
      [
        1,
        2
      ],
      [
        2,
        1
      ],
      [
        2,
        2
      ],
      [
        2,
        3
      ],
      [
        3,
        2
      ],
      [
        3,
        3
      ]
    ],
    "visibility_qc": {
      "r2_ok": false,
      "v_in_unit_interval": true,
      "i0_very_small": true
    },
    "hybrid_knobs": {
      "kick_passes": 3,
      "loop_measurement_cycles": 6
    }
  },
  "artifacts": {
    "kernel_hash": "c5f37351f163441ec05d09116a3864130c1bfed1c4688da9e07e9067e5bf8f54",
    "flip_counts_hash": "7a11042fb34eaa3744d5206ec23f7fdadc3f7966920f4b324b412fb9e9cc0219",
    "pivot_fit_hash": "d04f83ead3fcfaea1653e658999e83d0abac9536c46d06a4e4ad9b696714687e",
    "config_hash": "3e53227bb97f97d3e0f7892c2fd75b0f2e140b1e74473c1589a222acbe454fae"
  }
}