{
  "sim": "MICC",
  "gauge": "SU2",
  "rep": "fundamental",
  "L": 12,
  "b": 3.0,
  "kappa": 1.0,
  "seed": 4,
  "measurement_model": "dephasing",
  "f": 0.5,
  "schedule": "during",
  "sigma": 0.3815564955226568,
  "sigma_err": 0.07741857809172398,
  "visibility": 0.00010442286198472126,
  "visibility_err": 3.9084471528901733e-05,
  "coherence": {
    "C": 0.5762092722314897,
    "P_entropy": 0.15279078332120136
  },
  "twist_scan": {
    "phi_values": [
      0.0,
      0.09817477042468103,
      0.19634954084936207,
      0.2945243112740431,
      0.39269908169872414,
      0.4908738521234052,
      0.5890486225480862,
      0.6872233929727672,
      0.7853981633974483,
      0.8835729338221293,
      0.9817477042468103,
      1.0799224746714913,
      1.1780972450961724,
      1.2762720155208536,
      1.3744467859455345,
      1.4726215563702154,
      1.5707963267948966,
      1.6689710972195777,
      1.7671458676442586,
      1.8653206380689396,
      1.9634954084936207,
      2.061670178918302,
      2.1598449493429825,
      2.2580197197676637,
      2.356194490192345,
      2.454369260617026,
      2.552544031041707,
      2.650718801466388,
      2.748893571891069,
      2.84706834231575,
      2.945243112740431,
      3.043417883165112,
      3.141592653589793,
      3.2397674240144743,
      3.3379421944391554,
      3.436116964863836,
      3.5342917352885173,
      3.6324665057131984,
      3.730641276137879,
      3.8288160465625602,
      3.9269908169872414,
      4.025165587411922,
      4.123340357836604,
      4.221515128261284,
      4.319689898685965,
      4.417864669110647,
      4.516039439535327,
      4.614214209960009,
      4.71238898038469,
      4.81056375080937,
      4.908738521234052,
      5.006913291658733,
      5.105088062083414,
      5.203262832508095,
      5.301437602932776,
      5.399612373357457,
      5.497787143782138,
      5.595961914206819,
      5.6941366846315,
      5.792311455056181,
      5.890486225480862,
      5.988660995905543,
      6.086835766330224,
      6.1850105367549055
    ],
    "mean_I": [
      0.35654656635695336,
      0.37251052284556907,
      -0.005346076551458426,
      -0.3775507689279277,
      -0.35060632436608447,
      0.047001414494469,
      0.39491895120388193,
      0.3253255953220419,
      -0.0882041031223111,
      -0.4084838480950839,
      -0.29691180295398784,
      0.12855733801981706,
      0.4181148222291448,
      0.26563858761498443,
      -0.16767249547560364,
      -0.4237191220603274,
      -0.23180712746442628,
      0.20517287514085075,
      0.4252427751176354,
      0.19574323795772047,
      -0.2406973278595879,
      -0.4226711077892137,
      -0.15779423406534276,
      0.2739037337324938,
      0.41602888663725135,
      0.11832558543981184,
      -0.3044722969185456,
      -0.40538007988244884,
      -0.07771739674315246,
      0.3321086254437817,
      0.3908272413550854,
      0.03636074703120609,
      -0.35654656635695303,
      -0.37251052284556885,
      0.005346076551459217,
      0.37755076892792727,
      0.3506063243660851,
      -0.047001414494469,
      -0.3949189512038818,
      -0.3253255953220425,
      0.08820410312231032,
      0.4084838480950837,
      0.2969118029539872,
      -0.12855733801981672,
      -0.41811482222914464,
      -0.2656385876149848,
      0.16767249547560215,
      0.4237191220603277,
      0.23180712746442675,
      -0.20517287514084814,
      -0.4252427751176355,
      -0.1957432379577208,
      0.24069732785958903,
      0.42267110778921385,
      0.15779423406534343,
      -0.2739037337324948,
      -0.41602888663725146,
      -0.1183255854398144,
      0.304472296918545,
      0.4053800798824489,
      0.07771739674315511,
      -0.3321086254437817,
      -0.39082724135508545,
      -0.036360747031204566
    ],
    "fit": {
      "A": 8.998139006511781e-17,
      "I0": 2.1930716744404726e-18,
      "phi0": 0.8506814904164679,
      "R2": 0.0,
      "visibility_fit": 8.998139006511781e-05,
      "visibility_fourier": 0.00010442286198472126,
      "visibility": 0.00010442286198472126
    },
    "cycles": 8,
    "per_cycle_V": [
      0.0004627927609523276,
      0.00034876813935279363,
      0.00041972562302782635,
      0.00024123456918807517,
      0.0003375206212107075,
      0.00012153920861165433,
      0.00031213824666422556,
      0.0004186584041268312
    ]
  },
  "diagnostics": {
    "measured_link_count": 144,
    "selection_policy": "uniform",
    "num_links": 288,
    "visibility_qc": {
      "r2_ok": false,
      "v_in_unit_interval": true,
      "i0_very_small": true
    },
    "hybrid_knobs": {
      "kick_passes": 3,
      "loop_measurement_cycles": 4
    }
  },
  "artifacts": {
    "kernel_hash": "c5f37351f163441ec05d09116a3864130c1bfed1c4688da9e07e9067e5bf8f54",
    "flip_counts_hash": "7a11042fb34eaa3744d5206ec23f7fdadc3f7966920f4b324b412fb9e9cc0219",
    "pivot_fit_hash": "e730f86cf82cf01e0490c7477184968845e3929e6af95e60cac897b00c6a8382",
    "config_hash": "09be816148e3d54a4ba01072548fde7efe2f97f681380c3e050adf0677f43c72"
  }
}