{
  "sim": "MICC",
  "gauge": "SU2",
  "rep": "fundamental",
  "L": 12,
  "b": 3.0,
  "kappa": 0.75,
  "seed": 4,
  "measurement_model": "dephasing",
  "f": 0.5,
  "schedule": "during",
  "sigma": 0.4538001732901276,
  "sigma_err": 0.041654693840961446,
  "visibility": 3.503131923087426e-05,
  "visibility_err": 3.468237312039102e-05,
  "coherence": {
    "C": 0.5757383383995059,
    "P_entropy": 0.15463005843667535
  },
  "twist_scan": {
    "phi_values": [
      0.0,
      0.09817477042468103,
      0.19634954084936207,
      0.2945243112740431,
      0.39269908169872414,
      0.4908738521234052,
      0.5890486225480862,
      0.6872233929727672,
      0.7853981633974483,
      0.8835729338221293,
      0.9817477042468103,
      1.0799224746714913,
      1.1780972450961724,
      1.2762720155208536,
      1.3744467859455345,
      1.4726215563702154,
      1.5707963267948966,
      1.6689710972195777,
      1.7671458676442586,
      1.8653206380689396,
      1.9634954084936207,
      2.061670178918302,
      2.1598449493429825,
      2.2580197197676637,
      2.356194490192345,
      2.454369260617026,
      2.552544031041707,
      2.650718801466388,
      2.748893571891069,
      2.84706834231575,
      2.945243112740431,
      3.043417883165112,
      3.141592653589793,
      3.2397674240144743,
      3.3379421944391554,
      3.436116964863836,
      3.5342917352885173,
      3.6324665057131984,
      3.730641276137879,
      3.8288160465625602,
      3.9269908169872414,
      4.025165587411922,
      4.123340357836604,
      4.221515128261284,
      4.319689898685965,
      4.417864669110647,
      4.516039439535327,
      4.614214209960009,
      4.71238898038469,
      4.81056375080937,
      4.908738521234052,
      5.006913291658733,
      5.105088062083414,
      5.203262832508095,
      5.301437602932776,
      5.399612373357457,
      5.497787143782138,
      5.595961914206819,
      5.6941366846315,
      5.792311455056181,
      5.890486225480862,
      5.988660995905543,
      6.086835766330224,
      6.1850105367549055
    ],
    "mean_I": [
      -0.08573605078678564,
      -0.09353604079767128,
      -0.0024491180285057777,
      0.09122702830419266,
      0.08845736493436443,
      -0.007830001947620936,
      -0.0958394396692639,
      -0.08252679629102534,
      0.018033714724677692,
      0.09952886483915326,
      0.0758014494856675,
      -0.028063752970704375,
      -0.10225977263262964,
      -0.06834609328447558,
      0.0378235219344156,
      0.10400586291477545,
      0.060232526843179014,
      -0.04721902970545795,
      -0.10475031988166439,
      -0.051538888241934346,
      0.05615979240788929,
      0.10448597400574297,
      0.04234890197289749,
      -0.06455970560936725,
      -0.10321537108230296,
      -0.032751072627596745,
      0.07233787355390243,
      0.10095074771207908,
      0.0228378325493351,
      -0.07941938823220884,
      -0.09771391345609595,
      -0.012704651659194129,
      0.08573605078678552,
      0.09353604079767136,
      0.0024491180285056736,
      -0.09122702830419256,
      -0.08845736493436461,
      0.007830001947620936,
      0.09583943966926381,
      0.08252679629102538,
      -0.018033714724677602,
      -0.09952886483915316,
      -0.07580144948566736,
      0.028063752970704313,
      0.10225977263262942,
      0.06834609328447545,
      -0.03782352193441515,
      -0.10400586291477565,
      -0.06023252684317916,
      0.04721902970545733,
      0.10475031988166433,
      0.051538888241934304,
      -0.05615979240788967,
      -0.104485974005743,
      -0.04234890197289768,
      0.06455970560936751,
      0.1032153710823029,
      0.03275107262759724,
      -0.07233787355390242,
      -0.10095074771207906,
      -0.022837832549335788,
      0.07941938823220886,
      0.09771391345609587,
      0.012704651659193735
    ],
    "fit": {
      "A": 3.361183022798014e-17,
      "I0": -2.815239398387008e-17,
      "phi0": -2.294137530226997,
      "R2": 0.0,
      "visibility_fit": 3.361183022798014e-05,
      "visibility_fourier": 3.503131923087426e-05,
      "visibility": 3.503131923087426e-05
    },
    "cycles": 16,
    "per_cycle_V": [
      0.00046795451918051073,
      0.0003718466364295195,
      0.0004560987390584076,
      0.00018258788662721577,
      0.00030119573250390045,
      6.918025513062135e-05,
      0.0003174650602083022,
      0.0004021164227874603,
      0.000126976877956786,
      0.000143541325063506,
      0.0001651989710217849,
      0.00030797601947981176,
      0.0004640201005540875,
      0.00027831915355601433,
      0.0005157186421682885,
      0.00021874589615377953
    ]
  },
  "diagnostics": {
    "measured_link_count": 144,
    "selection_policy": "uniform",
    "num_links": 288,
    "creutz_sizes": [
      [
        2,
        2
      ],
      [
        3,
        3
      ]
    ],
    "loop_sizes_measured": [
      [
        1,
        1
      ],
      [
        1,
        2
      ],
      [
        2,
        1
      ],
      [
        2,
        2
      ],
      [
        2,
        3
      ],
      [
        3,
        2
      ],
      [
        3,
        3
      ]
    ],
    "visibility_qc": {
      "r2_ok": false,
      "v_in_unit_interval": true,
      "i0_very_small": true
    },
    "hybrid_knobs": {
      "kick_passes": 3,
      "loop_measurement_cycles": 6
    }
  },
  "artifacts": {
    "kernel_hash": "c5f37351f163441ec05d09116a3864130c1bfed1c4688da9e07e9067e5bf8f54",
    "flip_counts_hash": "7a11042fb34eaa3744d5206ec23f7fdadc3f7966920f4b324b412fb9e9cc0219",
    "pivot_fit_hash": "d04f83ead3fcfaea1653e658999e83d0abac9536c46d06a4e4ad9b696714687e",
    "config_hash": "3e53227bb97f97d3e0f7892c2fd75b0f2e140b1e74473c1589a222acbe454fae"
  }
}