{
  "sim": "MICC",
  "gauge": "SU2",
  "rep": "fundamental",
  "L": 8,
  "b": 3.0,
  "kappa": 0.75,
  "seed": 3,
  "measurement_model": "dephasing",
  "f": 0.0,
  "schedule": "during",
  "sigma": 0.20726038729390994,
  "sigma_err": 0.04783972519702543,
  "visibility": 0.00019445524892492495,
  "visibility_err": 7.171323298281502e-20,
  "coherence": {
    "C": 0.5930676551241734,
    "P_entropy": 0.35917350980617924
  },
  "twist_scan": {
    "phi_values": [
      0.0,
      0.09817477042468103,
      0.19634954084936207,
      0.2945243112740431,
      0.39269908169872414,
      0.4908738521234052,
      0.5890486225480862,
      0.6872233929727672,
      0.7853981633974483,
      0.8835729338221293,
      0.9817477042468103,
      1.0799224746714913,
      1.1780972450961724,
      1.2762720155208536,
      1.3744467859455345,
      1.4726215563702154,
      1.5707963267948966,
      1.6689710972195777,
      1.7671458676442586,
      1.8653206380689396,
      1.9634954084936207,
      2.061670178918302,
      2.1598449493429825,
      2.2580197197676637,
      2.356194490192345,
      2.454369260617026,
      2.552544031041707,
      2.650718801466388,
      2.748893571891069,
      2.84706834231575,
      2.945243112740431,
      3.043417883165112,
      3.141592653589793,
      3.2397674240144743,
      3.3379421944391554,
      3.436116964863836,
      3.5342917352885173,
      3.6324665057131984,
      3.730641276137879,
      3.8288160465625602,
      3.9269908169872414,
      4.025165587411922,
      4.123340357836604,
      4.221515128261284,
      4.319689898685965,
      4.417864669110647,
      4.516039439535327,
      4.614214209960009,
      4.71238898038469,
      4.81056375080937,
      4.908738521234052,
      5.006913291658733,
      5.105088062083414,
      5.203262832508095,
      5.301437602932776,
      5.399612373357457,
      5.497787143782138,
      5.595961914206819,
      5.6941366846315,
      5.792311455056181,
      5.890486225480862,
      5.988660995905543,
      6.086835766330224,
      6.1850105367549055
    ],
    "mean_I": [
      0.8492472584365347,
      0.3215203014982689,
      -0.3521701503835335,
      -0.8659827167158652,
      -0.9866572345221185,
      -0.6594099956272688,
      -0.0328044048213924,
      0.608693699940711,
      0.9738575907218134,
      0.8969104954885123,
      0.4127847867649312,
      -0.25873658517171133,
      -0.8127969567751547,
      -0.9978645029255182,
      -0.7299224268269195,
      -0.13061082923669473,
      0.5279953541822399,
      0.9469026854563581,
      0.9359359941677843,
      0.5000739288839301,
      -0.1628112452048833,
      -0.7517835178206863,
      -0.9994617906775192,
      -0.7934053060400397,
      -0.22715939996730403,
      0.4422121245313741,
      0.9108285897002968,
      0.9659479175885632,
      0.5825470856995577,
      -0.06531794394505132,
      -0.6835299926229272,
      -0.9914337150239054,
      -0.8492472584365355,
      -0.3215203014982691,
      0.3521701503835341,
      0.8659827167158651,
      0.9866572345221192,
      0.6594099956272688,
      0.03280440482139451,
      -0.6086936999407092,
      -0.9738575907218132,
      -0.8969104954885143,
      -0.4127847867649303,
      0.2587365851717111,
      0.8127969567751522,
      0.9978645029255179,
      0.7299224268269205,
      0.13061082923669232,
      -0.527995354182239,
      -0.9469026854563565,
      -0.935935994167785,
      -0.5000739288839303,
      0.16281124520488532,
      0.7517835178206854,
      0.99946179067752,
      0.7934053060400384,
      0.227159399967305,
      -0.44221212453136977,
      -0.9108285897002961,
      -0.965947917588563,
      -0.582547085699561,
      0.06531794394505051,
      0.683529992622926,
      0.9914337150239056
    ],
    "fit": {
      "A": 2.1332204795670188e-16,
      "I0": 3.559161967015e-17,
      "phi0": -2.926125217995833,
      "R2": -2.220446049250313e-16,
      "visibility_fit": 0.0002133220479567019,
      "visibility_fourier": 0.00019445524892492495,
      "visibility": 0.00019445524892492495
    },
    "cycles": 8,
    "per_cycle_V": [
      0.00019247740125088759,
      0.00019247740125088759,
      0.00019247740125088759,
      0.00019247740125088759,
      0.00019247740125088759,
      0.00019247740125088759,
      0.00019247740125088759,
      0.00019247740125088759
    ]
  },
  "diagnostics": {
    "measured_link_count": 0,
    "selection_policy": "uniform",
    "num_links": 128,
    "visibility_qc": {
      "r2_ok": false,
      "v_in_unit_interval": true,
      "i0_very_small": true
    },
    "hybrid_knobs": {
      "kick_passes": 3,
      "loop_measurement_cycles": 4
    }
  },
  "artifacts": {
    "kernel_hash": "bb669db8d373312f24e4630fcfc599d4f7b832920772c12cef62ec22cd65bc64",
    "flip_counts_hash": "c1b27689be21b2ac0fdae0da5c804f2dab3460dc84baee0f4b6cda147a262623",
    "pivot_fit_hash": "d04f83ead3fcfaea1653e658999e83d0abac9536c46d06a4e4ad9b696714687e",
    "config_hash": "09be816148e3d54a4ba01072548fde7efe2f97f681380c3e050adf0677f43c72"
  }
}