{
  "sim": "MICC",
  "gauge": "SU2",
  "rep": "fundamental",
  "L": 12,
  "b": 3.5,
  "kappa": 1.0,
  "seed": 3,
  "measurement_model": "dephasing",
  "f": 0.5,
  "schedule": "during",
  "sigma": 0.4595171487138381,
  "sigma_err": 0.05091259783820677,
  "visibility": 4.4839207367959815e-05,
  "visibility_err": 2.9415269115903416e-05,
  "coherence": {
    "C": 0.5069338379592724,
    "P_entropy": 0.13987314270750464
  },
  "twist_scan": {
    "phi_values": [
      0.0,
      0.09817477042468103,
      0.19634954084936207,
      0.2945243112740431,
      0.39269908169872414,
      0.4908738521234052,
      0.5890486225480862,
      0.6872233929727672,
      0.7853981633974483,
      0.8835729338221293,
      0.9817477042468103,
      1.0799224746714913,
      1.1780972450961724,
      1.2762720155208536,
      1.3744467859455345,
      1.4726215563702154,
      1.5707963267948966,
      1.6689710972195777,
      1.7671458676442586,
      1.8653206380689396,
      1.9634954084936207,
      2.061670178918302,
      2.1598449493429825,
      2.2580197197676637,
      2.356194490192345,
      2.454369260617026,
      2.552544031041707,
      2.650718801466388,
      2.748893571891069,
      2.84706834231575,
      2.945243112740431,
      3.043417883165112,
      3.141592653589793,
      3.2397674240144743,
      3.3379421944391554,
      3.436116964863836,
      3.5342917352885173,
      3.6324665057131984,
      3.730641276137879,
      3.8288160465625602,
      3.9269908169872414,
      4.025165587411922,
      4.123340357836604,
      4.221515128261284,
      4.319689898685965,
      4.417864669110647,
      4.516039439535327,
      4.614214209960009,
      4.71238898038469,
      4.81056375080937,
      4.908738521234052,
      5.006913291658733,
      5.105088062083414,
      5.203262832508095,
      5.301437602932776,
      5.399612373357457,
      5.497787143782138,
      5.595961914206819,
      5.6941366846315,
      5.792311455056181,
      5.890486225480862,
      5.988660995905543,
      6.086835766330224,
      6.1850105367549055
    ],
    "mean_I": [
      0.11363474763528399,
      0.16159687823874547,
      0.038717734530741336,
      -0.12509405080857194,
      -0.15665558922575415,
      -0.022599816324576805,
      0.1353486298892093,
      0.15020562125186276,
      0.00626424953289027,
      -0.14429972767492613,
      -0.14230909103457098,
      0.0101316454061848,
      0.15186114020087832,
      0.13304204647655374,
      -0.02642996706147792,
      -0.15796004693095234,
      -0.12249373428278684,
      0.042473753685879544,
      0.16253771205933623,
      0.11076574046599034,
      -0.05810849484376998,
      -0.16555005016843716,
      -0.09797101201779301,
      0.07318361943098065,
      0.1669680507955529,
      0.08423276916746122,
      -0.08755394575683564,
      -0.16677805781948654,
      -0.0696833187037317,
      0.10108107972319626,
      0.16498190097645826,
      0.054462779788108484,
      -0.11363474763528383,
      -0.16159687823874552,
      -0.038717734530741135,
      0.1250940508085718,
      0.15665558922575434,
      0.022599816324576805,
      -0.13534862988920898,
      -0.15020562125186293,
      -0.006264249532890485,
      0.1442997276749257,
      0.1423090910345709,
      -0.010131645406184647,
      -0.15186114020087796,
      -0.13304204647655382,
      0.026429967061477298,
      0.1579600469309526,
      0.12249373428278701,
      -0.042473753685878524,
      -0.16253771205933643,
      -0.1107657404659905,
      0.05810849484377053,
      0.16555005016843719,
      0.09797101201779349,
      -0.07318361943098112,
      -0.16696805079555288,
      -0.08423276916746221,
      0.08755394575683564,
      0.1667780578194865,
      0.06968331870373262,
      -0.10108107972319628,
      -0.16498190097645823,
      -0.054462779788108026
    ],
    "fit": {
      "A": 3.06766258587864e-17,
      "I0": 7.5196812665518e-18,
      "phi0": 1.2304533322421876,
      "R2": 0.0,
      "visibility_fit": 3.06766258587864e-05,
      "visibility_fourier": 4.4839207367959815e-05,
      "visibility": 4.4839207367959815e-05
    },
    "cycles": 16,
    "per_cycle_V": [
      0.0004456084118703354,
      0.00045773741985342313,
      0.0004454618758290244,
      0.0001388444389058031,
      0.0003066959065667683,
      0.0003560328444134717,
      0.0002161563147243683,
      0.00034038733978260623,
      0.0004813225153016737,
      0.00033549251822257553,
      8.709970391202742e-05,
      0.0004000336371662348,
      0.00041567626944931634,
      0.0002033107754926213,
      0.00039223575654791736,
      0.0003432934045915232
    ]
  },
  "diagnostics": {
    "measured_link_count": 144,
    "selection_policy": "uniform",
    "num_links": 288,
    "creutz_sizes": [
      [
        2,
        2
      ],
      [
        3,
        3
      ]
    ],
    "loop_sizes_measured": [
      [
        1,
        1
      ],
      [
        1,
        2
      ],
      [
        2,
        1
      ],
      [
        2,
        2
      ],
      [
        2,
        3
      ],
      [
        3,
        2
      ],
      [
        3,
        3
      ]
    ],
    "visibility_qc": {
      "r2_ok": false,
      "v_in_unit_interval": true,
      "i0_very_small": true
    },
    "hybrid_knobs": {
      "kick_passes": 3,
      "loop_measurement_cycles": 6
    }
  },
  "artifacts": {
    "kernel_hash": "c5f37351f163441ec05d09116a3864130c1bfed1c4688da9e07e9067e5bf8f54",
    "flip_counts_hash": "f9f0d5ea10777d9547c57c830847aa737adfb2a8c3d087b6a31b748452bdd993",
    "pivot_fit_hash": "18f843e4852e0cb06a5603a8f3e251da6d346190d1181f60fc167ac1ef296fd4",
    "config_hash": "3e53227bb97f97d3e0f7892c2fd75b0f2e140b1e74473c1589a222acbe454fae"
  }
}