{
  "sim": "MICC",
  "gauge": "SU2",
  "rep": "fundamental",
  "L": 8,
  "b": 3.5,
  "kappa": 0.75,
  "seed": 1,
  "measurement_model": "dephasing",
  "f": 0.3,
  "schedule": "during",
  "sigma": 0.2768469781515489,
  "sigma_err": 0.019490668397456324,
  "visibility": 0.00010397945393741531,
  "visibility_err": 1.864812148064709e-05,
  "coherence": {
    "C": 0.4788690536634739,
    "P_entropy": 0.2129212322727807
  },
  "twist_scan": {
    "phi_values": [
      0.0,
      0.09817477042468103,
      0.19634954084936207,
      0.2945243112740431,
      0.39269908169872414,
      0.4908738521234052,
      0.5890486225480862,
      0.6872233929727672,
      0.7853981633974483,
      0.8835729338221293,
      0.9817477042468103,
      1.0799224746714913,
      1.1780972450961724,
      1.2762720155208536,
      1.3744467859455345,
      1.4726215563702154,
      1.5707963267948966,
      1.6689710972195777,
      1.7671458676442586,
      1.8653206380689396,
      1.9634954084936207,
      2.061670178918302,
      2.1598449493429825,
      2.2580197197676637,
      2.356194490192345,
      2.454369260617026,
      2.552544031041707,
      2.650718801466388,
      2.748893571891069,
      2.84706834231575,
      2.945243112740431,
      3.043417883165112,
      3.141592653589793,
      3.2397674240144743,
      3.3379421944391554,
      3.436116964863836,
      3.5342917352885173,
      3.6324665057131984,
      3.730641276137879,
      3.8288160465625602,
      3.9269908169872414,
      4.025165587411922,
      4.123340357836604,
      4.221515128261284,
      4.319689898685965,
      4.417864669110647,
      4.516039439535327,
      4.614214209960009,
      4.71238898038469,
      4.81056375080937,
      4.908738521234052,
      5.006913291658733,
      5.105088062083414,
      5.203262832508095,
      5.301437602932776,
      5.399612373357457,
      5.497787143782138,
      5.595961914206819,
      5.6941366846315,
      5.792311455056181,
      5.890486225480862,
      5.988660995905543,
      6.086835766330224,
      6.1850105367549055
    ],
    "mean_I": [
      0.44854718548350886,
      0.11312662327540067,
      -0.27365106079248297,
      -0.5361968844081829,
      -0.5553205326236301,
      -0.32234026896187495,
      0.05697573772905912,
      0.41042595066710796,
      0.5775513626649679,
      0.482480530720718,
      0.16837362491726532,
      -0.22217138645747259,
      -0.5118552332567031,
      -0.5691675053742344,
      -0.36808962948064655,
      9.324264832079321e-05,
      0.36823378456434996,
      0.569203886850808,
      0.5117673246963999,
      0.22199909650879104,
      -0.16855208021964377,
      -0.4825841364004292,
      -0.577533083909477,
      -0.4102940856492607,
      -0.05679015041009156,
      0.322495325819175,
      0.5553746664477793,
      0.5361255195747783,
      0.27348659544388576,
      -0.11330952530935966,
      -0.4486654905032939,
      -0.580336703134973,
      -0.4485471854835094,
      -0.11312662327540071,
      0.27365106079248336,
      0.5361968844081827,
      0.5553205326236306,
      0.32234026896187495,
      -0.056975737729057854,
      -0.4104259506671071,
      -0.5775513626649678,
      -0.48248053072071934,
      -0.16837362491726504,
      0.22217138645747242,
      0.5118552332567022,
      0.5691675053742343,
      0.3680896294806477,
      -9.324264832222262e-05,
      -0.3682337845643495,
      -0.5692038868508073,
      -0.5117673246963996,
      -0.2219990965087914,
      0.16855208021964496,
      0.48258413640042874,
      0.577533083909477,
      0.4102940856492596,
      0.05679015041009217,
      -0.3224953258191728,
      -0.555374666447779,
      -0.5361255195747783,
      -0.2734865954438876,
      0.1133095253093592,
      0.44866549050329313,
      0.5803367031349734
    ],
    "fit": {
      "A": 3.79488743086416e-07,
      "I0": 2.8914797845729137e-18,
      "phi0": -3.0691009516553653,
      "R2": 4.3642867098014904e-13,
      "visibility_fit": 1.0,
      "visibility_fourier": 0.00010397945393741531,
      "visibility": 0.00010397945393741531
    },
    "cycles": 8,
    "per_cycle_V": [
      6.331740687315346e-05,
      0.00017738819909535032,
      0.00015668443265949347,
      4.656014048289011e-05,
      0.0001670697502223887,
      0.00017809676613511502,
      0.0001712045520934761,
      0.0001273835587449373
    ]
  },
  "diagnostics": {
    "measured_link_count": 38,
    "selection_policy": "uniform",
    "num_links": 128,
    "visibility_qc": {
      "r2_ok": false,
      "v_in_unit_interval": true,
      "i0_very_small": true
    },
    "hybrid_knobs": {
      "kick_passes": 3,
      "loop_measurement_cycles": 4
    }
  },
  "artifacts": {
    "kernel_hash": "bb669db8d373312f24e4630fcfc599d4f7b832920772c12cef62ec22cd65bc64",
    "flip_counts_hash": "2f22c538feb77f48a899689bff9bdbb91197c5203a770852a4a789b6ab244652",
    "pivot_fit_hash": "32e5af21ae29df0c4428cd8be3189fb5b9433eb374572ce92302aca28369a080",
    "config_hash": "09be816148e3d54a4ba01072548fde7efe2f97f681380c3e050adf0677f43c72"
  }
}