{
  "sim": "MICC",
  "gauge": "SU2",
  "rep": "fundamental",
  "L": 12,
  "b": 3.0,
  "kappa": 0.75,
  "seed": 0,
  "measurement_model": "dephasing",
  "f": 0.1,
  "schedule": "during",
  "sigma": 0.1314277994602741,
  "sigma_err": 0.007505644081377744,
  "visibility": 0.00016125385237571413,
  "visibility_err": 2.411697758092539e-05,
  "coherence": {
    "C": 0.5912516973435404,
    "P_entropy": 0.33476254048831056
  },
  "twist_scan": {
    "phi_values": [
      0.0,
      0.09817477042468103,
      0.19634954084936207,
      0.2945243112740431,
      0.39269908169872414,
      0.4908738521234052,
      0.5890486225480862,
      0.6872233929727672,
      0.7853981633974483,
      0.8835729338221293,
      0.9817477042468103,
      1.0799224746714913,
      1.1780972450961724,
      1.2762720155208536,
      1.3744467859455345,
      1.4726215563702154,
      1.5707963267948966,
      1.6689710972195777,
      1.7671458676442586,
      1.8653206380689396,
      1.9634954084936207,
      2.061670178918302,
      2.1598449493429825,
      2.2580197197676637,
      2.356194490192345,
      2.454369260617026,
      2.552544031041707,
      2.650718801466388,
      2.748893571891069,
      2.84706834231575,
      2.945243112740431,
      3.043417883165112,
      3.141592653589793,
      3.2397674240144743,
      3.3379421944391554,
      3.436116964863836,
      3.5342917352885173,
      3.6324665057131984,
      3.730641276137879,
      3.8288160465625602,
      3.9269908169872414,
      4.025165587411922,
      4.123340357836604,
      4.221515128261284,
      4.319689898685965,
      4.417864669110647,
      4.516039439535327,
      4.614214209960009,
      4.71238898038469,
      4.81056375080937,
      4.908738521234052,
      5.006913291658733,
      5.105088062083414,
      5.203262832508095,
      5.301437602932776,
      5.399612373357457,
      5.497787143782138,
      5.595961914206819,
      5.6941366846315,
      5.792311455056181,
      5.890486225480862,
      5.988660995905543,
      6.086835766330224,
      6.1850105367549055
    ],
    "mean_I": [
      -0.8631392571671573,
      -0.6930383109498712,
      0.20974726061281665,
      0.8907866593720187,
      0.6300805882593853,
      -0.29675079288625994,
      -0.9098552990936063,
      -0.5610548450668769,
      0.3808964528037244,
      0.9201615349074221,
      0.4866258370125973,
      -0.4613738716615054,
      -0.9216061121286189,
      -0.40751035613114356,
      0.5374080079225758,
      0.9141751186888679,
      0.3244703277523273,
      -0.6082666112902512,
      -0.8979401191171901,
      -0.23830547274373404,
      0.673267274678846,
      0.8730574653344139,
      0.14984560576159456,
      -0.7317840061669543,
      -0.8397667908987089,
      -0.059942643682026946,
      0.7832532576418472,
      0.7983887032034257,
      -0.030537598824176615,
      -0.8271793520758615,
      -0.7493216958526334,
      0.12072374756015353,
      0.8631392571671568,
      0.6930383109498715,
      -0.20974726061281782,
      -0.8907866593720183,
      -0.6300805882593873,
      0.29675079288625994,
      0.9098552990936065,
      0.5610548450668781,
      -0.38089645280372286,
      -0.9201615349074227,
      -0.4866258370125964,
      0.4613738716615052,
      0.9216061121286185,
      0.4075103561311445,
      -0.5374080079225724,
      -0.9141751186888682,
      -0.3244703277523288,
      0.6082666112902464,
      0.8979401191171902,
      0.23830547274373498,
      -0.673267274678848,
      -0.8730574653344139,
      -0.14984560576159595,
      0.7317840061669557,
      0.8397667908987094,
      0.05994264368203306,
      -0.7832532576418462,
      -0.7983887032034258,
      0.030537598824170925,
      0.8271793520758612,
      0.7493216958526339,
      -0.12072374756015711
    ],
    "fit": {
      "A": 0.002675170351040067,
      "I0": 1.0241004496090801e-15,
      "phi0": -1.3545806454117912,
      "R2": 5.841238724380027e-06,
      "visibility_fit": 1.0,
      "visibility_fourier": 0.00016125385237571413,
      "visibility": 0.00016125385237571413
    },
    "cycles": 16,
    "per_cycle_V": [
      0.00036593029576809555,
      0.0002504010923346533,
      0.00023969530251755541,
      0.00010209846141835789,
      0.00026866208793796455,
      0.000301246310148077,
      0.00020981595181500143,
      0.00023558156455905075,
      0.0001060746526087686,
      0.00026548434224769993,
      0.0001269867021479499,
      7.786504198079646e-05,
      0.00043377762324515394,
      0.0002632932461756148,
      0.00016453520818802557,
      0.00022075730745424574
    ]
  },
  "diagnostics": {
    "measured_link_count": 29,
    "selection_policy": "uniform",
    "num_links": 288,
    "creutz_sizes": [
      [
        2,
        2
      ],
      [
        3,
        3
      ]
    ],
    "loop_sizes_measured": [
      [
        1,
        1
      ],
      [
        1,
        2
      ],
      [
        2,
        1
      ],
      [
        2,
        2
      ],
      [
        2,
        3
      ],
      [
        3,
        2
      ],
      [
        3,
        3
      ]
    ],
    "visibility_qc": {
      "r2_ok": false,
      "v_in_unit_interval": true,
      "i0_very_small": true
    },
    "hybrid_knobs": {
      "kick_passes": 3,
      "loop_measurement_cycles": 6
    }
  },
  "artifacts": {
    "kernel_hash": "c5f37351f163441ec05d09116a3864130c1bfed1c4688da9e07e9067e5bf8f54",
    "flip_counts_hash": "526d3d4f7381a97e02c3ef4c6b8d2598448ee2e98060a326f334d01ae3e48798",
    "pivot_fit_hash": "d04f83ead3fcfaea1653e658999e83d0abac9536c46d06a4e4ad9b696714687e",
    "config_hash": "3e53227bb97f97d3e0f7892c2fd75b0f2e140b1e74473c1589a222acbe454fae"
  }
}