{
  "sim": "MICC",
  "gauge": "SU2",
  "rep": "fundamental",
  "L": 12,
  "b": 3.0,
  "kappa": 1.0,
  "seed": 3,
  "measurement_model": "dephasing",
  "f": 0.2,
  "schedule": "during",
  "sigma": 0.22764306794593664,
  "sigma_err": 0.01032919489688605,
  "visibility": 0.00014105254109468237,
  "visibility_err": 5.3089311257827935e-05,
  "coherence": {
    "C": 0.5871315968784608,
    "P_entropy": 0.2782142815459556
  },
  "twist_scan": {
    "phi_values": [
      0.0,
      0.09817477042468103,
      0.19634954084936207,
      0.2945243112740431,
      0.39269908169872414,
      0.4908738521234052,
      0.5890486225480862,
      0.6872233929727672,
      0.7853981633974483,
      0.8835729338221293,
      0.9817477042468103,
      1.0799224746714913,
      1.1780972450961724,
      1.2762720155208536,
      1.3744467859455345,
      1.4726215563702154,
      1.5707963267948966,
      1.6689710972195777,
      1.7671458676442586,
      1.8653206380689396,
      1.9634954084936207,
      2.061670178918302,
      2.1598449493429825,
      2.2580197197676637,
      2.356194490192345,
      2.454369260617026,
      2.552544031041707,
      2.650718801466388,
      2.748893571891069,
      2.84706834231575,
      2.945243112740431,
      3.043417883165112,
      3.141592653589793,
      3.2397674240144743,
      3.3379421944391554,
      3.436116964863836,
      3.5342917352885173,
      3.6324665057131984,
      3.730641276137879,
      3.8288160465625602,
      3.9269908169872414,
      4.025165587411922,
      4.123340357836604,
      4.221515128261284,
      4.319689898685965,
      4.417864669110647,
      4.516039439535327,
      4.614214209960009,
      4.71238898038469,
      4.81056375080937,
      4.908738521234052,
      5.006913291658733,
      5.105088062083414,
      5.203262832508095,
      5.301437602932776,
      5.399612373357457,
      5.497787143782138,
      5.595961914206819,
      5.6941366846315,
      5.792311455056181,
      5.890486225480862,
      5.988660995905543,
      6.086835766330224,
      6.1850105367549055
    ],
    "mean_I": [
      -0.5419961057951613,
      -0.4594842737463349,
      0.1087973312613901,
      0.5620576876103273,
      0.42110698843355826,
      -0.16504076720592212,
      -0.5767063466418202,
      -0.3786742126216714,
      0.21969477034180085,
      0.5858010082953943,
      0.3325945971378562,
      -0.2722329927419086,
      -0.5892540860076795,
      -0.28331191386890187,
      0.32214946260422217,
      0.5870323247526601,
      0.2313007819953447,
      -0.3689634570368471,
      -0.5791571213057617,
      -0.17706209714930388,
      0.41222413168226346,
      0.5657043181812017,
      0.1211182075157266,
      -0.45151486259494744,
      -0.5468034732271196,
      -0.06400788333382325,
      0.4864572585577129,
      0.5226366119126765,
      0.006281128245150149,
      -0.5167148051959777,
      -0.4934364743232807,
      0.05150611754213838,
      0.541996105795161,
      0.4594842737463349,
      -0.1087973312613909,
      -0.562057687610327,
      -0.42110698843355954,
      0.16504076720592212,
      0.5767063466418202,
      0.3786742126216722,
      -0.21969477034179966,
      -0.5858010082953947,
      -0.33259459713785566,
      0.27223299274190826,
      0.5892540860076791,
      0.28331191386890237,
      -0.32214946260421995,
      -0.5870323247526603,
      -0.23130078199534543,
      0.368963457036844,
      0.5791571213057618,
      0.17706209714930457,
      -0.412224131682265,
      -0.5657043181812017,
      -0.12111820751572756,
      0.45151486259494855,
      0.5468034732271201,
      0.0640078833338273,
      -0.48645725855771216,
      -0.5226366119126765,
      -0.006281128245153476,
      0.5167148051959773,
      0.49343647432328097,
      -0.051506117542140455
    ],
    "fit": {
      "A": 3.4037685912352444e-09,
      "I0": 4.7330379739750205e-17,
      "phi0": 2.361624106630091,
      "R2": 0.0,
      "visibility_fit": 1.0,
      "visibility_fourier": 0.00014105254109468237,
      "visibility": 0.00014105254109468237
    },
    "cycles": 8,
    "per_cycle_V": [
      9.364695453896331e-05,
      0.00038775392915442355,
      0.00054189860619897,
      0.00018516090914561556,
      0.00043897507681953406,
      0.0003804159986696888,
      0.00027435727405669685,
      0.0001968603129513139
    ]
  },
  "diagnostics": {
    "measured_link_count": 58,
    "selection_policy": "uniform",
    "num_links": 288,
    "visibility_qc": {
      "r2_ok": false,
      "v_in_unit_interval": true,
      "i0_very_small": true
    },
    "hybrid_knobs": {
      "kick_passes": 3,
      "loop_measurement_cycles": 4
    }
  },
  "artifacts": {
    "kernel_hash": "c5f37351f163441ec05d09116a3864130c1bfed1c4688da9e07e9067e5bf8f54",
    "flip_counts_hash": "f9f0d5ea10777d9547c57c830847aa737adfb2a8c3d087b6a31b748452bdd993",
    "pivot_fit_hash": "e730f86cf82cf01e0490c7477184968845e3929e6af95e60cac897b00c6a8382",
    "config_hash": "09be816148e3d54a4ba01072548fde7efe2f97f681380c3e050adf0677f43c72"
  }
}