{
  "sim": "MICC",
  "gauge": "SU2",
  "rep": "fundamental",
  "L": 8,
  "b": 3.5,
  "kappa": 1.0,
  "seed": 0,
  "measurement_model": "dephasing",
  "f": 0.3,
  "schedule": "during",
  "sigma": 0.33240751250913425,
  "sigma_err": 0.02686188739710124,
  "visibility": 9.62771529167128e-05,
  "visibility_err": 1.3358217722264554e-05,
  "coherence": {
    "C": 0.481288061555589,
    "P_entropy": 0.2152590149654971
  },
  "twist_scan": {
    "phi_values": [
      0.0,
      0.09817477042468103,
      0.19634954084936207,
      0.2945243112740431,
      0.39269908169872414,
      0.4908738521234052,
      0.5890486225480862,
      0.6872233929727672,
      0.7853981633974483,
      0.8835729338221293,
      0.9817477042468103,
      1.0799224746714913,
      1.1780972450961724,
      1.2762720155208536,
      1.3744467859455345,
      1.4726215563702154,
      1.5707963267948966,
      1.6689710972195777,
      1.7671458676442586,
      1.8653206380689396,
      1.9634954084936207,
      2.061670178918302,
      2.1598449493429825,
      2.2580197197676637,
      2.356194490192345,
      2.454369260617026,
      2.552544031041707,
      2.650718801466388,
      2.748893571891069,
      2.84706834231575,
      2.945243112740431,
      3.043417883165112,
      3.141592653589793,
      3.2397674240144743,
      3.3379421944391554,
      3.436116964863836,
      3.5342917352885173,
      3.6324665057131984,
      3.730641276137879,
      3.8288160465625602,
      3.9269908169872414,
      4.025165587411922,
      4.123340357836604,
      4.221515128261284,
      4.319689898685965,
      4.417864669110647,
      4.516039439535327,
      4.614214209960009,
      4.71238898038469,
      4.81056375080937,
      4.908738521234052,
      5.006913291658733,
      5.105088062083414,
      5.203262832508095,
      5.301437602932776,
      5.399612373357457,
      5.497787143782138,
      5.595961914206819,
      5.6941366846315,
      5.792311455056181,
      5.890486225480862,
      5.988660995905543,
      6.086835766330224,
      6.1850105367549055
    ],
    "mean_I": [
      0.4014966207057778,
      -0.04710384538613814,
      -0.4743201504599115,
      -0.6862050237060574,
      -0.5865671624897026,
      -0.22064007270166117,
      0.24545299723150588,
      0.6001155380399995,
      0.6823381710291399,
      0.4547935398278722,
      0.020782149788435844,
      -0.4226639017682497,
      -0.6742293784403127,
      -0.619708813228995,
      -0.28385340289374533,
      0.1808655179100951,
      0.5634752748884838,
      0.6902790374903839,
      0.5037105485459866,
      0.08846800149986919,
      -0.3669371686509695,
      -0.6557605356889187,
      -0.6468823293295948,
      -0.3443330696459086,
      0.11453620478006185,
      0.5214084368128744,
      0.6915721394756899,
      0.5477765493254078,
      0.15530185799532834,
      -0.3076766300113196,
      -0.6309763605036662,
      -0.6678260149768982,
      -0.4014966207057783,
      0.04710384538613814,
      0.4743201504599119,
      0.6862050237060575,
      0.5865671624897033,
      0.22064007270166117,
      -0.24545299723150465,
      -0.6001155380399986,
      -0.6823381710291399,
      -0.45479353982787446,
      -0.02078214978843526,
      0.4226639017682497,
      0.6742293784403119,
      0.619708813228995,
      0.28385340289374666,
      -0.1808655179100967,
      -0.5634752748884834,
      -0.6902790374903838,
      -0.5037105485459862,
      -0.08846800149986965,
      0.36693716865097076,
      0.6557605356889182,
      0.6468823293295951,
      0.3443330696459072,
      -0.11453620478006123,
      -0.5214084368128723,
      -0.6915721394756893,
      -0.5477765493254079,
      -0.15530185799533094,
      0.30767663001131934,
      0.6309763605036656,
      0.6678260149768983
    ],
    "fit": {
      "A": 0.012893877893987181,
      "I0": -1.2970732183209608e-16,
      "phi0": -1.2823888371962455,
      "R2": 0.00026032213348403666,
      "visibility_fit": 1.0,
      "visibility_fourier": 9.62771529167128e-05,
      "visibility": 9.62771529167128e-05
    },
    "cycles": 8,
    "per_cycle_V": [
      9.837461974722735e-05,
      0.00014507325973852616,
      6.199058067287446e-05,
      0.0001229705143848477,
      0.00017202923500732597,
      0.00012582202413998237,
      0.0001147313373933035,
      0.0001762431243604141
    ]
  },
  "diagnostics": {
    "measured_link_count": 38,
    "selection_policy": "uniform",
    "num_links": 128,
    "visibility_qc": {
      "r2_ok": false,
      "v_in_unit_interval": true,
      "i0_very_small": true
    },
    "hybrid_knobs": {
      "kick_passes": 3,
      "loop_measurement_cycles": 4
    }
  },
  "artifacts": {
    "kernel_hash": "bb669db8d373312f24e4630fcfc599d4f7b832920772c12cef62ec22cd65bc64",
    "flip_counts_hash": "051ffecc2b526e5161a7cdb343471ea2bcf4c30d07d6aca6b7e9329b81a2e42c",
    "pivot_fit_hash": "18f843e4852e0cb06a5603a8f3e251da6d346190d1181f60fc167ac1ef296fd4",
    "config_hash": "09be816148e3d54a4ba01072548fde7efe2f97f681380c3e050adf0677f43c72"
  }
}