{
  "sim": "MICC",
  "gauge": "SU2",
  "rep": "fundamental",
  "L": 8,
  "b": 3.0,
  "kappa": 1.0,
  "seed": 3,
  "measurement_model": "dephasing",
  "f": 0.1,
  "schedule": "during",
  "sigma": 0.18476592951663395,
  "sigma_err": 0.006014583860925761,
  "visibility": 0.00019627375292811936,
  "visibility_err": 1.2028915118321802e-05,
  "coherence": {
    "C": 0.5889417972332903,
    "P_entropy": 0.3347788708668773
  },
  "twist_scan": {
    "phi_values": [
      0.0,
      0.09817477042468103,
      0.19634954084936207,
      0.2945243112740431,
      0.39269908169872414,
      0.4908738521234052,
      0.5890486225480862,
      0.6872233929727672,
      0.7853981633974483,
      0.8835729338221293,
      0.9817477042468103,
      1.0799224746714913,
      1.1780972450961724,
      1.2762720155208536,
      1.3744467859455345,
      1.4726215563702154,
      1.5707963267948966,
      1.6689710972195777,
      1.7671458676442586,
      1.8653206380689396,
      1.9634954084936207,
      2.061670178918302,
      2.1598449493429825,
      2.2580197197676637,
      2.356194490192345,
      2.454369260617026,
      2.552544031041707,
      2.650718801466388,
      2.748893571891069,
      2.84706834231575,
      2.945243112740431,
      3.043417883165112,
      3.141592653589793,
      3.2397674240144743,
      3.3379421944391554,
      3.436116964863836,
      3.5342917352885173,
      3.6324665057131984,
      3.730641276137879,
      3.8288160465625602,
      3.9269908169872414,
      4.025165587411922,
      4.123340357836604,
      4.221515128261284,
      4.319689898685965,
      4.417864669110647,
      4.516039439535327,
      4.614214209960009,
      4.71238898038469,
      4.81056375080937,
      4.908738521234052,
      5.006913291658733,
      5.105088062083414,
      5.203262832508095,
      5.301437602932776,
      5.399612373357457,
      5.497787143782138,
      5.595961914206819,
      5.6941366846315,
      5.792311455056181,
      5.890486225480862,
      5.988660995905543,
      6.086835766330224,
      6.1850105367549055
    ],
    "mean_I": [
      0.7849434197387312,
      0.36381487634480286,
      -0.22247801473192289,
      -0.7077705384071334,
      -0.8717500348098507,
      -0.6399732408475555,
      -0.11766197528532678,
      0.45806536712982415,
      0.825840609514915,
      0.8187014808031415,
      0.4398889961738477,
      -0.13862389607989095,
      -0.6542044376850998,
      -0.8727898418538553,
      -0.6951469049985798,
      -0.20192180651945726,
      0.3829715705957241,
      0.7940038613419372,
      0.8445749990596644,
      0.5117267445019528,
      -0.05343475352908181,
      -0.5943379906036357,
      -0.865424205605346,
      -0.743625924448516,
      -0.28423702037511644,
      0.3041895484832316,
      0.7545204219375745,
      0.8623147983835839,
      0.5786362845422091,
      0.03226899490862097,
      -0.5287477437744615,
      -0.8497240611678638,
      -0.7849434197387314,
      -0.363814876344803,
      0.22247801473192366,
      0.7077705384071328,
      0.8717500348098514,
      0.6399732408475555,
      0.11766197528532862,
      -0.4580653671298225,
      -0.8258406095149142,
      -0.8187014808031432,
      -0.4398889961738468,
      0.13862389607989073,
      0.6542044376850975,
      0.8727898418538548,
      0.6951469049985812,
      0.2019218065194554,
      -0.38297157059572345,
      -0.7940038613419357,
      -0.844574999059664,
      -0.5117267445019533,
      0.0534347535290839,
      0.594337990603635,
      0.8654242056053459,
      0.7436259244485146,
      0.28423702037511744,
      -0.30418954848322816,
      -0.7545204219375738,
      -0.8623147983835839,
      -0.5786362845422117,
      -0.03226899490862159,
      0.5287477437744605,
      0.849724061167865
    ],
    "fit": {
      "A": 0.05477768540383696,
      "I0": -2.1939340548394642e-16,
      "phi0": -2.7895917925225135,
      "R2": 0.0027411588273469345,
      "visibility_fit": 1.0,
      "visibility_fourier": 0.00019627375292811936,
      "visibility": 0.00019627375292811936
    },
    "cycles": 16,
    "per_cycle_V": [
      0.0002336811604961745,
      0.0001945687118920406,
      0.00014523388913080512,
      0.00023592398714241766,
      0.00020941723505802493,
      0.000167401377193603,
      0.00019344901378726123,
      0.00014086886580698163,
      0.00012662293152120488,
      0.00012263663776441636,
      0.0001366625119006682,
      0.0002211862780206157,
      5.624371430438772e-05,
      0.00016800026655033453,
      0.00020659978076526642,
      0.00016669476016387092
    ]
  },
  "diagnostics": {
    "measured_link_count": 13,
    "selection_policy": "uniform",
    "num_links": 128,
    "creutz_sizes": [
      [
        2,
        2
      ],
      [
        3,
        3
      ]
    ],
    "loop_sizes_measured": [
      [
        1,
        1
      ],
      [
        1,
        2
      ],
      [
        2,
        1
      ],
      [
        2,
        2
      ],
      [
        2,
        3
      ],
      [
        3,
        2
      ],
      [
        3,
        3
      ]
    ],
    "visibility_qc": {
      "r2_ok": false,
      "v_in_unit_interval": true,
      "i0_very_small": true
    },
    "hybrid_knobs": {
      "kick_passes": 3,
      "loop_measurement_cycles": 6
    }
  },
  "artifacts": {
    "kernel_hash": "bb669db8d373312f24e4630fcfc599d4f7b832920772c12cef62ec22cd65bc64",
    "flip_counts_hash": "c1b27689be21b2ac0fdae0da5c804f2dab3460dc84baee0f4b6cda147a262623",
    "pivot_fit_hash": "e730f86cf82cf01e0490c7477184968845e3929e6af95e60cac897b00c6a8382",
    "config_hash": "3e53227bb97f97d3e0f7892c2fd75b0f2e140b1e74473c1589a222acbe454fae"
  }
}