{
  "sim": "MICC",
  "gauge": "SU2",
  "rep": "fundamental",
  "L": 8,
  "b": 3.5,
  "kappa": 1.0,
  "seed": 4,
  "measurement_model": "dephasing",
  "f": 0.2,
  "schedule": "during",
  "sigma": 0.3488110380245375,
  "sigma_err": 0.04455706128318904,
  "visibility": 8.741117365843378e-05,
  "visibility_err": 1.6413932512165264e-05,
  "coherence": {
    "C": 0.4728204128617289,
    "P_entropy": 0.268122439178067
  },
  "twist_scan": {
    "phi_values": [
      0.0,
      0.09817477042468103,
      0.19634954084936207,
      0.2945243112740431,
      0.39269908169872414,
      0.4908738521234052,
      0.5890486225480862,
      0.6872233929727672,
      0.7853981633974483,
      0.8835729338221293,
      0.9817477042468103,
      1.0799224746714913,
      1.1780972450961724,
      1.2762720155208536,
      1.3744467859455345,
      1.4726215563702154,
      1.5707963267948966,
      1.6689710972195777,
      1.7671458676442586,
      1.8653206380689396,
      1.9634954084936207,
      2.061670178918302,
      2.1598449493429825,
      2.2580197197676637,
      2.356194490192345,
      2.454369260617026,
      2.552544031041707,
      2.650718801466388,
      2.748893571891069,
      2.84706834231575,
      2.945243112740431,
      3.043417883165112,
      3.141592653589793,
      3.2397674240144743,
      3.3379421944391554,
      3.436116964863836,
      3.5342917352885173,
      3.6324665057131984,
      3.730641276137879,
      3.8288160465625602,
      3.9269908169872414,
      4.025165587411922,
      4.123340357836604,
      4.221515128261284,
      4.319689898685965,
      4.417864669110647,
      4.516039439535327,
      4.614214209960009,
      4.71238898038469,
      4.81056375080937,
      4.908738521234052,
      5.006913291658733,
      5.105088062083414,
      5.203262832508095,
      5.301437602932776,
      5.399612373357457,
      5.497787143782138,
      5.595961914206819,
      5.6941366846315,
      5.792311455056181,
      5.890486225480862,
      5.988660995905543,
      6.086835766330224,
      6.1850105367549055
    ],
    "mean_I": [
      0.35576946930472025,
      0.0061321239823005635,
      -0.34628907742545095,
      -0.5415022774527241,
      -0.49088476455591856,
      -0.21741583134373813,
      0.1547553438453999,
      0.456670828356216,
      0.5512673042849503,
      0.3955999492625105,
      0.060338487974427917,
      -0.30231538537384095,
      -0.5277243941871552,
      -0.5135575610285358,
      -0.26624633196990466,
      0.10193516546409191,
      0.42384022890791206,
      0.5533306895388502,
      0.4316205854519726,
      0.11396375934298938,
      -0.2554302308986816,
      -0.5088642365220659,
      -0.5312845174493285,
      -0.3125127348741511,
      0.04813329571593593,
      0.3869278163605878,
      0.5500651977711676,
      0.46348447945571986,
      0.16649149741014885,
      -0.20608514366759986,
      -0.4851034380857805,
      -0.5438949135374237,
      -0.35576946930472064,
      -0.006132123982300633,
      0.3462890774254513,
      0.5415022774527238,
      0.49088476455591895,
      0.21741583134373813,
      -0.15475534384539874,
      -0.45667082835621525,
      -0.5512673042849504,
      -0.39559994926251196,
      -0.06033848797442758,
      0.30231538537384084,
      0.5277243941871546,
      0.5135575610285359,
      0.2662463319699059,
      -0.1019351654640931,
      -0.4238402289079116,
      -0.5533306895388499,
      -0.4316205854519726,
      -0.11396375934298972,
      0.2554302308986826,
      0.5088642365220656,
      0.5312845174493286,
      0.31251273487415016,
      -0.04813329571593531,
      -0.38692781636058593,
      -0.5500651977711671,
      -0.4634844794557199,
      -0.16649149741015093,
      0.20608514366759947,
      0.48510343808577977,
      0.5438949135374237
    ],
    "fit": {
      "A": 0.0009423540360703929,
      "I0": 2.1724404722306343e-17,
      "phi0": -1.4091110622235554,
      "R2": 2.849270811289273e-06,
      "visibility_fit": 1.0,
      "visibility_fourier": 8.741117365843378e-05,
      "visibility": 8.741117365843378e-05
    },
    "cycles": 8,
    "per_cycle_V": [
      5.070960877471649e-05,
      0.00017375296287485353,
      0.00019920827534863079,
      0.00015420785530587846,
      0.0001048683026896351,
      0.00011039712600120294,
      0.00013001839969471748,
      0.0001562382566178732
    ]
  },
  "diagnostics": {
    "measured_link_count": 26,
    "selection_policy": "uniform",
    "num_links": 128,
    "visibility_qc": {
      "r2_ok": false,
      "v_in_unit_interval": true,
      "i0_very_small": true
    },
    "hybrid_knobs": {
      "kick_passes": 3,
      "loop_measurement_cycles": 4
    }
  },
  "artifacts": {
    "kernel_hash": "bb669db8d373312f24e4630fcfc599d4f7b832920772c12cef62ec22cd65bc64",
    "flip_counts_hash": "b3326e9c852a05e144e201e0a4a89d13606dfe15c97d7e29e97870d36629453e",
    "pivot_fit_hash": "18f843e4852e0cb06a5603a8f3e251da6d346190d1181f60fc167ac1ef296fd4",
    "config_hash": "09be816148e3d54a4ba01072548fde7efe2f97f681380c3e050adf0677f43c72"
  }
}