{
  "sim": "MICC",
  "gauge": "SU2",
  "rep": "fundamental",
  "L": 12,
  "b": 3.5,
  "kappa": 0.75,
  "seed": 2,
  "measurement_model": "dephasing",
  "f": 0.3,
  "schedule": "during",
  "sigma": 0.3000219822663207,
  "sigma_err": 0.03210584317317472,
  "visibility": 8.413270122952421e-05,
  "visibility_err": 5.546534715233533e-05,
  "coherence": {
    "C": 0.46812187806984523,
    "P_entropy": 0.20862978369824034
  },
  "twist_scan": {
    "phi_values": [
      0.0,
      0.09817477042468103,
      0.19634954084936207,
      0.2945243112740431,
      0.39269908169872414,
      0.4908738521234052,
      0.5890486225480862,
      0.6872233929727672,
      0.7853981633974483,
      0.8835729338221293,
      0.9817477042468103,
      1.0799224746714913,
      1.1780972450961724,
      1.2762720155208536,
      1.3744467859455345,
      1.4726215563702154,
      1.5707963267948966,
      1.6689710972195777,
      1.7671458676442586,
      1.8653206380689396,
      1.9634954084936207,
      2.061670178918302,
      2.1598449493429825,
      2.2580197197676637,
      2.356194490192345,
      2.454369260617026,
      2.552544031041707,
      2.650718801466388,
      2.748893571891069,
      2.84706834231575,
      2.945243112740431,
      3.043417883165112,
      3.141592653589793,
      3.2397674240144743,
      3.3379421944391554,
      3.436116964863836,
      3.5342917352885173,
      3.6324665057131984,
      3.730641276137879,
      3.8288160465625602,
      3.9269908169872414,
      4.025165587411922,
      4.123340357836604,
      4.221515128261284,
      4.319689898685965,
      4.417864669110647,
      4.516039439535327,
      4.614214209960009,
      4.71238898038469,
      4.81056375080937,
      4.908738521234052,
      5.006913291658733,
      5.105088062083414,
      5.203262832508095,
      5.301437602932776,
      5.399612373357457,
      5.497787143782138,
      5.595961914206819,
      5.6941366846315,
      5.792311455056181,
      5.890486225480862,
      5.988660995905543,
      6.086835766330224,
      6.1850105367549055
    ],
    "mean_I": [
      -0.027774946209071366,
      -0.15415827259431852,
      -0.11756446710231729,
      0.04331926027687906,
      0.1584055829747909,
      0.10602448954179335,
      -0.058446386187503765,
      -0.16112736099791597,
      -0.09346343818810059,
      0.07301064144909802,
      0.16229739445345623,
      0.08000228283234402,
      -0.08687176432186142,
      -0.16190441527962904,
      -0.06577066175921537,
      0.09989626461526768,
      0.15995220808070265,
      0.05090563325944436,
      -0.11195870927157651,
      -0.15645957367918806,
      -0.03555035568353525,
      0.12294293035474385,
      0.15146014805363966,
      0.019852708748592796,
      -0.13274314381115263,
      -0.14500207840579526,
      -0.003963869375806103,
      0.14126496822787613,
      0.13714755947670465,
      -0.01196314422594029,
      -0.14842633377727854,
      -0.12797223457737095,
      0.02777494620907124,
      0.15415827259431852,
      0.11756446710231698,
      -0.0433192602768785,
      -0.15840558297479101,
      -0.10602448954179335,
      0.058446386187503196,
      0.161127360997916,
      0.09346343818810081,
      -0.07301064144909747,
      -0.1622973944534563,
      -0.08000228283234406,
      0.08687176432186046,
      0.16190441527962907,
      0.06577066175921585,
      -0.0998962646152683,
      -0.15995220808070282,
      -0.050905633259445277,
      0.11195870927157658,
      0.1564595736791879,
      0.03555035568353496,
      -0.12294293035474371,
      -0.1514601480536399,
      -0.019852708748592365,
      0.13274314381115235,
      0.14500207840579593,
      0.003963869375806159,
      -0.14126496822787588,
      -0.1371475594767052,
      0.011963144225940137,
      0.14842633377727824,
      0.12797223457737059
    ],
    "fit": {
      "A": 1.6721309733163286e-12,
      "I0": -3.1890451680211955e-17,
      "phi0": -2.393488730467085,
      "R2": -2.220446049250313e-16,
      "visibility_fit": 1.0,
      "visibility_fourier": 8.413270122952421e-05,
      "visibility": 8.413270122952421e-05
    },
    "cycles": 8,
    "per_cycle_V": [
      0.0005142571945037275,
      9.07056782140752e-05,
      0.00042506040738652854,
      0.00014613923237559115,
      0.00042190618320472005,
      0.0002695657161882858,
      0.0004357802241491952,
      0.00019837922605743223
    ]
  },
  "diagnostics": {
    "measured_link_count": 86,
    "selection_policy": "uniform",
    "num_links": 288,
    "visibility_qc": {
      "r2_ok": false,
      "v_in_unit_interval": true,
      "i0_very_small": true
    },
    "hybrid_knobs": {
      "kick_passes": 3,
      "loop_measurement_cycles": 4
    }
  },
  "artifacts": {
    "kernel_hash": "c5f37351f163441ec05d09116a3864130c1bfed1c4688da9e07e9067e5bf8f54",
    "flip_counts_hash": "3c718ce239e2c926749d06c4b85bf1839d5fe51eaf7ab8de2413bea26f16d7e1",
    "pivot_fit_hash": "32e5af21ae29df0c4428cd8be3189fb5b9433eb374572ce92302aca28369a080",
    "config_hash": "09be816148e3d54a4ba01072548fde7efe2f97f681380c3e050adf0677f43c72"
  }
}