{
  "sim": "MICC",
  "gauge": "SU2",
  "rep": "fundamental",
  "L": 12,
  "b": 3.5,
  "kappa": 0.75,
  "seed": 3,
  "measurement_model": "dephasing",
  "f": 0.0,
  "schedule": "pre",
  "sigma": 0.14305657200397587,
  "sigma_err": 0.017071176593973215,
  "visibility": 0.00029179600999932985,
  "visibility_err": 2.09954847897913e-19,
  "coherence": {
    "C": 0.46518447719862316,
    "P_entropy": 0.3605680553151701
  },
  "twist_scan": {
    "phi_values": [
      0.0,
      0.09817477042468103,
      0.19634954084936207,
      0.2945243112740431,
      0.39269908169872414,
      0.4908738521234052,
      0.5890486225480862,
      0.6872233929727672,
      0.7853981633974483,
      0.8835729338221293,
      0.9817477042468103,
      1.0799224746714913,
      1.1780972450961724,
      1.2762720155208536,
      1.3744467859455345,
      1.4726215563702154,
      1.5707963267948966,
      1.6689710972195777,
      1.7671458676442586,
      1.8653206380689396,
      1.9634954084936207,
      2.061670178918302,
      2.1598449493429825,
      2.2580197197676637,
      2.356194490192345,
      2.454369260617026,
      2.552544031041707,
      2.650718801466388,
      2.748893571891069,
      2.84706834231575,
      2.945243112740431,
      3.043417883165112,
      3.141592653589793,
      3.2397674240144743,
      3.3379421944391554,
      3.436116964863836,
      3.5342917352885173,
      3.6324665057131984,
      3.730641276137879,
      3.8288160465625602,
      3.9269908169872414,
      4.025165587411922,
      4.123340357836604,
      4.221515128261284,
      4.319689898685965,
      4.417864669110647,
      4.516039439535327,
      4.614214209960009,
      4.71238898038469,
      4.81056375080937,
      4.908738521234052,
      5.006913291658733,
      5.105088062083414,
      5.203262832508095,
      5.301437602932776,
      5.399612373357457,
      5.497787143782138,
      5.595961914206819,
      5.6941366846315,
      5.792311455056181,
      5.890486225480862,
      5.988660995905543,
      6.086835766330224,
      6.1850105367549055
    ],
    "mean_I": [
      -0.665700905063378,
      -0.9719153481864923,
      -0.2506145421490538,
      0.7356375934460808,
      0.9441688642230784,
      0.15451864976885438,
      -0.7984896896634835,
      -0.9073295179619957,
      -0.056934658322894995,
      0.8536518936705627,
      0.8617520924461695,
      -0.041197645006362096,
      -0.9005929632880002,
      -0.8078755231984741,
      0.13893319249328753,
      0.9388608303547819,
      0.7462186710326946,
      -0.23533073738789445,
      -0.9680869543917114,
      -0.6773753251402505,
      0.32946191863658625,
      0.987989871847688,
      0.6020084845756861,
      -0.42042020150660275,
      -0.9983779067475674,
      -0.5208439732133429,
      0.507329608011055,
      0.9991510166365889,
      0.43466344966668014,
      -0.5893531530557811,
      -0.9903017560438966,
      -0.3442968794885156,
      0.6657009050633766,
      0.9719153481864923,
      0.25061454214905277,
      -0.7356375934460798,
      -0.9441688642230802,
      -0.15451864976885438,
      0.7984896896634831,
      0.9073295179619957,
      0.05693465832289679,
      -0.8536518936705607,
      -0.8617520924461679,
      0.04119764500636125,
      0.9005929632879979,
      0.8078755231984741,
      -0.13893319249328348,
      -0.9388608303547836,
      -0.7462186710326946,
      0.23533073738788787,
      0.9680869543917118,
      0.6773753251402516,
      -0.3294619186365893,
      -0.9879898718476867,
      -0.6020084845756878,
      0.42042020150660553,
      0.9983779067475678,
      0.5208439732133482,
      -0.5073296080110541,
      -0.9991510166365881,
      -0.43466344966668563,
      0.5893531530557811,
      0.9903017560438964,
      0.34429687948851223
    ],
    "fit": {
      "A": 2.900528259434785e-16,
      "I0": -1.0679986407780009e-16,
      "phi0": -2.29227532471624,
      "R2": 0.0,
      "visibility_fit": 0.0002900528259434785,
      "visibility_fourier": 0.00029179600999932985,
      "visibility": 0.00029179600999932985
    },
    "cycles": 16,
    "per_cycle_V": [
      0.00027864130830486313,
      0.00027864130830486313,
      0.00027864130830486313,
      0.00027864130830486313,
      0.00027864130830486313,
      0.00027864130830486313,
      0.00027864130830486313,
      0.00027864130830486313,
      0.00027864130830486313,
      0.00027864130830486313,
      0.00027864130830486313,
      0.00027864130830486313,
      0.00027864130830486313,
      0.00027864130830486313,
      0.00027864130830486313,
      0.00027864130830486313
    ]
  },
  "diagnostics": {
    "measured_link_count": 0,
    "selection_policy": "uniform",
    "num_links": 288,
    "creutz_sizes": [
      [
        2,
        2
      ],
      [
        3,
        3
      ]
    ],
    "loop_sizes_measured": [
      [
        1,
        1
      ],
      [
        1,
        2
      ],
      [
        2,
        1
      ],
      [
        2,
        2
      ],
      [
        2,
        3
      ],
      [
        3,
        2
      ],
      [
        3,
        3
      ]
    ],
    "visibility_qc": {
      "r2_ok": false,
      "v_in_unit_interval": true,
      "i0_very_small": true
    },
    "hybrid_knobs": {
      "kick_passes": 3,
      "loop_measurement_cycles": 6
    }
  },
  "artifacts": {
    "kernel_hash": "c5f37351f163441ec05d09116a3864130c1bfed1c4688da9e07e9067e5bf8f54",
    "flip_counts_hash": "f9f0d5ea10777d9547c57c830847aa737adfb2a8c3d087b6a31b748452bdd993",
    "pivot_fit_hash": "32e5af21ae29df0c4428cd8be3189fb5b9433eb374572ce92302aca28369a080",
    "config_hash": "3e53227bb97f97d3e0f7892c2fd75b0f2e140b1e74473c1589a222acbe454fae"
  }
}