{
  "sim": "MICC",
  "gauge": "SU2",
  "rep": "fundamental",
  "L": 8,
  "b": 3.0,
  "kappa": 0.75,
  "seed": 3,
  "measurement_model": "dephasing",
  "f": 0.5,
  "schedule": "during",
  "sigma": 0.4176124140824069,
  "sigma_err": 0.06433513071844714,
  "visibility": 3.590084652148327e-05,
  "visibility_err": 1.4959075897264734e-05,
  "coherence": {
    "C": 0.5801855292739605,
    "P_entropy": 0.16713554866325386
  },
  "twist_scan": {
    "phi_values": [
      0.0,
      0.09817477042468103,
      0.19634954084936207,
      0.2945243112740431,
      0.39269908169872414,
      0.4908738521234052,
      0.5890486225480862,
      0.6872233929727672,
      0.7853981633974483,
      0.8835729338221293,
      0.9817477042468103,
      1.0799224746714913,
      1.1780972450961724,
      1.2762720155208536,
      1.3744467859455345,
      1.4726215563702154,
      1.5707963267948966,
      1.6689710972195777,
      1.7671458676442586,
      1.8653206380689396,
      1.9634954084936207,
      2.061670178918302,
      2.1598449493429825,
      2.2580197197676637,
      2.356194490192345,
      2.454369260617026,
      2.552544031041707,
      2.650718801466388,
      2.748893571891069,
      2.84706834231575,
      2.945243112740431,
      3.043417883165112,
      3.141592653589793,
      3.2397674240144743,
      3.3379421944391554,
      3.436116964863836,
      3.5342917352885173,
      3.6324665057131984,
      3.730641276137879,
      3.8288160465625602,
      3.9269908169872414,
      4.025165587411922,
      4.123340357836604,
      4.221515128261284,
      4.319689898685965,
      4.417864669110647,
      4.516039439535327,
      4.614214209960009,
      4.71238898038469,
      4.81056375080937,
      4.908738521234052,
      5.006913291658733,
      5.105088062083414,
      5.203262832508095,
      5.301437602932776,
      5.399612373357457,
      5.497787143782138,
      5.595961914206819,
      5.6941366846315,
      5.792311455056181,
      5.890486225480862,
      5.988660995905543,
      6.086835766330224,
      6.1850105367549055
    ],
    "mean_I": [
      0.29782944604877193,
      0.25643027232969534,
      0.09861711609024358,
      -0.1039661490932053,
      -0.2593509561800769,
      -0.2969958513404358,
      -0.19981083920296763,
      -0.011915883457714119,
      0.1813886342552375,
      0.29234650425869135,
      0.27058517333680765,
      0.12598383076994948,
      -0.07581153705710193,
      -0.24319005203122213,
      -0.30016536769082286,
      -0.22087188189372955,
      -0.04130717942468246,
      0.15701011890531022,
      0.28404810581974427,
      0.28213419120778455,
      0.15213725228957276,
      -0.04692681847633706,
      -0.2246870947401005,
      -0.3004441274632664,
      -0.23980580762100207,
      -0.07030066467298968,
      0.13111951027986324,
      0.2730141688452634,
      0.29096610258719313,
      0.17682550890296572,
      -0.01759016898083567,
      -0.2040202779001724,
      -0.297829446048772,
      -0.2564302723296953,
      -0.0986171160902435,
      0.10396614909320494,
      0.25935095618007686,
      0.2969958513404358,
      0.19981083920296816,
      0.011915883457714646,
      -0.1813886342552372,
      -0.29234650425869135,
      -0.27058517333680737,
      -0.1259838307699497,
      0.07581153705710068,
      0.24319005203122174,
      0.30016536769082275,
      0.22087188189372908,
      0.041307179424682657,
      -0.15701011890530925,
      -0.2840481058197444,
      -0.2821341912077846,
      -0.15213725228957223,
      0.04692681847633681,
      0.2246870947401002,
      0.3004441274632664,
      0.23980580762100234,
      0.0703006646729908,
      -0.13111951027986304,
      -0.27301416884526314,
      -0.29096610258719335,
      -0.17682550890296592,
      0.017590168980835458,
      0.20402027790017313
    ],
    "fit": {
      "A": 0.0006972934159206376,
      "I0": -1.039841237275697e-18,
      "phi0": -2.061464848514107,
      "R2": 4.68280753740391e-06,
      "visibility_fit": 1.0,
      "visibility_fourier": 3.590084652148327e-05,
      "visibility": 3.590084652148327e-05
    },
    "cycles": 16,
    "per_cycle_V": [
      0.000210517556652098,
      5.604098292302627e-05,
      0.00010306651905207068,
      0.0001230706535680512,
      0.00013903851946810644,
      3.049847413990031e-05,
      4.533987781983997e-05,
      7.082454739426789e-05,
      9.221838987132079e-05,
      3.435740716491484e-05,
      0.00011644008288259832,
      0.00017133029145642022,
      0.00017109960710114634,
      4.1179705565924486e-05,
      6.942281208919284e-05,
      0.00019996227279404593
    ]
  },
  "diagnostics": {
    "measured_link_count": 64,
    "selection_policy": "uniform",
    "num_links": 128,
    "creutz_sizes": [
      [
        2,
        2
      ],
      [
        3,
        3
      ]
    ],
    "loop_sizes_measured": [
      [
        1,
        1
      ],
      [
        1,
        2
      ],
      [
        2,
        1
      ],
      [
        2,
        2
      ],
      [
        2,
        3
      ],
      [
        3,
        2
      ],
      [
        3,
        3
      ]
    ],
    "visibility_qc": {
      "r2_ok": false,
      "v_in_unit_interval": true,
      "i0_very_small": true
    },
    "hybrid_knobs": {
      "kick_passes": 3,
      "loop_measurement_cycles": 6
    }
  },
  "artifacts": {
    "kernel_hash": "bb669db8d373312f24e4630fcfc599d4f7b832920772c12cef62ec22cd65bc64",
    "flip_counts_hash": "c1b27689be21b2ac0fdae0da5c804f2dab3460dc84baee0f4b6cda147a262623",
    "pivot_fit_hash": "d04f83ead3fcfaea1653e658999e83d0abac9536c46d06a4e4ad9b696714687e",
    "config_hash": "3e53227bb97f97d3e0f7892c2fd75b0f2e140b1e74473c1589a222acbe454fae"
  }
}