{
  "sim": "MICC",
  "gauge": "SU2",
  "rep": "fundamental",
  "L": 8,
  "b": 3.0,
  "kappa": 1.0,
  "seed": 0,
  "measurement_model": "dephasing",
  "f": 0.3,
  "schedule": "during",
  "sigma": 0.30226860871944533,
  "sigma_err": 0.03121583087109023,
  "visibility": 8.462397638790646e-05,
  "visibility_err": 1.7716951143696045e-05,
  "coherence": {
    "C": 0.5777948060927885,
    "P_entropy": 0.24480886051883963
  },
  "twist_scan": {
    "phi_values": [
      0.0,
      0.09817477042468103,
      0.19634954084936207,
      0.2945243112740431,
      0.39269908169872414,
      0.4908738521234052,
      0.5890486225480862,
      0.6872233929727672,
      0.7853981633974483,
      0.8835729338221293,
      0.9817477042468103,
      1.0799224746714913,
      1.1780972450961724,
      1.2762720155208536,
      1.3744467859455345,
      1.4726215563702154,
      1.5707963267948966,
      1.6689710972195777,
      1.7671458676442586,
      1.8653206380689396,
      1.9634954084936207,
      2.061670178918302,
      2.1598449493429825,
      2.2580197197676637,
      2.356194490192345,
      2.454369260617026,
      2.552544031041707,
      2.650718801466388,
      2.748893571891069,
      2.84706834231575,
      2.945243112740431,
      3.043417883165112,
      3.141592653589793,
      3.2397674240144743,
      3.3379421944391554,
      3.436116964863836,
      3.5342917352885173,
      3.6324665057131984,
      3.730641276137879,
      3.8288160465625602,
      3.9269908169872414,
      4.025165587411922,
      4.123340357836604,
      4.221515128261284,
      4.319689898685965,
      4.417864669110647,
      4.516039439535327,
      4.614214209960009,
      4.71238898038469,
      4.81056375080937,
      4.908738521234052,
      5.006913291658733,
      5.105088062083414,
      5.203262832508095,
      5.301437602932776,
      5.399612373357457,
      5.497787143782138,
      5.595961914206819,
      5.6941366846315,
      5.792311455056181,
      5.890486225480862,
      5.988660995905543,
      6.086835766330224,
      6.1850105367549055
    ],
    "mean_I": [
      0.41492238502565126,
      0.1117788331130419,
      -0.24210997210351065,
      -0.4860859117117905,
      -0.5093890098676305,
      -0.3014401471997551,
      0.043356240170405035,
      0.3684698009402119,
      0.5263057755801368,
      0.445209931437044,
      0.16199808630334905,
      -0.1947575031625488,
      -0.4630972579343027,
      -0.5212005394511223,
      -0.3426896726537272,
      -0.008604858990449535,
      0.3293863807550683,
      0.517843090028422,
      0.47120986283219374,
      0.2106572093653931,
      -0.1455294130008516,
      -0.4356487244081953,
      -0.5279926229225022,
      -0.3806389092268136,
      -0.06048308865533087,
      0.28713078966234185,
      0.5043932924379055,
      0.49267178565875613,
      0.2572875883443031,
      -0.09489979503748636,
      -0.4040046555162185,
      -0.5296998488050113,
      -0.41492238502565154,
      -0.11177883311304199,
      0.24210997210351107,
      0.4860859117117902,
      0.5093890098676309,
      0.3014401471997551,
      -0.04335624017040394,
      -0.3684698009402113,
      -0.5263057755801365,
      -0.4452099314370453,
      -0.16199808630334867,
      0.19475750316254864,
      0.4630972579343017,
      0.521200539451122,
      0.34268967265372813,
      0.008604858990448348,
      -0.3293863807550679,
      -0.5178430900284214,
      -0.47120986283219357,
      -0.21065720936539353,
      0.14552941300085273,
      0.435648724408195,
      0.5279926229225023,
      0.3806389092268127,
      0.06048308865533144,
      -0.28713078966233985,
      -0.5043932924379053,
      -0.4926717856587562,
      -0.25728758834430504,
      0.094899795037486,
      0.404004655516218,
      0.5296998488050116
    ],
    "fit": {
      "A": 6.472807043396298e-05,
      "I0": -3.0533001781406124e-17,
      "phi0": 1.686645623162632,
      "R2": 1.3615581218040518e-08,
      "visibility_fit": 1.0,
      "visibility_fourier": 8.462397638790646e-05,
      "visibility": 8.462397638790646e-05
    },
    "cycles": 16,
    "per_cycle_V": [
      0.00012367032072513963,
      0.0001677275828864812,
      9.092520458407145e-05,
      0.00010035285348391794,
      0.00018257964584655895,
      0.00014888141892185813,
      0.00021083921873650335,
      0.0002047810801022516,
      0.0002706477880472707,
      4.4316987602980624e-05,
      0.00023769310311036403,
      9.377565376205881e-06,
      0.00012876232586158862,
      0.00021654630780848776,
      0.0001677275828864812,
      0.00010281072513407349
    ]
  },
  "diagnostics": {
    "measured_link_count": 38,
    "selection_policy": "uniform",
    "num_links": 128,
    "creutz_sizes": [
      [
        2,
        2
      ],
      [
        3,
        3
      ]
    ],
    "loop_sizes_measured": [
      [
        1,
        1
      ],
      [
        1,
        2
      ],
      [
        2,
        1
      ],
      [
        2,
        2
      ],
      [
        2,
        3
      ],
      [
        3,
        2
      ],
      [
        3,
        3
      ]
    ],
    "visibility_qc": {
      "r2_ok": false,
      "v_in_unit_interval": true,
      "i0_very_small": true
    },
    "hybrid_knobs": {
      "kick_passes": 3,
      "loop_measurement_cycles": 6
    }
  },
  "artifacts": {
    "kernel_hash": "bb669db8d373312f24e4630fcfc599d4f7b832920772c12cef62ec22cd65bc64",
    "flip_counts_hash": "051ffecc2b526e5161a7cdb343471ea2bcf4c30d07d6aca6b7e9329b81a2e42c",
    "pivot_fit_hash": "e730f86cf82cf01e0490c7477184968845e3929e6af95e60cac897b00c6a8382",
    "config_hash": "3e53227bb97f97d3e0f7892c2fd75b0f2e140b1e74473c1589a222acbe454fae"
  }
}