{
  "sim": "MICC",
  "gauge": "SU2",
  "rep": "fundamental",
  "L": 12,
  "b": 3.0,
  "kappa": 1.0,
  "seed": 0,
  "measurement_model": "dephasing",
  "f": 0.2,
  "schedule": "during",
  "sigma": 0.22955034627456058,
  "sigma_err": 0.006615761853381532,
  "visibility": 8.597977867992059e-05,
  "visibility_err": 3.1304874444160226e-05,
  "coherence": {
    "C": 0.5911169312298862,
    "P_entropy": 0.2858087219772177
  },
  "twist_scan": {
    "phi_values": [
      0.0,
      0.09817477042468103,
      0.19634954084936207,
      0.2945243112740431,
      0.39269908169872414,
      0.4908738521234052,
      0.5890486225480862,
      0.6872233929727672,
      0.7853981633974483,
      0.8835729338221293,
      0.9817477042468103,
      1.0799224746714913,
      1.1780972450961724,
      1.2762720155208536,
      1.3744467859455345,
      1.4726215563702154,
      1.5707963267948966,
      1.6689710972195777,
      1.7671458676442586,
      1.8653206380689396,
      1.9634954084936207,
      2.061670178918302,
      2.1598449493429825,
      2.2580197197676637,
      2.356194490192345,
      2.454369260617026,
      2.552544031041707,
      2.650718801466388,
      2.748893571891069,
      2.84706834231575,
      2.945243112740431,
      3.043417883165112,
      3.141592653589793,
      3.2397674240144743,
      3.3379421944391554,
      3.436116964863836,
      3.5342917352885173,
      3.6324665057131984,
      3.730641276137879,
      3.8288160465625602,
      3.9269908169872414,
      4.025165587411922,
      4.123340357836604,
      4.221515128261284,
      4.319689898685965,
      4.417864669110647,
      4.516039439535327,
      4.614214209960009,
      4.71238898038469,
      4.81056375080937,
      4.908738521234052,
      5.006913291658733,
      5.105088062083414,
      5.203262832508095,
      5.301437602932776,
      5.399612373357457,
      5.497787143782138,
      5.595961914206819,
      5.6941366846315,
      5.792311455056181,
      5.890486225480862,
      5.988660995905543,
      6.086835766330224,
      6.1850105367549055
    ],
    "mean_I": [
      -0.43876280189351785,
      -0.31183229904826854,
      0.14476934547691306,
      0.448319893148773,
      0.27790372389210993,
      -0.1863140759597058,
      -0.4535594187564225,
      -0.24129878395724214,
      0.22606450004137227,
      0.45443091922064865,
      0.20237000482553308,
      -0.263637799408213,
      -0.4509260015155707,
      -0.16149229192065567,
      0.29867212264767323,
      0.4430784199146706,
      0.11905931996391639,
      -0.33083007007524595,
      -0.4309637509186902,
      -0.0754797416714806,
      0.3598019430778806,
      0.41469866541261247,
      0.03117325220532376,
      -0.3853087266809261,
      -0.3944398050612606,
      0.013433452720605081,
      0.4071047766148599,
      0.37038227376443855,
      -0.05791078615336017,
      -0.42498018500388235,
      -0.3427577586997187,
      0.10183040705820233,
      0.43876280189351785,
      0.3118322990482686,
      -0.14476934547691364,
      -0.44831989314877296,
      -0.27790372389211077,
      0.1863140759597058,
      0.45355941875642297,
      0.24129878395724297,
      -0.22606450004137157,
      -0.45443091922064915,
      -0.20237000482553258,
      0.26363779940821297,
      0.45092600151557094,
      0.1614922919206561,
      -0.2986721226476718,
      -0.44307841991467056,
      -0.11905931996391714,
      0.330830070075244,
      0.43096375091868994,
      0.07547974167148104,
      -0.35980194307788144,
      -0.4146986654126125,
      -0.03117325220532469,
      0.38530872668092675,
      0.39443980506126103,
      -0.013433452720601799,
      -0.4071047766148594,
      -0.37038227376443883,
      0.057910786153357506,
      0.42498018500388235,
      0.34275775869971914,
      -0.10183040705820404
    ],
    "fit": {
      "A": 7.97411854255091e-09,
      "I0": 1.6613753693078653e-17,
      "phi0": 0.8930679369820218,
      "R2": 2.220446049250313e-16,
      "visibility_fit": 1.0,
      "visibility_fourier": 8.597977867992059e-05,
      "visibility": 8.597977867992059e-05
    },
    "cycles": 16,
    "per_cycle_V": [
      0.000376362290760983,
      9.31758073613161e-05,
      0.0004307479970185428,
      0.0002757665241868124,
      7.248570638085434e-05,
      0.0002596451318551065,
      0.0005070931205833325,
      0.00037391666751429407,
      0.000278132753470992,
      0.00022230430687850713,
      0.00015890753676624537,
      0.00010704540593512485,
      0.00027398182312017956,
      0.0002435118079402443,
      0.00024307805453318136,
      0.00011822875464326767
    ]
  },
  "diagnostics": {
    "measured_link_count": 58,
    "selection_policy": "uniform",
    "num_links": 288,
    "creutz_sizes": [
      [
        2,
        2
      ],
      [
        3,
        3
      ]
    ],
    "loop_sizes_measured": [
      [
        1,
        1
      ],
      [
        1,
        2
      ],
      [
        2,
        1
      ],
      [
        2,
        2
      ],
      [
        2,
        3
      ],
      [
        3,
        2
      ],
      [
        3,
        3
      ]
    ],
    "visibility_qc": {
      "r2_ok": false,
      "v_in_unit_interval": true,
      "i0_very_small": true
    },
    "hybrid_knobs": {
      "kick_passes": 3,
      "loop_measurement_cycles": 6
    }
  },
  "artifacts": {
    "kernel_hash": "c5f37351f163441ec05d09116a3864130c1bfed1c4688da9e07e9067e5bf8f54",
    "flip_counts_hash": "526d3d4f7381a97e02c3ef4c6b8d2598448ee2e98060a326f334d01ae3e48798",
    "pivot_fit_hash": "e730f86cf82cf01e0490c7477184968845e3929e6af95e60cac897b00c6a8382",
    "config_hash": "3e53227bb97f97d3e0f7892c2fd75b0f2e140b1e74473c1589a222acbe454fae"
  }
}