{
  "sim": "MICC",
  "gauge": "SU2",
  "rep": "fundamental",
  "L": 12,
  "b": 3.5,
  "kappa": 0.75,
  "seed": 0,
  "measurement_model": "dephasing",
  "f": 0.5,
  "schedule": "during",
  "sigma": 0.4328168836652836,
  "sigma_err": 0.07400106195896383,
  "visibility": 5.827816120029292e-05,
  "visibility_err": 3.621760250280167e-05,
  "coherence": {
    "C": 0.49700871341062713,
    "P_entropy": 0.13310669470889627
  },
  "twist_scan": {
    "phi_values": [
      0.0,
      0.09817477042468103,
      0.19634954084936207,
      0.2945243112740431,
      0.39269908169872414,
      0.4908738521234052,
      0.5890486225480862,
      0.6872233929727672,
      0.7853981633974483,
      0.8835729338221293,
      0.9817477042468103,
      1.0799224746714913,
      1.1780972450961724,
      1.2762720155208536,
      1.3744467859455345,
      1.4726215563702154,
      1.5707963267948966,
      1.6689710972195777,
      1.7671458676442586,
      1.8653206380689396,
      1.9634954084936207,
      2.061670178918302,
      2.1598449493429825,
      2.2580197197676637,
      2.356194490192345,
      2.454369260617026,
      2.552544031041707,
      2.650718801466388,
      2.748893571891069,
      2.84706834231575,
      2.945243112740431,
      3.043417883165112,
      3.141592653589793,
      3.2397674240144743,
      3.3379421944391554,
      3.436116964863836,
      3.5342917352885173,
      3.6324665057131984,
      3.730641276137879,
      3.8288160465625602,
      3.9269908169872414,
      4.025165587411922,
      4.123340357836604,
      4.221515128261284,
      4.319689898685965,
      4.417864669110647,
      4.516039439535327,
      4.614214209960009,
      4.71238898038469,
      4.81056375080937,
      4.908738521234052,
      5.006913291658733,
      5.105088062083414,
      5.203262832508095,
      5.301437602932776,
      5.399612373357457,
      5.497787143782138,
      5.595961914206819,
      5.6941366846315,
      5.792311455056181,
      5.890486225480862,
      5.988660995905543,
      6.086835766330224,
      6.1850105367549055
    ],
    "mean_I": [
      -0.23178889289075294,
      -0.02277995739116679,
      0.21031209773229045,
      0.2210608305632306,
      -0.001897389397187253,
      -0.22284967690387508,
      -0.20820383159324218,
      0.02655646328842723,
      0.2332410918648505,
      0.19334171590921895,
      -0.05095978392096026,
      -0.24138626760861637,
      -0.17661761380965724,
      0.07487233397688325,
      0.24720676164015487,
      0.15819258754009988,
      -0.09806382252722726,
      -0.25064651942013705,
      -0.13824408017566597,
      0.12031090285949539,
      0.2516724142007778,
      0.11696420674723926,
      -0.14139932342859757,
      -0.2502745660545293,
      -0.09455790406869749,
      0.16112599121635007,
      0.24646643702318077,
      0.07124095708336589,
      -0.17930092762826172,
      -0.24028470147103936,
      -0.04723792073705285,
      0.19574909809125612,
      0.23178889289075305,
      0.02277995739116665,
      -0.2103120977322907,
      -0.221060830563231,
      0.001897389397186588,
      0.22284967690387508,
      0.2082038315932429,
      -0.02655646328842641,
      -0.23324109186485031,
      -0.19334171590921992,
      0.05095978392096061,
      0.24138626760861637,
      0.1766176138096584,
      -0.07487233397688292,
      -0.2472067616401547,
      -0.15819258754009927,
      0.09806382252722673,
      0.25064651942013694,
      0.1382440801756658,
      -0.12031090285949503,
      -0.2516724142007777,
      -0.11696420674723962,
      0.14139932342859696,
      0.2502745660545291,
      0.09455790406869792,
      -0.16112599121634869,
      -0.2464664370231805,
      -0.0712409570833662,
      0.17930092762826078,
      0.24028470147103959,
      0.0472379207370533,
      -0.19574909809125685
    ],
    "fit": {
      "A": 3.3942536055196543e-14,
      "I0": 2.5659570234461418e-17,
      "phi0": -2.961698580759174,
      "R2": 0.0,
      "visibility_fit": 0.033942536055196544,
      "visibility_fourier": 5.827816120029292e-05,
      "visibility": 5.827816120029292e-05
    },
    "cycles": 8,
    "per_cycle_V": [
      0.00022625883650579222,
      0.00044554562414920345,
      0.0003692690098621044,
      0.00029400652378543373,
      0.0003245428406475786,
      0.0004396987524676247,
      0.00018589941774705643,
      0.0002010371627573369
    ]
  },
  "diagnostics": {
    "measured_link_count": 144,
    "selection_policy": "uniform",
    "num_links": 288,
    "visibility_qc": {
      "r2_ok": false,
      "v_in_unit_interval": true,
      "i0_very_small": true
    },
    "hybrid_knobs": {
      "kick_passes": 3,
      "loop_measurement_cycles": 4
    }
  },
  "artifacts": {
    "kernel_hash": "c5f37351f163441ec05d09116a3864130c1bfed1c4688da9e07e9067e5bf8f54",
    "flip_counts_hash": "526d3d4f7381a97e02c3ef4c6b8d2598448ee2e98060a326f334d01ae3e48798",
    "pivot_fit_hash": "32e5af21ae29df0c4428cd8be3189fb5b9433eb374572ce92302aca28369a080",
    "config_hash": "09be816148e3d54a4ba01072548fde7efe2f97f681380c3e050adf0677f43c72"
  }
}