{
  "sim": "MICC",
  "gauge": "SU2",
  "rep": "fundamental",
  "L": 12,
  "b": 3.0,
  "kappa": 0.75,
  "seed": 4,
  "measurement_model": "dephasing",
  "f": 0.5,
  "schedule": "during",
  "sigma": 0.3815564955246669,
  "sigma_err": 0.07741857809434677,
  "visibility": 0.00012481726607366822,
  "visibility_err": 4.8548269711039076e-05,
  "coherence": {
    "C": 0.5762092722313612,
    "P_entropy": 0.15279078332120136
  },
  "twist_scan": {
    "phi_values": [
      0.0,
      0.09817477042468103,
      0.19634954084936207,
      0.2945243112740431,
      0.39269908169872414,
      0.4908738521234052,
      0.5890486225480862,
      0.6872233929727672,
      0.7853981633974483,
      0.8835729338221293,
      0.9817477042468103,
      1.0799224746714913,
      1.1780972450961724,
      1.2762720155208536,
      1.3744467859455345,
      1.4726215563702154,
      1.5707963267948966,
      1.6689710972195777,
      1.7671458676442586,
      1.8653206380689396,
      1.9634954084936207,
      2.061670178918302,
      2.1598449493429825,
      2.2580197197676637,
      2.356194490192345,
      2.454369260617026,
      2.552544031041707,
      2.650718801466388,
      2.748893571891069,
      2.84706834231575,
      2.945243112740431,
      3.043417883165112,
      3.141592653589793,
      3.2397674240144743,
      3.3379421944391554,
      3.436116964863836,
      3.5342917352885173,
      3.6324665057131984,
      3.730641276137879,
      3.8288160465625602,
      3.9269908169872414,
      4.025165587411922,
      4.123340357836604,
      4.221515128261284,
      4.319689898685965,
      4.417864669110647,
      4.516039439535327,
      4.614214209960009,
      4.71238898038469,
      4.81056375080937,
      4.908738521234052,
      5.006913291658733,
      5.105088062083414,
      5.203262832508095,
      5.301437602932776,
      5.399612373357457,
      5.497787143782138,
      5.595961914206819,
      5.6941366846315,
      5.792311455056181,
      5.890486225480862,
      5.988660995905543,
      6.086835766330224,
      6.1850105367549055
    ],
    "mean_I": [
      0.3565465663527707,
      0.3725105228492712,
      -0.005346076543785494,
      -0.3775507689243959,
      -0.3506063243704275,
      0.04700141448684245,
      0.3949189512010348,
      0.32532559532698413,
      -0.08820410311480431,
      -0.4084838480929489,
      -0.2969118029594818,
      0.12855733801250224,
      0.4181148222277427,
      0.2656385876209769,
      -0.1676724954685515,
      -0.4237191220596713,
      -0.23180712747085966,
      0.20517287513412918,
      0.4252427751177319,
      0.1957432379645328,
      -0.24069732785326153,
      -0.4226711077900621,
      -0.1577942340724688,
      0.27390373372662363,
      0.41602888663884274,
      0.11832558544718223,
      -0.3044722969131881,
      -0.4053800798847687,
      -0.077717396750697,
      0.3321086254389888,
      0.3908272413581107,
      0.036360747038851685,
      -0.35654656635277043,
      -0.3725105228492711,
      0.005346076543786021,
      0.37755076892439543,
      0.35060632437042816,
      -0.04700141448684245,
      -0.3949189512010346,
      -0.3253255953269848,
      0.08820410311480352,
      0.4084838480929487,
      0.2969118029594813,
      -0.12855733801250205,
      -0.4181148222277422,
      -0.2656385876209774,
      0.1676724954685499,
      0.4237191220596717,
      0.2318071274708602,
      -0.2051728751341268,
      -0.4252427751177321,
      -0.19574323796453336,
      0.2406973278532627,
      0.42267110779006184,
      0.15779423407246948,
      -0.27390373372662474,
      -0.4160288866388431,
      -0.11832558544718527,
      0.3044722969131875,
      0.40538007988476854,
      0.0777173967506995,
      -0.3321086254389885,
      -0.3908272413581108,
      -0.03636074703885013
    ],
    "fit": {
      "A": 8.664222005222368e-17,
      "I0": -1.3212635733805258e-17,
      "phi0": 0.7771252164281087,
      "R2": 0.0,
      "visibility_fit": 8.664222005222369e-05,
      "visibility_fourier": 0.00012481726607366822,
      "visibility": 0.00012481726607366822
    },
    "cycles": 8,
    "per_cycle_V": [
      0.00046795451918051073,
      0.0003718466364295195,
      0.0004560987390584076,
      0.00018258788662721577,
      0.00030119573250390045,
      6.918025513062135e-05,
      0.0003174650602083022,
      0.0004021164227874603
    ]
  },
  "diagnostics": {
    "measured_link_count": 144,
    "selection_policy": "uniform",
    "num_links": 288,
    "visibility_qc": {
      "r2_ok": false,
      "v_in_unit_interval": true,
      "i0_very_small": true
    },
    "hybrid_knobs": {
      "kick_passes": 3,
      "loop_measurement_cycles": 4
    }
  },
  "artifacts": {
    "kernel_hash": "c5f37351f163441ec05d09116a3864130c1bfed1c4688da9e07e9067e5bf8f54",
    "flip_counts_hash": "7a11042fb34eaa3744d5206ec23f7fdadc3f7966920f4b324b412fb9e9cc0219",
    "pivot_fit_hash": "d04f83ead3fcfaea1653e658999e83d0abac9536c46d06a4e4ad9b696714687e",
    "config_hash": "09be816148e3d54a4ba01072548fde7efe2f97f681380c3e050adf0677f43c72"
  }
}