{
  "sim": "MICC",
  "gauge": "SU2",
  "rep": "fundamental",
  "L": 8,
  "b": 3.5,
  "kappa": 0.75,
  "seed": 1,
  "measurement_model": "dephasing",
  "f": 0.3,
  "schedule": "post",
  "sigma": 0.1916623511581849,
  "sigma_err": 0.04051208073434935,
  "visibility": 0.0001671039414390377,
  "visibility_err": 7.171323298281502e-20,
  "coherence": {
    "C": 0.46650364901573216,
    "P_entropy": 0.3606971363933126
  },
  "twist_scan": {
    "phi_values": [
      0.0,
      0.09817477042468103,
      0.19634954084936207,
      0.2945243112740431,
      0.39269908169872414,
      0.4908738521234052,
      0.5890486225480862,
      0.6872233929727672,
      0.7853981633974483,
      0.8835729338221293,
      0.9817477042468103,
      1.0799224746714913,
      1.1780972450961724,
      1.2762720155208536,
      1.3744467859455345,
      1.4726215563702154,
      1.5707963267948966,
      1.6689710972195777,
      1.7671458676442586,
      1.8653206380689396,
      1.9634954084936207,
      2.061670178918302,
      2.1598449493429825,
      2.2580197197676637,
      2.356194490192345,
      2.454369260617026,
      2.552544031041707,
      2.650718801466388,
      2.748893571891069,
      2.84706834231575,
      2.945243112740431,
      3.043417883165112,
      3.141592653589793,
      3.2397674240144743,
      3.3379421944391554,
      3.436116964863836,
      3.5342917352885173,
      3.6324665057131984,
      3.730641276137879,
      3.8288160465625602,
      3.9269908169872414,
      4.025165587411922,
      4.123340357836604,
      4.221515128261284,
      4.319689898685965,
      4.417864669110647,
      4.516039439535327,
      4.614214209960009,
      4.71238898038469,
      4.81056375080937,
      4.908738521234052,
      5.006913291658733,
      5.105088062083414,
      5.203262832508095,
      5.301437602932776,
      5.399612373357457,
      5.497787143782138,
      5.595961914206819,
      5.6941366846315,
      5.792311455056181,
      5.890486225480862,
      5.988660995905543,
      6.086835766330224,
      6.1850105367549055
    ],
    "mean_I": [
      0.796721996402876,
      0.232481402244251,
      -0.43730088810840956,
      -0.9085577177894689,
      -0.9673483385608928,
      -0.5869830377118231,
      0.05986029036518715,
      0.6795282980990597,
      0.9907046652075399,
      0.8521218267022572,
      0.3266934939512524,
      -0.3470468549624286,
      -0.8632351873364917,
      -0.9875327920808675,
      -0.6635111552975101,
      -0.038269325854656554,
      0.604345977439923,
      0.9726008418722181,
      0.8993152579933226,
      0.41775934872267356,
      -0.2534505708880533,
      -0.80959923013711,
      -0.9982067649727658,
      -0.7336492977455897,
      -0.13603038754637628,
      0.5233434746489235,
      0.9451303407519644,
      0.9378477917341844,
      0.5048019525954041,
      -0.1574134192658493,
      -0.7481663897795479,
      -0.9992674610426525,
      -0.7967219964028767,
      -0.232481402244251,
      0.4373008881084105,
      0.9085577177894687,
      0.9673483385608935,
      0.5869830377118231,
      -0.059860290365184914,
      -0.679528298099058,
      -0.99070466520754,
      -0.8521218267022597,
      -0.3266934939512514,
      0.34704685496242854,
      0.8632351873364897,
      0.9875327920808681,
      0.6635111552975118,
      0.03826932585465393,
      -0.6043459774399219,
      -0.9726008418722171,
      -0.8993152579933225,
      -0.4177593487226741,
      0.25345057088805545,
      0.8095992301371095,
      0.9982067649727666,
      0.7336492977455877,
      0.13603038754637728,
      -0.5233434746489195,
      -0.9451303407519641,
      -0.9378477917341852,
      -0.5048019525954074,
      0.15741341926584895,
      0.7481663897795466,
      0.9992674610426533
    ],
    "fit": {
      "A": 1.700362784398156e-16,
      "I0": 5.173351843268392e-17,
      "phi0": -2.734583788038556,
      "R2": 0.0,
      "visibility_fit": 0.00017003627843981562,
      "visibility_fourier": 0.0001671039414390377,
      "visibility": 0.0001671039414390377
    },
    "cycles": 8,
    "per_cycle_V": [
      0.00015956155892049258,
      0.00015956155892049258,
      0.00015956155892049258,
      0.00015956155892049258,
      0.00015956155892049258,
      0.00015956155892049258,
      0.00015956155892049258,
      0.00015956155892049258
    ]
  },
  "diagnostics": {
    "measured_link_count": 38,
    "selection_policy": "uniform",
    "num_links": 128,
    "visibility_qc": {
      "r2_ok": false,
      "v_in_unit_interval": true,
      "i0_very_small": true
    },
    "hybrid_knobs": {
      "kick_passes": 3,
      "loop_measurement_cycles": 4
    }
  },
  "artifacts": {
    "kernel_hash": "bb669db8d373312f24e4630fcfc599d4f7b832920772c12cef62ec22cd65bc64",
    "flip_counts_hash": "2f22c538feb77f48a899689bff9bdbb91197c5203a770852a4a789b6ab244652",
    "pivot_fit_hash": "32e5af21ae29df0c4428cd8be3189fb5b9433eb374572ce92302aca28369a080",
    "config_hash": "09be816148e3d54a4ba01072548fde7efe2f97f681380c3e050adf0677f43c72"
  }
}