{
  "sim": "MICC",
  "gauge": "SU2",
  "rep": "fundamental",
  "L": 12,
  "b": 3.5,
  "kappa": 1.0,
  "seed": 4,
  "measurement_model": "dephasing",
  "f": 0.2,
  "schedule": "during",
  "sigma": 0.22871566679731006,
  "sigma_err": 0.023381895972673535,
  "visibility": 0.00023974443675666985,
  "visibility_err": 3.677481747470243e-05,
  "coherence": {
    "C": 0.46956909369699296,
    "P_entropy": 0.26208484581833474
  },
  "twist_scan": {
    "phi_values": [
      0.0,
      0.09817477042468103,
      0.19634954084936207,
      0.2945243112740431,
      0.39269908169872414,
      0.4908738521234052,
      0.5890486225480862,
      0.6872233929727672,
      0.7853981633974483,
      0.8835729338221293,
      0.9817477042468103,
      1.0799224746714913,
      1.1780972450961724,
      1.2762720155208536,
      1.3744467859455345,
      1.4726215563702154,
      1.5707963267948966,
      1.6689710972195777,
      1.7671458676442586,
      1.8653206380689396,
      1.9634954084936207,
      2.061670178918302,
      2.1598449493429825,
      2.2580197197676637,
      2.356194490192345,
      2.454369260617026,
      2.552544031041707,
      2.650718801466388,
      2.748893571891069,
      2.84706834231575,
      2.945243112740431,
      3.043417883165112,
      3.141592653589793,
      3.2397674240144743,
      3.3379421944391554,
      3.436116964863836,
      3.5342917352885173,
      3.6324665057131984,
      3.730641276137879,
      3.8288160465625602,
      3.9269908169872414,
      4.025165587411922,
      4.123340357836604,
      4.221515128261284,
      4.319689898685965,
      4.417864669110647,
      4.516039439535327,
      4.614214209960009,
      4.71238898038469,
      4.81056375080937,
      4.908738521234052,
      5.006913291658733,
      5.105088062083414,
      5.203262832508095,
      5.301437602932776,
      5.399612373357457,
      5.497787143782138,
      5.595961914206819,
      5.6941366846315,
      5.792311455056181,
      5.890486225480862,
      5.988660995905543,
      6.086835766330224,
      6.1850105367549055
    ],
    "mean_I": [
      -0.26673140857574273,
      -0.5878632516063818,
      -0.28750222843859463,
      0.31680802697406907,
      0.5861867686703122,
      0.23584503286945313,
      -0.3638336108877515,
      -0.5788649867096651,
      -0.18191652070776942,
      0.40735527823690154,
      0.5659684184872135,
      0.1262360530059851,
      -0.4469538915735839,
      -0.5476212650049207,
      -0.06933986310610518,
      0.48224809460456136,
      0.5240002193803963,
      0.011775892419488714,
      -0.5128979848608737,
      -0.4953327651955814,
      0.045901486548483986,
      0.5386083871444168,
      0.4618949857054998,
      -0.10313680910868939,
      -0.5591316962264636,
      -0.42400890500558974,
      0.15937886781686575,
      0.5742702614213738,
      0.3820393867636324,
      -0.2140860209026115,
      -0.5838782900707388,
      -0.33639062038316836,
      0.2667314085757422,
      0.5878632516063815,
      0.287502228438594,
      -0.3168080269740681,
      -0.5861867686703128,
      -0.23584503286945313,
      0.3638336108877501,
      0.578864986709665,
      0.18191652070777034,
      -0.4073552782368999,
      -0.5659684184872128,
      -0.12623605300598534,
      0.4469538915735817,
      0.5476212650049208,
      0.06933986310610749,
      -0.48224809460456297,
      -0.5240002193803965,
      -0.011775892419492295,
      0.512897984860874,
      0.495332765195582,
      -0.04590148654848586,
      -0.5386083871444163,
      -0.4618949857055006,
      0.10313680910869122,
      0.5591316962264635,
      0.42400890500559224,
      -0.15937886781686536,
      -0.5742702614213733,
      -0.38203938676363486,
      0.214086020902611,
      0.5838782900707382,
      0.33639062038316686
    ],
    "fit": {
      "A": 3.377774645715573e-15,
      "I0": -1.0371353586982937e-16,
      "phi0": 1.0851642106956654,
      "R2": 2.220446049250313e-16,
      "visibility_fit": 0.003377774645715573,
      "visibility_fourier": 0.00023974443675666985,
      "visibility": 0.00023974443675666985
    },
    "cycles": 16,
    "per_cycle_V": [
      0.0003025638229112891,
      0.00042224267179112476,
      0.0001573775007006056,
      0.0003345859146808488,
      0.00041874532350371155,
      0.0004771239078012114,
      3.857627286774843e-05,
      0.0004715744546906778,
      0.00029937560832095426,
      0.00037978412030038416,
      0.0004414692317425688,
      7.399090045385078e-05,
      0.0004281698187140629,
      0.0003888954453501403,
      0.00015312205360994643,
      0.0004888277926265991
    ]
  },
  "diagnostics": {
    "measured_link_count": 58,
    "selection_policy": "uniform",
    "num_links": 288,
    "creutz_sizes": [
      [
        2,
        2
      ],
      [
        3,
        3
      ]
    ],
    "loop_sizes_measured": [
      [
        1,
        1
      ],
      [
        1,
        2
      ],
      [
        2,
        1
      ],
      [
        2,
        2
      ],
      [
        2,
        3
      ],
      [
        3,
        2
      ],
      [
        3,
        3
      ]
    ],
    "visibility_qc": {
      "r2_ok": false,
      "v_in_unit_interval": true,
      "i0_very_small": true
    },
    "hybrid_knobs": {
      "kick_passes": 3,
      "loop_measurement_cycles": 6
    }
  },
  "artifacts": {
    "kernel_hash": "c5f37351f163441ec05d09116a3864130c1bfed1c4688da9e07e9067e5bf8f54",
    "flip_counts_hash": "7a11042fb34eaa3744d5206ec23f7fdadc3f7966920f4b324b412fb9e9cc0219",
    "pivot_fit_hash": "18f843e4852e0cb06a5603a8f3e251da6d346190d1181f60fc167ac1ef296fd4",
    "config_hash": "3e53227bb97f97d3e0f7892c2fd75b0f2e140b1e74473c1589a222acbe454fae"
  }
}