{
  "sim": "MICC",
  "gauge": "SU2",
  "rep": "fundamental",
  "L": 8,
  "b": 3.0,
  "kappa": 0.75,
  "seed": 2,
  "measurement_model": "dephasing",
  "f": 0.5,
  "schedule": "during",
  "sigma": 0.3893428328036162,
  "sigma_err": 0.03766295946228562,
  "visibility": 1.576612730218966e-05,
  "visibility_err": 1.4912226826940381e-05,
  "coherence": {
    "C": 0.5808346721819859,
    "P_entropy": 0.17360730093028565
  },
  "twist_scan": {
    "phi_values": [
      0.0,
      0.09817477042468103,
      0.19634954084936207,
      0.2945243112740431,
      0.39269908169872414,
      0.4908738521234052,
      0.5890486225480862,
      0.6872233929727672,
      0.7853981633974483,
      0.8835729338221293,
      0.9817477042468103,
      1.0799224746714913,
      1.1780972450961724,
      1.2762720155208536,
      1.3744467859455345,
      1.4726215563702154,
      1.5707963267948966,
      1.6689710972195777,
      1.7671458676442586,
      1.8653206380689396,
      1.9634954084936207,
      2.061670178918302,
      2.1598449493429825,
      2.2580197197676637,
      2.356194490192345,
      2.454369260617026,
      2.552544031041707,
      2.650718801466388,
      2.748893571891069,
      2.84706834231575,
      2.945243112740431,
      3.043417883165112,
      3.141592653589793,
      3.2397674240144743,
      3.3379421944391554,
      3.436116964863836,
      3.5342917352885173,
      3.6324665057131984,
      3.730641276137879,
      3.8288160465625602,
      3.9269908169872414,
      4.025165587411922,
      4.123340357836604,
      4.221515128261284,
      4.319689898685965,
      4.417864669110647,
      4.516039439535327,
      4.614214209960009,
      4.71238898038469,
      4.81056375080937,
      4.908738521234052,
      5.006913291658733,
      5.105088062083414,
      5.203262832508095,
      5.301437602932776,
      5.399612373357457,
      5.497787143782138,
      5.595961914206819,
      5.6941366846315,
      5.792311455056181,
      5.890486225480862,
      5.988660995905543,
      6.086835766330224,
      6.1850105367549055
    ],
    "mean_I": [
      -0.0972307617570304,
      -0.10810596147140751,
      -0.06990331481942419,
      3.397531116508534e-05,
      0.06995584136079798,
      0.10811921798019916,
      0.09719873005539875,
      0.042152050792612944,
      -0.032030778268664954,
      -0.09167230365465691,
      -0.10969651974912087,
      -0.07792080927250769,
      -0.010770680455144094,
      0.061269112109195466,
      0.10549400871246704,
      0.10182683089455798,
      0.05193240071611898,
      -0.02153825365099307,
      -0.08523099115491056,
      -0.11023064057543253,
      -0.08518788373644948,
      -0.021471608680817295,
      0.05199232781487737,
      0.10185283447194263,
      0.10547428368799469,
      0.06121261323159074,
      -0.010838303876655072,
      -0.07796885761834306,
      -0.10970318007480526,
      -0.09163455231157508,
      -0.03196575357731952,
      0.042214828981805,
      0.09723076175703034,
      0.10810596147140757,
      0.06990331481942413,
      -3.397531116484248e-05,
      -0.06995584136079784,
      -0.10811921798019916,
      -0.09719873005539886,
      -0.04215205079261306,
      0.03203077826866495,
      0.09167230365465687,
      0.10969651974912079,
      0.07792080927250766,
      0.010770680455144566,
      -0.06126911210919528,
      -0.10549400871246686,
      -0.10182683089455791,
      -0.05193240071611904,
      0.02153825365099266,
      0.08523099115491051,
      0.11023064057543244,
      0.08518788373644937,
      0.021471608680817454,
      -0.05199232781487731,
      -0.10185283447194275,
      -0.10547428368799477,
      -0.06121261323159113,
      0.01083830387665509,
      0.07796885761834287,
      0.10970318007480509,
      0.0916345523115752,
      0.03196575357731947,
      -0.042214828981805216
    ],
    "fit": {
      "A": 5.036111919923331e-05,
      "I0": -1.5470049891597168e-17,
      "phi0": -0.9679200632793957,
      "R2": 1.8611801810841655e-07,
      "visibility_fit": 1.0,
      "visibility_fourier": 1.576612730218966e-05,
      "visibility": 1.576612730218966e-05
    },
    "cycles": 16,
    "per_cycle_V": [
      0.00015401976255226531,
      0.00014930782693944208,
      7.596010486365994e-05,
      0.00014953152939695903,
      0.000196992821761936,
      6.623969530163392e-05,
      8.155045578788739e-05,
      0.00015370729266615468,
      0.00017685673864194137,
      7.802172470780047e-05,
      0.00011745067605497087,
      0.00025018537765542006,
      0.00013337096991292003,
      7.027771385307666e-05,
      0.00022713991524419102,
      5.686689488471877e-05
    ]
  },
  "diagnostics": {
    "measured_link_count": 64,
    "selection_policy": "uniform",
    "num_links": 128,
    "creutz_sizes": [
      [
        2,
        2
      ],
      [
        3,
        3
      ]
    ],
    "loop_sizes_measured": [
      [
        1,
        1
      ],
      [
        1,
        2
      ],
      [
        2,
        1
      ],
      [
        2,
        2
      ],
      [
        2,
        3
      ],
      [
        3,
        2
      ],
      [
        3,
        3
      ]
    ],
    "visibility_qc": {
      "r2_ok": false,
      "v_in_unit_interval": true,
      "i0_very_small": true
    },
    "hybrid_knobs": {
      "kick_passes": 3,
      "loop_measurement_cycles": 6
    }
  },
  "artifacts": {
    "kernel_hash": "bb669db8d373312f24e4630fcfc599d4f7b832920772c12cef62ec22cd65bc64",
    "flip_counts_hash": "2268e99a6015a7b96d81d3b1a331fda63562012ba66381118831ac9c8b2f0d5d",
    "pivot_fit_hash": "d04f83ead3fcfaea1653e658999e83d0abac9536c46d06a4e4ad9b696714687e",
    "config_hash": "3e53227bb97f97d3e0f7892c2fd75b0f2e140b1e74473c1589a222acbe454fae"
  }
}