{
  "sim": "MICC",
  "gauge": "SU2",
  "rep": "fundamental",
  "L": 8,
  "b": 3.5,
  "kappa": 1.0,
  "seed": 0,
  "measurement_model": "dephasing",
  "f": 0.5,
  "schedule": "during",
  "sigma": 0.45737728407211786,
  "sigma_err": 0.06626567795913312,
  "visibility": 2.3225995074911757e-05,
  "visibility_err": 1.9021291203662535e-05,
  "coherence": {
    "C": 0.4908213971885598,
    "P_entropy": 0.13294063023810263
  },
  "twist_scan": {
    "phi_values": [
      0.0,
      0.09817477042468103,
      0.19634954084936207,
      0.2945243112740431,
      0.39269908169872414,
      0.4908738521234052,
      0.5890486225480862,
      0.6872233929727672,
      0.7853981633974483,
      0.8835729338221293,
      0.9817477042468103,
      1.0799224746714913,
      1.1780972450961724,
      1.2762720155208536,
      1.3744467859455345,
      1.4726215563702154,
      1.5707963267948966,
      1.6689710972195777,
      1.7671458676442586,
      1.8653206380689396,
      1.9634954084936207,
      2.061670178918302,
      2.1598449493429825,
      2.2580197197676637,
      2.356194490192345,
      2.454369260617026,
      2.552544031041707,
      2.650718801466388,
      2.748893571891069,
      2.84706834231575,
      2.945243112740431,
      3.043417883165112,
      3.141592653589793,
      3.2397674240144743,
      3.3379421944391554,
      3.436116964863836,
      3.5342917352885173,
      3.6324665057131984,
      3.730641276137879,
      3.8288160465625602,
      3.9269908169872414,
      4.025165587411922,
      4.123340357836604,
      4.221515128261284,
      4.319689898685965,
      4.417864669110647,
      4.516039439535327,
      4.614214209960009,
      4.71238898038469,
      4.81056375080937,
      4.908738521234052,
      5.006913291658733,
      5.105088062083414,
      5.203262832508095,
      5.301437602932776,
      5.399612373357457,
      5.497787143782138,
      5.595961914206819,
      5.6941366846315,
      5.792311455056181,
      5.890486225480862,
      5.988660995905543,
      6.086835766330224,
      6.1850105367549055
    ],
    "mean_I": [
      0.3904524360168674,
      0.5727168706042269,
      0.49497981957165504,
      0.19253227886075508,
      -0.19732089123342889,
      -0.49759450204133937,
      -0.5719706119941331,
      -0.38668402213415476,
      -0.025850970521965996,
      0.34671788124805125,
      0.5618840636670138,
      0.5219666283370192,
      0.24508725635502307,
      -0.14305660604016823,
      -0.4662557601383121,
      -0.5777845470148404,
      -0.4270112291295389,
      -0.08238374062596801,
      0.29964424374754295,
      0.5456400060396136,
      0.5439266131355135,
      0.295281909592269,
      -0.08741460752804331,
      -0.43042672038382734,
      -0.578034100998633,
      -0.463226084560323,
      -0.13812311027220836,
      0.24968486837753984,
      0.5241411368768842,
      0.5606482873089808,
      0.3426328366226318,
      -0.03093075855973983,
      -0.39045243601686697,
      -0.5727168706042268,
      -0.49497981957165516,
      -0.19253227886075597,
      0.19732089123342844,
      0.49759450204133937,
      0.5719706119941337,
      0.3866840221341556,
      0.02585097052196661,
      -0.3467178812480498,
      -0.5618840636670136,
      -0.5219666283370193,
      -0.2450872563550251,
      0.14305660604016765,
      0.46625576013831094,
      0.5777845470148405,
      0.42701122912953937,
      0.08238374062597016,
      -0.2996442437475433,
      -0.5456400060396134,
      -0.543926613135513,
      -0.2952819095922692,
      0.08741460752804273,
      0.4304267203838281,
      0.578034100998633,
      0.4632260845603243,
      0.13812311027220844,
      -0.2496848683775391,
      -0.5241411368768831,
      -0.560648287308981,
      -0.34263283662263166,
      0.030930758559741242
    ],
    "fit": {
      "A": 0.0066324977072501606,
      "I0": 1.309957833622442e-16,
      "phi0": -0.6773532110401366,
      "R2": 0.00011359075751016245,
      "visibility_fit": 1.0,
      "visibility_fourier": 2.3225995074911757e-05,
      "visibility": 2.3225995074911757e-05
    },
    "cycles": 8,
    "per_cycle_V": [
      0.00017229210882167267,
      9.350223903511463e-05,
      0.00011513389898441195,
      0.00017011349754557183,
      0.00011705065935984338,
      0.0002288175485753854,
      7.900256201621577e-05,
      7.710042108904664e-05
    ]
  },
  "diagnostics": {
    "measured_link_count": 64,
    "selection_policy": "uniform",
    "num_links": 128,
    "visibility_qc": {
      "r2_ok": false,
      "v_in_unit_interval": true,
      "i0_very_small": true
    },
    "hybrid_knobs": {
      "kick_passes": 3,
      "loop_measurement_cycles": 4
    }
  },
  "artifacts": {
    "kernel_hash": "bb669db8d373312f24e4630fcfc599d4f7b832920772c12cef62ec22cd65bc64",
    "flip_counts_hash": "051ffecc2b526e5161a7cdb343471ea2bcf4c30d07d6aca6b7e9329b81a2e42c",
    "pivot_fit_hash": "18f843e4852e0cb06a5603a8f3e251da6d346190d1181f60fc167ac1ef296fd4",
    "config_hash": "09be816148e3d54a4ba01072548fde7efe2f97f681380c3e050adf0677f43c72"
  }
}