{
  "sim": "MICC",
  "gauge": "SU2",
  "rep": "fundamental",
  "L": 12,
  "b": 3.5,
  "kappa": 1.0,
  "seed": 3,
  "measurement_model": "dephasing",
  "f": 0.05,
  "schedule": "during",
  "sigma": 0.15459682220697862,
  "sigma_err": 0.0035600210529375623,
  "visibility": 0.00034794613689461914,
  "visibility_err": 1.7905988605493325e-05,
  "coherence": {
    "C": 0.4653616173576096,
    "P_entropy": 0.34126245589805543
  },
  "twist_scan": {
    "phi_values": [
      0.0,
      0.09817477042468103,
      0.19634954084936207,
      0.2945243112740431,
      0.39269908169872414,
      0.4908738521234052,
      0.5890486225480862,
      0.6872233929727672,
      0.7853981633974483,
      0.8835729338221293,
      0.9817477042468103,
      1.0799224746714913,
      1.1780972450961724,
      1.2762720155208536,
      1.3744467859455345,
      1.4726215563702154,
      1.5707963267948966,
      1.6689710972195777,
      1.7671458676442586,
      1.8653206380689396,
      1.9634954084936207,
      2.061670178918302,
      2.1598449493429825,
      2.2580197197676637,
      2.356194490192345,
      2.454369260617026,
      2.552544031041707,
      2.650718801466388,
      2.748893571891069,
      2.84706834231575,
      2.945243112740431,
      3.043417883165112,
      3.141592653589793,
      3.2397674240144743,
      3.3379421944391554,
      3.436116964863836,
      3.5342917352885173,
      3.6324665057131984,
      3.730641276137879,
      3.8288160465625602,
      3.9269908169872414,
      4.025165587411922,
      4.123340357836604,
      4.221515128261284,
      4.319689898685965,
      4.417864669110647,
      4.516039439535327,
      4.614214209960009,
      4.71238898038469,
      4.81056375080937,
      4.908738521234052,
      5.006913291658733,
      5.105088062083414,
      5.203262832508095,
      5.301437602932776,
      5.399612373357457,
      5.497787143782138,
      5.595961914206819,
      5.6941366846315,
      5.792311455056181,
      5.890486225480862,
      5.988660995905543,
      6.086835766330224,
      6.1850105367549055
    ],
    "mean_I": [
      -0.5695459631371065,
      -0.9681446081180232,
      -0.34321445494793423,
      0.6445642599300835,
      0.9509054325593451,
      0.2519431759470947,
      -0.713375050545268,
      -0.9245085178673363,
      -0.15824554643573502,
      0.7753156494532302,
      0.8892080807605001,
      0.06302392580638615,
      -0.8297895348263126,
      -0.8453440837453573,
      0.03280464968086389,
      0.8762720933699147,
      0.7933389610916644,
      -0.12831729845884124,
      -0.9143156726353142,
      -0.7336935505594694,
      0.2225941815072877,
      0.9435538921574473,
      0.6669822700576933,
      -0.3147273609054611,
      -0.9637051718990775,
      -0.5938475856856619,
      0.40382954377064256,
      0.9745754440204856,
      0.5149938244333692,
      -0.4890426273736247,
      -0.9760600218588471,
      -0.43118039112752105,
      0.5695459631371056,
      0.9681446081180229,
      0.34321445494793307,
      -0.6445642599300819,
      -0.9509054325593465,
      -0.2519431759470947,
      0.7133750505452663,
      0.9245085178673363,
      0.15824554643573685,
      -0.7753156494532282,
      -0.8892080807604988,
      -0.0630239258063865,
      0.8297895348263093,
      0.8453440837453574,
      -0.032804649680859985,
      -0.8762720933699171,
      -0.7933389610916652,
      0.12831729845883522,
      0.9143156726353148,
      0.7336935505594705,
      -0.2225941815072907,
      -0.9435538921574467,
      -0.6669822700576948,
      0.3147273609054639,
      0.9637051718990776,
      0.5938475856856671,
      -0.40382954377064195,
      -0.9745754440204848,
      -0.5149938244333739,
      0.4890426273736239,
      0.976060021858846,
      0.4311803911275182
    ],
    "fit": {
      "A": 0.11787776434828698,
      "I0": -3.8721700611656824e-17,
      "phi0": -2.8576459994655754,
      "R2": 0.012066908367253215,
      "visibility_fit": 1.0,
      "visibility_fourier": 0.00034794613689461914,
      "visibility": 0.00034794613689461914
    },
    "cycles": 16,
    "per_cycle_V": [
      0.0002835840371281628,
      0.000327193175103748,
      0.0003370682549132334,
      0.0003597682764937756,
      0.000360816488566371,
      0.00030908396284677674,
      0.00028631004077390293,
      0.00028703385858391036,
      0.0003313143026078926,
      0.00040368235053235877,
      0.0004332350327351375,
      0.0002250330039889854,
      0.00036393093118587086,
      0.00047399553275840424,
      0.00048702960164376637,
      0.00039564776033171176
    ]
  },
  "diagnostics": {
    "measured_link_count": 14,
    "selection_policy": "uniform",
    "num_links": 288,
    "creutz_sizes": [
      [
        2,
        2
      ],
      [
        3,
        3
      ]
    ],
    "loop_sizes_measured": [
      [
        1,
        1
      ],
      [
        1,
        2
      ],
      [
        2,
        1
      ],
      [
        2,
        2
      ],
      [
        2,
        3
      ],
      [
        3,
        2
      ],
      [
        3,
        3
      ]
    ],
    "visibility_qc": {
      "r2_ok": false,
      "v_in_unit_interval": true,
      "i0_very_small": true
    },
    "hybrid_knobs": {
      "kick_passes": 3,
      "loop_measurement_cycles": 6
    }
  },
  "artifacts": {
    "kernel_hash": "c5f37351f163441ec05d09116a3864130c1bfed1c4688da9e07e9067e5bf8f54",
    "flip_counts_hash": "f9f0d5ea10777d9547c57c830847aa737adfb2a8c3d087b6a31b748452bdd993",
    "pivot_fit_hash": "18f843e4852e0cb06a5603a8f3e251da6d346190d1181f60fc167ac1ef296fd4",
    "config_hash": "3e53227bb97f97d3e0f7892c2fd75b0f2e140b1e74473c1589a222acbe454fae"
  }
}