{
  "sim": "MICC",
  "gauge": "SU3",
  "rep": "fundamental",
  "L": 8,
  "b": 3.0,
  "kappa": 1.0,
  "seed": 4,
  "measurement_model": "dephasing",
  "f": 0.2,
  "schedule": "during",
  "sigma": 0.401345850099665,
  "sigma_err": 0.04715174818410285,
  "visibility": 1.636471644089122e-16,
  "visibility_err": 3.583017103185393e-17,
  "coherence": {
    "C": 0.2861078431679958,
    "P_entropy": 0.24950113761024265
  },
  "twist_scan": {
    "phi_values": [
      0.0,
      0.09817477042468103,
      0.19634954084936207,
      0.2945243112740431,
      0.39269908169872414,
      0.4908738521234052,
      0.5890486225480862,
      0.6872233929727672,
      0.7853981633974483,
      0.8835729338221293,
      0.9817477042468103,
      1.0799224746714913,
      1.1780972450961724,
      1.2762720155208536,
      1.3744467859455345,
      1.4726215563702154,
      1.5707963267948966,
      1.6689710972195777,
      1.7671458676442586,
      1.8653206380689396,
      1.9634954084936207,
      2.061670178918302,
      2.1598449493429825,
      2.2580197197676637,
      2.356194490192345,
      2.454369260617026,
      2.552544031041707,
      2.650718801466388,
      2.748893571891069,
      2.84706834231575,
      2.945243112740431,
      3.043417883165112,
      3.141592653589793,
      3.2397674240144743,
      3.3379421944391554,
      3.436116964863836,
      3.5342917352885173,
      3.6324665057131984,
      3.730641276137879,
      3.8288160465625602,
      3.9269908169872414,
      4.025165587411922,
      4.123340357836604,
      4.221515128261284,
      4.319689898685965,
      4.417864669110647,
      4.516039439535327,
      4.614214209960009,
      4.71238898038469,
      4.81056375080937,
      4.908738521234052,
      5.006913291658733,
      5.105088062083414,
      5.203262832508095,
      5.301437602932776,
      5.399612373357457,
      5.497787143782138,
      5.595961914206819,
      5.6941366846315,
      5.792311455056181,
      5.890486225480862,
      5.988660995905543,
      6.086835766330224,
      6.1850105367549055
    ],
    "mean_I": [
      0.5571771729722423,
      0.3864662407802023,
      0.19163407944239347,
      0.0611304169036704,
      0.05420118755236728,
      0.17399211664647998,
      0.36612062681335017,
      0.5433643912152366,
      0.6252584464004073,
      0.5746246034513238,
      0.41444956847901665,
      0.21744945862542914,
      0.0730582051368743,
      0.04682641834885917,
      0.1506627810423776,
      0.33742775543290054,
      0.5223339477911793,
      0.6214378125695565,
      0.5897482670959437,
      0.4416517024907338,
      0.24438086287047117,
      0.08749258513546801,
      0.04221086735726315,
      0.12909266271471828,
      0.30869545252939373,
      0.4994833251316476,
      0.6148425751097327,
      0.6024025147577685,
      0.46781067139462074,
      0.2721689280324374,
      0.10429454592943109,
      0.04039898485674476,
      0.10948949369442423,
      0.28020042588646443,
      0.47503258722427355,
      0.6055362497629961,
      0.6124654791142998,
      0.4926745500201868,
      0.3005460398533173,
      0.12330227545143048,
      0.04140822026625952,
      0.09204206321534217,
      0.25221709818765026,
      0.44921720804123744,
      0.593608461529792,
      0.6198402483178076,
      0.5160038856242897,
      0.3292389112337655,
      0.1443327188754877,
      0.04522885409711036,
      0.07691839957072315,
      0.22501496417593278,
      0.4222858037961962,
      0.5791740815311985,
      0.6244557993094036,
      0.537574003951948,
      0.3579712141372733,
      0.16718334153502035,
      0.05182409155693428,
      0.06426415190889813,
      0.1988559952720451,
      0.3944977386342291,
      0.5623721207372354,
      0.6262676818099222
    ],
    "fit": {
      "A": 6.55192031254495e-05,
      "I0": 0.3333333333333334,
      "phi0": -0.9558366270443212,
      "R2": 5.1275935719630183e-08,
      "visibility_fit": 0.00019655760937634846,
      "visibility_fourier": 1.636471644089122e-16,
      "visibility": 1.636471644089122e-16
    },
    "cycles": 16,
    "per_cycle_V": [
      3.5764508962132024e-16,
      4.181878109517453e-16,
      4.913606638029787e-16,
      2.454052279750495e-16,
      3.35018471298021e-17,
      1.1319117413504464e-16,
      5.180947859219724e-16,
      2.8947613261206817e-16,
      1.7837366500810693e-16,
      3.6427624740757253e-16,
      4.0807349175193583e-16,
      2.4214776276062738e-16,
      2.1788579611557842e-16,
      4.574771120985047e-16,
      2.262215308012858e-16,
      4.736081024214796e-16
    ]
  },
  "diagnostics": {
    "measured_link_count": 26,
    "selection_policy": "uniform",
    "num_links": 128,
    "creutz_sizes": [
      [
        2,
        2
      ],
      [
        3,
        3
      ]
    ],
    "loop_sizes_measured": [
      [
        1,
        1
      ],
      [
        1,
        2
      ],
      [
        2,
        1
      ],
      [
        2,
        2
      ],
      [
        2,
        3
      ],
      [
        3,
        2
      ],
      [
        3,
        3
      ]
    ],
    "visibility_qc": {
      "r2_ok": false,
      "v_in_unit_interval": true,
      "i0_very_small": false
    },
    "hybrid_knobs": {
      "kick_passes": 3,
      "loop_measurement_cycles": 6
    }
  },
  "artifacts": {
    "kernel_hash": "59ad205957406ba8769e06c45a6e3db43b483f8e2d8e66b070b3ff98425f2b57",
    "flip_counts_hash": "b3326e9c852a05e144e201e0a4a89d13606dfe15c97d7e29e97870d36629453e",
    "pivot_fit_hash": "e730f86cf82cf01e0490c7477184968845e3929e6af95e60cac897b00c6a8382",
    "config_hash": "3e53227bb97f97d3e0f7892c2fd75b0f2e140b1e74473c1589a222acbe454fae"
  }
}