{
  "sim": "MICC",
  "gauge": "SU3",
  "rep": "fundamental",
  "L": 8,
  "b": 3.5,
  "kappa": 0.75,
  "seed": 2,
  "measurement_model": "dephasing",
  "f": 0.05,
  "schedule": "during",
  "sigma": 0.34904545322384756,
  "sigma_err": 0.02525700607879922,
  "visibility": 4.312872841173847e-16,
  "visibility_err": 1.713855620647101e-17,
  "coherence": {
    "C": 0.24787923216303495,
    "P_entropy": 0.3212714820905952
  },
  "twist_scan": {
    "phi_values": [
      0.0,
      0.09817477042468103,
      0.19634954084936207,
      0.2945243112740431,
      0.39269908169872414,
      0.4908738521234052,
      0.5890486225480862,
      0.6872233929727672,
      0.7853981633974483,
      0.8835729338221293,
      0.9817477042468103,
      1.0799224746714913,
      1.1780972450961724,
      1.2762720155208536,
      1.3744467859455345,
      1.4726215563702154,
      1.5707963267948966,
      1.6689710972195777,
      1.7671458676442586,
      1.8653206380689396,
      1.9634954084936207,
      2.061670178918302,
      2.1598449493429825,
      2.2580197197676637,
      2.356194490192345,
      2.454369260617026,
      2.552544031041707,
      2.650718801466388,
      2.748893571891069,
      2.84706834231575,
      2.945243112740431,
      3.043417883165112,
      3.141592653589793,
      3.2397674240144743,
      3.3379421944391554,
      3.436116964863836,
      3.5342917352885173,
      3.6324665057131984,
      3.730641276137879,
      3.8288160465625602,
      3.9269908169872414,
      4.025165587411922,
      4.123340357836604,
      4.221515128261284,
      4.319689898685965,
      4.417864669110647,
      4.516039439535327,
      4.614214209960009,
      4.71238898038469,
      4.81056375080937,
      4.908738521234052,
      5.006913291658733,
      5.105088062083414,
      5.203262832508095,
      5.301437602932776,
      5.399612373357457,
      5.497787143782138,
      5.595961914206819,
      5.6941366846315,
      5.792311455056181,
      5.890486225480862,
      5.988660995905543,
      6.086835766330224,
      6.1850105367549055
    ],
    "mean_I": [
      0.6404825927715692,
      0.23624705973613178,
      -0.12391333484224551,
      -0.27649330159947527,
      -0.15222472557525335,
      0.19247705776442742,
      0.6011246453689071,
      0.8882005759486813,
      0.9233783788382036,
      0.6906880669782975,
      0.2957661771608917,
      -0.08210100916044634,
      -0.27136968936136047,
      -0.1861158396189714,
      0.1349570746625069,
      0.5460886629825598,
      0.8606337796591346,
      0.9357955178294687,
      0.7374520197500569,
      0.3556470868358893,
      -0.036287823660921134,
      -0.2604224564503981,
      -0.21500437416735665,
      0.07934756337508013,
      0.48900373046779744,
      0.8279887918197252,
      0.9424106166447055,
      0.7803240886578775,
      0.4153131028667176,
      0.013085015635937159,
      -0.24375703070388663,
      -0.23861211684062764,
      0.026184073895096985,
      0.43041960693053466,
      0.7905800015089122,
      0.9431599682661418,
      0.8188913922419202,
      0.474189608902239,
      0.06554202129776047,
      -0.22153390928201402,
      -0.2567117121715371,
      -0.024021400311633224,
      0.37090048950577525,
      0.7487676758271128,
      0.9380363560280266,
      0.852782506285638,
      0.5317095920041609,
      0.12057800368410541,
      -0.19396711299246755,
      -0.26912885116280216,
      -0.0707853530833901,
      0.3110195798307767,
      0.7029544903275886,
      0.9270891231170645,
      0.8816710408340235,
      0.5873191032915851,
      0.1776629361988698,
      -0.16132212515305683,
      -0.27574394997803847,
      -0.11365742199121126,
      0.2513535637999465,
      0.653581651030729,
      0.9104236973705527,
      0.9052787835072938
    ],
    "fit": {
      "A": 0.12417931419892518,
      "I0": 0.3333333333333333,
      "phi0": -0.6615891182399795,
      "R2": 0.02767962781991129,
      "visibility_fit": 0.3725379425967756,
      "visibility_fourier": 4.312872841173847e-16,
      "visibility": 4.312872841173847e-16
    },
    "cycles": 16,
    "per_cycle_V": [
      5.706477288910564e-16,
      3.3709057358215063e-16,
      4.3820420661872816e-16,
      5.155347470115718e-16,
      4.276473811756071e-16,
      5.399624639794597e-16,
      4.864594653869958e-16,
      3.807589602744595e-16,
      4.3775588807647844e-16,
      3.9067907055764433e-16,
      4.969931670350494e-16,
      4.169186923274422e-16,
      4.563025563997748e-16,
      4.657280010872418e-16,
      4.599806651377332e-16,
      5.894300983111882e-16
    ]
  },
  "diagnostics": {
    "measured_link_count": 6,
    "selection_policy": "uniform",
    "num_links": 128,
    "creutz_sizes": [
      [
        2,
        2
      ],
      [
        3,
        3
      ]
    ],
    "loop_sizes_measured": [
      [
        1,
        1
      ],
      [
        1,
        2
      ],
      [
        2,
        1
      ],
      [
        2,
        2
      ],
      [
        2,
        3
      ],
      [
        3,
        2
      ],
      [
        3,
        3
      ]
    ],
    "visibility_qc": {
      "r2_ok": false,
      "v_in_unit_interval": true,
      "i0_very_small": false
    },
    "hybrid_knobs": {
      "kick_passes": 3,
      "loop_measurement_cycles": 6
    }
  },
  "artifacts": {
    "kernel_hash": "59ad205957406ba8769e06c45a6e3db43b483f8e2d8e66b070b3ff98425f2b57",
    "flip_counts_hash": "2268e99a6015a7b96d81d3b1a331fda63562012ba66381118831ac9c8b2f0d5d",
    "pivot_fit_hash": "32e5af21ae29df0c4428cd8be3189fb5b9433eb374572ce92302aca28369a080",
    "config_hash": "3e53227bb97f97d3e0f7892c2fd75b0f2e140b1e74473c1589a222acbe454fae"
  }
}