{
  "sim": "MICC",
  "gauge": "SU3",
  "rep": "fundamental",
  "L": 12,
  "b": 3.0,
  "kappa": 0.75,
  "seed": 0,
  "measurement_model": "dephasing",
  "f": 0.5,
  "schedule": "during",
  "sigma": 0.757292899518686,
  "sigma_err": 0.039695374341028475,
  "visibility": 3.250166147086097e-16,
  "visibility_err": 6.565182088187701e-17,
  "coherence": {
    "C": 0.36969117035164545,
    "P_entropy": 0.17871130859323117
  },
  "twist_scan": {
    "phi_values": [
      0.0,
      0.09817477042468103,
      0.19634954084936207,
      0.2945243112740431,
      0.39269908169872414,
      0.4908738521234052,
      0.5890486225480862,
      0.6872233929727672,
      0.7853981633974483,
      0.8835729338221293,
      0.9817477042468103,
      1.0799224746714913,
      1.1780972450961724,
      1.2762720155208536,
      1.3744467859455345,
      1.4726215563702154,
      1.5707963267948966,
      1.6689710972195777,
      1.7671458676442586,
      1.8653206380689396,
      1.9634954084936207,
      2.061670178918302,
      2.1598449493429825,
      2.2580197197676637,
      2.356194490192345,
      2.454369260617026,
      2.552544031041707,
      2.650718801466388,
      2.748893571891069,
      2.84706834231575,
      2.945243112740431,
      3.043417883165112,
      3.141592653589793,
      3.2397674240144743,
      3.3379421944391554,
      3.436116964863836,
      3.5342917352885173,
      3.6324665057131984,
      3.730641276137879,
      3.8288160465625602,
      3.9269908169872414,
      4.025165587411922,
      4.123340357836604,
      4.221515128261284,
      4.319689898685965,
      4.417864669110647,
      4.516039439535327,
      4.614214209960009,
      4.71238898038469,
      4.81056375080937,
      4.908738521234052,
      5.006913291658733,
      5.105088062083414,
      5.203262832508095,
      5.301437602932776,
      5.399612373357457,
      5.497787143782138,
      5.595961914206819,
      5.6941366846315,
      5.792311455056181,
      5.890486225480862,
      5.988660995905543,
      6.086835766330224,
      6.1850105367549055
    ],
    "mean_I": [
      0.24001248265612005,
      0.14534334529800103,
      0.24941845017891875,
      0.44220891718841365,
      0.5198954063863683,
      0.40034725438364105,
      0.20995154769035868,
      0.14999587001129952,
      0.2838657550803826,
      0.4700330867211156,
      0.5116805469301225,
      0.3647781689686226,
      0.1846321055535542,
      0.16169395062322978,
      0.3202140712723696,
      0.49260396139323004,
      0.49661190407362205,
      0.3280006761546061,
      0.1650271682077174,
      0.17998803645623432,
      0.3570665533479929,
      0.5090541551490002,
      0.47526855731124984,
      0.29142811436538035,
      0.15189014240047316,
      0.20417509605119313,
      0.3930069810881962,
      0.518751496267766,
      0.4484707194895965,
      0.25646594664037486,
      0.14572587666626496,
      0.23332563427212988,
      0.42665418401054644,
      0.5213233213686657,
      0.41724821648774785,
      0.22445774947825345,
      0.1467712602802983,
      0.2663194122830257,
      0.4567151189763077,
      0.5166707966553672,
      0.38280091158628443,
      0.19663357994555156,
      0.1549861197365443,
      0.301888497698044,
      0.4820345611131118,
      0.5049727160434369,
      0.3464525953942976,
      0.17406270527343623,
      0.17005476259304453,
      0.3386659905120595,
      0.5016394984589494,
      0.4866786302104325,
      0.3096001133186731,
      0.15761251151766661,
      0.19139810935541668,
      0.3752385523012868,
      0.5147765242661935,
      0.4624915706154744,
      0.27365968557847076,
      0.1479151703989009,
      0.21819594717706936,
      0.4102007200262915,
      0.5209407900004016,
      0.4333410323945362
    ],
    "fit": {
      "A": 6.322774116996514e-17,
      "I0": 0.33333333333333337,
      "phi0": 3.1376019572406753,
      "R2": 2.220446049250313e-16,
      "visibility_fit": 1.8968322350989539e-16,
      "visibility_fourier": 3.250166147086097e-16,
      "visibility": 3.250166147086097e-16
    },
    "cycles": 16,
    "per_cycle_V": [
      1.1684405716340487e-15,
      7.018888425454246e-16,
      4.0921326367668766e-16,
      5.037506305459381e-16,
      1.7671204964267765e-16,
      6.679903590797924e-16,
      1.0048396029129798e-15,
      9.46381289880044e-16,
      6.16461185463438e-16,
      4.798290289831163e-16,
      6.460930951877745e-16,
      3.183176957504661e-16,
      5.746544808448245e-16,
      9.237732345475544e-16,
      7.499514752125829e-16,
      7.901244713346999e-16
    ]
  },
  "diagnostics": {
    "measured_link_count": 144,
    "selection_policy": "uniform",
    "num_links": 288,
    "creutz_sizes": [
      [
        2,
        2
      ],
      [
        3,
        3
      ]
    ],
    "loop_sizes_measured": [
      [
        1,
        1
      ],
      [
        1,
        2
      ],
      [
        2,
        1
      ],
      [
        2,
        2
      ],
      [
        2,
        3
      ],
      [
        3,
        2
      ],
      [
        3,
        3
      ]
    ],
    "visibility_qc": {
      "r2_ok": false,
      "v_in_unit_interval": true,
      "i0_very_small": false
    },
    "hybrid_knobs": {
      "kick_passes": 3,
      "loop_measurement_cycles": 6
    }
  },
  "artifacts": {
    "kernel_hash": "c776a5135c116bb3a99eaad342348026ed00e0c6d5dcf8a66155f4c58107111d",
    "flip_counts_hash": "526d3d4f7381a97e02c3ef4c6b8d2598448ee2e98060a326f334d01ae3e48798",
    "pivot_fit_hash": "d04f83ead3fcfaea1653e658999e83d0abac9536c46d06a4e4ad9b696714687e",
    "config_hash": "3e53227bb97f97d3e0f7892c2fd75b0f2e140b1e74473c1589a222acbe454fae"
  }
}