{
  "sim": "MICC",
  "gauge": "SU3",
  "rep": "fundamental",
  "L": 12,
  "b": 3.5,
  "kappa": 1.0,
  "seed": 3,
  "measurement_model": "dephasing",
  "f": 0.2,
  "schedule": "during",
  "sigma": 0.506177105220272,
  "sigma_err": 0.05695812539403816,
  "visibility": 1.1143678665932913e-16,
  "visibility_err": 1.095397746140185e-16,
  "coherence": {
    "C": 0.26638384224488076,
    "P_entropy": 0.2392022157525111
  },
  "twist_scan": {
    "phi_values": [
      0.0,
      0.09817477042468103,
      0.19634954084936207,
      0.2945243112740431,
      0.39269908169872414,
      0.4908738521234052,
      0.5890486225480862,
      0.6872233929727672,
      0.7853981633974483,
      0.8835729338221293,
      0.9817477042468103,
      1.0799224746714913,
      1.1780972450961724,
      1.2762720155208536,
      1.3744467859455345,
      1.4726215563702154,
      1.5707963267948966,
      1.6689710972195777,
      1.7671458676442586,
      1.8653206380689396,
      1.9634954084936207,
      2.061670178918302,
      2.1598449493429825,
      2.2580197197676637,
      2.356194490192345,
      2.454369260617026,
      2.552544031041707,
      2.650718801466388,
      2.748893571891069,
      2.84706834231575,
      2.945243112740431,
      3.043417883165112,
      3.141592653589793,
      3.2397674240144743,
      3.3379421944391554,
      3.436116964863836,
      3.5342917352885173,
      3.6324665057131984,
      3.730641276137879,
      3.8288160465625602,
      3.9269908169872414,
      4.025165587411922,
      4.123340357836604,
      4.221515128261284,
      4.319689898685965,
      4.417864669110647,
      4.516039439535327,
      4.614214209960009,
      4.71238898038469,
      4.81056375080937,
      4.908738521234052,
      5.006913291658733,
      5.105088062083414,
      5.203262832508095,
      5.301437602932776,
      5.399612373357457,
      5.497787143782138,
      5.595961914206819,
      5.6941366846315,
      5.792311455056181,
      5.890486225480862,
      5.988660995905543,
      6.086835766330224,
      6.1850105367549055
    ],
    "mean_I": [
      0.23583524799851344,
      0.29456395079922704,
      0.39427989783747985,
      0.42956273912345894,
      0.3631112245815265,
      0.2651783290711227,
      0.2392993488700039,
      0.31283371074202343,
      0.4080404074052467,
      0.42426629779527875,
      0.34435726469597094,
      0.2527936594140698,
      0.24637712302955384,
      0.331891259684683,
      0.4189299660126393,
      0.41547535363862026,
      0.32517966131044124,
      0.24350408425856443,
      0.25679657558547353,
      0.35100422670893583,
      0.42653009402931125,
      0.40352773770740513,
      0.3063153989681193,
      0.23766659676817928,
      0.2701572928193353,
      0.3694381112107158,
      0.4305487227977821,
      0.38888259018157,
      0.2884894206916201,
      0.23550552831346902,
      0.285945829860618,
      0.3864845093464601,
      0.43083141866815267,
      0.3721027158674389,
      0.27238676882918594,
      0.23710392754320705,
      0.30355544208513957,
      0.40148833759554337,
      0.4273673177966625,
      0.3538329559246428,
      0.25862625926141947,
      0.24240036887138697,
      0.32230940197069524,
      0.41387300725259635,
      0.4202895436371126,
      0.33477540698198316,
      0.24773670065402692,
      0.2511913130280459,
      0.3414870053562249,
      0.4231625824081014,
      0.4098700910811923,
      0.31566243995773047,
      0.24013657263735488,
      0.26313892895926094,
      0.36035126769854664,
      0.42900006989848694,
      0.3965093738473309,
      0.2972285554559509,
      0.236117943868884,
      0.27778407648509607,
      0.3781772459750453,
      0.4311611383531972,
      0.3807208368060482,
      0.2801821573202056
    ],
    "fit": {
      "A": 2.0857249473708305e-11,
      "I0": 0.333333333333333,
      "phi0": -1.6805708658537222,
      "R2": 0.0,
      "visibility_fit": 6.257174842112498e-11,
      "visibility_fourier": 1.1143678665932913e-16,
      "visibility": 1.1143678665932913e-16
    },
    "cycles": 8,
    "per_cycle_V": [
      8.94151899345913e-16,
      3.914784899143376e-16,
      5.746224463697601e-16,
      8.537522108726207e-16,
      1.0641224221552496e-15,
      9.845248253858534e-16,
      2.0332161781254516e-16,
      9.234875667503478e-16
    ]
  },
  "diagnostics": {
    "measured_link_count": 58,
    "selection_policy": "uniform",
    "num_links": 288,
    "visibility_qc": {
      "r2_ok": false,
      "v_in_unit_interval": true,
      "i0_very_small": false
    },
    "hybrid_knobs": {
      "kick_passes": 3,
      "loop_measurement_cycles": 4
    }
  },
  "artifacts": {
    "kernel_hash": "c776a5135c116bb3a99eaad342348026ed00e0c6d5dcf8a66155f4c58107111d",
    "flip_counts_hash": "f9f0d5ea10777d9547c57c830847aa737adfb2a8c3d087b6a31b748452bdd993",
    "pivot_fit_hash": "18f843e4852e0cb06a5603a8f3e251da6d346190d1181f60fc167ac1ef296fd4",
    "config_hash": "09be816148e3d54a4ba01072548fde7efe2f97f681380c3e050adf0677f43c72"
  }
}