{
  "sim": "MICC",
  "gauge": "SU3",
  "rep": "fundamental",
  "L": 12,
  "b": 3.5,
  "kappa": 0.75,
  "seed": 2,
  "measurement_model": "dephasing",
  "f": 0.2,
  "schedule": "during",
  "sigma": 0.48887623615686193,
  "sigma_err": 0.020306848617483754,
  "visibility": 5.721130763667065e-16,
  "visibility_err": 5.532860252788947e-17,
  "coherence": {
    "C": 0.26390400672520764,
    "P_entropy": 0.24355501040556765
  },
  "twist_scan": {
    "phi_values": [
      0.0,
      0.09817477042468103,
      0.19634954084936207,
      0.2945243112740431,
      0.39269908169872414,
      0.4908738521234052,
      0.5890486225480862,
      0.6872233929727672,
      0.7853981633974483,
      0.8835729338221293,
      0.9817477042468103,
      1.0799224746714913,
      1.1780972450961724,
      1.2762720155208536,
      1.3744467859455345,
      1.4726215563702154,
      1.5707963267948966,
      1.6689710972195777,
      1.7671458676442586,
      1.8653206380689396,
      1.9634954084936207,
      2.061670178918302,
      2.1598449493429825,
      2.2580197197676637,
      2.356194490192345,
      2.454369260617026,
      2.552544031041707,
      2.650718801466388,
      2.748893571891069,
      2.84706834231575,
      2.945243112740431,
      3.043417883165112,
      3.141592653589793,
      3.2397674240144743,
      3.3379421944391554,
      3.436116964863836,
      3.5342917352885173,
      3.6324665057131984,
      3.730641276137879,
      3.8288160465625602,
      3.9269908169872414,
      4.025165587411922,
      4.123340357836604,
      4.221515128261284,
      4.319689898685965,
      4.417864669110647,
      4.516039439535327,
      4.614214209960009,
      4.71238898038469,
      4.81056375080937,
      4.908738521234052,
      5.006913291658733,
      5.105088062083414,
      5.203262832508095,
      5.301437602932776,
      5.399612373357457,
      5.497787143782138,
      5.595961914206819,
      5.6941366846315,
      5.792311455056181,
      5.890486225480862,
      5.988660995905543,
      6.086835766330224,
      6.1850105367549055
    ],
    "mean_I": [
      0.34617598477353634,
      0.7335291756373015,
      0.697792710199974,
      0.2767474129505073,
      -0.08447487997082759,
      -0.003987603025204449,
      0.4331175693124845,
      0.7647301961463653,
      0.6402672441682535,
      0.19131175849794757,
      -0.10749759137416734,
      0.05974238937051267,
      0.5162245016223982,
      0.7793528771476725,
      0.5709464800736673,
      0.11133391351969545,
      -0.11357941756182867,
      0.13398632831115326,
      0.5923030289015118,
      0.7768352772108365,
      0.4924943760048377,
      0.03988738174617086,
      -0.10248663736414722,
      0.21589106085970614,
      0.6584294960118191,
      0.7572741462895434,
      0.40792580232468295,
      -0.020282186674242635,
      -0.07464554010321706,
      0.30230903407703696,
      0.7120626999064199,
      0.7214212076750908,
      0.32049068189313046,
      -0.06686250897063505,
      -0.031126043533307547,
      0.3899192537161579,
      0.7511415466374939,
      0.6706542696918707,
      0.23354909735418322,
      -0.09806352947969846,
      0.026399422498412137,
      0.47535490816871645,
      0.7741642580408334,
      0.606924277296154,
      0.15044216504427066,
      -0.1126862104810059,
      0.09572018659299764,
      0.5553327531469723,
      0.780246084228495,
      0.5326803383555153,
      0.07436363776515402,
      -0.11016861054417004,
      0.1741722906618299,
      0.626779284920495,
      0.7691533040308138,
      0.45077560580695875,
      0.008237170654847852,
      -0.09060747962287793,
      0.2587408643419832,
      0.6869488533409084,
      0.7413122067698844,
      0.36435763258962983,
      -0.04539603323975286,
      -0.05475454100842374
    ],
    "fit": {
      "A": 1.2363379780200406e-09,
      "I0": 0.3333333333333332,
      "phi0": -2.7642208342751817,
      "R2": -2.220446049250313e-16,
      "visibility_fit": 3.709013934060123e-09,
      "visibility_fourier": 5.721130763667065e-16,
      "visibility": 5.721130763667065e-16
    },
    "cycles": 8,
    "per_cycle_V": [
      6.293800335009169e-16,
      9.114219024577855e-16,
      6.981016515805787e-16,
      9.19631972121979e-16,
      5.133763116946125e-16,
      8.754134090532438e-16,
      6.146389408435784e-16,
      6.282925396521486e-16
    ]
  },
  "diagnostics": {
    "measured_link_count": 58,
    "selection_policy": "uniform",
    "num_links": 288,
    "visibility_qc": {
      "r2_ok": false,
      "v_in_unit_interval": true,
      "i0_very_small": false
    },
    "hybrid_knobs": {
      "kick_passes": 3,
      "loop_measurement_cycles": 4
    }
  },
  "artifacts": {
    "kernel_hash": "c776a5135c116bb3a99eaad342348026ed00e0c6d5dcf8a66155f4c58107111d",
    "flip_counts_hash": "3c718ce239e2c926749d06c4b85bf1839d5fe51eaf7ab8de2413bea26f16d7e1",
    "pivot_fit_hash": "32e5af21ae29df0c4428cd8be3189fb5b9433eb374572ce92302aca28369a080",
    "config_hash": "09be816148e3d54a4ba01072548fde7efe2f97f681380c3e050adf0677f43c72"
  }
}