{
  "sim": "MICC",
  "gauge": "SU3",
  "rep": "fundamental",
  "L": 8,
  "b": 3.0,
  "kappa": 0.75,
  "seed": 3,
  "measurement_model": "dephasing",
  "f": 0.05,
  "schedule": "during",
  "sigma": 0.386346751727691,
  "sigma_err": 0.021345514488263693,
  "visibility": 3.1285949498819826e-16,
  "visibility_err": 2.6733827397243545e-17,
  "coherence": {
    "C": 0.25141575723142456,
    "P_entropy": 0.3233886671714827
  },
  "twist_scan": {
    "phi_values": [
      0.0,
      0.09817477042468103,
      0.19634954084936207,
      0.2945243112740431,
      0.39269908169872414,
      0.4908738521234052,
      0.5890486225480862,
      0.6872233929727672,
      0.7853981633974483,
      0.8835729338221293,
      0.9817477042468103,
      1.0799224746714913,
      1.1780972450961724,
      1.2762720155208536,
      1.3744467859455345,
      1.4726215563702154,
      1.5707963267948966,
      1.6689710972195777,
      1.7671458676442586,
      1.8653206380689396,
      1.9634954084936207,
      2.061670178918302,
      2.1598449493429825,
      2.2580197197676637,
      2.356194490192345,
      2.454369260617026,
      2.552544031041707,
      2.650718801466388,
      2.748893571891069,
      2.84706834231575,
      2.945243112740431,
      3.043417883165112,
      3.141592653589793,
      3.2397674240144743,
      3.3379421944391554,
      3.436116964863836,
      3.5342917352885173,
      3.6324665057131984,
      3.730641276137879,
      3.8288160465625602,
      3.9269908169872414,
      4.025165587411922,
      4.123340357836604,
      4.221515128261284,
      4.319689898685965,
      4.417864669110647,
      4.516039439535327,
      4.614214209960009,
      4.71238898038469,
      4.81056375080937,
      4.908738521234052,
      5.006913291658733,
      5.105088062083414,
      5.203262832508095,
      5.301437602932776,
      5.399612373357457,
      5.497787143782138,
      5.595961914206819,
      5.6941366846315,
      5.792311455056181,
      5.890486225480862,
      5.988660995905543,
      6.086835766330224,
      6.1850105367549055
    ],
    "mean_I": [
      0.6103778139118395,
      0.22359523284928873,
      -0.11336854485784631,
      -0.24753900893972186,
      -0.11800557376822574,
      0.21642628920875198,
      0.6039315060748119,
      0.8685908098379523,
      0.8902544097491151,
      0.6590874843635673,
      0.2800349848629018,
      -0.07482117872612709,
      -0.24438372701449645,
      -0.15167480807693284,
      0.1612176671288268,
      0.5522470564164484,
      0.843894192193448,
      0.9037573722036687,
      0.7046599642655416,
      0.3369880291081268,
      -0.03234306152332404,
      -0.23566471398585156,
      -0.18067314885143929,
      0.10766661300244426,
      0.49845434793438165,
      0.8142805943771652,
      0.911766839338403,
      0.7466563657238543,
      0.3939058766351794,
      0.013656719261000516,
      -0.22146593871554981,
      -0.20472132621798114,
      0.05628885275482698,
      0.443071433817378,
      0.7800352115245137,
      0.914205675606389,
      0.7846722404348933,
      0.4502403774579149,
      0.06273516059185574,
      -0.20192414317128496,
      -0.22358774308244822,
      0.007579182303097447,
      0.38663168180376534,
      0.741487845392794,
      0.911050393681163,
      0.8183414747435996,
      0.5054489995378414,
      0.11441961025021702,
      -0.1772275255267809,
      -0.23709070553700223,
      -0.037993297598874466,
      0.3296786375585396,
      0.6990097281899919,
      0.9023313806525182,
      0.8473398155181068,
      0.5590000536642213,
      0.1682123187322857,
      -0.1476139277104968,
      -0.24510017267173573,
      -0.07998969905718768,
      0.27276079003148523,
      0.653009947405666,
      0.8881326053822162,
      0.8713879928846477
    ],
    "fit": {
      "A": 0.06330954582021056,
      "I0": 0.3333333333333329,
      "phi0": -2.388143557154046,
      "R2": 0.007912898487839937,
      "visibility_fit": 0.1899286374606319,
      "visibility_fourier": 3.1285949498819826e-16,
      "visibility": 3.1285949498819826e-16
    },
    "cycles": 16,
    "per_cycle_V": [
      4.764303624599574e-16,
      5.175075849318218e-16,
      3.117755263939052e-16,
      4.585229298684971e-16,
      4.180377649945108e-16,
      3.319673376568021e-16,
      4.078742634956978e-16,
      3.6388280110793995e-16,
      9.405602258982876e-17,
      3.8302835766981496e-16,
      3.795924193288516e-16,
      3.213965742290081e-16,
      1.6799578842403882e-16,
      3.599258596798363e-16,
      3.1818140100388567e-16,
      2.9324299729612847e-16
    ]
  },
  "diagnostics": {
    "measured_link_count": 6,
    "selection_policy": "uniform",
    "num_links": 128,
    "creutz_sizes": [
      [
        2,
        2
      ],
      [
        3,
        3
      ]
    ],
    "loop_sizes_measured": [
      [
        1,
        1
      ],
      [
        1,
        2
      ],
      [
        2,
        1
      ],
      [
        2,
        2
      ],
      [
        2,
        3
      ],
      [
        3,
        2
      ],
      [
        3,
        3
      ]
    ],
    "visibility_qc": {
      "r2_ok": false,
      "v_in_unit_interval": true,
      "i0_very_small": false
    },
    "hybrid_knobs": {
      "kick_passes": 3,
      "loop_measurement_cycles": 6
    }
  },
  "artifacts": {
    "kernel_hash": "59ad205957406ba8769e06c45a6e3db43b483f8e2d8e66b070b3ff98425f2b57",
    "flip_counts_hash": "c1b27689be21b2ac0fdae0da5c804f2dab3460dc84baee0f4b6cda147a262623",
    "pivot_fit_hash": "d04f83ead3fcfaea1653e658999e83d0abac9536c46d06a4e4ad9b696714687e",
    "config_hash": "3e53227bb97f97d3e0f7892c2fd75b0f2e140b1e74473c1589a222acbe454fae"
  }
}