{
  "sim": "MICC",
  "gauge": "SU3",
  "rep": "fundamental",
  "L": 8,
  "b": 3.0,
  "kappa": 1.0,
  "seed": 3,
  "measurement_model": "dephasing",
  "f": 0.3,
  "schedule": "pre",
  "sigma": 0.2955873761727035,
  "sigma_err": 0.053498047547242154,
  "visibility": 5.726065737364172e-17,
  "visibility_err": 0.0,
  "coherence": {
    "C": 0.2839138938253261,
    "P_entropy": 0.2672385497298295
  },
  "twist_scan": {
    "phi_values": [
      0.0,
      0.09817477042468103,
      0.19634954084936207,
      0.2945243112740431,
      0.39269908169872414,
      0.4908738521234052,
      0.5890486225480862,
      0.6872233929727672,
      0.7853981633974483,
      0.8835729338221293,
      0.9817477042468103,
      1.0799224746714913,
      1.1780972450961724,
      1.2762720155208536,
      1.3744467859455345,
      1.4726215563702154,
      1.5707963267948966,
      1.6689710972195777,
      1.7671458676442586,
      1.8653206380689396,
      1.9634954084936207,
      2.061670178918302,
      2.1598449493429825,
      2.2580197197676637,
      2.356194490192345,
      2.454369260617026,
      2.552544031041707,
      2.650718801466388,
      2.748893571891069,
      2.84706834231575,
      2.945243112740431,
      3.043417883165112,
      3.141592653589793,
      3.2397674240144743,
      3.3379421944391554,
      3.436116964863836,
      3.5342917352885173,
      3.6324665057131984,
      3.730641276137879,
      3.8288160465625602,
      3.9269908169872414,
      4.025165587411922,
      4.123340357836604,
      4.221515128261284,
      4.319689898685965,
      4.417864669110647,
      4.516039439535327,
      4.614214209960009,
      4.71238898038469,
      4.81056375080937,
      4.908738521234052,
      5.006913291658733,
      5.105088062083414,
      5.203262832508095,
      5.301437602932776,
      5.399612373357457,
      5.497787143782138,
      5.595961914206819,
      5.6941366846315,
      5.792311455056181,
      5.890486225480862,
      5.988660995905543,
      6.086835766330224,
      6.1850105367549055
    ],
    "mean_I": [
      0.3512463639215134,
      -0.07559586381266482,
      -0.31679278541302314,
      -0.26284604111082327,
      0.06175367503050891,
      0.5096448781999631,
      0.8774943260970338,
      0.9983060599038738,
      0.8172340782499314,
      0.4164812751838831,
      -0.02201895513112014,
      -0.2991966757360026,
      -0.2892189963546609,
      0.0033844251743807927,
      0.4457777528563438,
      0.837123664919469,
      0.9997592990486495,
      0.8598514775277887,
      0.48091542631294365,
      0.03498019034365878,
      -0.27550895629556965,
      -0.30959643234188167,
      -0.05180723632775642,
      0.3808277262843448,
      0.7919012274489224,
      0.9947944918380949,
      0.897398219252958,
      0.5439282812100324,
      0.09485263968184524,
      -0.2459577527789586,
      -0.3237821032244893,
      -0.10328978360480506,
      0.3154203027451529,
      0.7422625304793317,
      0.9834594520796904,
      0.9295127077774906,
      0.6049129916361587,
      0.1570217884667038,
      -0.21082765943036638,
      -0.33163939323720715,
      -0.1505674115832649,
      0.2501853914827813,
      0.6886856217977874,
      0.9658633424026699,
      0.9558856630213287,
      0.6632822414922863,
      0.22088891381032483,
      -0.17045699825280355,
      -0.3330926323819821,
      -0.1931848108611232,
      0.1857512403537235,
      0.6316864763230077,
      0.942175622962237,
      0.9762630990085482,
      0.7184739029944238,
      0.28583894038232055,
      -0.12523456078225512,
      -0.328127825171428,
      -0.23073155258629138,
      0.12273838545663368,
      0.5718140269848193,
      0.9126244194456254,
      0.9904487698911558,
      0.7699564502714706
    ],
    "fit": {
      "A": 2.3542681043275783e-17,
      "I0": 0.3333333333333333,
      "phi0": 0.3172670250171749,
      "R2": 0.0,
      "visibility_fit": 7.062804312982736e-17,
      "visibility_fourier": 5.726065737364172e-17,
      "visibility": 5.726065737364172e-17
    },
    "cycles": 16,
    "per_cycle_V": [
      4.654751537338639e-17,
      4.654751537338639e-17,
      4.654751537338639e-17,
      4.654751537338639e-17,
      4.654751537338639e-17,
      4.654751537338639e-17,
      4.654751537338639e-17,
      4.654751537338639e-17,
      4.654751537338639e-17,
      4.654751537338639e-17,
      4.654751537338639e-17,
      4.654751537338639e-17,
      4.654751537338639e-17,
      4.654751537338639e-17,
      4.654751537338639e-17,
      4.654751537338639e-17
    ]
  },
  "diagnostics": {
    "measured_link_count": 38,
    "selection_policy": "uniform",
    "num_links": 128,
    "creutz_sizes": [
      [
        2,
        2
      ],
      [
        3,
        3
      ]
    ],
    "loop_sizes_measured": [
      [
        1,
        1
      ],
      [
        1,
        2
      ],
      [
        2,
        1
      ],
      [
        2,
        2
      ],
      [
        2,
        3
      ],
      [
        3,
        2
      ],
      [
        3,
        3
      ]
    ],
    "visibility_qc": {
      "r2_ok": false,
      "v_in_unit_interval": true,
      "i0_very_small": false
    },
    "hybrid_knobs": {
      "kick_passes": 3,
      "loop_measurement_cycles": 6
    }
  },
  "artifacts": {
    "kernel_hash": "59ad205957406ba8769e06c45a6e3db43b483f8e2d8e66b070b3ff98425f2b57",
    "flip_counts_hash": "c1b27689be21b2ac0fdae0da5c804f2dab3460dc84baee0f4b6cda147a262623",
    "pivot_fit_hash": "e730f86cf82cf01e0490c7477184968845e3929e6af95e60cac897b00c6a8382",
    "config_hash": "3e53227bb97f97d3e0f7892c2fd75b0f2e140b1e74473c1589a222acbe454fae"
  }
}