{
  "sim": "MICC",
  "gauge": "SU3",
  "rep": "fundamental",
  "L": 8,
  "b": 3.5,
  "kappa": 0.75,
  "seed": 0,
  "measurement_model": "dephasing",
  "f": 0.3,
  "schedule": "during",
  "sigma": 0.5970825006320141,
  "sigma_err": 0.04883733743210609,
  "visibility": 8.878603018584808e-17,
  "visibility_err": 4.48109954459871e-17,
  "coherence": {
    "C": 0.27924600803428673,
    "P_entropy": 0.22646634939699087
  },
  "twist_scan": {
    "phi_values": [
      0.0,
      0.09817477042468103,
      0.19634954084936207,
      0.2945243112740431,
      0.39269908169872414,
      0.4908738521234052,
      0.5890486225480862,
      0.6872233929727672,
      0.7853981633974483,
      0.8835729338221293,
      0.9817477042468103,
      1.0799224746714913,
      1.1780972450961724,
      1.2762720155208536,
      1.3744467859455345,
      1.4726215563702154,
      1.5707963267948966,
      1.6689710972195777,
      1.7671458676442586,
      1.8653206380689396,
      1.9634954084936207,
      2.061670178918302,
      2.1598449493429825,
      2.2580197197676637,
      2.356194490192345,
      2.454369260617026,
      2.552544031041707,
      2.650718801466388,
      2.748893571891069,
      2.84706834231575,
      2.945243112740431,
      3.043417883165112,
      3.141592653589793,
      3.2397674240144743,
      3.3379421944391554,
      3.436116964863836,
      3.5342917352885173,
      3.6324665057131984,
      3.730641276137879,
      3.8288160465625602,
      3.9269908169872414,
      4.025165587411922,
      4.123340357836604,
      4.221515128261284,
      4.319689898685965,
      4.417864669110647,
      4.516039439535327,
      4.614214209960009,
      4.71238898038469,
      4.81056375080937,
      4.908738521234052,
      5.006913291658733,
      5.105088062083414,
      5.203262832508095,
      5.301437602932776,
      5.399612373357457,
      5.497787143782138,
      5.595961914206819,
      5.6941366846315,
      5.792311455056181,
      5.890486225480862,
      5.988660995905543,
      6.086835766330224,
      6.1850105367549055
    ],
    "mean_I": [
      0.30385377669037156,
      0.24903007408434577,
      0.2324782886722627,
      0.2617125849875743,
      0.3234612036965365,
      0.3896915628667003,
      0.4303364640947486,
      0.4269439719749393,
      0.3810542070037643,
      0.3135001630734188,
      0.2549499637944287,
      0.23198417554651257,
      0.25502878605479407,
      0.31362202393585925,
      0.38116378418444313,
      0.4269915197247285,
      0.43030039672931175,
      0.38958825421589505,
      0.323337553727983,
      0.26162472820187976,
      0.23246611021333477,
      0.2490991027179261,
      0.3039726748599772,
      0.37217537211370555,
      0.4227445958209866,
      0.43272297565559203,
      0.39758053578785885,
      0.3332712092043955,
      0.26899008567665755,
      0.2339194513784356,
      0.2439806410689987,
      0.2946060849753623,
      0.36281288997629496,
      0.4176365925823209,
      0.43418837799440396,
      0.4049540816790925,
      0.3432054629701302,
      0.27697510379996626,
      0.23633020257191795,
      0.2397226946917273,
      0.28561245966290216,
      0.3531665035932473,
      0.4117167028722379,
      0.43468249112015406,
      0.41163788061187273,
      0.35304464273080743,
      0.28550288248222366,
      0.23967514694193798,
      0.23636626993735485,
      0.27707841245077114,
      0.3433291129386838,
      0.4050419384647867,
      0.4342005564533318,
      0.41756756394874045,
      0.36269399180668954,
      0.29449129455296075,
      0.24392207084567996,
      0.23394369101107443,
      0.2690861308788076,
      0.33339545746227106,
      0.39767658099000874,
      0.43274721528823107,
      0.4226860255976678,
      0.372060581691304
    ],
    "fit": {
      "A": 1.588925976136629e-05,
      "I0": 0.3333333333333333,
      "phi0": 2.6718488285875246,
      "R2": 2.7737599772592603e-08,
      "visibility_fit": 4.766777928409887e-05,
      "visibility_fourier": 8.878603018584808e-17,
      "visibility": 8.878603018584808e-17
    },
    "cycles": 16,
    "per_cycle_V": [
      2.4760540551368096e-16,
      4.0729075951713096e-17,
      2.1616017578915494e-16,
      1.7837574086704016e-16,
      5.850845164107835e-16,
      5.97526480606713e-17,
      1.6184291518738252e-16,
      4.4105008560599725e-16,
      7.494558790647472e-17,
      9.702640276086153e-17,
      4.3407468925201936e-16,
      7.738063870414428e-17,
      1.9986254719826982e-16,
      3.78869325978775e-16,
      5.522987163950331e-16,
      1.4197469102136551e-16
    ]
  },
  "diagnostics": {
    "measured_link_count": 38,
    "selection_policy": "uniform",
    "num_links": 128,
    "creutz_sizes": [
      [
        2,
        2
      ],
      [
        3,
        3
      ]
    ],
    "loop_sizes_measured": [
      [
        1,
        1
      ],
      [
        1,
        2
      ],
      [
        2,
        1
      ],
      [
        2,
        2
      ],
      [
        2,
        3
      ],
      [
        3,
        2
      ],
      [
        3,
        3
      ]
    ],
    "visibility_qc": {
      "r2_ok": false,
      "v_in_unit_interval": true,
      "i0_very_small": false
    },
    "hybrid_knobs": {
      "kick_passes": 3,
      "loop_measurement_cycles": 6
    }
  },
  "artifacts": {
    "kernel_hash": "59ad205957406ba8769e06c45a6e3db43b483f8e2d8e66b070b3ff98425f2b57",
    "flip_counts_hash": "051ffecc2b526e5161a7cdb343471ea2bcf4c30d07d6aca6b7e9329b81a2e42c",
    "pivot_fit_hash": "32e5af21ae29df0c4428cd8be3189fb5b9433eb374572ce92302aca28369a080",
    "config_hash": "3e53227bb97f97d3e0f7892c2fd75b0f2e140b1e74473c1589a222acbe454fae"
  }
}