{
  "sim": "MICC",
  "gauge": "SU3",
  "rep": "fundamental",
  "L": 8,
  "b": 3.5,
  "kappa": 1.0,
  "seed": 0,
  "measurement_model": "dephasing",
  "f": 0.0,
  "schedule": "during",
  "sigma": 0.2842095311916866,
  "sigma_err": 0.08077125528560818,
  "visibility": 4.3056451720382386e-16,
  "visibility_err": 0.0,
  "coherence": {
    "C": 0.24660493780287296,
    "P_entropy": 0.35995650639322163
  },
  "twist_scan": {
    "phi_values": [
      0.0,
      0.09817477042468103,
      0.19634954084936207,
      0.2945243112740431,
      0.39269908169872414,
      0.4908738521234052,
      0.5890486225480862,
      0.6872233929727672,
      0.7853981633974483,
      0.8835729338221293,
      0.9817477042468103,
      1.0799224746714913,
      1.1780972450961724,
      1.2762720155208536,
      1.3744467859455345,
      1.4726215563702154,
      1.5707963267948966,
      1.6689710972195777,
      1.7671458676442586,
      1.8653206380689396,
      1.9634954084936207,
      2.061670178918302,
      2.1598449493429825,
      2.2580197197676637,
      2.356194490192345,
      2.454369260617026,
      2.552544031041707,
      2.650718801466388,
      2.748893571891069,
      2.84706834231575,
      2.945243112740431,
      3.043417883165112,
      3.141592653589793,
      3.2397674240144743,
      3.3379421944391554,
      3.436116964863836,
      3.5342917352885173,
      3.6324665057131984,
      3.730641276137879,
      3.8288160465625602,
      3.9269908169872414,
      4.025165587411922,
      4.123340357836604,
      4.221515128261284,
      4.319689898685965,
      4.417864669110647,
      4.516039439535327,
      4.614214209960009,
      4.71238898038469,
      4.81056375080937,
      4.908738521234052,
      5.006913291658733,
      5.105088062083414,
      5.203262832508095,
      5.301437602932776,
      5.399612373357457,
      5.497787143782138,
      5.595961914206819,
      5.6941366846315,
      5.792311455056181,
      5.890486225480862,
      5.988660995905543,
      6.086835766330224,
      6.1850105367549055
    ],
    "mean_I": [
      0.5130212527374035,
      0.0649570936560485,
      -0.2612698634801857,
      -0.31755940046888376,
      -0.07835724434707401,
      0.3477438269397528,
      0.7673028354054992,
      0.9898487628117261,
      0.9143504108226165,
      0.5750824528179067,
      0.12606544874967554,
      -0.22885626901033712,
      -0.32855566085000504,
      -0.12777128726193163,
      0.2823449438886738,
      0.7156088378468941,
      0.9753276448849866,
      0.9435944564774558,
      0.6348154767242623,
      0.1891699068759947,
      -0.1910284813458224,
      -0.3331775683918106,
      -0.17274464061503172,
      0.2174371069010355,
      0.6602333182067767,
      0.9546237707882153,
      0.966961353913753,
      0.6916450627828593,
      0.2536627376068423,
      -0.14815080276062068,
      -0.33138061159808213,
      -0.2128441864286463,
      0.15364541392926265,
      0.6017095730106182,
      0.9279365301468526,
      0.984226067135551,
      0.7450239110137414,
      0.318922839726914,
      -0.10063616873883172,
      -0.32318209614505916,
      -0.24768374415595004,
      0.0915842138487576,
      0.5406012179169916,
      0.8955229356770039,
      0.9952223275166717,
      0.7944379539285985,
      0.38432172277799465,
      -0.04894217118022864,
      -0.30866097821831967,
      -0.27692778981078964,
      0.03185118994240515,
      0.4774967597906715,
      0.8576951480124899,
      0.9998442350584772,
      0.8394113072816989,
      0.4492295597656298,
      0.006433348459890782,
      -0.28795710412154735,
      -0.3002946872470858,
      -0.024978396116193128,
      0.4130039290598218,
      0.8148174694272871,
      0.998047278264748,
      0.8795108530953123
    ],
    "fit": {
      "A": 1.1050232973036003e-16,
      "I0": 0.33333333333333337,
      "phi0": -3.0007697188746962,
      "R2": -2.220446049250313e-16,
      "visibility_fit": 3.3150698919108007e-16,
      "visibility_fourier": 4.3056451720382386e-16,
      "visibility": 4.3056451720382386e-16
    },
    "cycles": 8,
    "per_cycle_V": [
      4.034490958672513e-16,
      4.034490958672513e-16,
      4.034490958672513e-16,
      4.034490958672513e-16,
      4.034490958672513e-16,
      4.034490958672513e-16,
      4.034490958672513e-16,
      4.034490958672513e-16
    ]
  },
  "diagnostics": {
    "measured_link_count": 0,
    "selection_policy": "uniform",
    "num_links": 128,
    "visibility_qc": {
      "r2_ok": false,
      "v_in_unit_interval": true,
      "i0_very_small": false
    },
    "hybrid_knobs": {
      "kick_passes": 3,
      "loop_measurement_cycles": 4
    }
  },
  "artifacts": {
    "kernel_hash": "59ad205957406ba8769e06c45a6e3db43b483f8e2d8e66b070b3ff98425f2b57",
    "flip_counts_hash": "051ffecc2b526e5161a7cdb343471ea2bcf4c30d07d6aca6b7e9329b81a2e42c",
    "pivot_fit_hash": "18f843e4852e0cb06a5603a8f3e251da6d346190d1181f60fc167ac1ef296fd4",
    "config_hash": "09be816148e3d54a4ba01072548fde7efe2f97f681380c3e050adf0677f43c72"
  }
}