{
  "sim": "MICC",
  "gauge": "SU3",
  "rep": "fundamental",
  "L": 12,
  "b": 3.0,
  "kappa": 1.0,
  "seed": 0,
  "measurement_model": "dephasing",
  "f": 0.1,
  "schedule": "during",
  "sigma": 0.45480700504927235,
  "sigma_err": 0.03494329628029759,
  "visibility": 4.458416283830219e-16,
  "visibility_err": 9.21080861226842e-17,
  "coherence": {
    "C": 0.25875563694680837,
    "P_entropy": 0.28301770473573584
  },
  "twist_scan": {
    "phi_values": [
      0.0,
      0.09817477042468103,
      0.19634954084936207,
      0.2945243112740431,
      0.39269908169872414,
      0.4908738521234052,
      0.5890486225480862,
      0.6872233929727672,
      0.7853981633974483,
      0.8835729338221293,
      0.9817477042468103,
      1.0799224746714913,
      1.1780972450961724,
      1.2762720155208536,
      1.3744467859455345,
      1.4726215563702154,
      1.5707963267948966,
      1.6689710972195777,
      1.7671458676442586,
      1.8653206380689396,
      1.9634954084936207,
      2.061670178918302,
      2.1598449493429825,
      2.2580197197676637,
      2.356194490192345,
      2.454369260617026,
      2.552544031041707,
      2.650718801466388,
      2.748893571891069,
      2.84706834231575,
      2.945243112740431,
      3.043417883165112,
      3.141592653589793,
      3.2397674240144743,
      3.3379421944391554,
      3.436116964863836,
      3.5342917352885173,
      3.6324665057131984,
      3.730641276137879,
      3.8288160465625602,
      3.9269908169872414,
      4.025165587411922,
      4.123340357836604,
      4.221515128261284,
      4.319689898685965,
      4.417864669110647,
      4.516039439535327,
      4.614214209960009,
      4.71238898038469,
      4.81056375080937,
      4.908738521234052,
      5.006913291658733,
      5.105088062083414,
      5.203262832508095,
      5.301437602932776,
      5.399612373357457,
      5.497787143782138,
      5.595961914206819,
      5.6941366846315,
      5.792311455056181,
      5.890486225480862,
      5.988660995905543,
      6.086835766330224,
      6.1850105367549055
    ],
    "mean_I": [
      0.6501152866222204,
      0.8287325562633048,
      0.4836105342750932,
      -0.02038552531005687,
      -0.1504276990450475,
      0.2309654478432349,
      0.7205825913600943,
      0.8007972919676402,
      0.38680604467452284,
      -0.08371690203002256,
      -0.11333161809345703,
      0.32927076758242535,
      0.7761681242838864,
      0.7548976498984677,
      0.28794662876495286,
      -0.13102127208944078,
      -0.05907045355112552,
      0.42773220944511237,
      0.8147357645360601,
      0.6927975275596899,
      0.19083139845878844,
      -0.16048075507552573,
      0.010270568458596259,
      0.5225659554383211,
      0.8348033793307073,
      0.6168833978266345,
      0.09919243759384584,
      -0.17096323957818813,
      0.09202671134676943,
      0.6101275978869137,
      0.8355997814853169,
      0.530072598131812,
      0.016551380044446888,
      -0.16206588959663792,
      0.18305613239157437,
      0.6870521919767232,
      0.8170943657117152,
      0.43570121882343193,
      -0.05391592469342682,
      -0.13413062530097375,
      0.27986062199214323,
      0.7503835686966884,
      0.7799982847601236,
      0.33739589908424183,
      -0.10950145761721793,
      -0.08823098323180084,
      0.378720037901712,
      0.7976879387561084,
      0.7257371202177928,
      0.23893445722155757,
      -0.14806909786939348,
      -0.02613086089302362,
      0.4758352682078802,
      0.8271474217421921,
      0.6563960982080714,
      0.14410071122834442,
      -0.16813671266404018,
      0.04978326884002953,
      0.5674742290728204,
      0.8376299062448547,
      0.5746399553199001,
      0.05653906877975357,
      -0.16893311481864978,
      0.13659406853485642
    ],
    "fit": {
      "A": 2.0419286075410298e-05,
      "I0": 0.3333333333333335,
      "phi0": 2.0892349327333304,
      "R2": 1.3083885086473401e-09,
      "visibility_fit": 6.125785822623086e-05,
      "visibility_fourier": 4.458416283830219e-16,
      "visibility": 4.458416283830219e-16
    },
    "cycles": 8,
    "per_cycle_V": [
      8.874947134549169e-16,
      6.308186117872766e-16,
      7.079423428665425e-16,
      1.2860843290320795e-16,
      7.0713820097064455e-16,
      1.0089906793043305e-15,
      6.853975929234184e-16,
      8.139184275937413e-16
    ]
  },
  "diagnostics": {
    "measured_link_count": 29,
    "selection_policy": "uniform",
    "num_links": 288,
    "visibility_qc": {
      "r2_ok": false,
      "v_in_unit_interval": true,
      "i0_very_small": false
    },
    "hybrid_knobs": {
      "kick_passes": 3,
      "loop_measurement_cycles": 4
    }
  },
  "artifacts": {
    "kernel_hash": "c776a5135c116bb3a99eaad342348026ed00e0c6d5dcf8a66155f4c58107111d",
    "flip_counts_hash": "526d3d4f7381a97e02c3ef4c6b8d2598448ee2e98060a326f334d01ae3e48798",
    "pivot_fit_hash": "e730f86cf82cf01e0490c7477184968845e3929e6af95e60cac897b00c6a8382",
    "config_hash": "09be816148e3d54a4ba01072548fde7efe2f97f681380c3e050adf0677f43c72"
  }
}