{
  "sim": "MICC",
  "gauge": "SU3",
  "rep": "fundamental",
  "L": 8,
  "b": 3.0,
  "kappa": 1.0,
  "seed": 0,
  "measurement_model": "dephasing",
  "f": 0.2,
  "schedule": "during",
  "sigma": 0.37163342218827944,
  "sigma_err": 0.05097968494937146,
  "visibility": 6.620073121539665e-17,
  "visibility_err": 3.5120861658428885e-17,
  "coherence": {
    "C": 0.282892363186922,
    "P_entropy": 0.2544290627058762
  },
  "twist_scan": {
    "phi_values": [
      0.0,
      0.09817477042468103,
      0.19634954084936207,
      0.2945243112740431,
      0.39269908169872414,
      0.4908738521234052,
      0.5890486225480862,
      0.6872233929727672,
      0.7853981633974483,
      0.8835729338221293,
      0.9817477042468103,
      1.0799224746714913,
      1.1780972450961724,
      1.2762720155208536,
      1.3744467859455345,
      1.4726215563702154,
      1.5707963267948966,
      1.6689710972195777,
      1.7671458676442586,
      1.8653206380689396,
      1.9634954084936207,
      2.061670178918302,
      2.1598449493429825,
      2.2580197197676637,
      2.356194490192345,
      2.454369260617026,
      2.552544031041707,
      2.650718801466388,
      2.748893571891069,
      2.84706834231575,
      2.945243112740431,
      3.043417883165112,
      3.141592653589793,
      3.2397674240144743,
      3.3379421944391554,
      3.436116964863836,
      3.5342917352885173,
      3.6324665057131984,
      3.730641276137879,
      3.8288160465625602,
      3.9269908169872414,
      4.025165587411922,
      4.123340357836604,
      4.221515128261284,
      4.319689898685965,
      4.417864669110647,
      4.516039439535327,
      4.614214209960009,
      4.71238898038469,
      4.81056375080937,
      4.908738521234052,
      5.006913291658733,
      5.105088062083414,
      5.203262832508095,
      5.301437602932776,
      5.399612373357457,
      5.497787143782138,
      5.595961914206819,
      5.6941366846315,
      5.792311455056181,
      5.890486225480862,
      5.988660995905543,
      6.086835766330224,
      6.1850105367549055
    ],
    "mean_I": [
      0.13495738826803766,
      0.17349421502051618,
      0.2845946597744472,
      0.4178214433580444,
      0.5126923913601449,
      0.5261380768286605,
      0.45205443966613984,
      0.3240739022981032,
      0.20029695303567818,
      0.13691573907330795,
      0.1627040064562676,
      0.26595442094092026,
      0.3997934529793046,
      0.5034609801618943,
      0.5298941124963249,
      0.4670927605330065,
      0.34356742509266036,
      0.21539602595492668,
      0.14076569868408126,
      0.15355705158532326,
      0.24796307786679284,
      0.38112541531757715,
      0.4925911467234523,
      0.5317571604095981,
      0.48084290499559956,
      0.3629623879890516,
      0.23163089961531932,
      0.146470189884704,
      0.14614144058332465,
      0.23079389702093686,
      0.36199711378053145,
      0.4801875734828872,
      0.5317092783986291,
      0.4931724516461506,
      0.3820720068922195,
      0.24884522330862266,
      0.1539742753065218,
      0.1405285898380062,
      0.21461222700052657,
      0.34259276436856334,
      0.46636971363098845,
      0.5297509275933588,
      0.5039626602103991,
      0.40071224572574654,
      0.26687321368736283,
      0.16320568650477257,
      0.13677255417034173,
      0.1995739061336605,
      0.32309924157400616,
      0.4512706407117396,
      0.5259009679825856,
      0.5131096150813436,
      0.4187035887998734,
      0.2855412513490897,
      0.17407551994321466,
      0.1349095062570687,
      0.1858237616710671,
      0.3037042786776142,
      0.4350357670513472,
      0.5201964767819626,
      0.5205252260833424,
      0.43587276964573013,
      0.30466955288613556,
      0.18647909318377914
    ],
    "fit": {
      "A": 0.0018985131176129744,
      "I0": 0.33333333333333337,
      "phi0": -2.2744352503369965,
      "R2": 7.070724377822302e-05,
      "visibility_fit": 0.0056955393528389225,
      "visibility_fourier": 6.620073121539665e-17,
      "visibility": 6.620073121539665e-17
    },
    "cycles": 8,
    "per_cycle_V": [
      8.995324281840134e-17,
      2.5299576595331355e-16,
      1.5443545635780623e-16,
      2.2733814925478795e-16,
      1.9690926332680974e-16,
      2.9169189550530625e-16,
      7.618757788066437e-17,
      3.6729978989263303e-16
    ]
  },
  "diagnostics": {
    "measured_link_count": 26,
    "selection_policy": "uniform",
    "num_links": 128,
    "visibility_qc": {
      "r2_ok": false,
      "v_in_unit_interval": true,
      "i0_very_small": false
    },
    "hybrid_knobs": {
      "kick_passes": 3,
      "loop_measurement_cycles": 4
    }
  },
  "artifacts": {
    "kernel_hash": "59ad205957406ba8769e06c45a6e3db43b483f8e2d8e66b070b3ff98425f2b57",
    "flip_counts_hash": "051ffecc2b526e5161a7cdb343471ea2bcf4c30d07d6aca6b7e9329b81a2e42c",
    "pivot_fit_hash": "e730f86cf82cf01e0490c7477184968845e3929e6af95e60cac897b00c6a8382",
    "config_hash": "09be816148e3d54a4ba01072548fde7efe2f97f681380c3e050adf0677f43c72"
  }
}