{
  "sim": "MICC",
  "gauge": "SU3",
  "rep": "fundamental",
  "L": 8,
  "b": 3.5,
  "kappa": 0.75,
  "seed": 2,
  "measurement_model": "dephasing",
  "f": 0.0,
  "schedule": "pre",
  "sigma": 0.27617387235790203,
  "sigma_err": 0.05664582073333533,
  "visibility": 4.940279954431418e-16,
  "visibility_err": 7.638112870987716e-31,
  "coherence": {
    "C": 0.24660493780295228,
    "P_entropy": 0.35995650639322163
  },
  "twist_scan": {
    "phi_values": [
      0.0,
      0.09817477042468103,
      0.19634954084936207,
      0.2945243112740431,
      0.39269908169872414,
      0.4908738521234052,
      0.5890486225480862,
      0.6872233929727672,
      0.7853981633974483,
      0.8835729338221293,
      0.9817477042468103,
      1.0799224746714913,
      1.1780972450961724,
      1.2762720155208536,
      1.3744467859455345,
      1.4726215563702154,
      1.5707963267948966,
      1.6689710972195777,
      1.7671458676442586,
      1.8653206380689396,
      1.9634954084936207,
      2.061670178918302,
      2.1598449493429825,
      2.2580197197676637,
      2.356194490192345,
      2.454369260617026,
      2.552544031041707,
      2.650718801466388,
      2.748893571891069,
      2.84706834231575,
      2.945243112740431,
      3.043417883165112,
      3.141592653589793,
      3.2397674240144743,
      3.3379421944391554,
      3.436116964863836,
      3.5342917352885173,
      3.6324665057131984,
      3.730641276137879,
      3.8288160465625602,
      3.9269908169872414,
      4.025165587411922,
      4.123340357836604,
      4.221515128261284,
      4.319689898685965,
      4.417864669110647,
      4.516039439535327,
      4.614214209960009,
      4.71238898038469,
      4.81056375080937,
      4.908738521234052,
      5.006913291658733,
      5.105088062083414,
      5.203262832508095,
      5.301437602932776,
      5.399612373357457,
      5.497787143782138,
      5.595961914206819,
      5.6941366846315,
      5.792311455056181,
      5.890486225480862,
      5.988660995905543,
      6.086835766330224,
      6.1850105367549055
    ],
    "mean_I": [
      0.5130212527302732,
      0.06495709364927095,
      -0.26126986348353404,
      -0.3175594004672826,
      -0.07835724434125044,
      0.34774382694715494,
      0.7673028354111191,
      0.9898487628130129,
      0.9143504108189853,
      0.575082452811006,
      0.12606544874263828,
      -0.22885626901431652,
      -0.32855566084912,
      -0.12777128725658418,
      0.2823449438960558,
      0.7156088378529597,
      0.9753276448869815,
      0.9435944564744748,
      0.6348154767176583,
      0.18916990686876603,
      -0.19102848135039444,
      -0.3331775683916503,
      -0.1727446406102119,
      0.21743710690832663,
      0.6602333182132292,
      0.9546237707908994,
      0.9669613539114507,
      0.6916450627766153,
      0.25366273759949115,
      -0.14815080276574166,
      -0.33138061159864807,
      -0.2128441864244005,
      0.15364541393639278,
      0.6017095730173951,
      0.9279365301502002,
      0.9842260671339494,
      0.7450239110079176,
      0.3189228397195114,
      -0.10063616874445197,
      -0.32318209614634597,
      -0.24768374415231922,
      0.09158421385565751,
      0.5406012179240286,
      0.895522935680983,
      0.9952223275157869,
      0.7944379539232506,
      0.3843217227706121,
      -0.04894217118629473,
      -0.30866097822031524,
      -0.276927789807809,
      0.03185118994900848,
      0.4774967597978997,
      0.8576951480170615,
      0.9998442350583171,
      0.8394113072768783,
      0.4492295597583383,
      0.006433348453438046,
      -0.2879571041242321,
      -0.30029468724478375,
      -0.02497839610994936,
      0.41300392906717237,
      0.8148174694324077,
      0.9980472782653144,
      0.8795108530910661
    ],
    "fit": {
      "A": 1.5867059378152218e-16,
      "I0": 0.33333333333333315,
      "phi0": -2.825217449975392,
      "R2": -2.220446049250313e-16,
      "visibility_fit": 4.760117813445668e-16,
      "visibility_fourier": 4.940279954431418e-16,
      "visibility": 4.940279954431418e-16
    },
    "cycles": 16,
    "per_cycle_V": [
      5.012307802106968e-16,
      5.012307802106968e-16,
      5.012307802106968e-16,
      5.012307802106968e-16,
      5.012307802106968e-16,
      5.012307802106968e-16,
      5.012307802106968e-16,
      5.012307802106968e-16,
      5.012307802106968e-16,
      5.012307802106968e-16,
      5.012307802106968e-16,
      5.012307802106968e-16,
      5.012307802106968e-16,
      5.012307802106968e-16,
      5.012307802106968e-16,
      5.012307802106968e-16
    ]
  },
  "diagnostics": {
    "measured_link_count": 0,
    "selection_policy": "uniform",
    "num_links": 128,
    "creutz_sizes": [
      [
        2,
        2
      ],
      [
        3,
        3
      ]
    ],
    "loop_sizes_measured": [
      [
        1,
        1
      ],
      [
        1,
        2
      ],
      [
        2,
        1
      ],
      [
        2,
        2
      ],
      [
        2,
        3
      ],
      [
        3,
        2
      ],
      [
        3,
        3
      ]
    ],
    "visibility_qc": {
      "r2_ok": false,
      "v_in_unit_interval": true,
      "i0_very_small": false
    },
    "hybrid_knobs": {
      "kick_passes": 3,
      "loop_measurement_cycles": 6
    }
  },
  "artifacts": {
    "kernel_hash": "59ad205957406ba8769e06c45a6e3db43b483f8e2d8e66b070b3ff98425f2b57",
    "flip_counts_hash": "2268e99a6015a7b96d81d3b1a331fda63562012ba66381118831ac9c8b2f0d5d",
    "pivot_fit_hash": "32e5af21ae29df0c4428cd8be3189fb5b9433eb374572ce92302aca28369a080",
    "config_hash": "3e53227bb97f97d3e0f7892c2fd75b0f2e140b1e74473c1589a222acbe454fae"
  }
}