{
  "sim": "MICC",
  "gauge": "SU3",
  "rep": "fundamental",
  "L": 12,
  "b": 3.0,
  "kappa": 0.75,
  "seed": 1,
  "measurement_model": "dephasing",
  "f": 0.5,
  "schedule": "during",
  "sigma": 0.5934800352893861,
  "sigma_err": 0.0757461020134884,
  "visibility": 1.391668094162895e-16,
  "visibility_err": 9.426535876724243e-17,
  "coherence": {
    "C": 0.3756716164679981,
    "P_entropy": 0.1786150639614591
  },
  "twist_scan": {
    "phi_values": [
      0.0,
      0.09817477042468103,
      0.19634954084936207,
      0.2945243112740431,
      0.39269908169872414,
      0.4908738521234052,
      0.5890486225480862,
      0.6872233929727672,
      0.7853981633974483,
      0.8835729338221293,
      0.9817477042468103,
      1.0799224746714913,
      1.1780972450961724,
      1.2762720155208536,
      1.3744467859455345,
      1.4726215563702154,
      1.5707963267948966,
      1.6689710972195777,
      1.7671458676442586,
      1.8653206380689396,
      1.9634954084936207,
      2.061670178918302,
      2.1598449493429825,
      2.2580197197676637,
      2.356194490192345,
      2.454369260617026,
      2.552544031041707,
      2.650718801466388,
      2.748893571891069,
      2.84706834231575,
      2.945243112740431,
      3.043417883165112,
      3.141592653589793,
      3.2397674240144743,
      3.3379421944391554,
      3.436116964863836,
      3.5342917352885173,
      3.6324665057131984,
      3.730641276137879,
      3.8288160465625602,
      3.9269908169872414,
      4.025165587411922,
      4.123340357836604,
      4.221515128261284,
      4.319689898685965,
      4.417864669110647,
      4.516039439535327,
      4.614214209960009,
      4.71238898038469,
      4.81056375080937,
      4.908738521234052,
      5.006913291658733,
      5.105088062083414,
      5.203262832508095,
      5.301437602932776,
      5.399612373357457,
      5.497787143782138,
      5.595961914206819,
      5.6941366846315,
      5.792311455056181,
      5.890486225480862,
      5.988660995905543,
      6.086835766330224,
      6.1850105367549055
    ],
    "mean_I": [
      0.632952858677514,
      0.5925840629649554,
      0.2781337039253637,
      0.022040753347869015,
      0.09504834993471545,
      0.41997238610130666,
      0.6533010502449874,
      0.5483577558489967,
      0.21608923864523555,
      0.007771943521495288,
      0.1436402744337564,
      0.48005334521756654,
      0.6613530618915089,
      0.4958681807628464,
      0.1585503981727256,
      0.006014275328659409,
      0.1995219968052155,
      0.5344959365586474,
      0.6567994593251226,
      0.4371324826405733,
      0.10772836787903828,
      0.016835294972300505,
      0.2605460137971872,
      0.5812079618710655,
      0.6398152349387655,
      0.374407841421655,
      0.06557620988703672,
      0.03981915673601156,
      0.32436720665933527,
      0.6183943042184725,
      0.6110530829507427,
      0.31010472989175375,
      0.033713807989152696,
      0.07408260370171123,
      0.3885329627413035,
      0.6446259133187976,
      0.5716183167319517,
      0.2466942805653599,
      0.013365616421679237,
      0.11830891081766945,
      0.45057742802143047,
      0.6588947231451717,
      0.5230263922329099,
      0.18661332144910023,
      0.005313604775157795,
      0.1707984859038199,
      0.50811626849394,
      0.6606523913380075,
      0.4671446698614515,
      0.13217073010802097,
      0.009867207341544018,
      0.22953418402609302,
      0.5589382987876292,
      0.649831371694366,
      0.40612065286948007,
      0.08545870479560055,
      0.026851431727901002,
      0.29225882524500946,
      0.6010904567796296,
      0.6268475099306551,
      0.34229946000733347,
      0.04827236244819423,
      0.055613583715923884,
      0.356561936774914
    ],
    "fit": {
      "A": 1.6092629957117203e-12,
      "I0": 0.33333333333333337,
      "phi0": 0.3975289473146907,
      "R2": 1.1102230246251565e-16,
      "visibility_fit": 4.827788987135161e-12,
      "visibility_fourier": 1.391668094162895e-16,
      "visibility": 1.391668094162895e-16
    },
    "cycles": 8,
    "per_cycle_V": [
      7.820887840151434e-16,
      7.018289996932357e-16,
      7.87572846286974e-16,
      8.3807628008681235e-16,
      2.957297320266729e-16,
      5.876199839431328e-16,
      1.5429252187382586e-16,
      8.777825063701241e-16
    ]
  },
  "diagnostics": {
    "measured_link_count": 144,
    "selection_policy": "uniform",
    "num_links": 288,
    "visibility_qc": {
      "r2_ok": false,
      "v_in_unit_interval": true,
      "i0_very_small": false
    },
    "hybrid_knobs": {
      "kick_passes": 3,
      "loop_measurement_cycles": 4
    }
  },
  "artifacts": {
    "kernel_hash": "c776a5135c116bb3a99eaad342348026ed00e0c6d5dcf8a66155f4c58107111d",
    "flip_counts_hash": "1045813912820017453b344ca74f8b8f873bba658c2e9b55c71942b9dd07c053",
    "pivot_fit_hash": "d04f83ead3fcfaea1653e658999e83d0abac9536c46d06a4e4ad9b696714687e",
    "config_hash": "09be816148e3d54a4ba01072548fde7efe2f97f681380c3e050adf0677f43c72"
  }
}