{
  "sim": "MICC",
  "gauge": "SU3",
  "rep": "fundamental",
  "L": 12,
  "b": 3.5,
  "kappa": 1.0,
  "seed": 1,
  "measurement_model": "dephasing",
  "f": 0.5,
  "schedule": "during",
  "sigma": 0.6870490142403501,
  "sigma_err": 0.04546288433047163,
  "visibility": 1.555062297803904e-16,
  "visibility_err": 7.480354907437064e-17,
  "coherence": {
    "C": 0.33201812204274483,
    "P_entropy": 0.1882800978623226
  },
  "twist_scan": {
    "phi_values": [
      0.0,
      0.09817477042468103,
      0.19634954084936207,
      0.2945243112740431,
      0.39269908169872414,
      0.4908738521234052,
      0.5890486225480862,
      0.6872233929727672,
      0.7853981633974483,
      0.8835729338221293,
      0.9817477042468103,
      1.0799224746714913,
      1.1780972450961724,
      1.2762720155208536,
      1.3744467859455345,
      1.4726215563702154,
      1.5707963267948966,
      1.6689710972195777,
      1.7671458676442586,
      1.8653206380689396,
      1.9634954084936207,
      2.061670178918302,
      2.1598449493429825,
      2.2580197197676637,
      2.356194490192345,
      2.454369260617026,
      2.552544031041707,
      2.650718801466388,
      2.748893571891069,
      2.84706834231575,
      2.945243112740431,
      3.043417883165112,
      3.141592653589793,
      3.2397674240144743,
      3.3379421944391554,
      3.436116964863836,
      3.5342917352885173,
      3.6324665057131984,
      3.730641276137879,
      3.8288160465625602,
      3.9269908169872414,
      4.025165587411922,
      4.123340357836604,
      4.221515128261284,
      4.319689898685965,
      4.417864669110647,
      4.516039439535327,
      4.614214209960009,
      4.71238898038469,
      4.81056375080937,
      4.908738521234052,
      5.006913291658733,
      5.105088062083414,
      5.203262832508095,
      5.301437602932776,
      5.399612373357457,
      5.497787143782138,
      5.595961914206819,
      5.6941366846315,
      5.792311455056181,
      5.890486225480862,
      5.988660995905543,
      6.086835766330224,
      6.1850105367549055
    ],
    "mean_I": [
      0.25373913180592,
      0.38839098573263897,
      0.46483553021741186,
      0.4022550939272366,
      0.26681012252979175,
      0.20169392374747494,
      0.2757477679039254,
      0.41068144765578574,
      0.4638421961452376,
      0.3790281231236875,
      0.24590522011567467,
      0.20521188898766254,
      0.29996938498702597,
      0.4299994649228432,
      0.4578334796654152,
      0.35404512717442876,
      0.2283601310622614,
      0.21365348948272042,
      0.3254731598943572,
      0.44560265696390655,
      0.44704029238253723,
      0.32826618860316403,
      0.21484910330247564,
      0.22669431925972766,
      0.3512789968589124,
      0.4568914018592094,
      0.43187741043099587,
      0.3026819775621926,
      0.20589135805605344,
      0.24383322654373576,
      0.37639519203822325,
      0.46343187947322567,
      0.4129275348607464,
      0.2782756809340274,
      0.20183113644925432,
      0.26441157273942933,
      0.3998565441368744,
      0.46497274291919144,
      0.39091889876274116,
      0.2559852190108808,
      0.20282447052142866,
      0.28763854354297796,
      0.4207614465509915,
      0.46145477767900367,
      0.36669728167964116,
      0.23666720174382322,
      0.20883318700125092,
      0.31262153949223803,
      0.43830653560440475,
      0.45301317718394607,
      0.3411935067723088,
      0.22106400970275994,
      0.21962637428412912,
      0.33840047806350215,
      0.45181756336419054,
      0.43997234740693825,
      0.31538766980775407,
      0.2097752648074573,
      0.23478925623567043,
      0.3639846891044733,
      0.46077530861061244,
      0.4228334401229307,
      0.2902714746284432,
      0.2032347871934404
    ],
    "fit": {
      "A": 8.498115033173558e-16,
      "I0": 0.3333333333333331,
      "phi0": -2.8323022493694956,
      "R2": 1.1102230246251565e-16,
      "visibility_fit": 2.5494345099520693e-15,
      "visibility_fourier": 1.555062297803904e-16,
      "visibility": 1.555062297803904e-16
    },
    "cycles": 16,
    "per_cycle_V": [
      2.092588013150587e-16,
      8.882949386443948e-16,
      2.469240397043819e-16,
      6.83888854320028e-16,
      9.051676684654317e-16,
      4.58949579838586e-16,
      8.373081831065939e-16,
      4.950753477432112e-16,
      4.756492210091218e-16,
      3.980192414258461e-16,
      1.4057378636340353e-16,
      6.692660577081296e-16,
      1.1205323395451009e-15,
      7.226584805468189e-16,
      1.0844274029343526e-15,
      5.20026990414707e-16
    ]
  },
  "diagnostics": {
    "measured_link_count": 144,
    "selection_policy": "uniform",
    "num_links": 288,
    "creutz_sizes": [
      [
        2,
        2
      ],
      [
        3,
        3
      ]
    ],
    "loop_sizes_measured": [
      [
        1,
        1
      ],
      [
        1,
        2
      ],
      [
        2,
        1
      ],
      [
        2,
        2
      ],
      [
        2,
        3
      ],
      [
        3,
        2
      ],
      [
        3,
        3
      ]
    ],
    "visibility_qc": {
      "r2_ok": false,
      "v_in_unit_interval": true,
      "i0_very_small": false
    },
    "hybrid_knobs": {
      "kick_passes": 3,
      "loop_measurement_cycles": 6
    }
  },
  "artifacts": {
    "kernel_hash": "c776a5135c116bb3a99eaad342348026ed00e0c6d5dcf8a66155f4c58107111d",
    "flip_counts_hash": "1045813912820017453b344ca74f8b8f873bba658c2e9b55c71942b9dd07c053",
    "pivot_fit_hash": "18f843e4852e0cb06a5603a8f3e251da6d346190d1181f60fc167ac1ef296fd4",
    "config_hash": "3e53227bb97f97d3e0f7892c2fd75b0f2e140b1e74473c1589a222acbe454fae"
  }
}