{
  "sim": "MICC",
  "gauge": "SU3",
  "rep": "fundamental",
  "L": 8,
  "b": 3.5,
  "kappa": 0.75,
  "seed": 2,
  "measurement_model": "dephasing",
  "f": 0.3,
  "schedule": "during",
  "sigma": 0.5738599158217594,
  "sigma_err": 0.02990324357526968,
  "visibility": 1.4459729236314885e-16,
  "visibility_err": 3.939597451651273e-17,
  "coherence": {
    "C": 0.28103842732181766,
    "P_entropy": 0.22081098457688833
  },
  "twist_scan": {
    "phi_values": [
      0.0,
      0.09817477042468103,
      0.19634954084936207,
      0.2945243112740431,
      0.39269908169872414,
      0.4908738521234052,
      0.5890486225480862,
      0.6872233929727672,
      0.7853981633974483,
      0.8835729338221293,
      0.9817477042468103,
      1.0799224746714913,
      1.1780972450961724,
      1.2762720155208536,
      1.3744467859455345,
      1.4726215563702154,
      1.5707963267948966,
      1.6689710972195777,
      1.7671458676442586,
      1.8653206380689396,
      1.9634954084936207,
      2.061670178918302,
      2.1598449493429825,
      2.2580197197676637,
      2.356194490192345,
      2.454369260617026,
      2.552544031041707,
      2.650718801466388,
      2.748893571891069,
      2.84706834231575,
      2.945243112740431,
      3.043417883165112,
      3.141592653589793,
      3.2397674240144743,
      3.3379421944391554,
      3.436116964863836,
      3.5342917352885173,
      3.6324665057131984,
      3.730641276137879,
      3.8288160465625602,
      3.9269908169872414,
      4.025165587411922,
      4.123340357836604,
      4.221515128261284,
      4.319689898685965,
      4.417864669110647,
      4.516039439535327,
      4.614214209960009,
      4.71238898038469,
      4.81056375080937,
      4.908738521234052,
      5.006913291658733,
      5.105088062083414,
      5.203262832508095,
      5.301437602932776,
      5.399612373357457,
      5.497787143782138,
      5.595961914206819,
      5.6941366846315,
      5.792311455056181,
      5.890486225480862,
      5.988660995905543,
      6.086835766330224,
      6.1850105367549055
    ],
    "mean_I": [
      0.31350322504865674,
      0.21669447345893153,
      0.17283732571556173,
      0.2018420099846893,
      0.2905410060011018,
      0.3986668239789074,
      0.4771326031129756,
      0.4903165201389428,
      0.4322333523595539,
      0.329251643617808,
      0.22812293667214417,
      0.1747575502057802,
      0.19338225397896072,
      0.2755418218602306,
      0.3839375277190239,
      0.46935998729471345,
      0.49302918984384814,
      0.44419981225464034,
      0.3450393710901983,
      0.24056463351905738,
      0.17820494617385793,
      0.18627030337245698,
      0.2610992015668988,
      0.3687208854041394,
      0.46027736043907047,
      0.4942039011519219,
      0.4550985673519324,
      0.3607143630198188,
      0.25389974365771156,
      0.18314631331208392,
      0.180574650137306,
      0.24735223544967125,
      0.3531634416180097,
      0.449972193207735,
      0.493829340951105,
      0.46482465668197737,
      0.37612566066556496,
      0.26799984268775917,
      0.1895340635536911,
      0.17635014652772374,
      0.2344333143071125,
      0.33741502304885806,
      0.4385437299945224,
      0.49190911646088636,
      0.47328441268770616,
      0.39112484480643606,
      0.28272913894764307,
      0.19730667937195287,
      0.1736374768228184,
      0.2224668544120259,
      0.32162729557646846,
      0.4261020331476091,
      0.48846172049280867,
      0.48039636329420965,
      0.4055674650997679,
      0.29794578126252685,
      0.20638930622759627,
      0.17246276551474465,
      0.21156809931473436,
      0.3059523036468476,
      0.41276692300895446,
      0.48352035335458265,
      0.4860920165293605,
      0.419314431216995
    ],
    "fit": {
      "A": 6.208939163753227e-08,
      "I0": 0.3333333333333332,
      "phi0": -0.6823117059216838,
      "R2": 1.4699352846037073e-13,
      "visibility_fit": 1.862681749125969e-07,
      "visibility_fourier": 1.4459729236314885e-16,
      "visibility": 1.4459729236314885e-16
    },
    "cycles": 16,
    "per_cycle_V": [
      2.1627981125527417e-16,
      3.5207961517469666e-16,
      1.4459729236314897e-16,
      3.8019394657928277e-16,
      1.875174908374171e-16,
      5.009281802141723e-16,
      7.56201286600213e-17,
      3.805899890006746e-16,
      1.8066348098729315e-16,
      5.50481335998981e-16,
      3.444717614860035e-16,
      6.050394570659539e-17,
      2.832243428339111e-16,
      4.233409517613804e-16,
      4.995817260089375e-16,
      1.2319019070911355e-16
    ]
  },
  "diagnostics": {
    "measured_link_count": 38,
    "selection_policy": "uniform",
    "num_links": 128,
    "creutz_sizes": [
      [
        2,
        2
      ],
      [
        3,
        3
      ]
    ],
    "loop_sizes_measured": [
      [
        1,
        1
      ],
      [
        1,
        2
      ],
      [
        2,
        1
      ],
      [
        2,
        2
      ],
      [
        2,
        3
      ],
      [
        3,
        2
      ],
      [
        3,
        3
      ]
    ],
    "visibility_qc": {
      "r2_ok": false,
      "v_in_unit_interval": true,
      "i0_very_small": false
    },
    "hybrid_knobs": {
      "kick_passes": 3,
      "loop_measurement_cycles": 6
    }
  },
  "artifacts": {
    "kernel_hash": "59ad205957406ba8769e06c45a6e3db43b483f8e2d8e66b070b3ff98425f2b57",
    "flip_counts_hash": "2268e99a6015a7b96d81d3b1a331fda63562012ba66381118831ac9c8b2f0d5d",
    "pivot_fit_hash": "32e5af21ae29df0c4428cd8be3189fb5b9433eb374572ce92302aca28369a080",
    "config_hash": "3e53227bb97f97d3e0f7892c2fd75b0f2e140b1e74473c1589a222acbe454fae"
  }
}