{
  "sim": "MICC",
  "gauge": "SU3",
  "rep": "fundamental",
  "L": 8,
  "b": 3.5,
  "kappa": 1.0,
  "seed": 0,
  "measurement_model": "dephasing",
  "f": 0.3,
  "schedule": "pre",
  "sigma": 0.5335093693555104,
  "sigma_err": 0.17058803743765527,
  "visibility": 3.638386062758079e-16,
  "visibility_err": 0.0,
  "coherence": {
    "C": 0.2606525867550822,
    "P_entropy": 0.27945951364398924
  },
  "twist_scan": {
    "phi_values": [
      0.0,
      0.09817477042468103,
      0.19634954084936207,
      0.2945243112740431,
      0.39269908169872414,
      0.4908738521234052,
      0.5890486225480862,
      0.6872233929727672,
      0.7853981633974483,
      0.8835729338221293,
      0.9817477042468103,
      1.0799224746714913,
      1.1780972450961724,
      1.2762720155208536,
      1.3744467859455345,
      1.4726215563702154,
      1.5707963267948966,
      1.6689710972195777,
      1.7671458676442586,
      1.8653206380689396,
      1.9634954084936207,
      2.061670178918302,
      2.1598449493429825,
      2.2580197197676637,
      2.356194490192345,
      2.454369260617026,
      2.552544031041707,
      2.650718801466388,
      2.748893571891069,
      2.84706834231575,
      2.945243112740431,
      3.043417883165112,
      3.141592653589793,
      3.2397674240144743,
      3.3379421944391554,
      3.436116964863836,
      3.5342917352885173,
      3.6324665057131984,
      3.730641276137879,
      3.8288160465625602,
      3.9269908169872414,
      4.025165587411922,
      4.123340357836604,
      4.221515128261284,
      4.319689898685965,
      4.417864669110647,
      4.516039439535327,
      4.614214209960009,
      4.71238898038469,
      4.81056375080937,
      4.908738521234052,
      5.006913291658733,
      5.105088062083414,
      5.203262832508095,
      5.301437602932776,
      5.399612373357457,
      5.497787143782138,
      5.595961914206819,
      5.6941366846315,
      5.792311455056181,
      5.890486225480862,
      5.988660995905543,
      6.086835766330224,
      6.1850105367549055
    ],
    "mean_I": [
      -0.325839364126082,
      -0.11297869410742947,
      0.3024983054462959,
      0.7319737630012729,
      0.9804747997530312,
      0.9351871403592281,
      0.6166704353679869,
      0.169524609704022,
      -0.20325548013625155,
      -0.33243546697634785,
      -0.1593703375213877,
      0.23737195768122904,
      0.6776787111917651,
      0.9616598622888557,
      0.9603939054903876,
      0.6744555587158548,
      0.23365485336637581,
      -0.1618939060287208,
      -0.332619852333385,
      -0.20101697524579126,
      0.17316977042151743,
      0.6200674251551496,
      0.9367937968726175,
      0.9795617345254977,
      0.7289554885569113,
      0.2987450552806106,
      -0.11576302288738782,
      -0.3263907444654092,
      -0.23751752739298548,
      0.11051004582695546,
      0.5596947330694891,
      0.9061160773074513,
      0.9925060307927485,
      0.7796453607740959,
      0.3641683612203699,
      -0.06530709633460603,
      -0.3138081330863653,
      -0.26852047369256177,
      0.049996231298677855,
      0.4971420569626429,
      0.8699221468029171,
      0.9991021336430153,
      0.8260370041880536,
      0.4292947089854375,
      -0.011012044525096736,
      -0.294993195622189,
      -0.2937272388237217,
      -0.007788892049187604,
      0.43301181330028976,
      0.8285605726953855,
      0.9992865190000515,
      0.867683641912458,
      0.4934968962451475,
      0.04659924151151689,
      -0.27012713020595114,
      -0.3128950678588311,
      -0.06228882189024543,
      0.36792161138605245,
      0.7824296895540533,
      0.9930574111320747,
      0.9041841940596534,
      0.5561566208397114,
      0.10697193359717792,
      -0.23944941064078626
    ],
    "fit": {
      "A": 1.1436429206105634e-16,
      "I0": 0.333333333333333,
      "phi0": 0.8623372955958859,
      "R2": -2.220446049250313e-16,
      "visibility_fit": 3.4309287618316938e-16,
      "visibility_fourier": 3.638386062758079e-16,
      "visibility": 3.638386062758079e-16
    },
    "cycles": 8,
    "per_cycle_V": [
      2.2459477639180775e-16,
      2.2459477639180775e-16,
      2.2459477639180775e-16,
      2.2459477639180775e-16,
      2.2459477639180775e-16,
      2.2459477639180775e-16,
      2.2459477639180775e-16,
      2.2459477639180775e-16
    ]
  },
  "diagnostics": {
    "measured_link_count": 38,
    "selection_policy": "uniform",
    "num_links": 128,
    "visibility_qc": {
      "r2_ok": false,
      "v_in_unit_interval": true,
      "i0_very_small": false
    },
    "hybrid_knobs": {
      "kick_passes": 3,
      "loop_measurement_cycles": 4
    }
  },
  "artifacts": {
    "kernel_hash": "59ad205957406ba8769e06c45a6e3db43b483f8e2d8e66b070b3ff98425f2b57",
    "flip_counts_hash": "051ffecc2b526e5161a7cdb343471ea2bcf4c30d07d6aca6b7e9329b81a2e42c",
    "pivot_fit_hash": "18f843e4852e0cb06a5603a8f3e251da6d346190d1181f60fc167ac1ef296fd4",
    "config_hash": "09be816148e3d54a4ba01072548fde7efe2f97f681380c3e050adf0677f43c72"
  }
}