{
  "sim": "MICC",
  "gauge": "SU3",
  "rep": "fundamental",
  "L": 12,
  "b": 3.0,
  "kappa": 0.75,
  "seed": 0,
  "measurement_model": "dephasing",
  "f": 0.3,
  "schedule": "pre",
  "sigma": 0.47834362068328984,
  "sigma_err": 0.0780271125593975,
  "visibility": 5.335559710082214e-16,
  "visibility_err": 0.0,
  "coherence": {
    "C": 0.2783673113874894,
    "P_entropy": 0.2615204344696247
  },
  "twist_scan": {
    "phi_values": [
      0.0,
      0.09817477042468103,
      0.19634954084936207,
      0.2945243112740431,
      0.39269908169872414,
      0.4908738521234052,
      0.5890486225480862,
      0.6872233929727672,
      0.7853981633974483,
      0.8835729338221293,
      0.9817477042468103,
      1.0799224746714913,
      1.1780972450961724,
      1.2762720155208536,
      1.3744467859455345,
      1.4726215563702154,
      1.5707963267948966,
      1.6689710972195777,
      1.7671458676442586,
      1.8653206380689396,
      1.9634954084936207,
      2.061670178918302,
      2.1598449493429825,
      2.2580197197676637,
      2.356194490192345,
      2.454369260617026,
      2.552544031041707,
      2.650718801466388,
      2.748893571891069,
      2.84706834231575,
      2.945243112740431,
      3.043417883165112,
      3.141592653589793,
      3.2397674240144743,
      3.3379421944391554,
      3.436116964863836,
      3.5342917352885173,
      3.6324665057131984,
      3.730641276137879,
      3.8288160465625602,
      3.9269908169872414,
      4.025165587411922,
      4.123340357836604,
      4.221515128261284,
      4.319689898685965,
      4.417864669110647,
      4.516039439535327,
      4.614214209960009,
      4.71238898038469,
      4.81056375080937,
      4.908738521234052,
      5.006913291658733,
      5.105088062083414,
      5.203262832508095,
      5.301437602932776,
      5.399612373357457,
      5.497787143782138,
      5.595961914206819,
      5.6941366846315,
      5.792311455056181,
      5.890486225480862,
      5.988660995905543,
      6.086835766330224,
      6.1850105367549055
    ],
    "mean_I": [
      0.888745224094867,
      0.2699615437369354,
      -0.2818250670733314,
      -0.18326220223587295,
      0.46144883428759353,
      0.9707153270758723,
      0.8061374163028362,
      0.1417079433304587,
      -0.32013391671689834,
      -0.09112593525646594,
      0.5866231551260023,
      0.996592592851738,
      0.705360012753872,
      0.020818399197034477,
      -0.33333038640969037,
      0.0173220633753457,
      0.7020636901594877,
      0.9969811772443905,
      0.5902858325497419,
      -0.08806137127792321,
      -0.3209073432220788,
      0.13791419789048287,
      0.8033341243665093,
      0.9718661471735397,
      0.46533711190134686,
      -0.18074717957554662,
      -0.28334219773684205,
      0.26601618018837264,
      0.8865426917536087,
      0.9222126591601362,
      0.335315560071157,
      -0.253677162061752,
      -0.22207855742820024,
      0.39670512292973154,
      0.9484917337399984,
      0.8499288689025412,
      0.2052178323790745,
      -0.30404866040920536,
      -0.13947074963617112,
      0.5249587233362066,
      0.986800583383565,
      0.7577926019231365,
      0.08004351154066407,
      -0.3299259261850714,
      -0.0386933460872081,
      0.6458482674696312,
      0.9999970530763564,
      0.6493446032913196,
      -0.03539702349282004,
      -0.3303145105777238,
      0.07638083411692588,
      0.7547280379445896,
      0.9875740098887454,
      0.5287524687761845,
      -0.13666745769984123,
      -0.3051994805068721,
      0.2013295547653189,
      0.8474138462422103,
      0.9500088644035084,
      0.40065048647829526,
      -0.21987602508693943,
      -0.2555459924934695,
      0.3313511065955091,
      0.9203438287284208
    ],
    "fit": {
      "A": 1.6636753263281958e-16,
      "I0": 0.33333333333333337,
      "phi0": -1.7405302438531465,
      "R2": 0.0,
      "visibility_fit": 4.991025978984587e-16,
      "visibility_fourier": 5.335559710082214e-16,
      "visibility": 5.335559710082214e-16
    },
    "cycles": 8,
    "per_cycle_V": [
      5.318511956996841e-16,
      5.318511956996841e-16,
      5.318511956996841e-16,
      5.318511956996841e-16,
      5.318511956996841e-16,
      5.318511956996841e-16,
      5.318511956996841e-16,
      5.318511956996841e-16
    ]
  },
  "diagnostics": {
    "measured_link_count": 86,
    "selection_policy": "uniform",
    "num_links": 288,
    "visibility_qc": {
      "r2_ok": false,
      "v_in_unit_interval": true,
      "i0_very_small": false
    },
    "hybrid_knobs": {
      "kick_passes": 3,
      "loop_measurement_cycles": 4
    }
  },
  "artifacts": {
    "kernel_hash": "c776a5135c116bb3a99eaad342348026ed00e0c6d5dcf8a66155f4c58107111d",
    "flip_counts_hash": "526d3d4f7381a97e02c3ef4c6b8d2598448ee2e98060a326f334d01ae3e48798",
    "pivot_fit_hash": "d04f83ead3fcfaea1653e658999e83d0abac9536c46d06a4e4ad9b696714687e",
    "config_hash": "09be816148e3d54a4ba01072548fde7efe2f97f681380c3e050adf0677f43c72"
  }
}