{
  "sim": "MICC",
  "gauge": "SU3",
  "rep": "fundamental",
  "L": 12,
  "b": 3.5,
  "kappa": 0.75,
  "seed": 1,
  "measurement_model": "dephasing",
  "f": 0.1,
  "schedule": "during",
  "sigma": 0.58622048348851,
  "sigma_err": 0.035236477683933114,
  "visibility": 5.81671641983209e-16,
  "visibility_err": 8.796497798510901e-17,
  "coherence": {
    "C": 0.2475857684612941,
    "P_entropy": 0.2884040862149225
  },
  "twist_scan": {
    "phi_values": [
      0.0,
      0.09817477042468103,
      0.19634954084936207,
      0.2945243112740431,
      0.39269908169872414,
      0.4908738521234052,
      0.5890486225480862,
      0.6872233929727672,
      0.7853981633974483,
      0.8835729338221293,
      0.9817477042468103,
      1.0799224746714913,
      1.1780972450961724,
      1.2762720155208536,
      1.3744467859455345,
      1.4726215563702154,
      1.5707963267948966,
      1.6689710972195777,
      1.7671458676442586,
      1.8653206380689396,
      1.9634954084936207,
      2.061670178918302,
      2.1598449493429825,
      2.2580197197676637,
      2.356194490192345,
      2.454369260617026,
      2.552544031041707,
      2.650718801466388,
      2.748893571891069,
      2.84706834231575,
      2.945243112740431,
      3.043417883165112,
      3.141592653589793,
      3.2397674240144743,
      3.3379421944391554,
      3.436116964863836,
      3.5342917352885173,
      3.6324665057131984,
      3.730641276137879,
      3.8288160465625602,
      3.9269908169872414,
      4.025165587411922,
      4.123340357836604,
      4.221515128261284,
      4.319689898685965,
      4.417864669110647,
      4.516039439535327,
      4.614214209960009,
      4.71238898038469,
      4.81056375080937,
      4.908738521234052,
      5.006913291658733,
      5.105088062083414,
      5.203262832508095,
      5.301437602932776,
      5.399612373357457,
      5.497787143782138,
      5.595961914206819,
      5.6941366846315,
      5.792311455056181,
      5.890486225480862,
      5.988660995905543,
      6.086835766330224,
      6.1850105367549055
    ],
    "mean_I": [
      0.2328309701639556,
      0.6705499266397843,
      0.7517612998791918,
      0.3906078960797933,
      -0.03109654924889138,
      -0.06752334431541132,
      0.3198381563584997,
      0.721466846204426,
      0.7127582531486556,
      0.30291915860505797,
      -0.07476587192231862,
      -0.021005759255986477,
      0.40736395463600455,
      0.7574680125372137,
      0.6591741195335628,
      0.21639922080866525,
      -0.10275217100244216,
      0.03912887841599417,
      0.49204479765369813,
      0.7771699210056638,
      0.5930681072384131,
      0.13437299537918773,
      -0.11397994871050988,
      0.11056962829868774,
      0.5706264481039751,
      0.7798154383162932,
      0.5169806332430303,
      0.059992704159047436,
      -0.10801772784581204,
      0.19057106243853913,
      0.6400890572291271,
      0.7653028987224761,
      0.43383569650271137,
      -0.003883259973118034,
      -0.08509463321252547,
      0.27605877058687184,
      0.6977632159155573,
      0.7341900109820776,
      0.346828510308168,
      -0.054800179537758884,
      -0.04609158648198969,
      0.3637475080616059,
      0.7414325385889848,
      0.6876724259226531,
      0.2593027120306646,
      -0.0908013458705468,
      0.007492547133102448,
      0.45026744585800277,
      0.7694188376691081,
      0.6275377882506739,
      0.1746218690129676,
      -0.11050325433899744,
      0.07359855942825436,
      0.5322936712874781,
      0.7806466153771762,
      0.5560970383679771,
      0.09604021856269185,
      -0.11314877164962685,
      0.14968603342363584,
      0.6066739625076182,
      0.774684394512479,
      0.4760956042281277,
      0.026577609437539732,
      -0.09863623205580975
    ],
    "fit": {
      "A": 2.5451821370740764e-05,
      "I0": 0.333333333333333,
      "phi0": -0.4961442763158569,
      "R2": 2.583883551565691e-09,
      "visibility_fit": 7.635546411222238e-05,
      "visibility_fourier": 5.81671641983209e-16,
      "visibility": 5.81671641983209e-16
    },
    "cycles": 8,
    "per_cycle_V": [
      8.494558518114381e-16,
      2.530708158061276e-16,
      8.665383903221033e-16,
      5.508778639085446e-16,
      9.247602646722869e-16,
      6.646329550815205e-16,
      1.0387414198475597e-15,
      6.718182190083737e-16
    ]
  },
  "diagnostics": {
    "measured_link_count": 29,
    "selection_policy": "uniform",
    "num_links": 288,
    "visibility_qc": {
      "r2_ok": false,
      "v_in_unit_interval": true,
      "i0_very_small": false
    },
    "hybrid_knobs": {
      "kick_passes": 3,
      "loop_measurement_cycles": 4
    }
  },
  "artifacts": {
    "kernel_hash": "c776a5135c116bb3a99eaad342348026ed00e0c6d5dcf8a66155f4c58107111d",
    "flip_counts_hash": "1045813912820017453b344ca74f8b8f873bba658c2e9b55c71942b9dd07c053",
    "pivot_fit_hash": "32e5af21ae29df0c4428cd8be3189fb5b9433eb374572ce92302aca28369a080",
    "config_hash": "09be816148e3d54a4ba01072548fde7efe2f97f681380c3e050adf0677f43c72"
  }
}