{
  "sim": "MICC",
  "gauge": "SU3",
  "rep": "fundamental",
  "L": 8,
  "b": 3.5,
  "kappa": 1.0,
  "seed": 1,
  "measurement_model": "dephasing",
  "f": 0.2,
  "schedule": "during",
  "sigma": 0.41071320880981455,
  "sigma_err": 0.05259701369850669,
  "visibility": 5.469410428690273e-17,
  "visibility_err": 5.319959268015667e-17,
  "coherence": {
    "C": 0.2623292587146626,
    "P_entropy": 0.24455344481969574
  },
  "twist_scan": {
    "phi_values": [
      0.0,
      0.09817477042468103,
      0.19634954084936207,
      0.2945243112740431,
      0.39269908169872414,
      0.4908738521234052,
      0.5890486225480862,
      0.6872233929727672,
      0.7853981633974483,
      0.8835729338221293,
      0.9817477042468103,
      1.0799224746714913,
      1.1780972450961724,
      1.2762720155208536,
      1.3744467859455345,
      1.4726215563702154,
      1.5707963267948966,
      1.6689710972195777,
      1.7671458676442586,
      1.8653206380689396,
      1.9634954084936207,
      2.061670178918302,
      2.1598449493429825,
      2.2580197197676637,
      2.356194490192345,
      2.454369260617026,
      2.552544031041707,
      2.650718801466388,
      2.748893571891069,
      2.84706834231575,
      2.945243112740431,
      3.043417883165112,
      3.141592653589793,
      3.2397674240144743,
      3.3379421944391554,
      3.436116964863836,
      3.5342917352885173,
      3.6324665057131984,
      3.730641276137879,
      3.8288160465625602,
      3.9269908169872414,
      4.025165587411922,
      4.123340357836604,
      4.221515128261284,
      4.319689898685965,
      4.417864669110647,
      4.516039439535327,
      4.614214209960009,
      4.71238898038469,
      4.81056375080937,
      4.908738521234052,
      5.006913291658733,
      5.105088062083414,
      5.203262832508095,
      5.301437602932776,
      5.399612373357457,
      5.497787143782138,
      5.595961914206819,
      5.6941366846315,
      5.792311455056181,
      5.890486225480862,
      5.988660995905543,
      6.086835766330224,
      6.1850105367549055
    ],
    "mean_I": [
      0.3757716967659511,
      0.5049254615434616,
      0.5561799875430918,
      0.5062667915253138,
      0.37784542096071255,
      0.2292164932152773,
      0.1278544341412459,
      0.11977549940948601,
      0.20864735648414612,
      0.3541240402728487,
      0.49016217777661386,
      0.5550032986807264,
      0.519210889710234,
      0.39903395623567145,
      0.249030313548334,
      0.1372984793432949,
      0.11456237040285727,
      0.19114370484839235,
      0.33227615790656234,
      0.47388854650641,
      0.5516918068749367,
      0.5303648854162365,
      0.4195897585964677,
      0.26965601804663875,
      0.14863044735281958,
      0.11145612536162243,
      0.17500941706370604,
      0.31043845671754666,
      0.45626129169805446,
      0.5462774036020575,
      0.5396213595672783,
      0.4393148644294207,
      0.2908949699007156,
      0.16174120512320492,
      0.1104866791235747,
      0.1603998751413524,
      0.2888212457059538,
      0.43745017345138915,
      0.5388122325254204,
      0.5468911672571805,
      0.45801931018252057,
      0.31254262639381847,
      0.17650448889005266,
      0.11166336798594002,
      0.1474557769564319,
      0.26763271043099474,
      0.4176363531183319,
      0.5293681873233718,
      0.5521042962638092,
      0.47552296181827475,
      0.33439050876010395,
      0.1927781201602566,
      0.11497485979172971,
      0.13630178125042997,
      0.24707690807019866,
      0.3970106486200282,
      0.5180362193138468,
      0.5552105413050442,
      0.4916572496029603,
      0.3562282099491201,
      0.21040537496861272,
      0.12038926306460912,
      0.1270453070993885,
      0.2273518022372461
    ],
    "fit": {
      "A": 1.1664284956457693e-06,
      "I0": 0.33333333333333326,
      "phi0": 2.6424865984641754,
      "R2": 2.8262836515580148e-11,
      "visibility_fit": 3.4992854869373086e-06,
      "visibility_fourier": 5.469410428690273e-17,
      "visibility": 5.469410428690273e-17
    },
    "cycles": 8,
    "per_cycle_V": [
      2.8181090425462335e-16,
      1.0280758085229446e-16,
      3.1778897831607135e-16,
      5.263694493925544e-16,
      2.8806532006918105e-16,
      8.673217994654363e-17,
      4.467830456250023e-16,
      2.608914856353478e-16
    ]
  },
  "diagnostics": {
    "measured_link_count": 26,
    "selection_policy": "uniform",
    "num_links": 128,
    "visibility_qc": {
      "r2_ok": false,
      "v_in_unit_interval": true,
      "i0_very_small": false
    },
    "hybrid_knobs": {
      "kick_passes": 3,
      "loop_measurement_cycles": 4
    }
  },
  "artifacts": {
    "kernel_hash": "59ad205957406ba8769e06c45a6e3db43b483f8e2d8e66b070b3ff98425f2b57",
    "flip_counts_hash": "2f22c538feb77f48a899689bff9bdbb91197c5203a770852a4a789b6ab244652",
    "pivot_fit_hash": "18f843e4852e0cb06a5603a8f3e251da6d346190d1181f60fc167ac1ef296fd4",
    "config_hash": "09be816148e3d54a4ba01072548fde7efe2f97f681380c3e050adf0677f43c72"
  }
}