{
  "sim": "MICC",
  "gauge": "SU3",
  "rep": "fundamental",
  "L": 12,
  "b": 3.0,
  "kappa": 1.0,
  "seed": 1,
  "measurement_model": "dephasing",
  "f": 0.2,
  "schedule": "during",
  "sigma": 0.4322429109014468,
  "sigma_err": 0.03284709572450689,
  "visibility": 2.374750271091115e-16,
  "visibility_err": 6.651744507977511e-17,
  "coherence": {
    "C": 0.28385756209443264,
    "P_entropy": 0.2357644678691114
  },
  "twist_scan": {
    "phi_values": [
      0.0,
      0.09817477042468103,
      0.19634954084936207,
      0.2945243112740431,
      0.39269908169872414,
      0.4908738521234052,
      0.5890486225480862,
      0.6872233929727672,
      0.7853981633974483,
      0.8835729338221293,
      0.9817477042468103,
      1.0799224746714913,
      1.1780972450961724,
      1.2762720155208536,
      1.3744467859455345,
      1.4726215563702154,
      1.5707963267948966,
      1.6689710972195777,
      1.7671458676442586,
      1.8653206380689396,
      1.9634954084936207,
      2.061670178918302,
      2.1598449493429825,
      2.2580197197676637,
      2.356194490192345,
      2.454369260617026,
      2.552544031041707,
      2.650718801466388,
      2.748893571891069,
      2.84706834231575,
      2.945243112740431,
      3.043417883165112,
      3.141592653589793,
      3.2397674240144743,
      3.3379421944391554,
      3.436116964863836,
      3.5342917352885173,
      3.6324665057131984,
      3.730641276137879,
      3.8288160465625602,
      3.9269908169872414,
      4.025165587411922,
      4.123340357836604,
      4.221515128261284,
      4.319689898685965,
      4.417864669110647,
      4.516039439535327,
      4.614214209960009,
      4.71238898038469,
      4.81056375080937,
      4.908738521234052,
      5.006913291658733,
      5.105088062083414,
      5.203262832508095,
      5.301437602932776,
      5.399612373357457,
      5.497787143782138,
      5.595961914206819,
      5.6941366846315,
      5.792311455056181,
      5.890486225480862,
      5.988660995905543,
      6.086835766330224,
      6.1850105367549055
    ],
    "mean_I": [
      0.36871910253723983,
      0.2712410203781449,
      0.2394073367113181,
      0.3068728296670264,
      0.4023125397892099,
      0.4248269826639343,
      0.3506137423469517,
      0.25813154084280904,
      0.24515316515271707,
      0.3253994387576374,
      0.4140334774873406,
      0.4173507971402027,
      0.3318443057292353,
      0.24791202401923285,
      0.2542877080052891,
      0.34423094296741286,
      0.422653153902795,
      0.40664586759990945,
      0.313132091607288,
      0.24097520020777533,
      0.2664599299099205,
      0.3626436581504009,
      0.4278403197048974,
      0.3931235784818949,
      0.29519619987588575,
      0.23758764765729518,
      0.28120205920507707,
      0.3799299939880881,
      0.4293956350208695,
      0.37730358377357653,
      0.2787258967957027,
      0.23787954811254622,
      0.2979475641294269,
      0.39542564628852195,
      0.4272593299553487,
      0.3597938369996406,
      0.26435412687745696,
      0.24183968400273265,
      0.31605292431971477,
      0.4085351258238576,
      0.4215135015139498,
      0.34126722790902997,
      0.2526331891793262,
      0.24931586952646398,
      0.33482236093743095,
      0.418754642647434,
      0.41237895866137786,
      0.32243572369925355,
      0.2440135127638718,
      0.26002079906675707,
      0.35353457505937885,
      0.42569146645889133,
      0.40020673675674606,
      0.30402300851626596,
      0.23882634696176935,
      0.2735430881847722,
      0.37147046679078083,
      0.4290790190093715,
      0.3854646074615898,
      0.28673667267857883,
      0.2372710316457973,
      0.28936308289309026,
      0.387940769870964,
      0.4287871185541206
    ],
    "fit": {
      "A": 6.632664975692662e-17,
      "I0": 0.3333333333333334,
      "phi0": -2.260673030599389,
      "R2": -2.220446049250313e-16,
      "visibility_fit": 1.989799492707798e-16,
      "visibility_fourier": 2.374750271091115e-16,
      "visibility": 2.374750271091115e-16
    },
    "cycles": 16,
    "per_cycle_V": [
      7.730389978825401e-16,
      1.0645295664322942e-15,
      8.88638426642142e-16,
      7.674400838254311e-16,
      6.506725321160798e-16,
      5.7768635923377535e-16,
      1.1913977558673336e-15,
      3.1768235704784567e-16,
      1.0352328657756054e-15,
      5.9877120212577725e-16,
      2.5179087564533564e-16,
      5.777757221176318e-16,
      8.895749790374602e-16,
      9.83619617821308e-16,
      8.126594911755862e-16,
      5.0014555282755e-16
    ]
  },
  "diagnostics": {
    "measured_link_count": 58,
    "selection_policy": "uniform",
    "num_links": 288,
    "creutz_sizes": [
      [
        2,
        2
      ],
      [
        3,
        3
      ]
    ],
    "loop_sizes_measured": [
      [
        1,
        1
      ],
      [
        1,
        2
      ],
      [
        2,
        1
      ],
      [
        2,
        2
      ],
      [
        2,
        3
      ],
      [
        3,
        2
      ],
      [
        3,
        3
      ]
    ],
    "visibility_qc": {
      "r2_ok": false,
      "v_in_unit_interval": true,
      "i0_very_small": false
    },
    "hybrid_knobs": {
      "kick_passes": 3,
      "loop_measurement_cycles": 6
    }
  },
  "artifacts": {
    "kernel_hash": "c776a5135c116bb3a99eaad342348026ed00e0c6d5dcf8a66155f4c58107111d",
    "flip_counts_hash": "1045813912820017453b344ca74f8b8f873bba658c2e9b55c71942b9dd07c053",
    "pivot_fit_hash": "e730f86cf82cf01e0490c7477184968845e3929e6af95e60cac897b00c6a8382",
    "config_hash": "3e53227bb97f97d3e0f7892c2fd75b0f2e140b1e74473c1589a222acbe454fae"
  }
}