{
  "sim": "MICC",
  "gauge": "SU3",
  "rep": "fundamental",
  "L": 8,
  "b": 3.0,
  "kappa": 1.0,
  "seed": 0,
  "measurement_model": "dephasing",
  "f": 0.1,
  "schedule": "during",
  "sigma": 0.32366885345396934,
  "sigma_err": 0.02833424675840107,
  "visibility": 3.015276765120707e-16,
  "visibility_err": 4.0825250561474745e-17,
  "coherence": {
    "C": 0.26068805288259694,
    "P_entropy": 0.28420561368111047
  },
  "twist_scan": {
    "phi_values": [
      0.0,
      0.09817477042468103,
      0.19634954084936207,
      0.2945243112740431,
      0.39269908169872414,
      0.4908738521234052,
      0.5890486225480862,
      0.6872233929727672,
      0.7853981633974483,
      0.8835729338221293,
      0.9817477042468103,
      1.0799224746714913,
      1.1780972450961724,
      1.2762720155208536,
      1.3744467859455345,
      1.4726215563702154,
      1.5707963267948966,
      1.6689710972195777,
      1.7671458676442586,
      1.8653206380689396,
      1.9634954084936207,
      2.061670178918302,
      2.1598449493429825,
      2.2580197197676637,
      2.356194490192345,
      2.454369260617026,
      2.552544031041707,
      2.650718801466388,
      2.748893571891069,
      2.84706834231575,
      2.945243112740431,
      3.043417883165112,
      3.141592653589793,
      3.2397674240144743,
      3.3379421944391554,
      3.436116964863836,
      3.5342917352885173,
      3.6324665057131984,
      3.730641276137879,
      3.8288160465625602,
      3.9269908169872414,
      4.025165587411922,
      4.123340357836604,
      4.221515128261284,
      4.319689898685965,
      4.417864669110647,
      4.516039439535327,
      4.614214209960009,
      4.71238898038469,
      4.81056375080937,
      4.908738521234052,
      5.006913291658733,
      5.105088062083414,
      5.203262832508095,
      5.301437602932776,
      5.399612373357457,
      5.497787143782138,
      5.595961914206819,
      5.6941366846315,
      5.792311455056181,
      5.890486225480862,
      5.988660995905543,
      6.086835766330224,
      6.1850105367549055
    ],
    "mean_I": [
      0.46224593570703976,
      0.12341475553343957,
      -0.1201177790290866,
      -0.15779298875699624,
      0.02749288390091478,
      0.3516239264788289,
      0.6674514221650973,
      0.8315962908369045,
      0.7695401938489567,
      0.5094553018439981,
      0.16941471826884374,
      -0.09621024106851733,
      -0.16683139797702798,
      -0.010388223677363232,
      0.3020973514129256,
      0.6287634092529804,
      0.8213103891010103,
      0.7923259876328566,
      0.5549685171461376,
      0.21699330687434937,
      -0.06816596367405574,
      -0.17105294741668628,
      -0.04495910476431257,
      0.2528715959282403,
      0.5872302432112507,
      0.8063250015626798,
      0.8106914312449444,
      0.5983472644700442,
      0.26569231353258166,
      -0.03625502856757105,
      -0.17041698124713386,
      -0.07588682287669887,
      0.20442073095962654,
      0.543251911133227,
      0.7867844456957538,
      0.8244596554236634,
      0.6391737827657524,
      0.3150427401878379,
      -0.00078475549843008,
      -0.1649296241702376,
      -0.10287352718229018,
      0.1572113648226668,
      0.49725194839782316,
      0.7628769077351839,
      0.8334980646436949,
      0.6770548903440301,
      0.3645693152537423,
      0.0379032574136854,
      -0.15464372243434324,
      -0.1256593209661905,
      0.1116981495205295,
      0.44967335979231704,
      0.7348326303407233,
      0.8377196140833529,
      0.7116257714309797,
      0.4137950707384255,
      0.07943642345541663,
      -0.13965833489601212,
      -0.14402476457827756,
      0.06831940219662233,
      0.4009743531340832,
      0.7029216952342375,
      0.8370836479138002,
      0.742553489543365
    ],
    "fit": {
      "A": 0.022841026085398737,
      "I0": 0.33333333333333354,
      "phi0": 0.8405092816269927,
      "R2": 0.001440547377007717,
      "visibility_fit": 0.06852307825619616,
      "visibility_fourier": 3.015276765120707e-16,
      "visibility": 3.015276765120707e-16
    },
    "cycles": 16,
    "per_cycle_V": [
      4.225485150129134e-16,
      3.665022244513461e-16,
      5.895339218585203e-16,
      1.8933187573412894e-16,
      3.345096677945116e-16,
      2.7619207121950705e-16,
      2.7045281391934923e-16,
      3.434974243901362e-16,
      4.0773209839230565e-16,
      3.9104285157145566e-16,
      4.539352385226225e-16,
      9.530747634128266e-17,
      7.465139408043458e-17,
      8.614434872333227e-17,
      6.13157308287641e-17,
      5.031299483414981e-16
    ]
  },
  "diagnostics": {
    "measured_link_count": 13,
    "selection_policy": "uniform",
    "num_links": 128,
    "creutz_sizes": [
      [
        2,
        2
      ],
      [
        3,
        3
      ]
    ],
    "loop_sizes_measured": [
      [
        1,
        1
      ],
      [
        1,
        2
      ],
      [
        2,
        1
      ],
      [
        2,
        2
      ],
      [
        2,
        3
      ],
      [
        3,
        2
      ],
      [
        3,
        3
      ]
    ],
    "visibility_qc": {
      "r2_ok": false,
      "v_in_unit_interval": true,
      "i0_very_small": false
    },
    "hybrid_knobs": {
      "kick_passes": 3,
      "loop_measurement_cycles": 6
    }
  },
  "artifacts": {
    "kernel_hash": "59ad205957406ba8769e06c45a6e3db43b483f8e2d8e66b070b3ff98425f2b57",
    "flip_counts_hash": "051ffecc2b526e5161a7cdb343471ea2bcf4c30d07d6aca6b7e9329b81a2e42c",
    "pivot_fit_hash": "e730f86cf82cf01e0490c7477184968845e3929e6af95e60cac897b00c6a8382",
    "config_hash": "3e53227bb97f97d3e0f7892c2fd75b0f2e140b1e74473c1589a222acbe454fae"
  }
}