{
  "sim": "MICC",
  "gauge": "SU3",
  "rep": "fundamental",
  "L": 8,
  "b": 3.0,
  "kappa": 0.75,
  "seed": 2,
  "measurement_model": "dephasing",
  "f": 0.3,
  "schedule": "pre",
  "sigma": 0.3529187876191206,
  "sigma_err": 0.09048171535274771,
  "visibility": 5.604640276109992e-16,
  "visibility_err": 0.0,
  "coherence": {
    "C": 0.2785027864043034,
    "P_entropy": 0.2844374877078797
  },
  "twist_scan": {
    "phi_values": [
      0.0,
      0.09817477042468103,
      0.19634954084936207,
      0.2945243112740431,
      0.39269908169872414,
      0.4908738521234052,
      0.5890486225480862,
      0.6872233929727672,
      0.7853981633974483,
      0.8835729338221293,
      0.9817477042468103,
      1.0799224746714913,
      1.1780972450961724,
      1.2762720155208536,
      1.3744467859455345,
      1.4726215563702154,
      1.5707963267948966,
      1.6689710972195777,
      1.7671458676442586,
      1.8653206380689396,
      1.9634954084936207,
      2.061670178918302,
      2.1598449493429825,
      2.2580197197676637,
      2.356194490192345,
      2.454369260617026,
      2.552544031041707,
      2.650718801466388,
      2.748893571891069,
      2.84706834231575,
      2.945243112740431,
      3.043417883165112,
      3.141592653589793,
      3.2397674240144743,
      3.3379421944391554,
      3.436116964863836,
      3.5342917352885173,
      3.6324665057131984,
      3.730641276137879,
      3.8288160465625602,
      3.9269908169872414,
      4.025165587411922,
      4.123340357836604,
      4.221515128261284,
      4.319689898685965,
      4.417864669110647,
      4.516039439535327,
      4.614214209960009,
      4.71238898038469,
      4.81056375080937,
      4.908738521234052,
      5.006913291658733,
      5.105088062083414,
      5.203262832508095,
      5.301437602932776,
      5.399612373357457,
      5.497787143782138,
      5.595961914206819,
      5.6941366846315,
      5.792311455056181,
      5.890486225480862,
      5.988660995905543,
      6.086835766330224,
      6.1850105367549055
    ],
    "mean_I": [
      0.682873626474512,
      0.24339621152794091,
      -0.15525163040969733,
      -0.33209211351970747,
      -0.20684335562557774,
      0.16363432573015402,
      0.611151808687164,
      0.9325455121081311,
      0.9819094139298621,
      0.7368333347628346,
      0.30857669081057265,
      -0.10844095501668448,
      -0.32490230998680264,
      -0.24253844444147019,
      0.10125916862045667,
      0.5504136005511774,
      0.9010181296025507,
      0.99390562957789,
      0.7869071174618537,
      0.3739955900940568,
      -0.05737575172847038,
      -0.31137333738052003,
      -0.27268757323385545,
      0.04111901258158693,
      0.4875847907737393,
      0.8640236321808219,
      0.9995401729075342,
      0.8326127366710632,
      0.43902288961668345,
      -0.002547806367798906,
      -0.29163548710274606,
      -0.2970003894112722,
      -0.01620695980784573,
      0.4232704551387255,
      0.8219182970763644,
      0.9987587801863744,
      0.8735100222922451,
      0.5030323409365126,
      0.05551485797950361,
      -0.26587884544146373,
      -0.31524274726319573,
      -0.07016666809617046,
      0.3580899758560942,
      0.7751076216833508,
      0.9915689766534682,
      0.9092051111081368,
      0.5654074980462115,
      0.11625306611548727,
      -0.234351462935884,
      -0.3272389629112236,
      -0.1202404507951864,
      0.2926710765726093,
      0.7240424183951379,
      0.9780400040471859,
      0.9393542399005224,
      0.6255476540850785,
      0.17908187589292812,
      -0.19735696551415335,
      -0.3328735062408669,
      -0.16594607000439662,
      0.2276437770499808,
      0.669214473034465,
      0.9583021537694114,
      0.9636670560779387
    ],
    "fit": {
      "A": 1.6719066181507612e-16,
      "I0": 0.3333333333333332,
      "phi0": -2.7093433065238295,
      "R2": 1.1102230246251565e-16,
      "visibility_fit": 5.015719854452286e-16,
      "visibility_fourier": 5.604640276109992e-16,
      "visibility": 5.604640276109992e-16
    },
    "cycles": 8,
    "per_cycle_V": [
      4.893736480421795e-16,
      4.893736480421795e-16,
      4.893736480421795e-16,
      4.893736480421795e-16,
      4.893736480421795e-16,
      4.893736480421795e-16,
      4.893736480421795e-16,
      4.893736480421795e-16
    ]
  },
  "diagnostics": {
    "measured_link_count": 38,
    "selection_policy": "uniform",
    "num_links": 128,
    "visibility_qc": {
      "r2_ok": false,
      "v_in_unit_interval": true,
      "i0_very_small": false
    },
    "hybrid_knobs": {
      "kick_passes": 3,
      "loop_measurement_cycles": 4
    }
  },
  "artifacts": {
    "kernel_hash": "59ad205957406ba8769e06c45a6e3db43b483f8e2d8e66b070b3ff98425f2b57",
    "flip_counts_hash": "2268e99a6015a7b96d81d3b1a331fda63562012ba66381118831ac9c8b2f0d5d",
    "pivot_fit_hash": "d04f83ead3fcfaea1653e658999e83d0abac9536c46d06a4e4ad9b696714687e",
    "config_hash": "09be816148e3d54a4ba01072548fde7efe2f97f681380c3e050adf0677f43c72"
  }
}