{
  "sim": "MICC",
  "gauge": "SU3",
  "rep": "fundamental",
  "L": 8,
  "b": 3.5,
  "kappa": 1.0,
  "seed": 2,
  "measurement_model": "dephasing",
  "f": 0.0,
  "schedule": "pre",
  "sigma": 0.2842095311916868,
  "sigma_err": 0.08077125528560823,
  "visibility": 3.7686468267572046e-16,
  "visibility_err": 0.0,
  "coherence": {
    "C": 0.2466049378028729,
    "P_entropy": 0.35995650639322163
  },
  "twist_scan": {
    "phi_values": [
      0.0,
      0.09817477042468103,
      0.19634954084936207,
      0.2945243112740431,
      0.39269908169872414,
      0.4908738521234052,
      0.5890486225480862,
      0.6872233929727672,
      0.7853981633974483,
      0.8835729338221293,
      0.9817477042468103,
      1.0799224746714913,
      1.1780972450961724,
      1.2762720155208536,
      1.3744467859455345,
      1.4726215563702154,
      1.5707963267948966,
      1.6689710972195777,
      1.7671458676442586,
      1.8653206380689396,
      1.9634954084936207,
      2.061670178918302,
      2.1598449493429825,
      2.2580197197676637,
      2.356194490192345,
      2.454369260617026,
      2.552544031041707,
      2.650718801466388,
      2.748893571891069,
      2.84706834231575,
      2.945243112740431,
      3.043417883165112,
      3.141592653589793,
      3.2397674240144743,
      3.3379421944391554,
      3.436116964863836,
      3.5342917352885173,
      3.6324665057131984,
      3.730641276137879,
      3.8288160465625602,
      3.9269908169872414,
      4.025165587411922,
      4.123340357836604,
      4.221515128261284,
      4.319689898685965,
      4.417864669110647,
      4.516039439535327,
      4.614214209960009,
      4.71238898038469,
      4.81056375080937,
      4.908738521234052,
      5.006913291658733,
      5.105088062083414,
      5.203262832508095,
      5.301437602932776,
      5.399612373357457,
      5.497787143782138,
      5.595961914206819,
      5.6941366846315,
      5.792311455056181,
      5.890486225480862,
      5.988660995905543,
      6.086835766330224,
      6.1850105367549055
    ],
    "mean_I": [
      0.5130212527374011,
      0.06495709365604639,
      -0.2612698634801868,
      -0.31755940046888304,
      -0.0783572443470722,
      0.34774382693975503,
      0.7673028354055007,
      0.9898487628117262,
      0.914350410822615,
      0.5750824528179043,
      0.12606544874967326,
      -0.22885626901033843,
      -0.3285556608500046,
      -0.12777128726192985,
      0.2823449438886761,
      0.7156088378468956,
      0.9753276448849871,
      0.9435944564774543,
      0.6348154767242598,
      0.18916990687599247,
      -0.19102848134582381,
      -0.3331775683918105,
      -0.17274464061503003,
      0.21743710690103765,
      0.6602333182067784,
      0.9546237707882159,
      0.9669613539137522,
      0.6916450627828573,
      0.25366273760683994,
      -0.1481508027606224,
      -0.3313806115980822,
      -0.2128441864286448,
      0.15364541392926492,
      0.6017095730106202,
      0.9279365301468535,
      0.9842260671355502,
      0.7450239110137393,
      0.3189228397269115,
      -0.10063616873883342,
      -0.32318209614505927,
      -0.2476837441559487,
      0.09158421384875971,
      0.5406012179169936,
      0.8955229356770048,
      0.9952223275166714,
      0.7944379539285967,
      0.3843217227779921,
      -0.04894217118023054,
      -0.30866097821832034,
      -0.2769277898107885,
      0.03185118994240716,
      0.4774967597906735,
      0.8576951480124909,
      0.999844235058477,
      0.839411307281697,
      0.44922955976562745,
      0.006433348459888815,
      -0.2879571041215481,
      -0.300294687247085,
      -0.024978396116191195,
      0.413003929059824,
      0.8148174694272887,
      0.998047278264748,
      0.8795108530953107
    ],
    "fit": {
      "A": 1.2616985661834197e-16,
      "I0": 0.33333333333333326,
      "phi0": -2.8850370720814085,
      "R2": 0.0,
      "visibility_fit": 3.78509569855026e-16,
      "visibility_fourier": 3.7686468267572046e-16,
      "visibility": 3.7686468267572046e-16
    },
    "cycles": 8,
    "per_cycle_V": [
      3.2272413661347406e-16,
      3.2272413661347406e-16,
      3.2272413661347406e-16,
      3.2272413661347406e-16,
      3.2272413661347406e-16,
      3.2272413661347406e-16,
      3.2272413661347406e-16,
      3.2272413661347406e-16
    ]
  },
  "diagnostics": {
    "measured_link_count": 0,
    "selection_policy": "uniform",
    "num_links": 128,
    "visibility_qc": {
      "r2_ok": false,
      "v_in_unit_interval": true,
      "i0_very_small": false
    },
    "hybrid_knobs": {
      "kick_passes": 3,
      "loop_measurement_cycles": 4
    }
  },
  "artifacts": {
    "kernel_hash": "59ad205957406ba8769e06c45a6e3db43b483f8e2d8e66b070b3ff98425f2b57",
    "flip_counts_hash": "2268e99a6015a7b96d81d3b1a331fda63562012ba66381118831ac9c8b2f0d5d",
    "pivot_fit_hash": "18f843e4852e0cb06a5603a8f3e251da6d346190d1181f60fc167ac1ef296fd4",
    "config_hash": "09be816148e3d54a4ba01072548fde7efe2f97f681380c3e050adf0677f43c72"
  }
}