{
  "sim": "MICC",
  "gauge": "SU3",
  "rep": "fundamental",
  "L": 12,
  "b": 3.5,
  "kappa": 1.0,
  "seed": 0,
  "measurement_model": "dephasing",
  "f": 0.5,
  "schedule": "during",
  "sigma": 0.7809057973923127,
  "sigma_err": 0.02497150858441563,
  "visibility": 2.673199343082706e-16,
  "visibility_err": 6.880660944049226e-17,
  "coherence": {
    "C": 0.33409240489552805,
    "P_entropy": 0.19053583542582012
  },
  "twist_scan": {
    "phi_values": [
      0.0,
      0.09817477042468103,
      0.19634954084936207,
      0.2945243112740431,
      0.39269908169872414,
      0.4908738521234052,
      0.5890486225480862,
      0.6872233929727672,
      0.7853981633974483,
      0.8835729338221293,
      0.9817477042468103,
      1.0799224746714913,
      1.1780972450961724,
      1.2762720155208536,
      1.3744467859455345,
      1.4726215563702154,
      1.5707963267948966,
      1.6689710972195777,
      1.7671458676442586,
      1.8653206380689396,
      1.9634954084936207,
      2.061670178918302,
      2.1598449493429825,
      2.2580197197676637,
      2.356194490192345,
      2.454369260617026,
      2.552544031041707,
      2.650718801466388,
      2.748893571891069,
      2.84706834231575,
      2.945243112740431,
      3.043417883165112,
      3.141592653589793,
      3.2397674240144743,
      3.3379421944391554,
      3.436116964863836,
      3.5342917352885173,
      3.6324665057131984,
      3.730641276137879,
      3.8288160465625602,
      3.9269908169872414,
      4.025165587411922,
      4.123340357836604,
      4.221515128261284,
      4.319689898685965,
      4.417864669110647,
      4.516039439535327,
      4.614214209960009,
      4.71238898038469,
      4.81056375080937,
      4.908738521234052,
      5.006913291658733,
      5.105088062083414,
      5.203262832508095,
      5.301437602932776,
      5.399612373357457,
      5.497787143782138,
      5.595961914206819,
      5.6941366846315,
      5.792311455056181,
      5.890486225480862,
      5.988660995905543,
      6.086835766330224,
      6.1850105367549055
    ],
    "mean_I": [
      0.442459114494791,
      0.24969332861884921,
      0.14535230159083792,
      0.23974604815062395,
      0.43308088338876216,
      0.5209619577210767,
      0.41048082582097034,
      0.21843886137155047,
      0.14786408252143504,
      0.27336860606653335,
      0.46226823062877054,
      0.5148570402962617,
      0.37553780227566197,
      0.19159972424818053,
      0.1575033427483794,
      0.3092955748226991,
      0.48650068207323877,
      0.501776268612529,
      0.338972884657439,
      0.17020733023682985,
      0.1738996509069088,
      0.3461463011578991,
      0.5048469982028708,
      0.48222232938990367,
      0.30219124224452726,
      0.15508377704236065,
      0.19642290606964646,
      0.3825046323251952,
      0.5166021403775387,
      0.4569466695467346,
      0.2666063729274729,
      0.14681025433265113,
      0.22420755217187513,
      0.416973338047817,
      0.5213143650758284,
      0.42692061851604296,
      0.2335857832779044,
      0.1457047089455898,
      0.25618584084569546,
      0.44822780529511547,
      0.5188025841452315,
      0.3932980606001339,
      0.20439843603789576,
      0.15180962637040452,
      0.29112886439100316,
      0.47506694241848546,
      0.5091633239182871,
      0.3573710918439664,
      0.1801659845934277,
      0.16489039805413694,
      0.3276937820092276,
      0.4964593364298364,
      0.49276701575975723,
      0.3205203655087675,
      0.16181966846379556,
      0.18444433727676318,
      0.3644754244221387,
      0.5115828896243051,
      0.4702437605970198,
      0.28416203434147147,
      0.15006452628912786,
      0.20971999711993153,
      0.4000602937391931,
      0.5198564123340154
    ],
    "fit": {
      "A": 2.3071293922098853e-17,
      "I0": 0.33333333333333315,
      "phi0": -1.3840846238072606,
      "R2": 0.0,
      "visibility_fit": 6.921388176629659e-17,
      "visibility_fourier": 2.673199343082706e-16,
      "visibility": 2.673199343082706e-16
    },
    "cycles": 16,
    "per_cycle_V": [
      9.56254810244023e-16,
      7.372163083464373e-16,
      1.018709922498499e-15,
      9.024031897187816e-16,
      8.248595378660733e-16,
      1.381780072387892e-16,
      7.997719604789272e-16,
      8.060008828653222e-16,
      9.80682440938426e-16,
      6.441685178143175e-16,
      4.3000786738979017e-16,
      6.587211611319225e-16,
      2.0482332397627202e-16,
      3.1752104088112035e-16,
      5.281692190804343e-16,
      7.980659008527547e-16
    ]
  },
  "diagnostics": {
    "measured_link_count": 144,
    "selection_policy": "uniform",
    "num_links": 288,
    "creutz_sizes": [
      [
        2,
        2
      ],
      [
        3,
        3
      ]
    ],
    "loop_sizes_measured": [
      [
        1,
        1
      ],
      [
        1,
        2
      ],
      [
        2,
        1
      ],
      [
        2,
        2
      ],
      [
        2,
        3
      ],
      [
        3,
        2
      ],
      [
        3,
        3
      ]
    ],
    "visibility_qc": {
      "r2_ok": false,
      "v_in_unit_interval": true,
      "i0_very_small": false
    },
    "hybrid_knobs": {
      "kick_passes": 3,
      "loop_measurement_cycles": 6
    }
  },
  "artifacts": {
    "kernel_hash": "c776a5135c116bb3a99eaad342348026ed00e0c6d5dcf8a66155f4c58107111d",
    "flip_counts_hash": "526d3d4f7381a97e02c3ef4c6b8d2598448ee2e98060a326f334d01ae3e48798",
    "pivot_fit_hash": "18f843e4852e0cb06a5603a8f3e251da6d346190d1181f60fc167ac1ef296fd4",
    "config_hash": "3e53227bb97f97d3e0f7892c2fd75b0f2e140b1e74473c1589a222acbe454fae"
  }
}