{
  "sim": "MICC",
  "gauge": "SU3",
  "rep": "fundamental",
  "L": 12,
  "b": 3.0,
  "kappa": 0.75,
  "seed": 2,
  "measurement_model": "dephasing",
  "f": 0.5,
  "schedule": "during",
  "sigma": 0.7306274561604349,
  "sigma_err": 0.040299638493660715,
  "visibility": 2.428536390188759e-16,
  "visibility_err": 6.214942283895337e-17,
  "coherence": {
    "C": 0.3711298075994048,
    "P_entropy": 0.18155625961768918
  },
  "twist_scan": {
    "phi_values": [
      0.0,
      0.09817477042468103,
      0.19634954084936207,
      0.2945243112740431,
      0.39269908169872414,
      0.4908738521234052,
      0.5890486225480862,
      0.6872233929727672,
      0.7853981633974483,
      0.8835729338221293,
      0.9817477042468103,
      1.0799224746714913,
      1.1780972450961724,
      1.2762720155208536,
      1.3744467859455345,
      1.4726215563702154,
      1.5707963267948966,
      1.6689710972195777,
      1.7671458676442586,
      1.8653206380689396,
      1.9634954084936207,
      2.061670178918302,
      2.1598449493429825,
      2.2580197197676637,
      2.356194490192345,
      2.454369260617026,
      2.552544031041707,
      2.650718801466388,
      2.748893571891069,
      2.84706834231575,
      2.945243112740431,
      3.043417883165112,
      3.141592653589793,
      3.2397674240144743,
      3.3379421944391554,
      3.436116964863836,
      3.5342917352885173,
      3.6324665057131984,
      3.730641276137879,
      3.8288160465625602,
      3.9269908169872414,
      4.025165587411922,
      4.123340357836604,
      4.221515128261284,
      4.319689898685965,
      4.417864669110647,
      4.516039439535327,
      4.614214209960009,
      4.71238898038469,
      4.81056375080937,
      4.908738521234052,
      5.006913291658733,
      5.105088062083414,
      5.203262832508095,
      5.301437602932776,
      5.399612373357457,
      5.497787143782138,
      5.595961914206819,
      5.6941366846315,
      5.792311455056181,
      5.890486225480862,
      5.988660995905543,
      6.086835766330224,
      6.1850105367549055
    ],
    "mean_I": [
      0.22496939338500688,
      0.21972370660541998,
      0.3345868586585439,
      0.44812477555691255,
      0.4403044305676134,
      0.31939354345162646,
      0.21321989317449985,
      0.2340309557354026,
      0.3598251399747116,
      0.45761201333800594,
      0.42401065511444547,
      0.294544640512135,
      0.20608628510890334,
      0.2521543395470587,
      0.38404535601842754,
      0.4623232911428068,
      0.404232201037657,
      0.2711863652848123,
      0.20384270974560512,
      0.27339738656421675,
      0.40631673746998537,
      0.46207755720739135,
      0.38172914323553486,
      0.2502163631871735,
      0.20657538642760473,
      0.2969437384032464,
      0.42578340763013633,
      0.4568842549490883,
      0.35736626159955354,
      0.2324404996397174,
      0.2141792999225158,
      0.3218885219679186,
      0.44169727328165975,
      0.4469429600612468,
      0.3320798080081228,
      0.21854189110975428,
      0.22636223609905312,
      0.3472731232150403,
      0.4534467734921667,
      0.43263571093126435,
      0.3068415266919552,
      0.20905465332866072,
      0.24265601155222147,
      0.3721220261545316,
      0.4605803815577631,
      0.4145123271196081,
      0.28262131064823964,
      0.20434337552385978,
      0.26243446562900963,
      0.39548030138185375,
      0.4628239569210617,
      0.39326928010245016,
      0.2603499291966811,
      0.2045891094592755,
      0.2849375234311315,
      0.4164503034794935,
      0.460091280239062,
      0.3697229282634212,
      0.24088325903653054,
      0.20978241171757855,
      0.30930040506711237,
      0.43422616702694916,
      0.45248736674415085,
      0.3447781446987476
    ],
    "fit": {
      "A": 6.99858471707862e-13,
      "I0": 0.33333333333333337,
      "phi0": -1.9905016289107715,
      "R2": 0.0,
      "visibility_fit": 2.099575415123586e-12,
      "visibility_fourier": 2.428536390188759e-16,
      "visibility": 2.428536390188759e-16
    },
    "cycles": 16,
    "per_cycle_V": [
      4.853543161802164e-16,
      7.860991713804085e-16,
      7.696788716626591e-16,
      6.752809126072852e-16,
      7.667339477734559e-16,
      5.807902141258851e-16,
      5.965667851075142e-16,
      3.8651381673118977e-16,
      6.781044177375831e-16,
      1.0739663442888938e-15,
      1.9656322258563814e-16,
      8.719286260888496e-16,
      9.47063400722546e-16,
      8.753619250592299e-16,
      2.067657684857763e-16,
      5.779896424637376e-16
    ]
  },
  "diagnostics": {
    "measured_link_count": 144,
    "selection_policy": "uniform",
    "num_links": 288,
    "creutz_sizes": [
      [
        2,
        2
      ],
      [
        3,
        3
      ]
    ],
    "loop_sizes_measured": [
      [
        1,
        1
      ],
      [
        1,
        2
      ],
      [
        2,
        1
      ],
      [
        2,
        2
      ],
      [
        2,
        3
      ],
      [
        3,
        2
      ],
      [
        3,
        3
      ]
    ],
    "visibility_qc": {
      "r2_ok": false,
      "v_in_unit_interval": true,
      "i0_very_small": false
    },
    "hybrid_knobs": {
      "kick_passes": 3,
      "loop_measurement_cycles": 6
    }
  },
  "artifacts": {
    "kernel_hash": "c776a5135c116bb3a99eaad342348026ed00e0c6d5dcf8a66155f4c58107111d",
    "flip_counts_hash": "3c718ce239e2c926749d06c4b85bf1839d5fe51eaf7ab8de2413bea26f16d7e1",
    "pivot_fit_hash": "d04f83ead3fcfaea1653e658999e83d0abac9536c46d06a4e4ad9b696714687e",
    "config_hash": "3e53227bb97f97d3e0f7892c2fd75b0f2e140b1e74473c1589a222acbe454fae"
  }
}