{
  "sim": "MICC",
  "gauge": "SU3",
  "rep": "fundamental",
  "L": 8,
  "b": 3.5,
  "kappa": 0.75,
  "seed": 4,
  "measurement_model": "dephasing",
  "f": 0.1,
  "schedule": "during",
  "sigma": 0.48150566611913703,
  "sigma_err": 0.03452613121400179,
  "visibility": 3.7183424418447155e-16,
  "visibility_err": 5.632480782342192e-17,
  "coherence": {
    "C": 0.25074733469252586,
    "P_entropy": 0.29006897959211464
  },
  "twist_scan": {
    "phi_values": [
      0.0,
      0.09817477042468103,
      0.19634954084936207,
      0.2945243112740431,
      0.39269908169872414,
      0.4908738521234052,
      0.5890486225480862,
      0.6872233929727672,
      0.7853981633974483,
      0.8835729338221293,
      0.9817477042468103,
      1.0799224746714913,
      1.1780972450961724,
      1.2762720155208536,
      1.3744467859455345,
      1.4726215563702154,
      1.5707963267948966,
      1.6689710972195777,
      1.7671458676442586,
      1.8653206380689396,
      1.9634954084936207,
      2.061670178918302,
      2.1598449493429825,
      2.2580197197676637,
      2.356194490192345,
      2.454369260617026,
      2.552544031041707,
      2.650718801466388,
      2.748893571891069,
      2.84706834231575,
      2.945243112740431,
      3.043417883165112,
      3.141592653589793,
      3.2397674240144743,
      3.3379421944391554,
      3.436116964863836,
      3.5342917352885173,
      3.6324665057131984,
      3.730641276137879,
      3.8288160465625602,
      3.9269908169872414,
      4.025165587411922,
      4.123340357836604,
      4.221515128261284,
      4.319689898685965,
      4.417864669110647,
      4.516039439535327,
      4.614214209960009,
      4.71238898038469,
      4.81056375080937,
      4.908738521234052,
      5.006913291658733,
      5.105088062083414,
      5.203262832508095,
      5.301437602932776,
      5.399612373357457,
      5.497787143782138,
      5.595961914206819,
      5.6941366846315,
      5.792311455056181,
      5.890486225480862,
      5.988660995905543,
      6.086835766330224,
      6.1850105367549055
    ],
    "mean_I": [
      0.609635671515438,
      0.267758042427974,
      -0.04434977555306174,
      -0.1849973582167477,
      -0.09033364351417005,
      0.19666602118799675,
      0.5457097883381703,
      0.7983390850123896,
      0.8398654921719118,
      0.6514368891475072,
      0.31859592228718203,
      -0.007554568069197271,
      -0.17894907803860055,
      -0.11777808339288476,
      0.14818806318398595,
      0.4982062916273243,
      0.7733756439588685,
      0.8487749871102044,
      0.6901745956439941,
      0.36957573147105327,
      0.032523576253455144,
      -0.1679672381968893,
      -0.14087807372594136,
      0.10149315534221295,
      0.4491149781993812,
      0.7441743549024276,
      0.8527204971535564,
      0.7254757257151526,
      0.4202065065487473,
      0.0754986829761273,
      -0.1521575998125736,
      -0.15941114897869244,
      0.05703099515122805,
      0.39890862423869244,
      0.7110164422197286,
      0.8516640248834144,
      0.757000310180837,
      0.47000064547866977,
      0.12095687832849725,
      -0.1316724183457226,
      -0.17319882550524518,
      0.015229777519157446,
      0.34807074437948493,
      0.6742212347358639,
      0.8456157447052668,
      0.7844447500595515,
      0.5184786034826816,
      0.16846037503934094,
      -0.10670897729220175,
      -0.18210832044353806,
      -0.023507928977327307,
      0.29709093519561275,
      0.6341430904132124,
      0.8346339048635556,
      0.8075447403926082,
      0.5651735113244526,
      0.21755168846728595,
      -0.07750768823575949,
      -0.18605383048688967,
      -0.05880905904848634,
      0.24646016011791724,
      0.5911679836905391,
      0.8188242664792397,
      0.8260778156453586
    ],
    "fit": {
      "A": 0.07873222177074213,
      "I0": 0.3333333333333328,
      "phi0": 2.5334262293490206,
      "R2": 0.014923957798274823,
      "visibility_fit": 0.23619666531222674,
      "visibility_fourier": 3.7183424418447155e-16,
      "visibility": 3.7183424418447155e-16
    },
    "cycles": 8,
    "per_cycle_V": [
      3.5762345796360936e-16,
      5.099356790121483e-16,
      2.261130079274228e-16,
      4.1986854262903435e-16,
      1.0531415535744707e-16,
      5.532185542664042e-16,
      5.012448161308033e-16,
      5.122755104385589e-16
    ]
  },
  "diagnostics": {
    "measured_link_count": 13,
    "selection_policy": "uniform",
    "num_links": 128,
    "visibility_qc": {
      "r2_ok": false,
      "v_in_unit_interval": true,
      "i0_very_small": false
    },
    "hybrid_knobs": {
      "kick_passes": 3,
      "loop_measurement_cycles": 4
    }
  },
  "artifacts": {
    "kernel_hash": "59ad205957406ba8769e06c45a6e3db43b483f8e2d8e66b070b3ff98425f2b57",
    "flip_counts_hash": "b3326e9c852a05e144e201e0a4a89d13606dfe15c97d7e29e97870d36629453e",
    "pivot_fit_hash": "32e5af21ae29df0c4428cd8be3189fb5b9433eb374572ce92302aca28369a080",
    "config_hash": "09be816148e3d54a4ba01072548fde7efe2f97f681380c3e050adf0677f43c72"
  }
}