{
  "sim": "MICC",
  "gauge": "SU3",
  "rep": "fundamental",
  "L": 8,
  "b": 3.0,
  "kappa": 0.75,
  "seed": 0,
  "measurement_model": "dephasing",
  "f": 0.05,
  "schedule": "during",
  "sigma": 0.3884003140209165,
  "sigma_err": 0.014912847714557042,
  "visibility": 3.9569666100376526e-16,
  "visibility_err": 2.298482150038014e-17,
  "coherence": {
    "C": 0.2521546648609182,
    "P_entropy": 0.3275631355626516
  },
  "twist_scan": {
    "phi_values": [
      0.0,
      0.09817477042468103,
      0.19634954084936207,
      0.2945243112740431,
      0.39269908169872414,
      0.4908738521234052,
      0.5890486225480862,
      0.6872233929727672,
      0.7853981633974483,
      0.8835729338221293,
      0.9817477042468103,
      1.0799224746714913,
      1.1780972450961724,
      1.2762720155208536,
      1.3744467859455345,
      1.4726215563702154,
      1.5707963267948966,
      1.6689710972195777,
      1.7671458676442586,
      1.8653206380689396,
      1.9634954084936207,
      2.061670178918302,
      2.1598449493429825,
      2.2580197197676637,
      2.356194490192345,
      2.454369260617026,
      2.552544031041707,
      2.650718801466388,
      2.748893571891069,
      2.84706834231575,
      2.945243112740431,
      3.043417883165112,
      3.141592653589793,
      3.2397674240144743,
      3.3379421944391554,
      3.436116964863836,
      3.5342917352885173,
      3.6324665057131984,
      3.730641276137879,
      3.8288160465625602,
      3.9269908169872414,
      4.025165587411922,
      4.123340357836604,
      4.221515128261284,
      4.319689898685965,
      4.417864669110647,
      4.516039439535327,
      4.614214209960009,
      4.71238898038469,
      4.81056375080937,
      4.908738521234052,
      5.006913291658733,
      5.105088062083414,
      5.203262832508095,
      5.301437602932776,
      5.399612373357457,
      5.497787143782138,
      5.595961914206819,
      5.6941366846315,
      5.792311455056181,
      5.890486225480862,
      5.988660995905543,
      6.086835766330224,
      6.1850105367549055
    ],
    "mean_I": [
      0.6674650106850997,
      0.2840412283388705,
      -0.07700496887637966,
      -0.25176615571865574,
      -0.1609044070457215,
      0.15433094286654678,
      0.5508296356968994,
      0.8485895543896785,
      0.9124339210432393,
      0.7133787279735111,
      0.34179087124187646,
      -0.033636530880813274,
      -0.24246728678848983,
      -0.18989659926635047,
      0.1002095386314846,
      0.49614900546878105,
      0.8181735610991456,
      0.9200907897453712,
      0.7556324003575925,
      0.39945906343146326,
      0.0132660275132678,
      -0.2276231431219135,
      -0.21384980120946823,
      0.04833324397783013,
      0.4399003713138996,
      0.7830882913745995,
      0.9220968633880026,
      0.793819101874078,
      0.45649042869220285,
      0.06325100902898374,
      -0.20737668193706982,
      -0.23253333044621088,
      -0.000798344018433394,
      0.38262543832779616,
      0.7436716355430466,
      0.9184328223853225,
      0.8275710737123887,
      0.5123357238001198,
      0.11583703096976819,
      -0.18192288772301113,
      -0.24576725437657265,
      -0.0467120613068464,
      0.32487579542479067,
      0.70030319754748,
      0.9091339534551558,
      0.8565632659330171,
      0.5664571280351834,
      0.1705176611978842,
      -0.15150689443247856,
      -0.2534241230787046,
      -0.08896573369092547,
      0.267207603235203,
      0.6534006391534,
      0.8942898097885797,
      0.8805164678761355,
      0.6183334226888354,
      0.22676629535276766,
      -0.11642162470793106,
      -0.25543019672133555,
      -0.12715243520741143,
      0.21017623797446153,
      0.6034156576376828,
      0.8740433486037357,
      0.8991999971128775
    ],
    "fit": {
      "A": 0.01991198480242784,
      "I0": 0.3333333333333333,
      "phi0": -2.1115449434200695,
      "R2": 0.0008207463740261822,
      "visibility_fit": 0.05973595440728352,
      "visibility_fourier": 3.9569666100376526e-16,
      "visibility": 3.9569666100376526e-16
    },
    "cycles": 16,
    "per_cycle_V": [
      3.7714978914901957e-16,
      3.897659611568745e-16,
      3.872957470332539e-16,
      4.50922016689965e-16,
      3.4805990214237636e-16,
      2.2424121352937123e-16,
      4.378100198463384e-16,
      5.046502606168725e-16,
      2.3720757810530535e-16,
      3.817180076378988e-16,
      4.825044163547364e-16,
      4.746831263064676e-16,
      4.517995731390758e-16,
      4.059440579824608e-16,
      5.917327146478565e-16,
      3.9696993208446513e-16
    ]
  },
  "diagnostics": {
    "measured_link_count": 6,
    "selection_policy": "uniform",
    "num_links": 128,
    "creutz_sizes": [
      [
        2,
        2
      ],
      [
        3,
        3
      ]
    ],
    "loop_sizes_measured": [
      [
        1,
        1
      ],
      [
        1,
        2
      ],
      [
        2,
        1
      ],
      [
        2,
        2
      ],
      [
        2,
        3
      ],
      [
        3,
        2
      ],
      [
        3,
        3
      ]
    ],
    "visibility_qc": {
      "r2_ok": false,
      "v_in_unit_interval": true,
      "i0_very_small": false
    },
    "hybrid_knobs": {
      "kick_passes": 3,
      "loop_measurement_cycles": 6
    }
  },
  "artifacts": {
    "kernel_hash": "59ad205957406ba8769e06c45a6e3db43b483f8e2d8e66b070b3ff98425f2b57",
    "flip_counts_hash": "051ffecc2b526e5161a7cdb343471ea2bcf4c30d07d6aca6b7e9329b81a2e42c",
    "pivot_fit_hash": "d04f83ead3fcfaea1653e658999e83d0abac9536c46d06a4e4ad9b696714687e",
    "config_hash": "3e53227bb97f97d3e0f7892c2fd75b0f2e140b1e74473c1589a222acbe454fae"
  }
}