{
  "sim": "MICC",
  "gauge": "SU3",
  "rep": "fundamental",
  "L": 12,
  "b": 3.0,
  "kappa": 1.0,
  "seed": 3,
  "measurement_model": "dephasing",
  "f": 0.2,
  "schedule": "during",
  "sigma": 0.41984104052890947,
  "sigma_err": 0.031610601809313875,
  "visibility": 1.4618648124210795e-16,
  "visibility_err": 7.555203649269771e-17,
  "coherence": {
    "C": 0.28469312898588756,
    "P_entropy": 0.23829039284466202
  },
  "twist_scan": {
    "phi_values": [
      0.0,
      0.09817477042468103,
      0.19634954084936207,
      0.2945243112740431,
      0.39269908169872414,
      0.4908738521234052,
      0.5890486225480862,
      0.6872233929727672,
      0.7853981633974483,
      0.8835729338221293,
      0.9817477042468103,
      1.0799224746714913,
      1.1780972450961724,
      1.2762720155208536,
      1.3744467859455345,
      1.4726215563702154,
      1.5707963267948966,
      1.6689710972195777,
      1.7671458676442586,
      1.8653206380689396,
      1.9634954084936207,
      2.061670178918302,
      2.1598449493429825,
      2.2580197197676637,
      2.356194490192345,
      2.454369260617026,
      2.552544031041707,
      2.650718801466388,
      2.748893571891069,
      2.84706834231575,
      2.945243112740431,
      3.043417883165112,
      3.141592653589793,
      3.2397674240144743,
      3.3379421944391554,
      3.436116964863836,
      3.5342917352885173,
      3.6324665057131984,
      3.730641276137879,
      3.8288160465625602,
      3.9269908169872414,
      4.025165587411922,
      4.123340357836604,
      4.221515128261284,
      4.319689898685965,
      4.417864669110647,
      4.516039439535327,
      4.614214209960009,
      4.71238898038469,
      4.81056375080937,
      4.908738521234052,
      5.006913291658733,
      5.105088062083414,
      5.203262832508095,
      5.301437602932776,
      5.399612373357457,
      5.497787143782138,
      5.595961914206819,
      5.6941366846315,
      5.792311455056181,
      5.890486225480862,
      5.988660995905543,
      6.086835766330224,
      6.1850105367549055
    ],
    "mean_I": [
      0.30031349674641283,
      0.2717925147232703,
      0.3083328877714855,
      0.3713038950292943,
      0.39413217665303374,
      0.3526835243247764,
      0.29077772379428524,
      0.2738619914011931,
      0.3198197498294336,
      0.3800641569323458,
      0.39090443234476474,
      0.34088016615327155,
      0.2828773390512825,
      0.2782169183976555,
      0.3318259313229319,
      0.387028579491435,
      0.3854642629877305,
      0.3287867874288087,
      0.27691594987249135,
      0.284689938310454,
      0.34389004143032914,
      0.3919295238533095,
      0.37802073123944013,
      0.3168681299137248,
      0.2731226491008669,
      0.29303229661445196,
      0.355548463165829,
      0.39457864947462346,
      0.3688598878505994,
      0.3055822209322637,
      0.27164321115775597,
      0.30292340115847444,
      0.36635316992025413,
      0.39487415194339665,
      0.3583337788951814,
      0.2953627716373728,
      0.272534490013633,
      0.3139831423418905,
      0.37588894287238167,
      0.3928046752654738,
      0.34684691683723334,
      0.28660250973432133,
      0.2757622343219022,
      0.3257865005133956,
      0.3837893276153844,
      0.38844974826901146,
      0.3348407353437352,
      0.27963808717523175,
      0.28120240367893634,
      0.33787987923785795,
      0.3897507167941758,
      0.3819767283562129,
      0.3227766252363375,
      0.2747371428133575,
      0.2886459354272266,
      0.3497985367529425,
      0.39354401756579976,
      0.3736343700522153,
      0.31111820350083796,
      0.2720880171920437,
      0.2978067788160671,
      0.3610844457344031,
      0.395023455508911,
      0.3637432655081923
    ],
    "fit": {
      "A": 9.015671008341618e-15,
      "I0": 0.3333333333333334,
      "phi0": 1.6123398133249556,
      "R2": 4.440892098500626e-16,
      "visibility_fit": 2.7047013025024845e-14,
      "visibility_fourier": 1.4618648124210795e-16,
      "visibility": 1.4618648124210795e-16
    },
    "cycles": 16,
    "per_cycle_V": [
      2.2057876704111138e-16,
      8.767719878081918e-16,
      6.728171269049309e-16,
      2.784299574034148e-16,
      3.604907344027918e-16,
      4.887169825571493e-16,
      9.091302286856688e-16,
      5.576269220640153e-16,
      7.770318354662889e-16,
      4.17723835353577e-16,
      1.0373979301775064e-15,
      7.110463437013579e-16,
      3.9148467168408965e-16,
      1.111045443115878e-15,
      8.393764380109477e-16,
      1.1815016056518865e-15
    ]
  },
  "diagnostics": {
    "measured_link_count": 58,
    "selection_policy": "uniform",
    "num_links": 288,
    "creutz_sizes": [
      [
        2,
        2
      ],
      [
        3,
        3
      ]
    ],
    "loop_sizes_measured": [
      [
        1,
        1
      ],
      [
        1,
        2
      ],
      [
        2,
        1
      ],
      [
        2,
        2
      ],
      [
        2,
        3
      ],
      [
        3,
        2
      ],
      [
        3,
        3
      ]
    ],
    "visibility_qc": {
      "r2_ok": false,
      "v_in_unit_interval": true,
      "i0_very_small": false
    },
    "hybrid_knobs": {
      "kick_passes": 3,
      "loop_measurement_cycles": 6
    }
  },
  "artifacts": {
    "kernel_hash": "c776a5135c116bb3a99eaad342348026ed00e0c6d5dcf8a66155f4c58107111d",
    "flip_counts_hash": "f9f0d5ea10777d9547c57c830847aa737adfb2a8c3d087b6a31b748452bdd993",
    "pivot_fit_hash": "e730f86cf82cf01e0490c7477184968845e3929e6af95e60cac897b00c6a8382",
    "config_hash": "3e53227bb97f97d3e0f7892c2fd75b0f2e140b1e74473c1589a222acbe454fae"
  }
}