{
  "sim": "MICC",
  "gauge": "SU3",
  "rep": "fundamental",
  "L": 8,
  "b": 3.0,
  "kappa": 1.0,
  "seed": 1,
  "measurement_model": "dephasing",
  "f": 0.3,
  "schedule": "pre",
  "sigma": 0.5109263794948743,
  "sigma_err": 0.1135305374942184,
  "visibility": 3.4992967340226726e-16,
  "visibility_err": 1.3044561088975574e-31,
  "coherence": {
    "C": 0.26658446947010206,
    "P_entropy": 0.2908262813686757
  },
  "twist_scan": {
    "phi_values": [
      0.0,
      0.09817477042468103,
      0.19634954084936207,
      0.2945243112740431,
      0.39269908169872414,
      0.4908738521234052,
      0.5890486225480862,
      0.6872233929727672,
      0.7853981633974483,
      0.8835729338221293,
      0.9817477042468103,
      1.0799224746714913,
      1.1780972450961724,
      1.2762720155208536,
      1.3744467859455345,
      1.4726215563702154,
      1.5707963267948966,
      1.6689710972195777,
      1.7671458676442586,
      1.8653206380689396,
      1.9634954084936207,
      2.061670178918302,
      2.1598449493429825,
      2.2580197197676637,
      2.356194490192345,
      2.454369260617026,
      2.552544031041707,
      2.650718801466388,
      2.748893571891069,
      2.84706834231575,
      2.945243112740431,
      3.043417883165112,
      3.141592653589793,
      3.2397674240144743,
      3.3379421944391554,
      3.436116964863836,
      3.5342917352885173,
      3.6324665057131984,
      3.730641276137879,
      3.8288160465625602,
      3.9269908169872414,
      4.025165587411922,
      4.123340357836604,
      4.221515128261284,
      4.319689898685965,
      4.417864669110647,
      4.516039439535327,
      4.614214209960009,
      4.71238898038469,
      4.81056375080937,
      4.908738521234052,
      5.006913291658733,
      5.105088062083414,
      5.203262832508095,
      5.301437602932776,
      5.399612373357457,
      5.497787143782138,
      5.595961914206819,
      5.6941366846315,
      5.792311455056181,
      5.890486225480862,
      5.988660995905543,
      6.086835766330224,
      6.1850105367549055
    ],
    "mean_I": [
      0.7332831967873603,
      0.30413182133673505,
      -0.1117626781754295,
      -0.32559289396273766,
      -0.24028437854737164,
      0.10543458559380568,
      0.554614816592173,
      0.9033378804622503,
      0.9932907968643858,
      0.7836368223729363,
      0.3695544782289338,
      -0.060971508432138714,
      -0.31249134055476774,
      -0.2708202728113593,
      0.04512390124815179,
      0.491909131958859,
      0.8667042653942671,
      0.999360146713663,
      0.829653779198135,
      0.43462830569529654,
      -0.006382967513695491,
      -0.2931701424935769,
      -0.2955378375842182,
      -0.012411168715220631,
      0.4276762756984324,
      0.8249339966803272,
      0.9990152942627971,
      0.8708908988133012,
      0.498726607204348,
      0.0514772270897257,
      -0.2678153734785344,
      -0.31419902920518933,
      -0.06661653012069445,
      0.36253484532993147,
      0.7784293448420965,
      0.992259560629404,
      0.9069510452140384,
      0.5612320810728609,
      0.11205185007449457,
      -0.2366712137955835,
      -0.3266241301977193,
      -0.11697015570627202,
      0.29711218843773324,
      0.7276381750988054,
      0.9791580072214334,
      0.937486939478026,
      0.6215427654185163,
      0.17475753470780633,
      -0.20003759872760016,
      -0.33269348004699667,
      -0.16298711253146803,
      0.23203836097136965,
      0.673049634180363,
      0.959836809160243,
      0.9622045042508851,
      0.6790778353818859,
      0.23899039096823488,
      -0.15826733001365814,
      -0.33234862759613043,
      -0.20422423214663518,
      0.16794005946231613,
      0.6151894395769405,
      0.9344820401452003,
      0.9808656958718559
    ],
    "fit": {
      "A": 8.932250460260095e-17,
      "I0": 0.33333333333333326,
      "phi0": -2.7610418299038257,
      "R2": 0.0,
      "visibility_fit": 2.679675138078029e-16,
      "visibility_fourier": 3.4992967340226726e-16,
      "visibility": 3.4992967340226726e-16
    },
    "cycles": 8,
    "per_cycle_V": [
      3.245834045188665e-16,
      3.245834045188665e-16,
      3.245834045188665e-16,
      3.245834045188665e-16,
      3.245834045188665e-16,
      3.245834045188665e-16,
      3.245834045188665e-16,
      3.245834045188665e-16
    ]
  },
  "diagnostics": {
    "measured_link_count": 38,
    "selection_policy": "uniform",
    "num_links": 128,
    "visibility_qc": {
      "r2_ok": false,
      "v_in_unit_interval": true,
      "i0_very_small": false
    },
    "hybrid_knobs": {
      "kick_passes": 3,
      "loop_measurement_cycles": 4
    }
  },
  "artifacts": {
    "kernel_hash": "59ad205957406ba8769e06c45a6e3db43b483f8e2d8e66b070b3ff98425f2b57",
    "flip_counts_hash": "2f22c538feb77f48a899689bff9bdbb91197c5203a770852a4a789b6ab244652",
    "pivot_fit_hash": "e730f86cf82cf01e0490c7477184968845e3929e6af95e60cac897b00c6a8382",
    "config_hash": "09be816148e3d54a4ba01072548fde7efe2f97f681380c3e050adf0677f43c72"
  }
}