{
  "sim": "MICC",
  "gauge": "SU3",
  "rep": "fundamental",
  "L": 12,
  "b": 3.0,
  "kappa": 0.75,
  "seed": 0,
  "measurement_model": "dephasing",
  "f": 0.0,
  "schedule": "during",
  "sigma": 0.18079673282752406,
  "sigma_err": 0.026025006640064862,
  "visibility": 3.5266310231290175e-16,
  "visibility_err": 0.0,
  "coherence": {
    "C": 0.24660263241080096,
    "P_entropy": 0.3604232404362525
  },
  "twist_scan": {
    "phi_values": [
      0.0,
      0.09817477042468103,
      0.19634954084936207,
      0.2945243112740431,
      0.39269908169872414,
      0.4908738521234052,
      0.5890486225480862,
      0.6872233929727672,
      0.7853981633974483,
      0.8835729338221293,
      0.9817477042468103,
      1.0799224746714913,
      1.1780972450961724,
      1.2762720155208536,
      1.3744467859455345,
      1.4726215563702154,
      1.5707963267948966,
      1.6689710972195777,
      1.7671458676442586,
      1.8653206380689396,
      1.9634954084936207,
      2.061670178918302,
      2.1598449493429825,
      2.2580197197676637,
      2.356194490192345,
      2.454369260617026,
      2.552544031041707,
      2.650718801466388,
      2.748893571891069,
      2.84706834231575,
      2.945243112740431,
      3.043417883165112,
      3.141592653589793,
      3.2397674240144743,
      3.3379421944391554,
      3.436116964863836,
      3.5342917352885173,
      3.6324665057131984,
      3.730641276137879,
      3.8288160465625602,
      3.9269908169872414,
      4.025165587411922,
      4.123340357836604,
      4.221515128261284,
      4.319689898685965,
      4.417864669110647,
      4.516039439535327,
      4.614214209960009,
      4.71238898038469,
      4.81056375080937,
      4.908738521234052,
      5.006913291658733,
      5.105088062083414,
      5.203262832508095,
      5.301437602932776,
      5.399612373357457,
      5.497787143782138,
      5.595961914206819,
      5.6941366846315,
      5.792311455056181,
      5.890486225480862,
      5.988660995905543,
      6.086835766330224,
      6.1850105367549055
    ],
    "mean_I": [
      0.9029150612564044,
      0.9073656463568066,
      0.30494552379415235,
      -0.2674628212549547,
      -0.20470555066853893,
      0.42686993951365354,
      0.9595579191895687,
      0.8301971797386956,
      0.17554873916170063,
      -0.31228879869987203,
      -0.11757040502122786,
      0.5538463636005712,
      0.9921353174790718,
      0.7339345141476821,
      0.05221552799664589,
      -0.3323038796798162,
      -0.01310728157867999,
      0.6723485955994537,
      0.9993953249782644,
      0.6222769698377048,
      -0.060314483562002336,
      -0.32673889585731575,
      0.1046693604088002,
      0.777822661191396,
      0.9810589436704101,
      0.49951548361832016,
      -0.1577168302776027,
      -0.2958077064397878,
      0.2312334306395386,
      0.8662152511862419,
      0.9378308304060091,
      0.37036771055951057,
      -0.2362483945897367,
      -0.24069897969013965,
      0.3617211428725152,
      0.9341294879216216,
      0.8713722173352069,
      0.23979672715301306,
      -0.2928912525229014,
      -0.16353051307202943,
      0.49111792750496525,
      0.9789554653665388,
      0.7842370716878939,
      0.1128203030660959,
      -0.32546865081240467,
      -0.06726784748101565,
      0.6144511386700183,
      0.9989705463464831,
      0.6797739482453479,
      -0.005681928932783116,
      -0.33272865831159726,
      0.044389696828960976,
      0.7269811502286708,
      0.993405562523982,
      0.5619973062578679,
      -0.11115599452473111,
      -0.31439227700374295,
      0.1671511830483419,
      0.8243834969442682,
      0.9624743731064546,
      0.43543323602713213,
      -0.1995485845195742,
      -0.27116416373934266,
      0.29629895610715834
    ],
    "fit": {
      "A": 1.1298927393819521e-16,
      "I0": 0.3333333333333334,
      "phi0": 0.8202648188071575,
      "R2": 0.0,
      "visibility_fit": 3.3896782181458554e-16,
      "visibility_fourier": 3.5266310231290175e-16,
      "visibility": 3.5266310231290175e-16
    },
    "cycles": 16,
    "per_cycle_V": [
      4.890398550247431e-16,
      4.890398550247431e-16,
      4.890398550247431e-16,
      4.890398550247431e-16,
      4.890398550247431e-16,
      4.890398550247431e-16,
      4.890398550247431e-16,
      4.890398550247431e-16,
      4.890398550247431e-16,
      4.890398550247431e-16,
      4.890398550247431e-16,
      4.890398550247431e-16,
      4.890398550247431e-16,
      4.890398550247431e-16,
      4.890398550247431e-16,
      4.890398550247431e-16
    ]
  },
  "diagnostics": {
    "measured_link_count": 0,
    "selection_policy": "uniform",
    "num_links": 288,
    "creutz_sizes": [
      [
        2,
        2
      ],
      [
        3,
        3
      ]
    ],
    "loop_sizes_measured": [
      [
        1,
        1
      ],
      [
        1,
        2
      ],
      [
        2,
        1
      ],
      [
        2,
        2
      ],
      [
        2,
        3
      ],
      [
        3,
        2
      ],
      [
        3,
        3
      ]
    ],
    "visibility_qc": {
      "r2_ok": false,
      "v_in_unit_interval": true,
      "i0_very_small": false
    },
    "hybrid_knobs": {
      "kick_passes": 3,
      "loop_measurement_cycles": 6
    }
  },
  "artifacts": {
    "kernel_hash": "c776a5135c116bb3a99eaad342348026ed00e0c6d5dcf8a66155f4c58107111d",
    "flip_counts_hash": "526d3d4f7381a97e02c3ef4c6b8d2598448ee2e98060a326f334d01ae3e48798",
    "pivot_fit_hash": "d04f83ead3fcfaea1653e658999e83d0abac9536c46d06a4e4ad9b696714687e",
    "config_hash": "3e53227bb97f97d3e0f7892c2fd75b0f2e140b1e74473c1589a222acbe454fae"
  }
}