{
  "sim": "MICC",
  "gauge": "SU3",
  "rep": "fundamental",
  "L": 12,
  "b": 3.0,
  "kappa": 0.75,
  "seed": 4,
  "measurement_model": "dephasing",
  "f": 0.3,
  "schedule": "pre",
  "sigma": 0.35011367120269554,
  "sigma_err": 0.048858960892957604,
  "visibility": 4.607262883278689e-16,
  "visibility_err": 3.819056435493858e-31,
  "coherence": {
    "C": 0.2694922046399479,
    "P_entropy": 0.27782262810757596
  },
  "twist_scan": {
    "phi_values": [
      0.0,
      0.09817477042468103,
      0.19634954084936207,
      0.2945243112740431,
      0.39269908169872414,
      0.4908738521234052,
      0.5890486225480862,
      0.6872233929727672,
      0.7853981633974483,
      0.8835729338221293,
      0.9817477042468103,
      1.0799224746714913,
      1.1780972450961724,
      1.2762720155208536,
      1.3744467859455345,
      1.4726215563702154,
      1.5707963267948966,
      1.6689710972195777,
      1.7671458676442586,
      1.8653206380689396,
      1.9634954084936207,
      2.061670178918302,
      2.1598449493429825,
      2.2580197197676637,
      2.356194490192345,
      2.454369260617026,
      2.552544031041707,
      2.650718801466388,
      2.748893571891069,
      2.84706834231575,
      2.945243112740431,
      3.043417883165112,
      3.141592653589793,
      3.2397674240144743,
      3.3379421944391554,
      3.436116964863836,
      3.5342917352885173,
      3.6324665057131984,
      3.730641276137879,
      3.8288160465625602,
      3.9269908169872414,
      4.025165587411922,
      4.123340357836604,
      4.221515128261284,
      4.319689898685965,
      4.417864669110647,
      4.516039439535327,
      4.614214209960009,
      4.71238898038469,
      4.81056375080937,
      4.908738521234052,
      5.006913291658733,
      5.105088062083414,
      5.203262832508095,
      5.301437602932776,
      5.399612373357457,
      5.497787143782138,
      5.595961914206819,
      5.6941366846315,
      5.792311455056181,
      5.890486225480862,
      5.988660995905543,
      6.086835766330224,
      6.1850105367549055
    ],
    "mean_I": [
      -0.2781893691914749,
      0.2792039540066256,
      0.8938232102960878,
      0.9158889107085355,
      0.32207305275948966,
      -0.2598383630783801,
      -0.21464479022486865,
      0.40987483115030643,
      0.9534742814969271,
      0.8414566741893554,
      0.19224775473904673,
      -0.3078045702477975,
      -0.13004171927959302,
      0.5376042614578489,
      0.9892936838388878,
      0.7474975426399316,
      0.06784429638227808,
      -0.3311322073368729,
      -0.027631404926126087,
      0.6574836745540191,
      0.9999048977777233,
      0.6376223127928177,
      -0.046356567172427234,
      -0.32892480633455984,
      0.08865058188729476,
      0.7649061718226887,
      0.9849001403126021,
      0.5160534281123035,
      -0.1459661607832485,
      -0.30126719642345223,
      0.21433558961911714,
      0.8557435669370439,
      0.9448560358581415,
      0.38746271266004134,
      -0.22715654362942192,
      -0.24922224404187024,
      0.3445936139071764,
      0.9265050297450474,
      0.8813114568915368,
      0.2567918355163617,
      -0.2868076148302601,
      -0.1747900075226916,
      0.4744189119276206,
      0.9744712369144645,
      0.7967083859462627,
      0.1290624052088192,
      -0.3226270171722202,
      -0.0808308759732633,
      0.5988223702843881,
      0.9977988740035392,
      0.6942980715927921,
      0.009182992112647916,
      -0.33323823111105677,
      0.029044353873848947,
      0.7130232338390935,
      0.9955914730012266,
      0.5780160847793734,
      -0.09823950515601763,
      -0.3182334736459348,
      0.1506132385543621,
      0.812632827449913,
      0.9679338630901192,
      0.45233107704755077,
      -0.18907690027037885
    ],
    "fit": {
      "A": 1.360115152153362e-16,
      "I0": 0.3333333333333335,
      "phi0": 1.3871090116606528,
      "R2": -2.220446049250313e-16,
      "visibility_fit": 4.0803454564600837e-16,
      "visibility_fourier": 4.607262883278689e-16,
      "visibility": 4.607262883278689e-16
    },
    "cycles": 16,
    "per_cycle_V": [
      3.399633605633571e-16,
      3.399633605633571e-16,
      3.399633605633571e-16,
      3.399633605633571e-16,
      3.399633605633571e-16,
      3.399633605633571e-16,
      3.399633605633571e-16,
      3.399633605633571e-16,
      3.399633605633571e-16,
      3.399633605633571e-16,
      3.399633605633571e-16,
      3.399633605633571e-16,
      3.399633605633571e-16,
      3.399633605633571e-16,
      3.399633605633571e-16,
      3.399633605633571e-16
    ]
  },
  "diagnostics": {
    "measured_link_count": 86,
    "selection_policy": "uniform",
    "num_links": 288,
    "creutz_sizes": [
      [
        2,
        2
      ],
      [
        3,
        3
      ]
    ],
    "loop_sizes_measured": [
      [
        1,
        1
      ],
      [
        1,
        2
      ],
      [
        2,
        1
      ],
      [
        2,
        2
      ],
      [
        2,
        3
      ],
      [
        3,
        2
      ],
      [
        3,
        3
      ]
    ],
    "visibility_qc": {
      "r2_ok": false,
      "v_in_unit_interval": true,
      "i0_very_small": false
    },
    "hybrid_knobs": {
      "kick_passes": 3,
      "loop_measurement_cycles": 6
    }
  },
  "artifacts": {
    "kernel_hash": "c776a5135c116bb3a99eaad342348026ed00e0c6d5dcf8a66155f4c58107111d",
    "flip_counts_hash": "7a11042fb34eaa3744d5206ec23f7fdadc3f7966920f4b324b412fb9e9cc0219",
    "pivot_fit_hash": "d04f83ead3fcfaea1653e658999e83d0abac9536c46d06a4e4ad9b696714687e",
    "config_hash": "3e53227bb97f97d3e0f7892c2fd75b0f2e140b1e74473c1589a222acbe454fae"
  }
}