{
  "sim": "MICC",
  "gauge": "SU3",
  "rep": "fundamental",
  "L": 8,
  "b": 3.0,
  "kappa": 0.75,
  "seed": 0,
  "measurement_model": "dephasing",
  "f": 0.2,
  "schedule": "during",
  "sigma": 0.3716334221731726,
  "sigma_err": 0.05097968494285382,
  "visibility": 5.970991848967804e-18,
  "visibility_err": 3.954194751477198e-17,
  "coherence": {
    "C": 0.2828923631869248,
    "P_entropy": 0.2544290627058762
  },
  "twist_scan": {
    "phi_values": [
      0.0,
      0.09817477042468103,
      0.19634954084936207,
      0.2945243112740431,
      0.39269908169872414,
      0.4908738521234052,
      0.5890486225480862,
      0.6872233929727672,
      0.7853981633974483,
      0.8835729338221293,
      0.9817477042468103,
      1.0799224746714913,
      1.1780972450961724,
      1.2762720155208536,
      1.3744467859455345,
      1.4726215563702154,
      1.5707963267948966,
      1.6689710972195777,
      1.7671458676442586,
      1.8653206380689396,
      1.9634954084936207,
      2.061670178918302,
      2.1598449493429825,
      2.2580197197676637,
      2.356194490192345,
      2.454369260617026,
      2.552544031041707,
      2.650718801466388,
      2.748893571891069,
      2.84706834231575,
      2.945243112740431,
      3.043417883165112,
      3.141592653589793,
      3.2397674240144743,
      3.3379421944391554,
      3.436116964863836,
      3.5342917352885173,
      3.6324665057131984,
      3.730641276137879,
      3.8288160465625602,
      3.9269908169872414,
      4.025165587411922,
      4.123340357836604,
      4.221515128261284,
      4.319689898685965,
      4.417864669110647,
      4.516039439535327,
      4.614214209960009,
      4.71238898038469,
      4.81056375080937,
      4.908738521234052,
      5.006913291658733,
      5.105088062083414,
      5.203262832508095,
      5.301437602932776,
      5.399612373357457,
      5.497787143782138,
      5.595961914206819,
      5.6941366846315,
      5.792311455056181,
      5.890486225480862,
      5.988660995905543,
      6.086835766330224,
      6.1850105367549055
    ],
    "mean_I": [
      0.13495738826808915,
      0.17349421501992301,
      0.2845946597734787,
      0.4178214433571402,
      0.5126923913597157,
      0.526138076828901,
      0.45205443966694075,
      0.324073902299101,
      0.20029695303642006,
      0.13691573907345705,
      0.1627040064557561,
      0.2659544209399805,
      0.3997934529783631,
      0.5034609801613786,
      0.5298941124964692,
      0.4670927605337452,
      0.3435674250936582,
      0.21539602595573049,
      0.14076569868432637,
      0.15355705158489827,
      0.24796307786589084,
      0.3811254153166075,
      0.49259114672285526,
      0.5317571604096447,
      0.4808429049962687,
      0.36296238799003944,
      0.23163089961617744,
      0.14647018988504282,
      0.14614144058299042,
      0.23079389702008127,
      0.3619971137795429,
      0.4801875734822145,
      0.5317092783985777,
      0.4931724516467437,
      0.382072006893188,
      0.24884522330952674,
      0.15397427530695112,
      0.14052858983776584,
      0.21461222699972562,
      0.34259276436756547,
      0.4663697136302467,
      0.5297509275932099,
      0.5039626602109105,
      0.40071224572668646,
      0.2668732136883043,
      0.16320568650528833,
      0.13677255417019765,
      0.19957390613292192,
      0.3230992415730084,
      0.45127064071093564,
      0.5259009679823404,
      0.5131096150817686,
      0.4187035888007756,
      0.2855412513500595,
      0.1740755199438117,
      0.13490950625702225,
      0.1858237616703981,
      0.30370427867662647,
      0.43503576705048924,
      0.5201964767816238,
      0.5205252260836766,
      0.4358727696465857,
      0.3046695528871242,
      0.1864790931844519
    ],
    "fit": {
      "A": 0.0018985131176130013,
      "I0": 0.3333333333333334,
      "phi0": -2.2744352502917287,
      "R2": 7.070724377800097e-05,
      "visibility_fit": 0.005695539352839002,
      "visibility_fourier": 5.970991848967804e-18,
      "visibility": 5.970991848967804e-18
    },
    "cycles": 8,
    "per_cycle_V": [
      6.138729339094607e-17,
      1.9826764545470706e-16,
      6.397968793282316e-17,
      1.0577056339351229e-16,
      2.905349692818866e-16,
      2.8153371572024054e-16,
      2.9865535063442216e-16,
      3.284018134335958e-16
    ]
  },
  "diagnostics": {
    "measured_link_count": 26,
    "selection_policy": "uniform",
    "num_links": 128,
    "visibility_qc": {
      "r2_ok": false,
      "v_in_unit_interval": true,
      "i0_very_small": false
    },
    "hybrid_knobs": {
      "kick_passes": 3,
      "loop_measurement_cycles": 4
    }
  },
  "artifacts": {
    "kernel_hash": "59ad205957406ba8769e06c45a6e3db43b483f8e2d8e66b070b3ff98425f2b57",
    "flip_counts_hash": "051ffecc2b526e5161a7cdb343471ea2bcf4c30d07d6aca6b7e9329b81a2e42c",
    "pivot_fit_hash": "d04f83ead3fcfaea1653e658999e83d0abac9536c46d06a4e4ad9b696714687e",
    "config_hash": "09be816148e3d54a4ba01072548fde7efe2f97f681380c3e050adf0677f43c72"
  }
}