{
  "sim": "MICC",
  "gauge": "SU3",
  "rep": "fundamental",
  "L": 8,
  "b": 3.5,
  "kappa": 1.0,
  "seed": 0,
  "measurement_model": "dephasing",
  "f": 0.05,
  "schedule": "during",
  "sigma": 0.3417995313377113,
  "sigma_err": 0.031601056724441155,
  "visibility": 4.1699176687216663e-16,
  "visibility_err": 2.7384491104170236e-17,
  "coherence": {
    "C": 0.24690371215924498,
    "P_entropy": 0.3289828562053249
  },
  "twist_scan": {
    "phi_values": [
      0.0,
      0.09817477042468103,
      0.19634954084936207,
      0.2945243112740431,
      0.39269908169872414,
      0.4908738521234052,
      0.5890486225480862,
      0.6872233929727672,
      0.7853981633974483,
      0.8835729338221293,
      0.9817477042468103,
      1.0799224746714913,
      1.1780972450961724,
      1.2762720155208536,
      1.3744467859455345,
      1.4726215563702154,
      1.5707963267948966,
      1.6689710972195777,
      1.7671458676442586,
      1.8653206380689396,
      1.9634954084936207,
      2.061670178918302,
      2.1598449493429825,
      2.2580197197676637,
      2.356194490192345,
      2.454369260617026,
      2.552544031041707,
      2.650718801466388,
      2.748893571891069,
      2.84706834231575,
      2.945243112740431,
      3.043417883165112,
      3.141592653589793,
      3.2397674240144743,
      3.3379421944391554,
      3.436116964863836,
      3.5342917352885173,
      3.6324665057131984,
      3.730641276137879,
      3.8288160465625602,
      3.9269908169872414,
      4.025165587411922,
      4.123340357836604,
      4.221515128261284,
      4.319689898685965,
      4.417864669110647,
      4.516039439535327,
      4.614214209960009,
      4.71238898038469,
      4.81056375080937,
      4.908738521234052,
      5.006913291658733,
      5.105088062083414,
      5.203262832508095,
      5.301437602932776,
      5.399612373357457,
      5.497787143782138,
      5.595961914206819,
      5.6941366846315,
      5.792311455056181,
      5.890486225480862,
      5.988660995905543,
      6.086835766330224,
      6.1850105367549055
    ],
    "mean_I": [
      0.5723566856898838,
      0.17671602516793258,
      -0.1478236518019929,
      -0.2539281169374782,
      -0.09342816136393765,
      0.26081259061675155,
      0.6479762436195097,
      0.8922985935052913,
      0.8828624014062484,
      0.6239515012554674,
      0.23310602874229264,
      -0.11223834291129167,
      -0.2553024889945313,
      -0.13113827818846097,
      0.2038863336680309,
      0.5976771770596844,
      0.8714614419637466,
      0.9009467960462378,
      0.6727475049959103,
      0.2904612760496826,
      -0.07236193520410103,
      -0.2510079763014943,
      -0.16437527948801964,
      0.1482067220890149,
      0.544832334779731,
      0.8454418225653437,
      0.9135647627512208,
      0.718274764720583,
      0.34822940470496366,
      -0.028578460285301133,
      -0.2410859373632207,
      -0.19281907477090426,
      0.09430998097678225,
      0.48995064149873396,
      0.8144903184686596,
      0.9205947836041452,
      0.7600948280306046,
      0.4058540760499151,
      0.01869042304715771,
      -0.22563192683862446,
      -0.21619573473958198,
      0.042715165411197034,
      0.4335606379243743,
      0.778905009577958,
      0.9219691556611975,
      0.7978049448551277,
      0.462780332998637,
      0.06898948960698091,
      -0.20479477529707985,
      -0.2342801293795716,
      -0.006080838329243575,
      0.37620539061698344,
      0.7390286018707682,
      0.9176746429681606,
      0.8310419461546865,
      0.5184599445776503,
      0.12183433188693606,
      -0.1787751558986756,
      -0.24689809608455365,
      -0.05160809805391687,
      0.3184372619617006,
      0.6952451269519674,
      0.9077526040298866,
      0.8594857414375704
    ],
    "fit": {
      "A": 0.019911984802427993,
      "I0": 0.33333333333333287,
      "phi0": 2.5029253699748506,
      "R2": 0.0008207463741461973,
      "visibility_fit": 0.05973595440728406,
      "visibility_fourier": 4.1699176687216663e-16,
      "visibility": 4.1699176687216663e-16
    },
    "cycles": 16,
    "per_cycle_V": [
      3.235805697702311e-16,
      3.397091757971674e-16,
      3.882347981588191e-16,
      4.349298062424017e-16,
      4.539352385226228e-16,
      1.486281030579977e-16,
      3.5603908859636385e-16,
      5.18776770471862e-16,
      1.472780805769661e-16,
      4.034490958672513e-16,
      4.111479908945313e-16,
      4.57157288386378e-16,
      5.148003818690773e-16,
      4.641422773872789e-16,
      4.455648307443615e-16,
      4.422013960471708e-16
    ]
  },
  "diagnostics": {
    "measured_link_count": 6,
    "selection_policy": "uniform",
    "num_links": 128,
    "creutz_sizes": [
      [
        2,
        2
      ],
      [
        3,
        3
      ]
    ],
    "loop_sizes_measured": [
      [
        1,
        1
      ],
      [
        1,
        2
      ],
      [
        2,
        1
      ],
      [
        2,
        2
      ],
      [
        2,
        3
      ],
      [
        3,
        2
      ],
      [
        3,
        3
      ]
    ],
    "visibility_qc": {
      "r2_ok": false,
      "v_in_unit_interval": true,
      "i0_very_small": false
    },
    "hybrid_knobs": {
      "kick_passes": 3,
      "loop_measurement_cycles": 6
    }
  },
  "artifacts": {
    "kernel_hash": "59ad205957406ba8769e06c45a6e3db43b483f8e2d8e66b070b3ff98425f2b57",
    "flip_counts_hash": "051ffecc2b526e5161a7cdb343471ea2bcf4c30d07d6aca6b7e9329b81a2e42c",
    "pivot_fit_hash": "18f843e4852e0cb06a5603a8f3e251da6d346190d1181f60fc167ac1ef296fd4",
    "config_hash": "3e53227bb97f97d3e0f7892c2fd75b0f2e140b1e74473c1589a222acbe454fae"
  }
}