{
  "sim": "MICC",
  "gauge": "SU3",
  "rep": "fundamental",
  "L": 8,
  "b": 3.5,
  "kappa": 0.75,
  "seed": 0,
  "measurement_model": "dephasing",
  "f": 0.1,
  "schedule": "during",
  "sigma": 0.3639824218547954,
  "sigma_err": 0.056346555609977395,
  "visibility": 3.8810561104344585e-16,
  "visibility_err": 5.641846600592557e-17,
  "coherence": {
    "C": 0.250162827286998,
    "P_entropy": 0.2972312969452343
  },
  "twist_scan": {
    "phi_values": [
      0.0,
      0.09817477042468103,
      0.19634954084936207,
      0.2945243112740431,
      0.39269908169872414,
      0.4908738521234052,
      0.5890486225480862,
      0.6872233929727672,
      0.7853981633974483,
      0.8835729338221293,
      0.9817477042468103,
      1.0799224746714913,
      1.1780972450961724,
      1.2762720155208536,
      1.3744467859455345,
      1.4726215563702154,
      1.5707963267948966,
      1.6689710972195777,
      1.7671458676442586,
      1.8653206380689396,
      1.9634954084936207,
      2.061670178918302,
      2.1598449493429825,
      2.2580197197676637,
      2.356194490192345,
      2.454369260617026,
      2.552544031041707,
      2.650718801466388,
      2.748893571891069,
      2.84706834231575,
      2.945243112740431,
      3.043417883165112,
      3.141592653589793,
      3.2397674240144743,
      3.3379421944391554,
      3.436116964863836,
      3.5342917352885173,
      3.6324665057131984,
      3.730641276137879,
      3.8288160465625602,
      3.9269908169872414,
      4.025165587411922,
      4.123340357836604,
      4.221515128261284,
      4.319689898685965,
      4.417864669110647,
      4.516039439535327,
      4.614214209960009,
      4.71238898038469,
      4.81056375080937,
      4.908738521234052,
      5.006913291658733,
      5.105088062083414,
      5.203262832508095,
      5.301437602932776,
      5.399612373357457,
      5.497787143782138,
      5.595961914206819,
      5.6941366846315,
      5.792311455056181,
      5.890486225480862,
      5.988660995905543,
      6.086835766330224,
      6.1850105367549055
    ],
    "mean_I": [
      0.4570881586561391,
      0.08773830475494834,
      -0.17011654075949575,
      -0.1994156689241031,
      0.013142111899028924,
      0.3710600131033693,
      0.7118507904334502,
      0.8808025558006409,
      0.8012147399564136,
      0.50921854737343,
      0.1373741448001275,
      -0.14550888304405799,
      -0.21100755567567164,
      -0.02938684508272725,
      0.3169012432199142,
      0.6706491568928508,
      0.8712627388390882,
      0.8276676170281176,
      0.5596550653308766,
      0.18889717895307104,
      -0.11628971302312441,
      -0.21735714209908472,
      -0.06842260846331835,
      0.2629007233469451,
      0.6261989875757877,
      0.8565423676403896,
      0.8493597847172334,
      0.6079119812891434,
      0.2418112122295289,
      -0.08274042727681898,
      -0.2184032782060478,
      -0.10358924250226897,
      0.20957850801052683,
      0.578928361911718,
      0.8367832074261624,
      0.86608233559077,
      0.6535245547676382,
      0.2956066535632971,
      -0.04518412376678326,
      -0.2141358891339743,
      -0.1345480732897474,
      0.15744811929323438,
      0.5292925218665392,
      0.8121755497107244,
      0.8776742223423385,
      0.696053511749394,
      0.34976542344675354,
      -0.003982490226185618,
      -0.20459607217242157,
      -0.1610009503614519,
      0.10701160133579019,
      0.4777694877135949,
      0.7829563796897915,
      0.8840238087657509,
      0.7350892751299851,
      0.40376594331972,
      0.040467679090879234,
      -0.18987570097372225,
      -0.18269311805056676,
      0.05875468537752267,
      0.4248554544371354,
      0.7494070939434851,
      0.8850699448727137,
      0.7702559091689347
    ],
    "fit": {
      "A": 0.021329560559560458,
      "I0": 0.3333333333333335,
      "phi0": -1.1068552373242557,
      "R2": 0.001081327166474022,
      "visibility_fit": 0.06398868167868134,
      "visibility_fourier": 3.8810561104344585e-16,
      "visibility": 3.8810561104344585e-16
    },
    "cycles": 8,
    "per_cycle_V": [
      4.0170204056755133e-16,
      3.763685997848814e-16,
      5.860821492833441e-16,
      1.768281559923276e-16,
      4.458781401392169e-16,
      4.219572224045812e-16,
      8.116931536771023e-17,
      4.117404175372913e-16
    ]
  },
  "diagnostics": {
    "measured_link_count": 13,
    "selection_policy": "uniform",
    "num_links": 128,
    "visibility_qc": {
      "r2_ok": false,
      "v_in_unit_interval": true,
      "i0_very_small": false
    },
    "hybrid_knobs": {
      "kick_passes": 3,
      "loop_measurement_cycles": 4
    }
  },
  "artifacts": {
    "kernel_hash": "59ad205957406ba8769e06c45a6e3db43b483f8e2d8e66b070b3ff98425f2b57",
    "flip_counts_hash": "051ffecc2b526e5161a7cdb343471ea2bcf4c30d07d6aca6b7e9329b81a2e42c",
    "pivot_fit_hash": "32e5af21ae29df0c4428cd8be3189fb5b9433eb374572ce92302aca28369a080",
    "config_hash": "09be816148e3d54a4ba01072548fde7efe2f97f681380c3e050adf0677f43c72"
  }
}