{
  "sim": "MICC",
  "gauge": "SU3",
  "rep": "fundamental",
  "L": 8,
  "b": 3.0,
  "kappa": 1.0,
  "seed": 1,
  "measurement_model": "dephasing",
  "f": 0.5,
  "schedule": "during",
  "sigma": 0.7302880341569783,
  "sigma_err": 0.06057428309762904,
  "visibility": 1.1189722814603918e-16,
  "visibility_err": 3.599324126056712e-17,
  "coherence": {
    "C": 0.38346906926187835,
    "P_entropy": 0.19191107061173737
  },
  "twist_scan": {
    "phi_values": [
      0.0,
      0.09817477042468103,
      0.19634954084936207,
      0.2945243112740431,
      0.39269908169872414,
      0.4908738521234052,
      0.5890486225480862,
      0.6872233929727672,
      0.7853981633974483,
      0.8835729338221293,
      0.9817477042468103,
      1.0799224746714913,
      1.1780972450961724,
      1.2762720155208536,
      1.3744467859455345,
      1.4726215563702154,
      1.5707963267948966,
      1.6689710972195777,
      1.7671458676442586,
      1.8653206380689396,
      1.9634954084936207,
      2.061670178918302,
      2.1598449493429825,
      2.2580197197676637,
      2.356194490192345,
      2.454369260617026,
      2.552544031041707,
      2.650718801466388,
      2.748893571891069,
      2.84706834231575,
      2.945243112740431,
      3.043417883165112,
      3.141592653589793,
      3.2397674240144743,
      3.3379421944391554,
      3.436116964863836,
      3.5342917352885173,
      3.6324665057131984,
      3.730641276137879,
      3.8288160465625602,
      3.9269908169872414,
      4.025165587411922,
      4.123340357836604,
      4.221515128261284,
      4.319689898685965,
      4.417864669110647,
      4.516039439535327,
      4.614214209960009,
      4.71238898038469,
      4.81056375080937,
      4.908738521234052,
      5.006913291658733,
      5.105088062083414,
      5.203262832508095,
      5.301437602932776,
      5.399612373357457,
      5.497787143782138,
      5.595961914206819,
      5.6941366846315,
      5.792311455056181,
      5.890486225480862,
      5.988660995905543,
      6.086835766330224,
      6.1850105367549055
    ],
    "mean_I": [
      0.47268837480863,
      0.5646665544484732,
      0.5516242881221899,
      0.43948249207083084,
      0.27915119718396897,
      0.14341745933787245,
      0.09390155776667453,
      0.15308267656833802,
      0.29409382509031207,
      0.4529188899849912,
      0.5574546123022213,
      0.5602439596096285,
      0.4600206265457685,
      0.302283910979923,
      0.1586429840207768,
      0.09430782344635527,
      0.13848524711990517,
      0.2711196282989042,
      0.4319977308786818,
      0.548084259722345,
      0.5666783577240603,
      0.47933869313275107,
      0.3257156476864817,
      0.17555087226301994,
      0.09701603545088246,
      0.12576431125650633,
      0.2487445834964483,
      0.4101263796885647,
      0.536645738326545,
      0.5708655156942435,
      0.4972506482902174,
      0.34922074687006954,
      0.193978291858037,
      0.10200011221819343,
      0.1150423785444769,
      0.22718417459583554,
      0.3875154694826976,
      0.5232492073287943,
      0.5727651088999923,
      0.5135839900983289,
      0.37257284157635495,
      0.21374777668167627,
      0.10921205436444553,
      0.10642270705703817,
      0.2066460401208975,
      0.36438275568674355,
      0.5080236826458895,
      0.5723588432203116,
      0.5281814195467618,
      0.39554703836776356,
      0.23466893578798476,
      0.11858240694432189,
      0.0999883089426067,
      0.1873279735339157,
      0.34095101898018476,
      0.49111579440364717,
      0.5696506312157843,
      0.540902355410161,
      0.41792208317021856,
      0.25654028697810244,
      0.1300209283401223,
      0.09580115097242313,
      0.16941601837644937,
      0.3174459197965978
    ],
    "fit": {
      "A": 0.00020321846779865424,
      "I0": 0.33333333333333337,
      "phi0": -0.33841269348551883,
      "R2": 6.515431215659007e-07,
      "visibility_fit": 0.0006096554033959626,
      "visibility_fourier": 1.1189722814603918e-16,
      "visibility": 1.1189722814603918e-16
    },
    "cycles": 16,
    "per_cycle_V": [
      4.503736152031017e-16,
      3.448155653713967e-16,
      4.541254927631019e-16,
      3.5485624066778954e-16,
      9.814394048764866e-17,
      3.1799847484549993e-16,
      1.4808042638904399e-16,
      3.5339982372882206e-16,
      2.747426493686787e-16,
      1.3907165696716734e-16,
      1.8988475203585798e-16,
      2.2270262156044308e-17,
      2.6067180868410785e-16,
      1.873752623646127e-16,
      4.3327844327665535e-16,
      1.661139616792943e-17
    ]
  },
  "diagnostics": {
    "measured_link_count": 64,
    "selection_policy": "uniform",
    "num_links": 128,
    "creutz_sizes": [
      [
        2,
        2
      ],
      [
        3,
        3
      ]
    ],
    "loop_sizes_measured": [
      [
        1,
        1
      ],
      [
        1,
        2
      ],
      [
        2,
        1
      ],
      [
        2,
        2
      ],
      [
        2,
        3
      ],
      [
        3,
        2
      ],
      [
        3,
        3
      ]
    ],
    "visibility_qc": {
      "r2_ok": false,
      "v_in_unit_interval": true,
      "i0_very_small": false
    },
    "hybrid_knobs": {
      "kick_passes": 3,
      "loop_measurement_cycles": 6
    }
  },
  "artifacts": {
    "kernel_hash": "59ad205957406ba8769e06c45a6e3db43b483f8e2d8e66b070b3ff98425f2b57",
    "flip_counts_hash": "2f22c538feb77f48a899689bff9bdbb91197c5203a770852a4a789b6ab244652",
    "pivot_fit_hash": "e730f86cf82cf01e0490c7477184968845e3929e6af95e60cac897b00c6a8382",
    "config_hash": "3e53227bb97f97d3e0f7892c2fd75b0f2e140b1e74473c1589a222acbe454fae"
  }
}