{
  "sim": "MICC",
  "gauge": "SU3",
  "rep": "fundamental",
  "L": 12,
  "b": 3.5,
  "kappa": 0.75,
  "seed": 3,
  "measurement_model": "dephasing",
  "f": 0.1,
  "schedule": "during",
  "sigma": 0.40157327557447814,
  "sigma_err": 0.018178572532793147,
  "visibility": 6.66976311391935e-16,
  "visibility_err": 5.2781983676381286e-17,
  "coherence": {
    "C": 0.24961869969386685,
    "P_entropy": 0.28612817040483635
  },
  "twist_scan": {
    "phi_values": [
      0.0,
      0.09817477042468103,
      0.19634954084936207,
      0.2945243112740431,
      0.39269908169872414,
      0.4908738521234052,
      0.5890486225480862,
      0.6872233929727672,
      0.7853981633974483,
      0.8835729338221293,
      0.9817477042468103,
      1.0799224746714913,
      1.1780972450961724,
      1.2762720155208536,
      1.3744467859455345,
      1.4726215563702154,
      1.5707963267948966,
      1.6689710972195777,
      1.7671458676442586,
      1.8653206380689396,
      1.9634954084936207,
      2.061670178918302,
      2.1598449493429825,
      2.2580197197676637,
      2.356194490192345,
      2.454369260617026,
      2.552544031041707,
      2.650718801466388,
      2.748893571891069,
      2.84706834231575,
      2.945243112740431,
      3.043417883165112,
      3.141592653589793,
      3.2397674240144743,
      3.3379421944391554,
      3.436116964863836,
      3.5342917352885173,
      3.6324665057131984,
      3.730641276137879,
      3.8288160465625602,
      3.9269908169872414,
      4.025165587411922,
      4.123340357836604,
      4.221515128261284,
      4.319689898685965,
      4.417864669110647,
      4.516039439535327,
      4.614214209960009,
      4.71238898038469,
      4.81056375080937,
      4.908738521234052,
      5.006913291658733,
      5.105088062083414,
      5.203262832508095,
      5.301437602932776,
      5.399612373357457,
      5.497787143782138,
      5.595961914206819,
      5.6941366846315,
      5.792311455056181,
      5.890486225480862,
      5.988660995905543,
      6.086835766330224,
      6.1850105367549055
    ],
    "mean_I": [
      0.3279585368473043,
      0.7476879426195002,
      0.7293589512319827,
      0.29234909200101195,
      -0.10133195981600734,
      -0.03548202693857519,
      0.420281911835709,
      0.7841232459605995,
      0.6713865424440972,
      0.20125778000280845,
      -0.12923984548642597,
      0.029297912586131323,
      0.5092639017135921,
      0.8032349457653291,
      0.6004229384125088,
      0.11524205745027387,
      -0.13937130330882827,
      0.10576176282512578,
      0.5914849785116213,
      0.8042885901281567,
      0.5191952306433039,
      0.03760746032292692,
      -0.1313369870408869,
      0.19097106089514174,
      0.6637854323585596,
      0.7872436880871103,
      0.430824954393029,
      -0.028662557349608195,
      -0.10544565095108234,
      0.28165126125727696,
      0.72338679735963,
      0.7527552656687361,
      0.3387081298193627,
      -0.08102127595283397,
      -0.06269228456531611,
      0.37431757466565313,
      0.7679986264826736,
      0.7021486936052415,
      0.24638475483095873,
      -0.11745657929393266,
      -0.0047198757774314795,
      0.4654088866638556,
      0.7959065121530919,
      0.6373687540805353,
      0.1574027649530768,
      -0.1365682790986623,
      0.06624372825415596,
      0.5514246092163941,
      0.8060379699754947,
      0.5609049038415429,
      0.07518168815504446,
      -0.13762192346149035,
      0.14747143602336388,
      0.6290592063437389,
      0.7980036537075534,
      0.4756956057715229,
      0.0028812343081073867,
      -0.12057702142044463,
      0.23584171227363707,
      0.6953292240162737,
      0.7721123176177498,
      0.38501540540938983,
      -0.056720130692962716,
      -0.08608859900206936
    ],
    "fit": {
      "A": 1.3278801545197085e-06,
      "I0": 0.3333333333333334,
      "phi0": 1.1515000193532636,
      "R2": 6.176281708292208e-12,
      "visibility_fit": 3.983640463559124e-06,
      "visibility_fourier": 6.66976311391935e-16,
      "visibility": 6.66976311391935e-16
    },
    "cycles": 16,
    "per_cycle_V": [
      3.7308304184544127e-16,
      8.518103902930291e-16,
      8.662500452911622e-16,
      7.034266434937469e-16,
      5.269247655492298e-16,
      8.210094342691685e-16,
      9.995272529495448e-16,
      8.579584998637449e-16,
      4.439172818205757e-16,
      6.115396507257819e-16,
      3.7175301357985525e-16,
      5.094359589316915e-16,
      1.0150809647910952e-15,
      7.16201502648918e-16,
      8.693148163730302e-16,
      7.838666312919086e-16
    ]
  },
  "diagnostics": {
    "measured_link_count": 29,
    "selection_policy": "uniform",
    "num_links": 288,
    "creutz_sizes": [
      [
        2,
        2
      ],
      [
        3,
        3
      ]
    ],
    "loop_sizes_measured": [
      [
        1,
        1
      ],
      [
        1,
        2
      ],
      [
        2,
        1
      ],
      [
        2,
        2
      ],
      [
        2,
        3
      ],
      [
        3,
        2
      ],
      [
        3,
        3
      ]
    ],
    "visibility_qc": {
      "r2_ok": false,
      "v_in_unit_interval": true,
      "i0_very_small": false
    },
    "hybrid_knobs": {
      "kick_passes": 3,
      "loop_measurement_cycles": 6
    }
  },
  "artifacts": {
    "kernel_hash": "c776a5135c116bb3a99eaad342348026ed00e0c6d5dcf8a66155f4c58107111d",
    "flip_counts_hash": "f9f0d5ea10777d9547c57c830847aa737adfb2a8c3d087b6a31b748452bdd993",
    "pivot_fit_hash": "32e5af21ae29df0c4428cd8be3189fb5b9433eb374572ce92302aca28369a080",
    "config_hash": "3e53227bb97f97d3e0f7892c2fd75b0f2e140b1e74473c1589a222acbe454fae"
  }
}