{
  "sim": "MICC",
  "gauge": "SU3",
  "rep": "fundamental",
  "L": 8,
  "b": 3.0,
  "kappa": 0.75,
  "seed": 2,
  "measurement_model": "dephasing",
  "f": 0.5,
  "schedule": "during",
  "sigma": 0.46993963900497177,
  "sigma_err": 0.054717417945984045,
  "visibility": 1.2877200242797227e-16,
  "visibility_err": 2.810586505766564e-17,
  "coherence": {
    "C": 0.3695706994547478,
    "P_entropy": 0.189652684247368
  },
  "twist_scan": {
    "phi_values": [
      0.0,
      0.09817477042468103,
      0.19634954084936207,
      0.2945243112740431,
      0.39269908169872414,
      0.4908738521234052,
      0.5890486225480862,
      0.6872233929727672,
      0.7853981633974483,
      0.8835729338221293,
      0.9817477042468103,
      1.0799224746714913,
      1.1780972450961724,
      1.2762720155208536,
      1.3744467859455345,
      1.4726215563702154,
      1.5707963267948966,
      1.6689710972195777,
      1.7671458676442586,
      1.8653206380689396,
      1.9634954084936207,
      2.061670178918302,
      2.1598449493429825,
      2.2580197197676637,
      2.356194490192345,
      2.454369260617026,
      2.552544031041707,
      2.650718801466388,
      2.748893571891069,
      2.84706834231575,
      2.945243112740431,
      3.043417883165112,
      3.141592653589793,
      3.2397674240144743,
      3.3379421944391554,
      3.436116964863836,
      3.5342917352885173,
      3.6324665057131984,
      3.730641276137879,
      3.8288160465625602,
      3.9269908169872414,
      4.025165587411922,
      4.123340357836604,
      4.221515128261284,
      4.319689898685965,
      4.417864669110647,
      4.516039439535327,
      4.614214209960009,
      4.71238898038469,
      4.81056375080937,
      4.908738521234052,
      5.006913291658733,
      5.105088062083414,
      5.203262832508095,
      5.301437602932776,
      5.399612373357457,
      5.497787143782138,
      5.595961914206819,
      5.6941366846315,
      5.792311455056181,
      5.890486225480862,
      5.988660995905543,
      6.086835766330224,
      6.1850105367549055
    ],
    "mean_I": [
      0.22688400744662401,
      0.22127054583624928,
      0.26653124688361657,
      0.34211869856627264,
      0.4137177781063936,
      0.44882400029506414,
      0.4314998742147779,
      0.3696101909152368,
      0.29125157270381385,
      0.23199719402637592,
      0.21874730398745146,
      0.2575170756528986,
      0.33070584323557733,
      0.4050874363904233,
      0.4468941669006843,
      0.43714665315654017,
      0.3802700626092381,
      0.3020851782639889,
      0.23808630302362246,
      0.2173275882403497,
      0.24923305642902568,
      0.31931829207085566,
      0.39576606343723003,
      0.4438706806003845,
      0.44179365307827145,
      0.3904779079420862,
      0.3132197206394607,
      0.2450926929900746,
      0.21702507123368456,
      0.24175896884562897,
      0.3080657134148921,
      0.3858434291639347,
      0.43978265922004245,
      0.44539612083041724,
      0.4001354197830499,
      0.324547968100394,
      0.252948888560273,
      0.21784266637160232,
      0.23516679245188843,
      0.2970564757514295,
      0.37541509396285255,
      0.4346694726402905,
      0.44791936267921506,
      0.409149591013768,
      0.3359608234310896,
      0.26157923027624347,
      0.2197724997659824,
      0.2295200135101265,
      0.28639660405742834,
      0.3645814884026773,
      0.42858036364304397,
      0.4493390784263167,
      0.4174336102376407,
      0.3473483745958109,
      0.27090060322943665,
      0.22279598606628195,
      0.22487301358839504,
      0.2761887587245799,
      0.3534469460272058,
      0.42157397367659166,
      0.4496415954329821,
      0.42490769782103766,
      0.35860095325177455,
      0.28082323750273147
    ],
    "fit": {
      "A": 6.586384313659747e-07,
      "I0": 0.3333333333333332,
      "phi0": 1.6949996398847935,
      "R2": 3.161793049599737e-11,
      "visibility_fit": 1.975915294097925e-06,
      "visibility_fourier": 1.2877200242797227e-16,
      "visibility": 1.2877200242797227e-16
    },
    "cycles": 8,
    "per_cycle_V": [
      2.543962514298973e-16,
      2.493968790516057e-16,
      2.571534656644708e-16,
      2.70607479570926e-16,
      3.893249079726469e-16,
      2.13141359373109e-16,
      1.157932488473089e-16,
      3.252606517456516e-16
    ]
  },
  "diagnostics": {
    "measured_link_count": 64,
    "selection_policy": "uniform",
    "num_links": 128,
    "visibility_qc": {
      "r2_ok": false,
      "v_in_unit_interval": true,
      "i0_very_small": false
    },
    "hybrid_knobs": {
      "kick_passes": 3,
      "loop_measurement_cycles": 4
    }
  },
  "artifacts": {
    "kernel_hash": "59ad205957406ba8769e06c45a6e3db43b483f8e2d8e66b070b3ff98425f2b57",
    "flip_counts_hash": "2268e99a6015a7b96d81d3b1a331fda63562012ba66381118831ac9c8b2f0d5d",
    "pivot_fit_hash": "d04f83ead3fcfaea1653e658999e83d0abac9536c46d06a4e4ad9b696714687e",
    "config_hash": "09be816148e3d54a4ba01072548fde7efe2f97f681380c3e050adf0677f43c72"
  }
}