{
  "sim": "MICC",
  "gauge": "SU3",
  "rep": "fundamental",
  "L": 12,
  "b": 3.5,
  "kappa": 0.75,
  "seed": 4,
  "measurement_model": "dephasing",
  "f": 0.2,
  "schedule": "during",
  "sigma": 0.4990866336635219,
  "sigma_err": 0.07907699804705633,
  "visibility": 3.2777677201300383e-16,
  "visibility_err": 7.429575174217397e-17,
  "coherence": {
    "C": 0.2612473357248617,
    "P_entropy": 0.24277469756924336
  },
  "twist_scan": {
    "phi_values": [
      0.0,
      0.09817477042468103,
      0.19634954084936207,
      0.2945243112740431,
      0.39269908169872414,
      0.4908738521234052,
      0.5890486225480862,
      0.6872233929727672,
      0.7853981633974483,
      0.8835729338221293,
      0.9817477042468103,
      1.0799224746714913,
      1.1780972450961724,
      1.2762720155208536,
      1.3744467859455345,
      1.4726215563702154,
      1.5707963267948966,
      1.6689710972195777,
      1.7671458676442586,
      1.8653206380689396,
      1.9634954084936207,
      2.061670178918302,
      2.1598449493429825,
      2.2580197197676637,
      2.356194490192345,
      2.454369260617026,
      2.552544031041707,
      2.650718801466388,
      2.748893571891069,
      2.84706834231575,
      2.945243112740431,
      3.043417883165112,
      3.141592653589793,
      3.2397674240144743,
      3.3379421944391554,
      3.436116964863836,
      3.5342917352885173,
      3.6324665057131984,
      3.730641276137879,
      3.8288160465625602,
      3.9269908169872414,
      4.025165587411922,
      4.123340357836604,
      4.221515128261284,
      4.319689898685965,
      4.417864669110647,
      4.516039439535327,
      4.614214209960009,
      4.71238898038469,
      4.81056375080937,
      4.908738521234052,
      5.006913291658733,
      5.105088062083414,
      5.203262832508095,
      5.301437602932776,
      5.399612373357457,
      5.497787143782138,
      5.595961914206819,
      5.6941366846315,
      5.792311455056181,
      5.890486225480862,
      5.988660995905543,
      6.086835766330224,
      6.1850105367549055
    ],
    "mean_I": [
      0.1462322793197856,
      0.469678253953217,
      0.6489794886729066,
      0.49457754795094294,
      0.16970717119938394,
      0.01782344093711273,
      0.19949882804348257,
      0.5226649275928387,
      0.6456684300471736,
      0.4384692298481008,
      0.12011967370016755,
      0.0271809900229589,
      0.2579085617502128,
      0.5683756942434495,
      0.6303545088142677,
      0.37832059820308656,
      0.07872585756905567,
      0.04830380197001058,
      0.3192168271301835,
      0.6050539147775579,
      0.6036262303790237,
      0.3164431311982754,
      0.04711646394604809,
      0.0803801389609517,
      0.38106758192691326,
      0.6312900657494237,
      0.5665107474923168,
      0.25521474518938153,
      0.02650622410132316,
      0.12217732535383849,
      0.4410839363198659,
      0.6460759065905989,
      0.520434387346881,
      0.19698841271344925,
      0.01768717799375976,
      0.17208911871572258,
      0.4969594954672821,
      0.6488432257295536,
      0.46716783862318495,
      0.14400173907382824,
      0.02099823661949273,
      0.2281974368185638,
      0.5465469929664989,
      0.6394856766437076,
      0.40875810491645526,
      0.09829097242321744,
      0.03631215785239854,
      0.2883460684635807,
      0.5879408090976105,
      0.6183628646966562,
      0.34744983953648256,
      0.061612751889108586,
      0.06304043628764339,
      0.3502235354683905,
      0.6195502027206182,
      0.586286527705714,
      0.2855990847397536,
      0.035376600917243574,
      0.10015591917434978,
      0.4114519214772844,
      0.6401604425653427,
      0.5444893413128281,
      0.22558273034680087,
      0.02059076007606717
    ],
    "fit": {
      "A": 3.137381495615904e-11,
      "I0": 0.33333333333333326,
      "phi0": -0.4933588069458307,
      "R2": -2.220446049250313e-16,
      "visibility_fit": 9.412144486847715e-11,
      "visibility_fourier": 3.2777677201300383e-16,
      "visibility": 3.2777677201300383e-16
    },
    "cycles": 8,
    "per_cycle_V": [
      8.746346015995909e-16,
      4.58085258989134e-16,
      7.141482600346188e-16,
      8.780688866529033e-16,
      4.67306292285934e-16,
      4.0875119294703305e-16,
      3.371829885291966e-16,
      5.676129215844602e-16
    ]
  },
  "diagnostics": {
    "measured_link_count": 58,
    "selection_policy": "uniform",
    "num_links": 288,
    "visibility_qc": {
      "r2_ok": false,
      "v_in_unit_interval": true,
      "i0_very_small": false
    },
    "hybrid_knobs": {
      "kick_passes": 3,
      "loop_measurement_cycles": 4
    }
  },
  "artifacts": {
    "kernel_hash": "c776a5135c116bb3a99eaad342348026ed00e0c6d5dcf8a66155f4c58107111d",
    "flip_counts_hash": "7a11042fb34eaa3744d5206ec23f7fdadc3f7966920f4b324b412fb9e9cc0219",
    "pivot_fit_hash": "32e5af21ae29df0c4428cd8be3189fb5b9433eb374572ce92302aca28369a080",
    "config_hash": "09be816148e3d54a4ba01072548fde7efe2f97f681380c3e050adf0677f43c72"
  }
}