{
  "sim": "MICC",
  "gauge": "SU3",
  "rep": "fundamental",
  "L": 8,
  "b": 3.0,
  "kappa": 0.75,
  "seed": 0,
  "measurement_model": "dephasing",
  "f": 0.0,
  "schedule": "pre",
  "sigma": 0.5052909851735295,
  "sigma_err": 0.0917452999409019,
  "visibility": 5.336130731397729e-16,
  "visibility_err": 3.819056435493858e-31,
  "coherence": {
    "C": 0.24753421763356723,
    "P_entropy": 0.35995650639322163
  },
  "twist_scan": {
    "phi_values": [
      0.0,
      0.09817477042468103,
      0.19634954084936207,
      0.2945243112740431,
      0.39269908169872414,
      0.4908738521234052,
      0.5890486225480862,
      0.6872233929727672,
      0.7853981633974483,
      0.8835729338221293,
      0.9817477042468103,
      1.0799224746714913,
      1.1780972450961724,
      1.2762720155208536,
      1.3744467859455345,
      1.4726215563702154,
      1.5707963267948966,
      1.6689710972195777,
      1.7671458676442586,
      1.8653206380689396,
      1.9634954084936207,
      2.061670178918302,
      2.1598449493429825,
      2.2580197197676637,
      2.356194490192345,
      2.454369260617026,
      2.552544031041707,
      2.650718801466388,
      2.748893571891069,
      2.84706834231575,
      2.945243112740431,
      3.043417883165112,
      3.141592653589793,
      3.2397674240144743,
      3.3379421944391554,
      3.436116964863836,
      3.5342917352885173,
      3.6324665057131984,
      3.730641276137879,
      3.8288160465625602,
      3.9269908169872414,
      4.025165587411922,
      4.123340357836604,
      4.221515128261284,
      4.319689898685965,
      4.417864669110647,
      4.516039439535327,
      4.614214209960009,
      4.71238898038469,
      4.81056375080937,
      4.908738521234052,
      5.006913291658733,
      5.105088062083414,
      5.203262832508095,
      5.301437602932776,
      5.399612373357457,
      5.497787143782138,
      5.595961914206819,
      5.6941366846315,
      5.792311455056181,
      5.890486225480862,
      5.988660995905543,
      6.086835766330224,
      6.1850105367549055
    ],
    "mean_I": [
      0.6282945412865584,
      0.1820600105345679,
      -0.19549959429661432,
      -0.33298010614863954,
      -0.16796824690800824,
      0.22462404918767476,
      0.6665680875303261,
      0.9572305143150679,
      0.9646566645811885,
      0.6854752213643546,
      0.24642872311521816,
      -0.15316489898572175,
      -0.33189849469879845,
      -0.20863074830449146,
      0.1606773604591161,
      0.6083676712365913,
      0.9311981426733879,
      0.9826104900652374,
      0.7392645825600751,
      0.311634374599162,
      -0.1061449597506119,
      -0.3244103370922993,
      -0.24407383932709872,
      0.09839344313269158,
      0.5475185239197867,
      0.899408006091612,
      0.9943114215989598,
      0.7891446039211493,
      0.377048998917572,
      -0.054892604309830124,
      -0.310587748380336,
      -0.27395618363411817,
      0.038372125380107855,
      0.48460665613209897,
      0.8621662609632815,
      0.999646772815307,
      0.8346349135746756,
      0.44204261747899215,
      9.857913634118519e-05,
      -0.2905638476484008,
      -0.2979899979145223,
      -0.018808554697690015,
      0.42023794355144894,
      0.8198315656523882,
      0.9985651613654644,
      0.8752974149711581,
      0.5059893062075521,
      0.05829899543007378,
      -0.26453147600672017,
      -0.31594382339857086,
      -0.07259791589340767,
      0.3550322920675043,
      0.7728116264172797,
      0.9910770037589655,
      0.9107405059937664,
      0.5682732235339739,
      0.11914814274688056,
      -0.23274133942494368,
      -0.3276447549322926,
      -0.12247793725448265,
      0.28961766774909214,
      0.7215592709764971,
      0.9772544150470016,
      0.9406228503007843
    ],
    "fit": {
      "A": 1.531672161686324e-16,
      "I0": 0.33333333333333337,
      "phi0": -2.5771368567152786,
      "R2": -2.220446049250313e-16,
      "visibility_fit": 4.595016485058971e-16,
      "visibility_fourier": 5.336130731397729e-16,
      "visibility": 5.336130731397729e-16
    },
    "cycles": 16,
    "per_cycle_V": [
      3.817180076378988e-16,
      3.817180076378988e-16,
      3.817180076378988e-16,
      3.817180076378988e-16,
      3.817180076378988e-16,
      3.817180076378988e-16,
      3.817180076378988e-16,
      3.817180076378988e-16,
      3.817180076378988e-16,
      3.817180076378988e-16,
      3.817180076378988e-16,
      3.817180076378988e-16,
      3.817180076378988e-16,
      3.817180076378988e-16,
      3.817180076378988e-16,
      3.817180076378988e-16
    ]
  },
  "diagnostics": {
    "measured_link_count": 0,
    "selection_policy": "uniform",
    "num_links": 128,
    "creutz_sizes": [
      [
        2,
        2
      ],
      [
        3,
        3
      ]
    ],
    "loop_sizes_measured": [
      [
        1,
        1
      ],
      [
        1,
        2
      ],
      [
        2,
        1
      ],
      [
        2,
        2
      ],
      [
        2,
        3
      ],
      [
        3,
        2
      ],
      [
        3,
        3
      ]
    ],
    "visibility_qc": {
      "r2_ok": false,
      "v_in_unit_interval": true,
      "i0_very_small": false
    },
    "hybrid_knobs": {
      "kick_passes": 3,
      "loop_measurement_cycles": 6
    }
  },
  "artifacts": {
    "kernel_hash": "59ad205957406ba8769e06c45a6e3db43b483f8e2d8e66b070b3ff98425f2b57",
    "flip_counts_hash": "051ffecc2b526e5161a7cdb343471ea2bcf4c30d07d6aca6b7e9329b81a2e42c",
    "pivot_fit_hash": "d04f83ead3fcfaea1653e658999e83d0abac9536c46d06a4e4ad9b696714687e",
    "config_hash": "3e53227bb97f97d3e0f7892c2fd75b0f2e140b1e74473c1589a222acbe454fae"
  }
}