{
  "sim": "MICC",
  "gauge": "SU3",
  "rep": "fundamental",
  "L": 12,
  "b": 3.0,
  "kappa": 0.75,
  "seed": 1,
  "measurement_model": "dephasing",
  "f": 0.2,
  "schedule": "during",
  "sigma": 0.432242910902016,
  "sigma_err": 0.03284709572474884,
  "visibility": 1.872100402452728e-16,
  "visibility_err": 4.313885291659195e-17,
  "coherence": {
    "C": 0.2838575620944021,
    "P_entropy": 0.2357644678691114
  },
  "twist_scan": {
    "phi_values": [
      0.0,
      0.09817477042468103,
      0.19634954084936207,
      0.2945243112740431,
      0.39269908169872414,
      0.4908738521234052,
      0.5890486225480862,
      0.6872233929727672,
      0.7853981633974483,
      0.8835729338221293,
      0.9817477042468103,
      1.0799224746714913,
      1.1780972450961724,
      1.2762720155208536,
      1.3744467859455345,
      1.4726215563702154,
      1.5707963267948966,
      1.6689710972195777,
      1.7671458676442586,
      1.8653206380689396,
      1.9634954084936207,
      2.061670178918302,
      2.1598449493429825,
      2.2580197197676637,
      2.356194490192345,
      2.454369260617026,
      2.552544031041707,
      2.650718801466388,
      2.748893571891069,
      2.84706834231575,
      2.945243112740431,
      3.043417883165112,
      3.141592653589793,
      3.2397674240144743,
      3.3379421944391554,
      3.436116964863836,
      3.5342917352885173,
      3.6324665057131984,
      3.730641276137879,
      3.8288160465625602,
      3.9269908169872414,
      4.025165587411922,
      4.123340357836604,
      4.221515128261284,
      4.319689898685965,
      4.417864669110647,
      4.516039439535327,
      4.614214209960009,
      4.71238898038469,
      4.81056375080937,
      4.908738521234052,
      5.006913291658733,
      5.105088062083414,
      5.203262832508095,
      5.301437602932776,
      5.399612373357457,
      5.497787143782138,
      5.595961914206819,
      5.6941366846315,
      5.792311455056181,
      5.890486225480862,
      5.988660995905543,
      6.086835766330224,
      6.1850105367549055
    ],
    "mean_I": [
      0.3687191025372083,
      0.271241020378119,
      0.2394073367113251,
      0.30687282966705903,
      0.4023125397892336,
      0.42482698266392394,
      0.3506137423469185,
      0.25813154084278794,
      0.24515316515273033,
      0.3253994387576712,
      0.41403347748735897,
      0.4173507971401863,
      0.3318443057292014,
      0.24791202401921716,
      0.25428770800530837,
      0.3442309429674465,
      0.42265315390280755,
      0.4066458675998875,
      0.31313209160725486,
      0.24097520020776594,
      0.2664599299099447,
      0.3626436581504332,
      0.4278403197049036,
      0.39312357848186846,
      0.29519619987585455,
      0.2375876476572923,
      0.28120205920510544,
      0.3799299939881178,
      0.4293956350208691,
      0.37730358377354656,
      0.2787258967956748,
      0.23787954811255005,
      0.2979475641294584,
      0.39542564628854776,
      0.4272593299553416,
      0.3597938369996082,
      0.26435412687743337,
      0.24183968400274278,
      0.3160529243197482,
      0.4085351258238787,
      0.4215135015139365,
      0.34126722790899616,
      0.2526331891793078,
      0.2493158695264805,
      0.3348223609374648,
      0.41875464264744955,
      0.41237895866135865,
      0.32243572369921997,
      0.24401351276385935,
      0.2600207990667789,
      0.35353457505941205,
      0.42569146645890077,
      0.4002067367567218,
      0.3040230085162337,
      0.23882634696176322,
      0.27354308818479867,
      0.371470466790812,
      0.4290790190093743,
      0.3854646074615614,
      0.28673667267854924,
      0.23727103164579771,
      0.2893630828931202,
      0.3879407698709919,
      0.4287871185541168
    ],
    "fit": {
      "A": 1.51610978307249e-17,
      "I0": 0.33333333333333337,
      "phi0": -2.969051246806533,
      "R2": 0.0,
      "visibility_fit": 4.54832934921747e-17,
      "visibility_fourier": 1.872100402452728e-16,
      "visibility": 1.872100402452728e-16
    },
    "cycles": 16,
    "per_cycle_V": [
      7.885551669560447e-16,
      9.846786923788445e-16,
      8.224396956672489e-16,
      9.38325117535924e-16,
      6.946312657131992e-16,
      6.889594930758472e-16,
      8.552908041467295e-16,
      3.1051458536814004e-16,
      9.454283725902224e-16,
      6.825208630339658e-16,
      6.7252673824008465e-16,
      5.663351193357593e-16,
      7.7113264245135e-16,
      9.181506740681387e-16,
      7.535472244573999e-16,
      5.852396386875902e-16
    ]
  },
  "diagnostics": {
    "measured_link_count": 58,
    "selection_policy": "uniform",
    "num_links": 288,
    "creutz_sizes": [
      [
        2,
        2
      ],
      [
        3,
        3
      ]
    ],
    "loop_sizes_measured": [
      [
        1,
        1
      ],
      [
        1,
        2
      ],
      [
        2,
        1
      ],
      [
        2,
        2
      ],
      [
        2,
        3
      ],
      [
        3,
        2
      ],
      [
        3,
        3
      ]
    ],
    "visibility_qc": {
      "r2_ok": false,
      "v_in_unit_interval": true,
      "i0_very_small": false
    },
    "hybrid_knobs": {
      "kick_passes": 3,
      "loop_measurement_cycles": 6
    }
  },
  "artifacts": {
    "kernel_hash": "c776a5135c116bb3a99eaad342348026ed00e0c6d5dcf8a66155f4c58107111d",
    "flip_counts_hash": "1045813912820017453b344ca74f8b8f873bba658c2e9b55c71942b9dd07c053",
    "pivot_fit_hash": "d04f83ead3fcfaea1653e658999e83d0abac9536c46d06a4e4ad9b696714687e",
    "config_hash": "3e53227bb97f97d3e0f7892c2fd75b0f2e140b1e74473c1589a222acbe454fae"
  }
}