{
  "sim": "MICC",
  "gauge": "SU3",
  "rep": "fundamental",
  "L": 12,
  "b": 3.5,
  "kappa": 1.0,
  "seed": 0,
  "measurement_model": "dephasing",
  "f": 0.05,
  "schedule": "during",
  "sigma": 0.39916406303214624,
  "sigma_err": 0.0190337386140123,
  "visibility": 7.901228645812888e-16,
  "visibility_err": 4.542371905973451e-17,
  "coherence": {
    "C": 0.24645584633374354,
    "P_entropy": 0.3223526276182089
  },
  "twist_scan": {
    "phi_values": [
      0.0,
      0.09817477042468103,
      0.19634954084936207,
      0.2945243112740431,
      0.39269908169872414,
      0.4908738521234052,
      0.5890486225480862,
      0.6872233929727672,
      0.7853981633974483,
      0.8835729338221293,
      0.9817477042468103,
      1.0799224746714913,
      1.1780972450961724,
      1.2762720155208536,
      1.3744467859455345,
      1.4726215563702154,
      1.5707963267948966,
      1.6689710972195777,
      1.7671458676442586,
      1.8653206380689396,
      1.9634954084936207,
      2.061670178918302,
      2.1598449493429825,
      2.2580197197676637,
      2.356194490192345,
      2.454369260617026,
      2.552544031041707,
      2.650718801466388,
      2.748893571891069,
      2.84706834231575,
      2.945243112740431,
      3.043417883165112,
      3.141592653589793,
      3.2397674240144743,
      3.3379421944391554,
      3.436116964863836,
      3.5342917352885173,
      3.6324665057131984,
      3.730641276137879,
      3.8288160465625602,
      3.9269908169872414,
      4.025165587411922,
      4.123340357836604,
      4.221515128261284,
      4.319689898685965,
      4.417864669110647,
      4.516039439535327,
      4.614214209960009,
      4.71238898038469,
      4.81056375080937,
      4.908738521234052,
      5.006913291658733,
      5.105088062083414,
      5.203262832508095,
      5.301437602932776,
      5.399612373357457,
      5.497787143782138,
      5.595961914206819,
      5.6941366846315,
      5.792311455056181,
      5.890486225480862,
      5.988660995905543,
      6.086835766330224,
      6.1850105367549055
    ],
    "mean_I": [
      0.3271158825142049,
      0.8276301832016862,
      0.8055706282550845,
      0.28425872313228007,
      -0.185171183807987,
      -0.10643473128552972,
      0.43722738923142035,
      0.8710520358041479,
      0.7363969607853493,
      0.17562038829077825,
      -0.21842102941523972,
      -0.029144133882482548,
      0.5433463056449305,
      0.8938096602267793,
      0.6517337841533193,
      0.07304287348082374,
      -0.2304672642894761,
      0.06207626930596433,
      0.6413945413091371,
      0.8950284937256405,
      0.554834656757307,
      -0.019531824929572516,
      -0.22084695838008606,
      0.1637209293422667,
      0.72760415751355,
      0.8746616972129003,
      0.44942335772148406,
      -0.09854611319698316,
      -0.18992981464803768,
      0.27188369894421605,
      0.7986621670543418,
      0.8334919552567129,
      0.33955078415246215,
      -0.16096351653501995,
      -0.13890396158841814,
      0.3824079435343846,
      0.851837850474653,
      0.7731013979521959,
      0.22943927743524745,
      -0.2043853691374811,
      -0.06973029411868352,
      0.49104627837588516,
      0.8850876960819056,
      0.695810800549149,
      0.1233203610217392,
      -0.22714299356011255,
      0.01493288251334541,
      0.5936237931858445,
      0.8971339309561424,
      0.6045903973607047,
      0.02527212535752854,
      -0.22836182705897423,
      0.11183200990936112,
      0.6861984915962382,
      0.8875136250467526,
      0.5029457373243976,
      -0.060937490846883005,
      -0.20799503054623505,
      0.21724330894518207,
      0.7652127798636488,
      0.8565964813147051,
      0.3947829677224509,
      -0.1319955003876744,
      -0.16682528859004608
    ],
    "fit": {
      "A": 1.990071204456181e-05,
      "I0": 0.3333333333333332,
      "phi0": -2.0535703912627263,
      "R2": 8.452848421214298e-10,
      "visibility_fit": 5.970213613368545e-05,
      "visibility_fourier": 7.901228645812888e-16,
      "visibility": 7.901228645812888e-16
    },
    "cycles": 16,
    "per_cycle_V": [
      6.451366129486376e-16,
      6.260502925676592e-16,
      1.0509342793341755e-15,
      6.109873948062309e-16,
      9.298461947805616e-16,
      7.404384960178922e-16,
      5.79417776679066e-16,
      7.523852286639655e-16,
      7.872555625874367e-16,
      9.643602731394454e-16,
      9.368546304365605e-16,
      9.363241270580762e-16,
      9.81462469417221e-16,
      9.05403206108019e-16,
      6.926643803312287e-16,
      4.0640872647767247e-16
    ]
  },
  "diagnostics": {
    "measured_link_count": 14,
    "selection_policy": "uniform",
    "num_links": 288,
    "creutz_sizes": [
      [
        2,
        2
      ],
      [
        3,
        3
      ]
    ],
    "loop_sizes_measured": [
      [
        1,
        1
      ],
      [
        1,
        2
      ],
      [
        2,
        1
      ],
      [
        2,
        2
      ],
      [
        2,
        3
      ],
      [
        3,
        2
      ],
      [
        3,
        3
      ]
    ],
    "visibility_qc": {
      "r2_ok": false,
      "v_in_unit_interval": true,
      "i0_very_small": false
    },
    "hybrid_knobs": {
      "kick_passes": 3,
      "loop_measurement_cycles": 6
    }
  },
  "artifacts": {
    "kernel_hash": "c776a5135c116bb3a99eaad342348026ed00e0c6d5dcf8a66155f4c58107111d",
    "flip_counts_hash": "526d3d4f7381a97e02c3ef4c6b8d2598448ee2e98060a326f334d01ae3e48798",
    "pivot_fit_hash": "18f843e4852e0cb06a5603a8f3e251da6d346190d1181f60fc167ac1ef296fd4",
    "config_hash": "3e53227bb97f97d3e0f7892c2fd75b0f2e140b1e74473c1589a222acbe454fae"
  }
}