{
  "sim": "MICC",
  "gauge": "SU3",
  "rep": "fundamental",
  "L": 8,
  "b": 3.0,
  "kappa": 0.75,
  "seed": 4,
  "measurement_model": "dephasing",
  "f": 0.05,
  "schedule": "during",
  "sigma": 0.46566245544745916,
  "sigma_err": 0.030034838201341917,
  "visibility": 3.43004283048508e-16,
  "visibility_err": 4.106822335733833e-17,
  "coherence": {
    "C": 0.2517842981401632,
    "P_entropy": 0.3322507637243411
  },
  "twist_scan": {
    "phi_values": [
      0.0,
      0.09817477042468103,
      0.19634954084936207,
      0.2945243112740431,
      0.39269908169872414,
      0.4908738521234052,
      0.5890486225480862,
      0.6872233929727672,
      0.7853981633974483,
      0.8835729338221293,
      0.9817477042468103,
      1.0799224746714913,
      1.1780972450961724,
      1.2762720155208536,
      1.3744467859455345,
      1.4726215563702154,
      1.5707963267948966,
      1.6689710972195777,
      1.7671458676442586,
      1.8653206380689396,
      1.9634954084936207,
      2.061670178918302,
      2.1598449493429825,
      2.2580197197676637,
      2.356194490192345,
      2.454369260617026,
      2.552544031041707,
      2.650718801466388,
      2.748893571891069,
      2.84706834231575,
      2.945243112740431,
      3.043417883165112,
      3.141592653589793,
      3.2397674240144743,
      3.3379421944391554,
      3.436116964863836,
      3.5342917352885173,
      3.6324665057131984,
      3.730641276137879,
      3.8288160465625602,
      3.9269908169872414,
      4.025165587411922,
      4.123340357836604,
      4.221515128261284,
      4.319689898685965,
      4.417864669110647,
      4.516039439535327,
      4.614214209960009,
      4.71238898038469,
      4.81056375080937,
      4.908738521234052,
      5.006913291658733,
      5.105088062083414,
      5.203262832508095,
      5.301437602932776,
      5.399612373357457,
      5.497787143782138,
      5.595961914206819,
      5.6941366846315,
      5.792311455056181,
      5.890486225480862,
      5.988660995905543,
      6.086835766330224,
      6.1850105367549055
    ],
    "mean_I": [
      0.6058108473310433,
      0.19708262339115568,
      -0.14979062679117155,
      -0.2773356996169776,
      -0.1276497985731701,
      0.23131280670840337,
      0.6365905981625519,
      0.9041959315006196,
      0.9126415801383624,
      0.6580933961651023,
      0.2561109333356981,
      -0.11081417436229639,
      -0.2761055992364892,
      -0.1647244900964384,
      0.1727644581225442,
      0.5831483187178307,
      0.8801213987618755,
      0.9288641286493375,
      0.7072483280621826,
      0.31588293720627647,
      -0.0675603386385882,
      -0.2690062687821442,
      -0.19700261251397652,
      0.11576247558084037,
      0.5273001844010957,
      0.850780998048293,
      0.9393513900511715,
      0.7528022541572964,
      0.375822997930914,
      -0.020445677703016654,
      -0.2561060786871062,
      -0.22417330986188697,
      0.06085581933562301,
      0.469584043275511,
      0.8164572934578385,
      0.9440023662836448,
      0.7943164652398375,
      0.4353538599582634,
      0.030076068504115594,
      -0.23752926483395229,
      -0.24597491347169587,
      0.00857327050156235,
      0.41055573333096895,
      0.7774808410289632,
      0.9427722659031558,
      0.831391156763105,
      0.49390220854412403,
      0.08351834794883471,
      -0.21345473209520824,
      -0.26219746198267113,
      -0.0405816613955155,
      0.3507837294603899,
      0.734227005305256,
      0.9356729354488109,
      0.863669279180644,
      0.5509041910858251,
      0.13936648226557166,
      -0.18411433138162464,
      -0.27268472338450456,
      -0.08613558749062974,
      0.29084366873575046,
      0.6871123443696832,
      0.9227727453537724,
      0.8908399765285535
    ],
    "fit": {
      "A": 0.15894327893773275,
      "I0": 0.33333333333333254,
      "phi0": -2.2622130237627283,
      "R2": 0.0429556363790643,
      "visibility_fit": 0.4768298368131994,
      "visibility_fourier": 3.43004283048508e-16,
      "visibility": 3.43004283048508e-16
    },
    "cycles": 8,
    "per_cycle_V": [
      3.6300953980951606e-16,
      4.573530262330501e-16,
      3.0432440631638045e-16,
      3.2905384110557356e-16,
      5.63990299123173e-16,
      2.4642997154434067e-16,
      3.5273374227381714e-16,
      1.9597001504642684e-16
    ]
  },
  "diagnostics": {
    "measured_link_count": 6,
    "selection_policy": "uniform",
    "num_links": 128,
    "visibility_qc": {
      "r2_ok": false,
      "v_in_unit_interval": true,
      "i0_very_small": false
    },
    "hybrid_knobs": {
      "kick_passes": 3,
      "loop_measurement_cycles": 4
    }
  },
  "artifacts": {
    "kernel_hash": "59ad205957406ba8769e06c45a6e3db43b483f8e2d8e66b070b3ff98425f2b57",
    "flip_counts_hash": "b3326e9c852a05e144e201e0a4a89d13606dfe15c97d7e29e97870d36629453e",
    "pivot_fit_hash": "d04f83ead3fcfaea1653e658999e83d0abac9536c46d06a4e4ad9b696714687e",
    "config_hash": "09be816148e3d54a4ba01072548fde7efe2f97f681380c3e050adf0677f43c72"
  }
}