{
  "sim": "MICC",
  "gauge": "SU3",
  "rep": "fundamental",
  "L": 8,
  "b": 3.5,
  "kappa": 1.0,
  "seed": 1,
  "measurement_model": "dephasing",
  "f": 0.3,
  "schedule": "pre",
  "sigma": 0.5357101165945962,
  "sigma_err": 0.11549190459689322,
  "visibility": 4.550767332505014e-16,
  "visibility_err": 3.819056435493858e-31,
  "coherence": {
    "C": 0.25695953948272665,
    "P_entropy": 0.283062556717641
  },
  "twist_scan": {
    "phi_values": [
      0.0,
      0.09817477042468103,
      0.19634954084936207,
      0.2945243112740431,
      0.39269908169872414,
      0.4908738521234052,
      0.5890486225480862,
      0.6872233929727672,
      0.7853981633974483,
      0.8835729338221293,
      0.9817477042468103,
      1.0799224746714913,
      1.1780972450961724,
      1.2762720155208536,
      1.3744467859455345,
      1.4726215563702154,
      1.5707963267948966,
      1.6689710972195777,
      1.7671458676442586,
      1.8653206380689396,
      1.9634954084936207,
      2.061670178918302,
      2.1598449493429825,
      2.2580197197676637,
      2.356194490192345,
      2.454369260617026,
      2.552544031041707,
      2.650718801466388,
      2.748893571891069,
      2.84706834231575,
      2.945243112740431,
      3.043417883165112,
      3.141592653589793,
      3.2397674240144743,
      3.3379421944391554,
      3.436116964863836,
      3.5342917352885173,
      3.6324665057131984,
      3.730641276137879,
      3.8288160465625602,
      3.9269908169872414,
      4.025165587411922,
      4.123340357836604,
      4.221515128261284,
      4.319689898685965,
      4.417864669110647,
      4.516039439535327,
      4.614214209960009,
      4.71238898038469,
      4.81056375080937,
      4.908738521234052,
      5.006913291658733,
      5.105088062083414,
      5.203262832508095,
      5.301437602932776,
      5.399612373357457,
      5.497787143782138,
      5.595961914206819,
      5.6941366846315,
      5.792311455056181,
      5.890486225480862,
      5.988660995905543,
      6.086835766330224,
      6.1850105367549055
    ],
    "mean_I": [
      0.6281000191494998,
      0.18184878576144795,
      -0.1956316300748178,
      -0.3329730114490578,
      -0.1678252425759245,
      0.22483804217524603,
      0.6667559208309212,
      0.9573069155371953,
      0.9645869491673018,
      0.6852910386548371,
      0.2462136882095335,
      -0.15331316473606832,
      -0.3319126817429009,
      -0.20850441602093206,
      0.1608868598547955,
      0.6085652293986994,
      0.9312940723266204,
      0.9825612411526025,
      0.7390925130582761,
      0.3114176004646048,
      -0.1063080275928756,
      -0.32444566925109614,
      -0.2439653957410153,
      0.09859643134277414,
      0.5477239043503095,
      0.8995225403209498,
      0.9942831134815292,
      0.788986304750433,
      0.3768325732075584,
      -0.05506890381154758,
      -0.31064388538582344,
      -0.2738666731165252,
      0.03856664751716602,
      0.4848178809052186,
      0.8622982967414843,
      0.9996396781157242,
      0.8344919092425921,
      0.4418286244914205,
      -8.925416425372326e-05,
      -0.2906402488705281,
      -0.2979202825006356,
      -0.018624371988172978,
      0.4204529784571332,
      0.819979831402735,
      0.9985793484095673,
      0.8751710826875989,
      0.5057798068118727,
      0.0581014372679659,
      -0.26462740565995324,
      -0.3158945744859366,
      -0.07242584639160875,
      0.35524906620206137,
      0.7729746942595426,
      0.9911123359177624,
      0.9106320624076824,
      0.5680702353238909,
      0.11894276231635771,
      -0.2328558736542816,
      -0.3276164468148618,
      -0.12231963808376695,
      0.2898340934591053,
      0.7217355704782141,
      0.9773105520524896,
      0.940533339783192
    ],
    "fit": {
      "A": 1.2289446681555208e-16,
      "I0": 0.33333333333333326,
      "phi0": -2.495445455337192,
      "R2": 0.0,
      "visibility_fit": 3.6868340044665633e-16,
      "visibility_fourier": 4.550767332505014e-16,
      "visibility": 4.550767332505014e-16
    },
    "cycles": 16,
    "per_cycle_V": [
      5.669217582507306e-16,
      5.669217582507306e-16,
      5.669217582507306e-16,
      5.669217582507306e-16,
      5.669217582507306e-16,
      5.669217582507306e-16,
      5.669217582507306e-16,
      5.669217582507306e-16,
      5.669217582507306e-16,
      5.669217582507306e-16,
      5.669217582507306e-16,
      5.669217582507306e-16,
      5.669217582507306e-16,
      5.669217582507306e-16,
      5.669217582507306e-16,
      5.669217582507306e-16
    ]
  },
  "diagnostics": {
    "measured_link_count": 38,
    "selection_policy": "uniform",
    "num_links": 128,
    "creutz_sizes": [
      [
        2,
        2
      ],
      [
        3,
        3
      ]
    ],
    "loop_sizes_measured": [
      [
        1,
        1
      ],
      [
        1,
        2
      ],
      [
        2,
        1
      ],
      [
        2,
        2
      ],
      [
        2,
        3
      ],
      [
        3,
        2
      ],
      [
        3,
        3
      ]
    ],
    "visibility_qc": {
      "r2_ok": false,
      "v_in_unit_interval": true,
      "i0_very_small": false
    },
    "hybrid_knobs": {
      "kick_passes": 3,
      "loop_measurement_cycles": 6
    }
  },
  "artifacts": {
    "kernel_hash": "59ad205957406ba8769e06c45a6e3db43b483f8e2d8e66b070b3ff98425f2b57",
    "flip_counts_hash": "2f22c538feb77f48a899689bff9bdbb91197c5203a770852a4a789b6ab244652",
    "pivot_fit_hash": "18f843e4852e0cb06a5603a8f3e251da6d346190d1181f60fc167ac1ef296fd4",
    "config_hash": "3e53227bb97f97d3e0f7892c2fd75b0f2e140b1e74473c1589a222acbe454fae"
  }
}