{
  "sim": "MICC",
  "gauge": "SU3",
  "rep": "fundamental",
  "L": 12,
  "b": 3.0,
  "kappa": 1.0,
  "seed": 4,
  "measurement_model": "dephasing",
  "f": 0.05,
  "schedule": "during",
  "sigma": 0.2821220151836559,
  "sigma_err": 0.017587585072691495,
  "visibility": 3.9083746281425183e-16,
  "visibility_err": 4.958000667221554e-17,
  "coherence": {
    "C": 0.24871645986323263,
    "P_entropy": 0.3268379042507708
  },
  "twist_scan": {
    "phi_values": [
      0.0,
      0.09817477042468103,
      0.19634954084936207,
      0.2945243112740431,
      0.39269908169872414,
      0.4908738521234052,
      0.5890486225480862,
      0.6872233929727672,
      0.7853981633974483,
      0.8835729338221293,
      0.9817477042468103,
      1.0799224746714913,
      1.1780972450961724,
      1.2762720155208536,
      1.3744467859455345,
      1.4726215563702154,
      1.5707963267948966,
      1.6689710972195777,
      1.7671458676442586,
      1.8653206380689396,
      1.9634954084936207,
      2.061670178918302,
      2.1598449493429825,
      2.2580197197676637,
      2.356194490192345,
      2.454369260617026,
      2.552544031041707,
      2.650718801466388,
      2.748893571891069,
      2.84706834231575,
      2.945243112740431,
      3.043417883165112,
      3.141592653589793,
      3.2397674240144743,
      3.3379421944391554,
      3.436116964863836,
      3.5342917352885173,
      3.6324665057131984,
      3.730641276137879,
      3.8288160465625602,
      3.9269908169872414,
      4.025165587411922,
      4.123340357836604,
      4.221515128261284,
      4.319689898685965,
      4.417864669110647,
      4.516039439535327,
      4.614214209960009,
      4.71238898038469,
      4.81056375080937,
      4.908738521234052,
      5.006913291658733,
      5.105088062083414,
      5.203262832508095,
      5.301437602932776,
      5.399612373357457,
      5.497787143782138,
      5.595961914206819,
      5.6941366846315,
      5.792311455056181,
      5.890486225480862,
      5.988660995905543,
      6.086835766330224,
      6.1850105367549055
    ],
    "mean_I": [
      0.7271697566682317,
      0.8743982564319407,
      0.4496093883178206,
      -0.09810728398389812,
      -0.18970211992622787,
      0.2716595388288377,
      0.7982231356387013,
      0.8333021994186971,
      0.339810915002434,
      -0.16052851102935378,
      -0.13875397208664667,
      0.3821143471521064,
      0.8514110602197815,
      0.7729926192675636,
      0.22976351185617405,
      -0.20397090435686424,
      -0.0696637738493866,
      0.4906945284710301,
      0.8846895482979511,
      0.6957871793217465,
      0.12369623886665598,
      -0.22676499715362952,
      0.01491337721352312,
      0.5932274073099846,
      0.8967797262391592,
      0.6046528413410512,
      0.02568520185165401,
      -0.22803482521654198,
      0.11172722861815003,
      0.6857727026362935,
      0.8872169752853735,
      0.5030918468253553,
      -0.060503090001564216,
      -0.20773158976527353,
      0.21705727834884692,
      0.764773950650564,
      0.8563687865928954,
      0.3950071278378291,
      -0.13155646897203407,
      -0.16663553275203075,
      0.326855751664232,
      0.8271951776960197,
      0.8054206387533133,
      0.28455231951456067,
      -0.1847443935531132,
      -0.10632595260089672,
      0.4369031548104904,
      0.8706375710235318,
      0.736330440516054,
      0.17597213819564006,
      -0.21802288163128475,
      -0.029120512655080144,
      0.5429704278000126,
      0.8934316638202959,
      0.6517532894531445,
      0.07343925935668082,
      -0.23011305957249206,
      0.06201382532561215,
      0.6409814648150122,
      0.8947014918832086,
      0.5549394380485199,
      -0.019106035969626557,
      -0.22055030861870634,
      0.16357481984131333
    ],
    "fit": {
      "A": 1.4660751902242747e-05,
      "I0": 0.33333333333333354,
      "phi0": 0.8648440513850548,
      "R2": 4.87292206585721e-10,
      "visibility_fit": 4.398225570672822e-05,
      "visibility_fourier": 3.9083746281425183e-16,
      "visibility": 3.9083746281425183e-16
    },
    "cycles": 16,
    "per_cycle_V": [
      5.819430517509915e-16,
      6.04813151694365e-16,
      2.8275460529649216e-16,
      8.439526165626384e-16,
      8.898685019340762e-16,
      8.480987344219891e-16,
      7.165672697121563e-16,
      7.611624827504831e-16,
      7.445647571183535e-16,
      3.3638430814148613e-16,
      3.3374599873146702e-16,
      7.235329618327776e-16,
      3.5987779824202046e-16,
      6.493635039848748e-16,
      6.763397414883254e-16,
      7.276164429725927e-16
    ]
  },
  "diagnostics": {
    "measured_link_count": 14,
    "selection_policy": "uniform",
    "num_links": 288,
    "creutz_sizes": [
      [
        2,
        2
      ],
      [
        3,
        3
      ]
    ],
    "loop_sizes_measured": [
      [
        1,
        1
      ],
      [
        1,
        2
      ],
      [
        2,
        1
      ],
      [
        2,
        2
      ],
      [
        2,
        3
      ],
      [
        3,
        2
      ],
      [
        3,
        3
      ]
    ],
    "visibility_qc": {
      "r2_ok": false,
      "v_in_unit_interval": true,
      "i0_very_small": false
    },
    "hybrid_knobs": {
      "kick_passes": 3,
      "loop_measurement_cycles": 6
    }
  },
  "artifacts": {
    "kernel_hash": "c776a5135c116bb3a99eaad342348026ed00e0c6d5dcf8a66155f4c58107111d",
    "flip_counts_hash": "7a11042fb34eaa3744d5206ec23f7fdadc3f7966920f4b324b412fb9e9cc0219",
    "pivot_fit_hash": "e730f86cf82cf01e0490c7477184968845e3929e6af95e60cac897b00c6a8382",
    "config_hash": "3e53227bb97f97d3e0f7892c2fd75b0f2e140b1e74473c1589a222acbe454fae"
  }
}