{
  "sim": "MICC",
  "gauge": "SU3",
  "rep": "fundamental",
  "L": 12,
  "b": 3.0,
  "kappa": 0.75,
  "seed": 3,
  "measurement_model": "dephasing",
  "f": 0.2,
  "schedule": "during",
  "sigma": 0.4198410405288017,
  "sigma_err": 0.03161060180900586,
  "visibility": 1.948612649035451e-16,
  "visibility_err": 6.705424980965769e-17,
  "coherence": {
    "C": 0.28469312898585813,
    "P_entropy": 0.23829039284466202
  },
  "twist_scan": {
    "phi_values": [
      0.0,
      0.09817477042468103,
      0.19634954084936207,
      0.2945243112740431,
      0.39269908169872414,
      0.4908738521234052,
      0.5890486225480862,
      0.6872233929727672,
      0.7853981633974483,
      0.8835729338221293,
      0.9817477042468103,
      1.0799224746714913,
      1.1780972450961724,
      1.2762720155208536,
      1.3744467859455345,
      1.4726215563702154,
      1.5707963267948966,
      1.6689710972195777,
      1.7671458676442586,
      1.8653206380689396,
      1.9634954084936207,
      2.061670178918302,
      2.1598449493429825,
      2.2580197197676637,
      2.356194490192345,
      2.454369260617026,
      2.552544031041707,
      2.650718801466388,
      2.748893571891069,
      2.84706834231575,
      2.945243112740431,
      3.043417883165112,
      3.141592653589793,
      3.2397674240144743,
      3.3379421944391554,
      3.436116964863836,
      3.5342917352885173,
      3.6324665057131984,
      3.730641276137879,
      3.8288160465625602,
      3.9269908169872414,
      4.025165587411922,
      4.123340357836604,
      4.221515128261284,
      4.319689898685965,
      4.417864669110647,
      4.516039439535327,
      4.614214209960009,
      4.71238898038469,
      4.81056375080937,
      4.908738521234052,
      5.006913291658733,
      5.105088062083414,
      5.203262832508095,
      5.301437602932776,
      5.399612373357457,
      5.497787143782138,
      5.595961914206819,
      5.6941366846315,
      5.792311455056181,
      5.890486225480862,
      5.988660995905543,
      6.086835766330224,
      6.1850105367549055
    ],
    "mean_I": [
      0.30031349674646407,
      0.27179251472326577,
      0.3083328877714299,
      0.37130389502924654,
      0.3941321766530443,
      0.35268352432483396,
      0.290777723794329,
      0.27386199140117695,
      0.3198197498293745,
      0.3800641569323061,
      0.3909044323447866,
      0.34088016615333167,
      0.28287733905131723,
      0.27821691839762813,
      0.33182593132287136,
      0.3870285794914051,
      0.3854642629877631,
      0.32878678742886913,
      0.2769159498725158,
      0.2846899383104168,
      0.34389004143026947,
      0.39192952385329055,
      0.3780207312394821,
      0.3168681299137831,
      0.2731226491008802,
      0.29303229661440594,
      0.35554846316577243,
      0.39457864947461607,
      0.3688598878506491,
      0.30558222093231774,
      0.27164321115775725,
      0.3029234011584216,
      0.36635316992020295,
      0.39487415194340114,
      0.35833377889523693,
      0.2953627716374206,
      0.2725344900136227,
      0.31398314234183294,
      0.37588894287233776,
      0.39280467526548996,
      0.34684691683729246,
      0.2866025097343609,
      0.27576223432188035,
      0.3257865005133352,
      0.3837893276153495,
      0.3884497482690389,
      0.33484073534379577,
      0.27963808717526156,
      0.28120240367890376,
      0.3378798792377973,
      0.38975071679415113,
      0.3819767283562502,
      0.3227766252363974,
      0.27473714281337647,
      0.28864593542718475,
      0.34979853675288397,
      0.3935440175657866,
      0.37363437005226124,
      0.3111182035008946,
      0.2720880171920508,
      0.2978067788160176,
      0.36108444573434895,
      0.3950234555089096,
      0.3637432655082451
    ],
    "fit": {
      "A": 8.958454238869238e-15,
      "I0": 0.3333333333333334,
      "phi0": 1.611932248808657,
      "R2": 0.0,
      "visibility_fit": 2.687536271660771e-14,
      "visibility_fourier": 1.948612649035451e-16,
      "visibility": 1.948612649035451e-16
    },
    "cycles": 16,
    "per_cycle_V": [
      1.7132933091599833e-16,
      6.174246560389401e-16,
      4.900912833341646e-16,
      3.137320664782685e-16,
      3.9587578682821804e-16,
      4.264097675488202e-16,
      9.204731627566225e-16,
      6.341715287987318e-16,
      9.282540679038279e-16,
      5.350596050315817e-16,
      9.908932164381242e-16,
      6.597338860488692e-16,
      4.848077390000839e-16,
      9.237842288158159e-16,
      8.131550120678705e-16,
      1.0818550664366996e-15
    ]
  },
  "diagnostics": {
    "measured_link_count": 58,
    "selection_policy": "uniform",
    "num_links": 288,
    "creutz_sizes": [
      [
        2,
        2
      ],
      [
        3,
        3
      ]
    ],
    "loop_sizes_measured": [
      [
        1,
        1
      ],
      [
        1,
        2
      ],
      [
        2,
        1
      ],
      [
        2,
        2
      ],
      [
        2,
        3
      ],
      [
        3,
        2
      ],
      [
        3,
        3
      ]
    ],
    "visibility_qc": {
      "r2_ok": false,
      "v_in_unit_interval": true,
      "i0_very_small": false
    },
    "hybrid_knobs": {
      "kick_passes": 3,
      "loop_measurement_cycles": 6
    }
  },
  "artifacts": {
    "kernel_hash": "c776a5135c116bb3a99eaad342348026ed00e0c6d5dcf8a66155f4c58107111d",
    "flip_counts_hash": "f9f0d5ea10777d9547c57c830847aa737adfb2a8c3d087b6a31b748452bdd993",
    "pivot_fit_hash": "d04f83ead3fcfaea1653e658999e83d0abac9536c46d06a4e4ad9b696714687e",
    "config_hash": "3e53227bb97f97d3e0f7892c2fd75b0f2e140b1e74473c1589a222acbe454fae"
  }
}