{
  "sim": "MICC",
  "gauge": "SU3",
  "rep": "fundamental",
  "L": 12,
  "b": 3.5,
  "kappa": 1.0,
  "seed": 2,
  "measurement_model": "dephasing",
  "f": 0.1,
  "schedule": "during",
  "sigma": 0.5649919394449282,
  "sigma_err": 0.06835016046247258,
  "visibility": 5.338880146565587e-16,
  "visibility_err": 7.38163425243071e-17,
  "coherence": {
    "C": 0.24669161982652618,
    "P_entropy": 0.29165847440874376
  },
  "twist_scan": {
    "phi_values": [
      0.0,
      0.09817477042468103,
      0.19634954084936207,
      0.2945243112740431,
      0.39269908169872414,
      0.4908738521234052,
      0.5890486225480862,
      0.6872233929727672,
      0.7853981633974483,
      0.8835729338221293,
      0.9817477042468103,
      1.0799224746714913,
      1.1780972450961724,
      1.2762720155208536,
      1.3744467859455345,
      1.4726215563702154,
      1.5707963267948966,
      1.6689710972195777,
      1.7671458676442586,
      1.8653206380689396,
      1.9634954084936207,
      2.061670178918302,
      2.1598449493429825,
      2.2580197197676637,
      2.356194490192345,
      2.454369260617026,
      2.552544031041707,
      2.650718801466388,
      2.748893571891069,
      2.84706834231575,
      2.945243112740431,
      3.043417883165112,
      3.141592653589793,
      3.2397674240144743,
      3.3379421944391554,
      3.436116964863836,
      3.5342917352885173,
      3.6324665057131984,
      3.730641276137879,
      3.8288160465625602,
      3.9269908169872414,
      4.025165587411922,
      4.123340357836604,
      4.221515128261284,
      4.319689898685965,
      4.417864669110647,
      4.516039439535327,
      4.614214209960009,
      4.71238898038469,
      4.81056375080937,
      4.908738521234052,
      5.006913291658733,
      5.105088062083414,
      5.203262832508095,
      5.301437602932776,
      5.399612373357457,
      5.497787143782138,
      5.595961914206819,
      5.6941366846315,
      5.792311455056181,
      5.890486225480862,
      5.988660995905543,
      6.086835766330224,
      6.1850105367549055
    ],
    "mean_I": [
      0.16298456360032781,
      0.593242450492723,
      0.7487227224668627,
      0.465050621273324,
      0.04212614363676732,
      -0.07293219253311865,
      0.24151603667321206,
      0.6530341111402533,
      0.7265624368312854,
      0.3843663879543068,
      -0.011782139327439196,
      -0.04307233656854077,
      0.3235759969650114,
      0.7005398501869261,
      0.689290577273703,
      0.3017209829658731,
      -0.05242782822027921,
      0.0012525781996350072,
      0.40601092622146806,
      0.7339340487227014,
      0.6383394804546149,
      0.2202904228736488,
      -0.07824893201196526,
      0.05833917015456472,
      0.4856528963412975,
      0.7519333864255336,
      0.5756671684510737,
      0.1432040384351977,
      -0.08825316016442622,
      0.12599363358195248,
      0.5594413110765251,
      0.7538461588416464,
      0.5036821030663385,
      0.07342421617394305,
      -0.08205605580019681,
      0.20161604539334077,
      0.6245405230298984,
      0.7395988591997845,
      0.4251506299934552,
      0.01363255552641351,
      -0.059895770164619624,
      0.2823002787123566,
      0.6784488059941052,
      0.7097390032352069,
      0.34309066970165725,
      -0.03387318352025943,
      -0.022623910607037917,
      0.3649456837007943,
      0.7190944948869449,
      0.6654140884670324,
      0.26065574044519746,
      -0.06726738205603515,
      0.028327186212052116,
      0.44637624379301666,
      0.7449155986786312,
      0.6083274965121002,
      0.18101377032536925,
      -0.08526671975886732,
      0.09099949821559256,
      0.5234626282314675,
      0.754919826831092,
      0.5406730330847138,
      0.10722535559014168,
      -0.08717949217498074
    ],
    "fit": {
      "A": 3.956628975527044e-05,
      "I0": 0.33333333333333337,
      "phi0": -1.8959300135286914,
      "R2": 7.074900221226699e-09,
      "visibility_fit": 0.0001186988692658113,
      "visibility_fourier": 5.338880146565587e-16,
      "visibility": 5.338880146565587e-16
    },
    "cycles": 8,
    "per_cycle_V": [
      5.022286729104301e-16,
      3.655436439185301e-16,
      6.026991232574366e-16,
      1.0211220799715944e-15,
      4.2100791917150874e-16,
      5.390777059152103e-16,
      7.18716900500885e-16,
      4.713869662670435e-16
    ]
  },
  "diagnostics": {
    "measured_link_count": 29,
    "selection_policy": "uniform",
    "num_links": 288,
    "visibility_qc": {
      "r2_ok": false,
      "v_in_unit_interval": true,
      "i0_very_small": false
    },
    "hybrid_knobs": {
      "kick_passes": 3,
      "loop_measurement_cycles": 4
    }
  },
  "artifacts": {
    "kernel_hash": "c776a5135c116bb3a99eaad342348026ed00e0c6d5dcf8a66155f4c58107111d",
    "flip_counts_hash": "3c718ce239e2c926749d06c4b85bf1839d5fe51eaf7ab8de2413bea26f16d7e1",
    "pivot_fit_hash": "18f843e4852e0cb06a5603a8f3e251da6d346190d1181f60fc167ac1ef296fd4",
    "config_hash": "09be816148e3d54a4ba01072548fde7efe2f97f681380c3e050adf0677f43c72"
  }
}