{
  "sim": "MICC",
  "gauge": "SU3",
  "rep": "fundamental",
  "L": 8,
  "b": 3.0,
  "kappa": 0.75,
  "seed": 0,
  "measurement_model": "dephasing",
  "f": 0.3,
  "schedule": "pre",
  "sigma": 0.48635698209240597,
  "sigma_err": 0.09076236359164874,
  "visibility": 2.214220098887915e-16,
  "visibility_err": 1.909528217746929e-31,
  "coherence": {
    "C": 0.27940114368562613,
    "P_entropy": 0.2715333182023223
  },
  "twist_scan": {
    "phi_values": [
      0.0,
      0.09817477042468103,
      0.19634954084936207,
      0.2945243112740431,
      0.39269908169872414,
      0.4908738521234052,
      0.5890486225480862,
      0.6872233929727672,
      0.7853981633974483,
      0.8835729338221293,
      0.9817477042468103,
      1.0799224746714913,
      1.1780972450961724,
      1.2762720155208536,
      1.3744467859455345,
      1.4726215563702154,
      1.5707963267948966,
      1.6689710972195777,
      1.7671458676442586,
      1.8653206380689396,
      1.9634954084936207,
      2.061670178918302,
      2.1598449493429825,
      2.2580197197676637,
      2.356194490192345,
      2.454369260617026,
      2.552544031041707,
      2.650718801466388,
      2.748893571891069,
      2.84706834231575,
      2.945243112740431,
      3.043417883165112,
      3.141592653589793,
      3.2397674240144743,
      3.3379421944391554,
      3.436116964863836,
      3.5342917352885173,
      3.6324665057131984,
      3.730641276137879,
      3.8288160465625602,
      3.9269908169872414,
      4.025165587411922,
      4.123340357836604,
      4.221515128261284,
      4.319689898685965,
      4.417864669110647,
      4.516039439535327,
      4.614214209960009,
      4.71238898038469,
      4.81056375080937,
      4.908738521234052,
      5.006913291658733,
      5.105088062083414,
      5.203262832508095,
      5.301437602932776,
      5.399612373357457,
      5.497787143782138,
      5.595961914206819,
      5.6941366846315,
      5.792311455056181,
      5.890486225480862,
      5.988660995905543,
      6.086835766330224,
      6.1850105367549055
    ],
    "mean_I": [
      -0.33291725315994325,
      -0.19662526870513372,
      0.18025684137613482,
      0.6266324784777774,
      0.9398564356085513,
      0.97773158471837,
      0.7230633999567188,
      0.29146591292756285,
      -0.12112464054803838,
      -0.3274007751095951,
      -0.23371743822468016,
      0.1173950937727622,
      0.5665390719692108,
      0.9098125203933276,
      0.9913764701843116,
      0.7742025933721646,
      0.3568832896349764,
      -0.07112720191068554,
      -0.31552106640093786,
      -0.2653485988326402,
      0.05661294946020903,
      0.5041997667143574,
      0.874216795471135,
      0.9986840405194092,
      0.8210959748097828,
      0.42207386738948993,
      -0.017234587218314393,
      -0.2973925351229444,
      -0.2912141251610064,
      -0.0015042262848979544,
      0.4402149243009487,
      0.8334120671315799,
      0.9995839198266103,
      0.8632919353718003,
      0.4864098252905312,
      0.04003418818889064,
      -0.27318976894188485,
      -0.31106491805170305,
      -0.05639673329005356,
      0.3752007537391028,
      0.787791307214705,
      0.9940674417762628,
      0.9003841048913462,
      0.5492715728939047,
      0.10012759469745804,
      -0.24314585372666062,
      -0.3247098035176449,
      -0.10753592670549673,
      0.3097833770316895,
      0.7377938685773503,
      0.9821877330676047,
      0.9320152654993072,
      0.6100537172064565,
      0.16246689995231006,
      -0.20755012880446821,
      -0.3320173738527421,
      -0.1544293081431163,
      0.2445927992771745,
      0.6839012538849809,
      0.964059201789611,
      0.9578807918276747,
      0.6681708929515652,
      0.22645174236571866,
      -0.16674540046491432
    ],
    "fit": {
      "A": 1.2521973415935244e-16,
      "I0": 0.33333333333333337,
      "phi0": 0.20529782138933944,
      "R2": 0.0,
      "visibility_fit": 3.7565920247805726e-16,
      "visibility_fourier": 2.214220098887915e-16,
      "visibility": 2.214220098887915e-16
    },
    "cycles": 16,
    "per_cycle_V": [
      1.618272259564339e-16,
      1.618272259564339e-16,
      1.618272259564339e-16,
      1.618272259564339e-16,
      1.618272259564339e-16,
      1.618272259564339e-16,
      1.618272259564339e-16,
      1.618272259564339e-16,
      1.618272259564339e-16,
      1.618272259564339e-16,
      1.618272259564339e-16,
      1.618272259564339e-16,
      1.618272259564339e-16,
      1.618272259564339e-16,
      1.618272259564339e-16,
      1.618272259564339e-16
    ]
  },
  "diagnostics": {
    "measured_link_count": 38,
    "selection_policy": "uniform",
    "num_links": 128,
    "creutz_sizes": [
      [
        2,
        2
      ],
      [
        3,
        3
      ]
    ],
    "loop_sizes_measured": [
      [
        1,
        1
      ],
      [
        1,
        2
      ],
      [
        2,
        1
      ],
      [
        2,
        2
      ],
      [
        2,
        3
      ],
      [
        3,
        2
      ],
      [
        3,
        3
      ]
    ],
    "visibility_qc": {
      "r2_ok": false,
      "v_in_unit_interval": true,
      "i0_very_small": false
    },
    "hybrid_knobs": {
      "kick_passes": 3,
      "loop_measurement_cycles": 6
    }
  },
  "artifacts": {
    "kernel_hash": "59ad205957406ba8769e06c45a6e3db43b483f8e2d8e66b070b3ff98425f2b57",
    "flip_counts_hash": "051ffecc2b526e5161a7cdb343471ea2bcf4c30d07d6aca6b7e9329b81a2e42c",
    "pivot_fit_hash": "d04f83ead3fcfaea1653e658999e83d0abac9536c46d06a4e4ad9b696714687e",
    "config_hash": "3e53227bb97f97d3e0f7892c2fd75b0f2e140b1e74473c1589a222acbe454fae"
  }
}