{
  "sim": "MICC",
  "gauge": "SU3",
  "rep": "fundamental",
  "L": 8,
  "b": 3.0,
  "kappa": 1.0,
  "seed": 4,
  "measurement_model": "dephasing",
  "f": 0.0,
  "schedule": "during",
  "sigma": 0.5554372254297456,
  "sigma_err": 0.13942962325078914,
  "visibility": 4.278828289827854e-16,
  "visibility_err": 1.3044561088975574e-31,
  "coherence": {
    "C": 0.2475342176335249,
    "P_entropy": 0.35995650639322163
  },
  "twist_scan": {
    "phi_values": [
      0.0,
      0.09817477042468103,
      0.19634954084936207,
      0.2945243112740431,
      0.39269908169872414,
      0.4908738521234052,
      0.5890486225480862,
      0.6872233929727672,
      0.7853981633974483,
      0.8835729338221293,
      0.9817477042468103,
      1.0799224746714913,
      1.1780972450961724,
      1.2762720155208536,
      1.3744467859455345,
      1.4726215563702154,
      1.5707963267948966,
      1.6689710972195777,
      1.7671458676442586,
      1.8653206380689396,
      1.9634954084936207,
      2.061670178918302,
      2.1598449493429825,
      2.2580197197676637,
      2.356194490192345,
      2.454369260617026,
      2.552544031041707,
      2.650718801466388,
      2.748893571891069,
      2.84706834231575,
      2.945243112740431,
      3.043417883165112,
      3.141592653589793,
      3.2397674240144743,
      3.3379421944391554,
      3.436116964863836,
      3.5342917352885173,
      3.6324665057131984,
      3.730641276137879,
      3.8288160465625602,
      3.9269908169872414,
      4.025165587411922,
      4.123340357836604,
      4.221515128261284,
      4.319689898685965,
      4.417864669110647,
      4.516039439535327,
      4.614214209960009,
      4.71238898038469,
      4.81056375080937,
      4.908738521234052,
      5.006913291658733,
      5.105088062083414,
      5.203262832508095,
      5.301437602932776,
      5.399612373357457,
      5.497787143782138,
      5.595961914206819,
      5.6941366846315,
      5.792311455056181,
      5.890486225480862,
      5.988660995905543,
      6.086835766330224,
      6.1850105367549055
    ],
    "mean_I": [
      0.6282945412835508,
      0.18206001053130175,
      -0.19549959429865627,
      -0.3329801061485303,
      -0.16796824690579715,
      0.22462404919098347,
      0.6665680875332308,
      0.9572305143162494,
      0.9646566645801113,
      0.6854752213615071,
      0.24642872311189315,
      -0.15316489898801436,
      -0.33189849469901805,
      -0.20863074830253842,
      0.1606773604623554,
      0.6083676712396463,
      0.931198142674871,
      0.9826104900644757,
      0.7392645825574143,
      0.31163437459581017,
      -0.1061449597531334,
      -0.32441033709284595,
      -0.24407383932542231,
      0.09839344313582986,
      0.5475185239229625,
      0.8994080060933836,
      0.9943114215985227,
      0.7891446039187016,
      0.3770489989142257,
      -0.05489260431255632,
      -0.31058774838120423,
      -0.2739561836327345,
      0.038372125383115484,
      0.4846066561353649,
      0.8621662609653234,
      0.9996467728151971,
      0.8346349135724649,
      0.4420426174756833,
      9.857913343698975e-05,
      -0.2905638476495824,
      -0.29798999791344455,
      -0.018808554694842144,
      0.42023794355477395,
      0.8198315656546812,
      0.9985651613656846,
      0.8752974149692053,
      0.5059893062043129,
      0.058298995427019044,
      -0.26453147600820376,
      -0.3159438233978098,
      -0.0725979158907475,
      0.355032292070856,
      0.7728116264198012,
      0.9910770037595124,
      0.9107405059920899,
      0.5682732235308356,
      0.11914814274370499,
      -0.23274133942671502,
      -0.32764475493185535,
      -0.12247793725203523,
      0.28961766775243863,
      0.721559270979223,
      0.9772544150478704,
      0.9406228502994011
    ],
    "fit": {
      "A": 1.198156101653501e-16,
      "I0": 0.33333333333333337,
      "phi0": -2.6926135768066315,
      "R2": 1.1102230246251565e-16,
      "visibility_fit": 3.5944683049605026e-16,
      "visibility_fourier": 4.278828289827854e-16,
      "visibility": 4.278828289827854e-16
    },
    "cycles": 8,
    "per_cycle_V": [
      3.309894328019851e-16,
      3.309894328019851e-16,
      3.309894328019851e-16,
      3.309894328019851e-16,
      3.309894328019851e-16,
      3.309894328019851e-16,
      3.309894328019851e-16,
      3.309894328019851e-16
    ]
  },
  "diagnostics": {
    "measured_link_count": 0,
    "selection_policy": "uniform",
    "num_links": 128,
    "visibility_qc": {
      "r2_ok": false,
      "v_in_unit_interval": true,
      "i0_very_small": false
    },
    "hybrid_knobs": {
      "kick_passes": 3,
      "loop_measurement_cycles": 4
    }
  },
  "artifacts": {
    "kernel_hash": "59ad205957406ba8769e06c45a6e3db43b483f8e2d8e66b070b3ff98425f2b57",
    "flip_counts_hash": "b3326e9c852a05e144e201e0a4a89d13606dfe15c97d7e29e97870d36629453e",
    "pivot_fit_hash": "e730f86cf82cf01e0490c7477184968845e3929e6af95e60cac897b00c6a8382",
    "config_hash": "09be816148e3d54a4ba01072548fde7efe2f97f681380c3e050adf0677f43c72"
  }
}