{
  "sim": "MICC",
  "gauge": "SU3",
  "rep": "fundamental",
  "L": 12,
  "b": 3.5,
  "kappa": 0.75,
  "seed": 2,
  "measurement_model": "dephasing",
  "f": 0.1,
  "schedule": "during",
  "sigma": 0.5649919394433076,
  "sigma_err": 0.06835016046150724,
  "visibility": 5.472875586311646e-16,
  "visibility_err": 8.100885627503807e-17,
  "coherence": {
    "C": 0.24669161982663548,
    "P_entropy": 0.29165847440874376
  },
  "twist_scan": {
    "phi_values": [
      0.0,
      0.09817477042468103,
      0.19634954084936207,
      0.2945243112740431,
      0.39269908169872414,
      0.4908738521234052,
      0.5890486225480862,
      0.6872233929727672,
      0.7853981633974483,
      0.8835729338221293,
      0.9817477042468103,
      1.0799224746714913,
      1.1780972450961724,
      1.2762720155208536,
      1.3744467859455345,
      1.4726215563702154,
      1.5707963267948966,
      1.6689710972195777,
      1.7671458676442586,
      1.8653206380689396,
      1.9634954084936207,
      2.061670178918302,
      2.1598449493429825,
      2.2580197197676637,
      2.356194490192345,
      2.454369260617026,
      2.552544031041707,
      2.650718801466388,
      2.748893571891069,
      2.84706834231575,
      2.945243112740431,
      3.043417883165112,
      3.141592653589793,
      3.2397674240144743,
      3.3379421944391554,
      3.436116964863836,
      3.5342917352885173,
      3.6324665057131984,
      3.730641276137879,
      3.8288160465625602,
      3.9269908169872414,
      4.025165587411922,
      4.123340357836604,
      4.221515128261284,
      4.319689898685965,
      4.417864669110647,
      4.516039439535327,
      4.614214209960009,
      4.71238898038469,
      4.81056375080937,
      4.908738521234052,
      5.006913291658733,
      5.105088062083414,
      5.203262832508095,
      5.301437602932776,
      5.399612373357457,
      5.497787143782138,
      5.595961914206819,
      5.6941366846315,
      5.792311455056181,
      5.890486225480862,
      5.988660995905543,
      6.086835766330224,
      6.1850105367549055
    ],
    "mean_I": [
      0.1629845635838918,
      0.593242450478574,
      0.7487227224699594,
      0.46505062129039265,
      0.04212614364976311,
      -0.07293219253793501,
      0.24151603665567573,
      0.6530341111285367,
      0.7265624368377755,
      0.3843663879721423,
      -0.011782139317113877,
      -0.04307233657664157,
      0.3235759969470488,
      0.7005398501780921,
      0.6892905772833371,
      0.30172098298379013,
      -0.05242782821302089,
      0.0012525781885611431,
      0.4060109262037696,
      0.7339340487170893,
      0.6383394804670225,
      0.2202904228909589,
      -0.07824893200805302,
      0.05833917014094332,
      0.4856528963245433,
      0.7519333864233595,
      0.5756671684657783,
      0.1432040384512355,
      -0.0882531601640103,
      0.125993633566307,
      0.5594413110613587,
      0.7538461588429936,
      0.5036821030827751,
      0.07342421618809233,
      -0.08205605580329314,
      0.2016160453762724,
      0.624540523016903,
      0.7395988592046012,
      0.42515063001099185,
      0.013632555538130486,
      -0.05989577017110925,
      0.28230027869452134,
      0.6784488059837801,
      0.709739003243308,
      0.34309066971962,
      -0.03387318351142512,
      -0.022623910616671586,
      0.36494568368287755,
      0.7190944948796869,
      0.6654140884781065,
      0.2606557404628962,
      -0.06726738205042289,
      0.028327186199644694,
      0.446376243775707,
      0.7449155986747193,
      0.6083274965257217,
      0.1810137703421238,
      -0.08526671975669262,
      0.09099949820088832,
      0.5234626282154301,
      0.7549198268306764,
      0.5406730331003596,
      0.1072253556053082,
      -0.08717949217632737
    ],
    "fit": {
      "A": 3.9566289755247655e-05,
      "I0": 0.3333333333333332,
      "phi0": -1.8959300122916347,
      "R2": 7.074900221226699e-09,
      "visibility_fit": 0.00011869886926574301,
      "visibility_fourier": 5.472875586311646e-16,
      "visibility": 5.472875586311646e-16
    },
    "cycles": 8,
    "per_cycle_V": [
      4.629244159084415e-16,
      2.0740069639201345e-16,
      6.680205292690037e-16,
      8.038881493865903e-16,
      4.3900706216273716e-16,
      4.3905429284936305e-16,
      7.01239335346839e-16,
      1.6285395145253442e-16
    ]
  },
  "diagnostics": {
    "measured_link_count": 29,
    "selection_policy": "uniform",
    "num_links": 288,
    "visibility_qc": {
      "r2_ok": false,
      "v_in_unit_interval": true,
      "i0_very_small": false
    },
    "hybrid_knobs": {
      "kick_passes": 3,
      "loop_measurement_cycles": 4
    }
  },
  "artifacts": {
    "kernel_hash": "c776a5135c116bb3a99eaad342348026ed00e0c6d5dcf8a66155f4c58107111d",
    "flip_counts_hash": "3c718ce239e2c926749d06c4b85bf1839d5fe51eaf7ab8de2413bea26f16d7e1",
    "pivot_fit_hash": "32e5af21ae29df0c4428cd8be3189fb5b9433eb374572ce92302aca28369a080",
    "config_hash": "09be816148e3d54a4ba01072548fde7efe2f97f681380c3e050adf0677f43c72"
  }
}