{
  "sim": "MICC",
  "gauge": "SU3",
  "rep": "fundamental",
  "L": 8,
  "b": 3.5,
  "kappa": 1.0,
  "seed": 0,
  "measurement_model": "dephasing",
  "f": 0.0,
  "schedule": "pre",
  "sigma": 0.2761738723572147,
  "sigma_err": 0.05664582073292203,
  "visibility": 4.856654556936056e-16,
  "visibility_err": 5.7285846532407865e-31,
  "coherence": {
    "C": 0.24660493780287296,
    "P_entropy": 0.35995650639322163
  },
  "twist_scan": {
    "phi_values": [
      0.0,
      0.09817477042468103,
      0.19634954084936207,
      0.2945243112740431,
      0.39269908169872414,
      0.4908738521234052,
      0.5890486225480862,
      0.6872233929727672,
      0.7853981633974483,
      0.8835729338221293,
      0.9817477042468103,
      1.0799224746714913,
      1.1780972450961724,
      1.2762720155208536,
      1.3744467859455345,
      1.4726215563702154,
      1.5707963267948966,
      1.6689710972195777,
      1.7671458676442586,
      1.8653206380689396,
      1.9634954084936207,
      2.061670178918302,
      2.1598449493429825,
      2.2580197197676637,
      2.356194490192345,
      2.454369260617026,
      2.552544031041707,
      2.650718801466388,
      2.748893571891069,
      2.84706834231575,
      2.945243112740431,
      3.043417883165112,
      3.141592653589793,
      3.2397674240144743,
      3.3379421944391554,
      3.436116964863836,
      3.5342917352885173,
      3.6324665057131984,
      3.730641276137879,
      3.8288160465625602,
      3.9269908169872414,
      4.025165587411922,
      4.123340357836604,
      4.221515128261284,
      4.319689898685965,
      4.417864669110647,
      4.516039439535327,
      4.614214209960009,
      4.71238898038469,
      4.81056375080937,
      4.908738521234052,
      5.006913291658733,
      5.105088062083414,
      5.203262832508095,
      5.301437602932776,
      5.399612373357457,
      5.497787143782138,
      5.595961914206819,
      5.6941366846315,
      5.792311455056181,
      5.890486225480862,
      5.988660995905543,
      6.086835766330224,
      6.1850105367549055
    ],
    "mean_I": [
      0.5130212527374035,
      0.0649570936560485,
      -0.26126986348018566,
      -0.31755940046888387,
      -0.078357244347074,
      0.3477438269397527,
      0.7673028354054989,
      0.9898487628117256,
      0.9143504108226161,
      0.5750824528179066,
      0.12606544874967554,
      -0.2288562690103371,
      -0.328555660850005,
      -0.12777128726193163,
      0.2823449438886739,
      0.7156088378468939,
      0.9753276448849865,
      0.9435944564774558,
      0.6348154767242622,
      0.18916990687599475,
      -0.19102848134582245,
      -0.3331775683918107,
      -0.17274464061503178,
      0.2174371069010355,
      0.6602333182067766,
      0.9546237707882153,
      0.966961353913753,
      0.6916450627828593,
      0.25366273760684244,
      -0.1481508027606207,
      -0.3313806115980821,
      -0.2128441864286463,
      0.15364541392926262,
      0.6017095730106182,
      0.927936530146853,
      0.9842260671355514,
      0.7450239110137412,
      0.31892283972691404,
      -0.10063616873883173,
      -0.32318209614505916,
      -0.24768374415595004,
      0.09158421384875763,
      0.5406012179169916,
      0.8955229356770039,
      0.9952223275166717,
      0.7944379539285985,
      0.38432172277799465,
      -0.04894217118022862,
      -0.30866097821831967,
      -0.2769277898107897,
      0.03185118994240515,
      0.4774967597906716,
      0.8576951480124897,
      0.9998442350584772,
      0.8394113072816989,
      0.44922955976562995,
      0.006433348459890783,
      -0.28795710412154735,
      -0.30029468724708586,
      -0.024978396116193128,
      0.4130039290598218,
      0.8148174694272874,
      0.9980472782647479,
      0.879510853095312
    ],
    "fit": {
      "A": 1.4757166986654896e-16,
      "I0": 0.3333333333333333,
      "phi0": 3.12139371970741,
      "R2": 0.0,
      "visibility_fit": 4.427150095996469e-16,
      "visibility_fourier": 4.856654556936056e-16,
      "visibility": 4.856654556936056e-16
    },
    "cycles": 16,
    "per_cycle_V": [
      4.034490958672513e-16,
      4.034490958672513e-16,
      4.034490958672513e-16,
      4.034490958672513e-16,
      4.034490958672513e-16,
      4.034490958672513e-16,
      4.034490958672513e-16,
      4.034490958672513e-16,
      4.034490958672513e-16,
      4.034490958672513e-16,
      4.034490958672513e-16,
      4.034490958672513e-16,
      4.034490958672513e-16,
      4.034490958672513e-16,
      4.034490958672513e-16,
      4.034490958672513e-16
    ]
  },
  "diagnostics": {
    "measured_link_count": 0,
    "selection_policy": "uniform",
    "num_links": 128,
    "creutz_sizes": [
      [
        2,
        2
      ],
      [
        3,
        3
      ]
    ],
    "loop_sizes_measured": [
      [
        1,
        1
      ],
      [
        1,
        2
      ],
      [
        2,
        1
      ],
      [
        2,
        2
      ],
      [
        2,
        3
      ],
      [
        3,
        2
      ],
      [
        3,
        3
      ]
    ],
    "visibility_qc": {
      "r2_ok": false,
      "v_in_unit_interval": true,
      "i0_very_small": false
    },
    "hybrid_knobs": {
      "kick_passes": 3,
      "loop_measurement_cycles": 6
    }
  },
  "artifacts": {
    "kernel_hash": "59ad205957406ba8769e06c45a6e3db43b483f8e2d8e66b070b3ff98425f2b57",
    "flip_counts_hash": "051ffecc2b526e5161a7cdb343471ea2bcf4c30d07d6aca6b7e9329b81a2e42c",
    "pivot_fit_hash": "18f843e4852e0cb06a5603a8f3e251da6d346190d1181f60fc167ac1ef296fd4",
    "config_hash": "3e53227bb97f97d3e0f7892c2fd75b0f2e140b1e74473c1589a222acbe454fae"
  }
}