{
  "sim": "MICC",
  "gauge": "SU3",
  "rep": "fundamental",
  "L": 8,
  "b": 3.5,
  "kappa": 1.0,
  "seed": 1,
  "measurement_model": "dephasing",
  "f": 0.2,
  "schedule": "during",
  "sigma": 0.4459429325652942,
  "sigma_err": 0.024918199303798485,
  "visibility": 4.2642651432269226e-17,
  "visibility_err": 3.502090155288814e-17,
  "coherence": {
    "C": 0.26191419762142015,
    "P_entropy": 0.25399105976459274
  },
  "twist_scan": {
    "phi_values": [
      0.0,
      0.09817477042468103,
      0.19634954084936207,
      0.2945243112740431,
      0.39269908169872414,
      0.4908738521234052,
      0.5890486225480862,
      0.6872233929727672,
      0.7853981633974483,
      0.8835729338221293,
      0.9817477042468103,
      1.0799224746714913,
      1.1780972450961724,
      1.2762720155208536,
      1.3744467859455345,
      1.4726215563702154,
      1.5707963267948966,
      1.6689710972195777,
      1.7671458676442586,
      1.8653206380689396,
      1.9634954084936207,
      2.061670178918302,
      2.1598449493429825,
      2.2580197197676637,
      2.356194490192345,
      2.454369260617026,
      2.552544031041707,
      2.650718801466388,
      2.748893571891069,
      2.84706834231575,
      2.945243112740431,
      3.043417883165112,
      3.141592653589793,
      3.2397674240144743,
      3.3379421944391554,
      3.436116964863836,
      3.5342917352885173,
      3.6324665057131984,
      3.730641276137879,
      3.8288160465625602,
      3.9269908169872414,
      4.025165587411922,
      4.123340357836604,
      4.221515128261284,
      4.319689898685965,
      4.417864669110647,
      4.516039439535327,
      4.614214209960009,
      4.71238898038469,
      4.81056375080937,
      4.908738521234052,
      5.006913291658733,
      5.105088062083414,
      5.203262832508095,
      5.301437602932776,
      5.399612373357457,
      5.497787143782138,
      5.595961914206819,
      5.6941366846315,
      5.792311455056181,
      5.890486225480862,
      5.988660995905543,
      6.086835766330224,
      6.1850105367549055
    ],
    "mean_I": [
      0.33733031312661854,
      0.3514272392489483,
      0.35730991036991266,
      0.35230771678798384,
      0.33869154980986965,
      0.32264286457416885,
      0.31144742865243313,
      0.31018773589322535,
      0.31943566047317484,
      0.33499283797680507,
      0.3497966350671073,
      0.35712643736400557,
      0.353654667866873,
      0.34095743734407563,
      0.3247990229954509,
      0.3125150071157413,
      0.3096820760957874,
      0.3175863213913372,
      0.3326393808900975,
      0.3480074802898136,
      0.3567138237596496,
      0.3548059133854328,
      0.34314990058889916,
      0.3270373714906154,
      0.31378307744097955,
      0.30940419083463955,
      0.31588863464269346,
      0.33029260694477136,
      0.34607700545562436,
      0.35607604325141207,
      0.3557503662199848,
      0.34524782492477,
      0.32933635354004814,
      0.31523942741771827,
      0.3093567562967539,
      0.3143589498786828,
      0.32797511685679703,
      0.3440238020924977,
      0.3552192380142334,
      0.35647893077344134,
      0.3472310061934918,
      0.33167382868986156,
      0.3168700315995594,
      0.309540229302661,
      0.31301199879979347,
      0.3257092293225908,
      0.34186764367121564,
      0.3541516595509252,
      0.3569845905708792,
      0.34908034527532933,
      0.33402728577656915,
      0.318659186376853,
      0.30995284290701697,
      0.3118607532812337,
      0.32351676607776736,
      0.3396292951760512,
      0.35288358922568697,
      0.35726247583202714,
      0.3507780320239731,
      0.33637405972189527,
      0.3205896612110423,
      0.3105906234152546,
      0.31091630044668206,
      0.3214188417418966
    ],
    "fit": {
      "A": 5.19963034145228e-07,
      "I0": 0.3333333333333333,
      "phi0": -0.01411335037300138,
      "R2": 4.687361609967411e-10,
      "visibility_fit": 1.559889102435684e-06,
      "visibility_fourier": 4.2642651432269226e-17,
      "visibility": 4.2642651432269226e-17
    },
    "cycles": 16,
    "per_cycle_V": [
      2.8181090425462335e-16,
      1.0280758085229446e-16,
      3.1778897831607135e-16,
      5.263694493925544e-16,
      2.8806532006918105e-16,
      8.673217994654363e-17,
      4.467830456250023e-16,
      2.608914856353478e-16,
      2.8701650543762967e-16,
      4.215098202746227e-16,
      7.986589688959845e-17,
      2.2221659188529716e-16,
      1.4901375789495593e-16,
      3.988263296968799e-16,
      4.840158283997317e-16,
      3.1177552639390527e-16
    ]
  },
  "diagnostics": {
    "measured_link_count": 26,
    "selection_policy": "uniform",
    "num_links": 128,
    "creutz_sizes": [
      [
        2,
        2
      ],
      [
        3,
        3
      ]
    ],
    "loop_sizes_measured": [
      [
        1,
        1
      ],
      [
        1,
        2
      ],
      [
        2,
        1
      ],
      [
        2,
        2
      ],
      [
        2,
        3
      ],
      [
        3,
        2
      ],
      [
        3,
        3
      ]
    ],
    "visibility_qc": {
      "r2_ok": false,
      "v_in_unit_interval": true,
      "i0_very_small": false
    },
    "hybrid_knobs": {
      "kick_passes": 3,
      "loop_measurement_cycles": 6
    }
  },
  "artifacts": {
    "kernel_hash": "59ad205957406ba8769e06c45a6e3db43b483f8e2d8e66b070b3ff98425f2b57",
    "flip_counts_hash": "2f22c538feb77f48a899689bff9bdbb91197c5203a770852a4a789b6ab244652",
    "pivot_fit_hash": "18f843e4852e0cb06a5603a8f3e251da6d346190d1181f60fc167ac1ef296fd4",
    "config_hash": "3e53227bb97f97d3e0f7892c2fd75b0f2e140b1e74473c1589a222acbe454fae"
  }
}