{
  "sim": "MICC",
  "gauge": "SU3",
  "rep": "fundamental",
  "L": 8,
  "b": 3.5,
  "kappa": 1.0,
  "seed": 1,
  "measurement_model": "dephasing",
  "f": 0.05,
  "schedule": "during",
  "sigma": 0.32746733954650126,
  "sigma_err": 0.00936856389611759,
  "visibility": 5.099373387402105e-16,
  "visibility_err": 2.405585721405151e-17,
  "coherence": {
    "C": 0.2484107800447583,
    "P_entropy": 0.3268461781487247
  },
  "twist_scan": {
    "phi_values": [
      0.0,
      0.09817477042468103,
      0.19634954084936207,
      0.2945243112740431,
      0.39269908169872414,
      0.4908738521234052,
      0.5890486225480862,
      0.6872233929727672,
      0.7853981633974483,
      0.8835729338221293,
      0.9817477042468103,
      1.0799224746714913,
      1.1780972450961724,
      1.2762720155208536,
      1.3744467859455345,
      1.4726215563702154,
      1.5707963267948966,
      1.6689710972195777,
      1.7671458676442586,
      1.8653206380689396,
      1.9634954084936207,
      2.061670178918302,
      2.1598449493429825,
      2.2580197197676637,
      2.356194490192345,
      2.454369260617026,
      2.552544031041707,
      2.650718801466388,
      2.748893571891069,
      2.84706834231575,
      2.945243112740431,
      3.043417883165112,
      3.141592653589793,
      3.2397674240144743,
      3.3379421944391554,
      3.436116964863836,
      3.5342917352885173,
      3.6324665057131984,
      3.730641276137879,
      3.8288160465625602,
      3.9269908169872414,
      4.025165587411922,
      4.123340357836604,
      4.221515128261284,
      4.319689898685965,
      4.417864669110647,
      4.516039439535327,
      4.614214209960009,
      4.71238898038469,
      4.81056375080937,
      4.908738521234052,
      5.006913291658733,
      5.105088062083414,
      5.203262832508095,
      5.301437602932776,
      5.399612373357457,
      5.497787143782138,
      5.595961914206819,
      5.6941366846315,
      5.792311455056181,
      5.890486225480862,
      5.988660995905543,
      6.086835766330224,
      6.1850105367549055
    ],
    "mean_I": [
      0.6457321865147644,
      0.2120158957480576,
      -0.16662481470529703,
      -0.3182949784368626,
      -0.17413951203898492,
      0.20039801656246162,
      0.6352853997357104,
      0.9330928575912388,
      0.9586220304414022,
      0.7002832075436339,
      0.2753568134746729,
      -0.12324945267764083,
      -0.31457667963193653,
      -0.21176630637677174,
      0.13850790705825708,
      0.5772287908604679,
      0.9052262360007349,
      0.9735962597379179,
      0.7513003006886528,
      0.3392560767807172,
      -0.07547694882716068,
      -0.3046186532185137,
      -0.24414349320237666,
      0.07849407291149252,
      0.5168233354024203,
      0.8718519731290827,
      0.9824044070498398,
      0.798292143454054,
      0.40309830082966114,
      -0.023767378481041497,
      -0.28851680043456596,
      -0.27095926250749736,
      0.0209344801519015,
      0.4546507709186089,
      0.833291481371964,
      0.9849616451035295,
      0.8408061787056521,
      0.466268650104205,
      0.031381266930957025,
      -0.2664261909245716,
      -0.29195536377473574,
      -0.03361654087696972,
      0.3913098531919942,
      0.7899161193443075,
      0.9812433462986029,
      0.8784329730434384,
      0.5281587596084111,
      0.08943787580619743,
      -0.23855956933406797,
      -0.3069295930712515,
      -0.08463363402198597,
      0.3274105898859489,
      0.7421436154938282,
      0.9712853198851801,
      0.9108101598690436,
      0.5881725937551726,
      0.14984333126424712,
      -0.20518530646241426,
      -0.31573774038317254,
      -0.1316254767873878,
      0.26356836583700294,
      0.6904340451477077,
      0.9551834671012319,
      0.9376259291741634
    ],
    "fit": {
      "A": 0.5404187770977733,
      "I0": 0.33333333333333176,
      "phi0": 2.7996357487403563,
      "R2": 0.4830122335782967,
      "visibility_fit": 1.0,
      "visibility_fourier": 5.099373387402105e-16,
      "visibility": 5.099373387402105e-16
    },
    "cycles": 8,
    "per_cycle_V": [
      5.525515085395716e-16,
      3.383936538527856e-16,
      3.758211951750808e-16,
      3.6267364873137703e-16,
      4.130948574659387e-16,
      4.650385660307327e-16,
      4.3155065520660594e-16,
      4.487446649596635e-16
    ]
  },
  "diagnostics": {
    "measured_link_count": 6,
    "selection_policy": "uniform",
    "num_links": 128,
    "visibility_qc": {
      "r2_ok": false,
      "v_in_unit_interval": true,
      "i0_very_small": false
    },
    "hybrid_knobs": {
      "kick_passes": 3,
      "loop_measurement_cycles": 4
    }
  },
  "artifacts": {
    "kernel_hash": "59ad205957406ba8769e06c45a6e3db43b483f8e2d8e66b070b3ff98425f2b57",
    "flip_counts_hash": "2f22c538feb77f48a899689bff9bdbb91197c5203a770852a4a789b6ab244652",
    "pivot_fit_hash": "18f843e4852e0cb06a5603a8f3e251da6d346190d1181f60fc167ac1ef296fd4",
    "config_hash": "09be816148e3d54a4ba01072548fde7efe2f97f681380c3e050adf0677f43c72"
  }
}