{
  "sim": "MICC",
  "gauge": "SU3",
  "rep": "fundamental",
  "L": 12,
  "b": 3.5,
  "kappa": 0.75,
  "seed": 2,
  "measurement_model": "dephasing",
  "f": 0.3,
  "schedule": "during",
  "sigma": 0.5936367290866091,
  "sigma_err": 0.06287956849318632,
  "visibility": 3.509639300322507e-16,
  "visibility_err": 8.470429212445361e-17,
  "coherence": {
    "C": 0.27993829809438814,
    "P_entropy": 0.21911870081926646
  },
  "twist_scan": {
    "phi_values": [
      0.0,
      0.09817477042468103,
      0.19634954084936207,
      0.2945243112740431,
      0.39269908169872414,
      0.4908738521234052,
      0.5890486225480862,
      0.6872233929727672,
      0.7853981633974483,
      0.8835729338221293,
      0.9817477042468103,
      1.0799224746714913,
      1.1780972450961724,
      1.2762720155208536,
      1.3744467859455345,
      1.4726215563702154,
      1.5707963267948966,
      1.6689710972195777,
      1.7671458676442586,
      1.8653206380689396,
      1.9634954084936207,
      2.061670178918302,
      2.1598449493429825,
      2.2580197197676637,
      2.356194490192345,
      2.454369260617026,
      2.552544031041707,
      2.650718801466388,
      2.748893571891069,
      2.84706834231575,
      2.945243112740431,
      3.043417883165112,
      3.141592653589793,
      3.2397674240144743,
      3.3379421944391554,
      3.436116964863836,
      3.5342917352885173,
      3.6324665057131984,
      3.730641276137879,
      3.8288160465625602,
      3.9269908169872414,
      4.025165587411922,
      4.123340357836604,
      4.221515128261284,
      4.319689898685965,
      4.417864669110647,
      4.516039439535327,
      4.614214209960009,
      4.71238898038469,
      4.81056375080937,
      4.908738521234052,
      5.006913291658733,
      5.105088062083414,
      5.203262832508095,
      5.301437602932776,
      5.399612373357457,
      5.497787143782138,
      5.595961914206819,
      5.6941366846315,
      5.792311455056181,
      5.890486225480862,
      5.988660995905543,
      6.086835766330224,
      6.1850105367549055
    ],
    "mean_I": [
      0.2636496007331232,
      0.12916294858859015,
      0.21052655968318262,
      0.4217222933604561,
      0.5394726416399425,
      0.43929116784081795,
      0.2270903798826786,
      0.1272103356910585,
      0.24524486983726546,
      0.456407102487483,
      0.5374549431656858,
      0.4027040857604644,
      0.19461401615160792,
      0.13317891399781073,
      0.2833483702429229,
      0.48636225568648095,
      0.5275929656982891,
      0.36345112456790146,
      0.16746855798514168,
      0.14683931439173512,
      0.32337276474825466,
      0.5104365932190561,
      0.5102656995011644,
      0.3230407535484469,
      0.1466971901172686,
      0.1676665753465349,
      0.3637799383183602,
      0.5277049517948746,
      0.4861390216970239,
      0.2830259205979796,
      0.133098144566434,
      0.1948603169037786,
      0.40301706593354286,
      0.5375037180780762,
      0.4561401069834836,
      0.2449443733062106,
      0.12719402502672367,
      0.2273754988258483,
      0.439576286783987,
      0.5394563309756076,
      0.4214217968294011,
      0.21025956417918387,
      0.12921172350098076,
      0.2639625809062018,
      0.4720526505150573,
      0.5334877526688556,
      0.3833182964237441,
      0.1803044109801848,
      0.13907370096837704,
      0.3032155420987637,
      0.4991981086815248,
      0.5198273522749312,
      0.3432939019184108,
      0.1562300734476105,
      0.15640096716550161,
      0.34362591311822005,
      0.5199694765493974,
      0.49900009132013207,
      0.30288672834830627,
      0.13896171487179187,
      0.18052764496964152,
      0.3836407460686865,
      0.5335685221002319,
      0.47180634976288727
    ],
    "fit": {
      "A": 1.2524424585098399e-16,
      "I0": 0.33333333333333315,
      "phi0": -2.4704972750899747,
      "R2": 1.1102230246251565e-16,
      "visibility_fit": 3.757327375529522e-16,
      "visibility_fourier": 3.509639300322507e-16,
      "visibility": 3.509639300322507e-16
    },
    "cycles": 8,
    "per_cycle_V": [
      3.766974751824164e-16,
      6.094162594211103e-16,
      6.987174190363863e-16,
      4.982968768903567e-16,
      8.551040828674142e-16,
      1.0244950527706216e-15,
      7.121330722297564e-16,
      1.0541591970182108e-15
    ]
  },
  "diagnostics": {
    "measured_link_count": 86,
    "selection_policy": "uniform",
    "num_links": 288,
    "visibility_qc": {
      "r2_ok": false,
      "v_in_unit_interval": true,
      "i0_very_small": false
    },
    "hybrid_knobs": {
      "kick_passes": 3,
      "loop_measurement_cycles": 4
    }
  },
  "artifacts": {
    "kernel_hash": "c776a5135c116bb3a99eaad342348026ed00e0c6d5dcf8a66155f4c58107111d",
    "flip_counts_hash": "3c718ce239e2c926749d06c4b85bf1839d5fe51eaf7ab8de2413bea26f16d7e1",
    "pivot_fit_hash": "32e5af21ae29df0c4428cd8be3189fb5b9433eb374572ce92302aca28369a080",
    "config_hash": "09be816148e3d54a4ba01072548fde7efe2f97f681380c3e050adf0677f43c72"
  }
}