{
  "sim": "MICC",
  "gauge": "SU3",
  "rep": "fundamental",
  "L": 12,
  "b": 3.0,
  "kappa": 1.0,
  "seed": 3,
  "measurement_model": "dephasing",
  "f": 0.0,
  "schedule": "post",
  "sigma": 0.18079673282711065,
  "sigma_err": 0.026025006640123218,
  "visibility": 4.2790668804680445e-16,
  "visibility_err": 3.819056435493858e-31,
  "coherence": {
    "C": 0.24660263241103605,
    "P_entropy": 0.3604232404362525
  },
  "twist_scan": {
    "phi_values": [
      0.0,
      0.09817477042468103,
      0.19634954084936207,
      0.2945243112740431,
      0.39269908169872414,
      0.4908738521234052,
      0.5890486225480862,
      0.6872233929727672,
      0.7853981633974483,
      0.8835729338221293,
      0.9817477042468103,
      1.0799224746714913,
      1.1780972450961724,
      1.2762720155208536,
      1.3744467859455345,
      1.4726215563702154,
      1.5707963267948966,
      1.6689710972195777,
      1.7671458676442586,
      1.8653206380689396,
      1.9634954084936207,
      2.061670178918302,
      2.1598449493429825,
      2.2580197197676637,
      2.356194490192345,
      2.454369260617026,
      2.552544031041707,
      2.650718801466388,
      2.748893571891069,
      2.84706834231575,
      2.945243112740431,
      3.043417883165112,
      3.141592653589793,
      3.2397674240144743,
      3.3379421944391554,
      3.436116964863836,
      3.5342917352885173,
      3.6324665057131984,
      3.730641276137879,
      3.8288160465625602,
      3.9269908169872414,
      4.025165587411922,
      4.123340357836604,
      4.221515128261284,
      4.319689898685965,
      4.417864669110647,
      4.516039439535327,
      4.614214209960009,
      4.71238898038469,
      4.81056375080937,
      4.908738521234052,
      5.006913291658733,
      5.105088062083414,
      5.203262832508095,
      5.301437602932776,
      5.399612373357457,
      5.497787143782138,
      5.595961914206819,
      5.6941366846315,
      5.792311455056181,
      5.890486225480862,
      5.988660995905543,
      6.086835766330224,
      6.1850105367549055
    ],
    "mean_I": [
      0.9029150612567309,
      0.9073656463564866,
      0.304945523793524,
      -0.26746282125522736,
      -0.20470555066816762,
      0.4268699395142763,
      0.959557919189784,
      0.830197179738276,
      0.17554873916108973,
      -0.3122887987000288,
      -0.11757040502076421,
      0.5538463636011645,
      0.992135317479168,
      0.7339345141471795,
      0.05221552799607557,
      -0.3323038796798511,
      -0.013107281578142706,
      0.6723485955999954,
      0.9993953249782375,
      0.6222769698371381,
      -0.06031448356250948,
      -0.32673889585722715,
      0.10466936040939062,
      0.7778226611918648,
      0.9810589436702609,
      0.49951548361771086,
      -0.1577168302780283,
      -0.29580770643957977,
      0.23123343064016,
      0.866215251186619,
      0.9378308304057441,
      0.3703677105588827,
      -0.2362483945900635,
      -0.24069897968981957,
      0.3617211428731437,
      0.9341294879218934,
      0.8713722173348355,
      0.2397967271523904,
      -0.2928912525231172,
      -0.16353051307161054,
      0.4911179275055762,
      0.9789554653666953,
      0.7842370716874303,
      0.11282030306550238,
      -0.32546865081250076,
      -0.06726784748051293,
      0.6144511386705886,
      0.998970546346518,
      0.6797739482448099,
      -0.005681928933324681,
      -0.33272865831157034,
      0.044389696829527835,
      0.7269811502291782,
      0.9934055625238933,
      0.5619973062572772,
      -0.11115599452519942,
      -0.3143922770035941,
      0.16715118304895116,
      0.8243834969446943,
      0.9624743731062465,
      0.43543323602651074,
      -0.19954858451995247,
      -0.27116416373907726,
      0.2962989561077866
    ],
    "fit": {
      "A": 1.4880605643031703e-16,
      "I0": 0.3333333333333335,
      "phi0": 0.3242748352783118,
      "R2": -2.220446049250313e-16,
      "visibility_fit": 4.464181692909509e-16,
      "visibility_fourier": 4.2790668804680445e-16,
      "visibility": 4.2790668804680445e-16
    },
    "cycles": 16,
    "per_cycle_V": [
      4.465459172638836e-16,
      4.465459172638836e-16,
      4.465459172638836e-16,
      4.465459172638836e-16,
      4.465459172638836e-16,
      4.465459172638836e-16,
      4.465459172638836e-16,
      4.465459172638836e-16,
      4.465459172638836e-16,
      4.465459172638836e-16,
      4.465459172638836e-16,
      4.465459172638836e-16,
      4.465459172638836e-16,
      4.465459172638836e-16,
      4.465459172638836e-16,
      4.465459172638836e-16
    ]
  },
  "diagnostics": {
    "measured_link_count": 0,
    "selection_policy": "uniform",
    "num_links": 288,
    "creutz_sizes": [
      [
        2,
        2
      ],
      [
        3,
        3
      ]
    ],
    "loop_sizes_measured": [
      [
        1,
        1
      ],
      [
        1,
        2
      ],
      [
        2,
        1
      ],
      [
        2,
        2
      ],
      [
        2,
        3
      ],
      [
        3,
        2
      ],
      [
        3,
        3
      ]
    ],
    "visibility_qc": {
      "r2_ok": false,
      "v_in_unit_interval": true,
      "i0_very_small": false
    },
    "hybrid_knobs": {
      "kick_passes": 3,
      "loop_measurement_cycles": 6
    }
  },
  "artifacts": {
    "kernel_hash": "c776a5135c116bb3a99eaad342348026ed00e0c6d5dcf8a66155f4c58107111d",
    "flip_counts_hash": "f9f0d5ea10777d9547c57c830847aa737adfb2a8c3d087b6a31b748452bdd993",
    "pivot_fit_hash": "e730f86cf82cf01e0490c7477184968845e3929e6af95e60cac897b00c6a8382",
    "config_hash": "3e53227bb97f97d3e0f7892c2fd75b0f2e140b1e74473c1589a222acbe454fae"
  }
}