{
  "sim": "MICC",
  "gauge": "SU3",
  "rep": "fundamental",
  "L": 12,
  "b": 3.5,
  "kappa": 1.0,
  "seed": 1,
  "measurement_model": "dephasing",
  "f": 0.1,
  "schedule": "during",
  "sigma": 0.4269031371520064,
  "sigma_err": 0.039500796873653835,
  "visibility": 6.635789225656545e-16,
  "visibility_err": 6.353946751683713e-17,
  "coherence": {
    "C": 0.25100507868694727,
    "P_entropy": 0.2870185755203845
  },
  "twist_scan": {
    "phi_values": [
      0.0,
      0.09817477042468103,
      0.19634954084936207,
      0.2945243112740431,
      0.39269908169872414,
      0.4908738521234052,
      0.5890486225480862,
      0.6872233929727672,
      0.7853981633974483,
      0.8835729338221293,
      0.9817477042468103,
      1.0799224746714913,
      1.1780972450961724,
      1.2762720155208536,
      1.3744467859455345,
      1.4726215563702154,
      1.5707963267948966,
      1.6689710972195777,
      1.7671458676442586,
      1.8653206380689396,
      1.9634954084936207,
      2.061670178918302,
      2.1598449493429825,
      2.2580197197676637,
      2.356194490192345,
      2.454369260617026,
      2.552544031041707,
      2.650718801466388,
      2.748893571891069,
      2.84706834231575,
      2.945243112740431,
      3.043417883165112,
      3.141592653589793,
      3.2397674240144743,
      3.3379421944391554,
      3.436116964863836,
      3.5342917352885173,
      3.6324665057131984,
      3.730641276137879,
      3.8288160465625602,
      3.9269908169872414,
      4.025165587411922,
      4.123340357836604,
      4.221515128261284,
      4.319689898685965,
      4.417864669110647,
      4.516039439535327,
      4.614214209960009,
      4.71238898038469,
      4.81056375080937,
      4.908738521234052,
      5.006913291658733,
      5.105088062083414,
      5.203262832508095,
      5.301437602932776,
      5.399612373357457,
      5.497787143782138,
      5.595961914206819,
      5.6941366846315,
      5.792311455056181,
      5.890486225480862,
      5.988660995905543,
      6.086835766330224,
      6.1850105367549055
    ],
    "mean_I": [
      0.3934410629067159,
      0.7853274372480922,
      0.6993626950599664,
      0.22642932281944989,
      -0.13348443181301406,
      0.00012460148243033722,
      0.48600408072679124,
      0.8104790494443606,
      0.6305124530703592,
      0.13636615181601885,
      -0.1495451596618452,
      0.07504582308788219,
      0.5727000473432777,
      0.8172942193568827,
      0.5502417841692283,
      0.05387231913783064,
      -0.14704913782624995,
      0.1598928888627637,
      0.6501972853787614,
      0.8055110438279119,
      0.4616354451461343,
      -0.01788198348836833,
      -0.12609228702558595,
      0.25140517365212534,
      0.7155176194364913,
      0.7755823436849446,
      0.36809852791872705,
      -0.07613927845292619,
      -0.08747996728338489,
      0.3460659116721964,
      0.7661508257106932,
      0.7286582620902681,
      0.27322560375995086,
      -0.118660770581426,
      -0.032696028393300144,
      0.440237343847215,
      0.80015109847968,
      0.6665420651842359,
      0.18066258593987627,
      -0.14381238277769393,
      0.03615421359630629,
      0.530300514850645,
      0.8162118263285106,
      0.5916208435787842,
      0.0939666193233911,
      -0.15062755269021633,
      0.11642488249743621,
      0.6127943475288369,
      0.8137158044929163,
      0.5067737778039051,
      0.01646938128790424,
      -0.13884437716124573,
      0.2050312215205334,
      0.684548650155034,
      0.7927589536922524,
      0.4152614930145391,
      -0.048850952769824575,
      -0.10891567701827969,
      0.2985681387479387,
      0.7428059451195915,
      0.7541466339500527,
      0.3206007549944703,
      -0.09948415904402622,
      -0.061991595423601165
    ],
    "fit": {
      "A": 8.996519408746378e-09,
      "I0": 0.33333333333333326,
      "phi0": 2.8805301610064378,
      "R2": 3.3306690738754696e-16,
      "visibility_fit": 2.698955822623914e-08,
      "visibility_fourier": 6.635789225656545e-16,
      "visibility": 6.635789225656545e-16
    },
    "cycles": 16,
    "per_cycle_V": [
      8.71457010215248e-16,
      2.1876196991038907e-16,
      8.91410982361709e-16,
      5.538301666853156e-16,
      9.56357487103968e-16,
      8.453864735622428e-16,
      9.02445452447435e-16,
      5.182332144219523e-16,
      1.0262179747921855e-15,
      9.794422953559098e-16,
      6.024743971961407e-16,
      8.021099797188146e-16,
      7.689278069184662e-16,
      8.695901161122108e-16,
      2.553700070408598e-16,
      4.556106502587737e-16
    ]
  },
  "diagnostics": {
    "measured_link_count": 29,
    "selection_policy": "uniform",
    "num_links": 288,
    "creutz_sizes": [
      [
        2,
        2
      ],
      [
        3,
        3
      ]
    ],
    "loop_sizes_measured": [
      [
        1,
        1
      ],
      [
        1,
        2
      ],
      [
        2,
        1
      ],
      [
        2,
        2
      ],
      [
        2,
        3
      ],
      [
        3,
        2
      ],
      [
        3,
        3
      ]
    ],
    "visibility_qc": {
      "r2_ok": false,
      "v_in_unit_interval": true,
      "i0_very_small": false
    },
    "hybrid_knobs": {
      "kick_passes": 3,
      "loop_measurement_cycles": 6
    }
  },
  "artifacts": {
    "kernel_hash": "c776a5135c116bb3a99eaad342348026ed00e0c6d5dcf8a66155f4c58107111d",
    "flip_counts_hash": "1045813912820017453b344ca74f8b8f873bba658c2e9b55c71942b9dd07c053",
    "pivot_fit_hash": "18f843e4852e0cb06a5603a8f3e251da6d346190d1181f60fc167ac1ef296fd4",
    "config_hash": "3e53227bb97f97d3e0f7892c2fd75b0f2e140b1e74473c1589a222acbe454fae"
  }
}