{
  "sim": "MICC",
  "gauge": "SU3",
  "rep": "fundamental",
  "L": 8,
  "b": 3.0,
  "kappa": 0.75,
  "seed": 4,
  "measurement_model": "dephasing",
  "f": 0.3,
  "schedule": "pre",
  "sigma": 0.4654581161066799,
  "sigma_err": 0.06619919206514607,
  "visibility": 5.161139434898992e-16,
  "visibility_err": 3.819056435493858e-31,
  "coherence": {
    "C": 0.2821672508034724,
    "P_entropy": 0.2716055849577854
  },
  "twist_scan": {
    "phi_values": [
      0.0,
      0.09817477042468103,
      0.19634954084936207,
      0.2945243112740431,
      0.39269908169872414,
      0.4908738521234052,
      0.5890486225480862,
      0.6872233929727672,
      0.7853981633974483,
      0.8835729338221293,
      0.9817477042468103,
      1.0799224746714913,
      1.1780972450961724,
      1.2762720155208536,
      1.3744467859455345,
      1.4726215563702154,
      1.5707963267948966,
      1.6689710972195777,
      1.7671458676442586,
      1.8653206380689396,
      1.9634954084936207,
      2.061670178918302,
      2.1598449493429825,
      2.2580197197676637,
      2.356194490192345,
      2.454369260617026,
      2.552544031041707,
      2.650718801466388,
      2.748893571891069,
      2.84706834231575,
      2.945243112740431,
      3.043417883165112,
      3.141592653589793,
      3.2397674240144743,
      3.3379421944391554,
      3.436116964863836,
      3.5342917352885173,
      3.6324665057131984,
      3.730641276137879,
      3.8288160465625602,
      3.9269908169872414,
      4.025165587411922,
      4.123340357836604,
      4.221515128261284,
      4.319689898685965,
      4.417864669110647,
      4.516039439535327,
      4.614214209960009,
      4.71238898038469,
      4.81056375080937,
      4.908738521234052,
      5.006913291658733,
      5.105088062083414,
      5.203262832508095,
      5.301437602932776,
      5.399612373357457,
      5.497787143782138,
      5.595961914206819,
      5.6941366846315,
      5.792311455056181,
      5.890486225480862,
      5.988660995905543,
      6.086835766330224,
      6.1850105367549055
    ],
    "mean_I": [
      0.966131880116681,
      0.6894059752684017,
      0.2510305352945746,
      -0.14998115505165974,
      -0.3315781721944341,
      -0.2113192669499124,
      0.15620053192081057,
      0.6041349193659667,
      0.9291310483267256,
      0.9836474708597472,
      0.7429348708949247,
      0.31627173630403865,
      -0.10264578993767402,
      -0.32363790911019136,
      -0.24637881933075792,
      0.09405746787534232,
      0.5431199955245399,
      0.8969437644910839,
      0.994900180960567,
      0.7925190798037532,
      0.3816772498197111,
      -0.051111707536156244,
      -0.3093706538242034,
      -0.27585542677855124,
      0.03421876121572843,
      0.4800847114451567,
      0.8593286041025915,
      0.999781640669509,
      0.8376810789576083,
      0.4466171849921474,
      0.004124790767973044,
      -0.2889138078041516,
      -0.2994652134500149,
      -0.022739308601734835,
      0.4156361313720928,
      0.8166478217183264,
      0.9982448388611013,
      0.877985933616579,
      0.5104661347458574,
      0.062531747300701,
      -0.26246438166005837,
      -0.3169808041930825,
      -0.07626820422825757,
      0.3503949303626278,
      0.7693124566043389,
      0.9903045757768575,
      0.9130454859974257,
      0.5726091987913231,
      0.12354667114212775,
      -0.23027709782441572,
      -0.32823351429389996,
      -0.12585241313708703,
      0.2849894168469573,
      0.7177783742028226,
      0.9760373204908697,
      0.9425220934452168,
      0.6324479054509384,
      0.1865819552215133,
      -0.1926619374359245,
      -0.3331149740028421,
      -0.17101441229094347,
      0.2200494816745193,
      0.662541875898693,
      0.9555804744708193
    ],
    "fit": {
      "A": 1.5764014928143612e-16,
      "I0": 0.33333333333333337,
      "phi0": -2.66239536978022,
      "R2": 0.0,
      "visibility_fit": 4.729204478443083e-16,
      "visibility_fourier": 5.161139434898992e-16,
      "visibility": 5.161139434898992e-16
    },
    "cycles": 16,
    "per_cycle_V": [
      3.8022511092988474e-16,
      3.8022511092988474e-16,
      3.8022511092988474e-16,
      3.8022511092988474e-16,
      3.8022511092988474e-16,
      3.8022511092988474e-16,
      3.8022511092988474e-16,
      3.8022511092988474e-16,
      3.8022511092988474e-16,
      3.8022511092988474e-16,
      3.8022511092988474e-16,
      3.8022511092988474e-16,
      3.8022511092988474e-16,
      3.8022511092988474e-16,
      3.8022511092988474e-16,
      3.8022511092988474e-16
    ]
  },
  "diagnostics": {
    "measured_link_count": 38,
    "selection_policy": "uniform",
    "num_links": 128,
    "creutz_sizes": [
      [
        2,
        2
      ],
      [
        3,
        3
      ]
    ],
    "loop_sizes_measured": [
      [
        1,
        1
      ],
      [
        1,
        2
      ],
      [
        2,
        1
      ],
      [
        2,
        2
      ],
      [
        2,
        3
      ],
      [
        3,
        2
      ],
      [
        3,
        3
      ]
    ],
    "visibility_qc": {
      "r2_ok": false,
      "v_in_unit_interval": true,
      "i0_very_small": false
    },
    "hybrid_knobs": {
      "kick_passes": 3,
      "loop_measurement_cycles": 6
    }
  },
  "artifacts": {
    "kernel_hash": "59ad205957406ba8769e06c45a6e3db43b483f8e2d8e66b070b3ff98425f2b57",
    "flip_counts_hash": "b3326e9c852a05e144e201e0a4a89d13606dfe15c97d7e29e97870d36629453e",
    "pivot_fit_hash": "d04f83ead3fcfaea1653e658999e83d0abac9536c46d06a4e4ad9b696714687e",
    "config_hash": "3e53227bb97f97d3e0f7892c2fd75b0f2e140b1e74473c1589a222acbe454fae"
  }
}