{
  "sim": "MICC",
  "gauge": "SU3",
  "rep": "fundamental",
  "L": 12,
  "b": 3.0,
  "kappa": 1.0,
  "seed": 2,
  "measurement_model": "dephasing",
  "f": 0.1,
  "schedule": "during",
  "sigma": 0.4085833433208911,
  "sigma_err": 0.018531164594352067,
  "visibility": 3.914284579014466e-16,
  "visibility_err": 9.324063053898942e-17,
  "coherence": {
    "C": 0.25589729240438136,
    "P_entropy": 0.2906958880549262
  },
  "twist_scan": {
    "phi_values": [
      0.0,
      0.09817477042468103,
      0.19634954084936207,
      0.2945243112740431,
      0.39269908169872414,
      0.4908738521234052,
      0.5890486225480862,
      0.6872233929727672,
      0.7853981633974483,
      0.8835729338221293,
      0.9817477042468103,
      1.0799224746714913,
      1.1780972450961724,
      1.2762720155208536,
      1.3744467859455345,
      1.4726215563702154,
      1.5707963267948966,
      1.6689710972195777,
      1.7671458676442586,
      1.8653206380689396,
      1.9634954084936207,
      2.061670178918302,
      2.1598449493429825,
      2.2580197197676637,
      2.356194490192345,
      2.454369260617026,
      2.552544031041707,
      2.650718801466388,
      2.748893571891069,
      2.84706834231575,
      2.945243112740431,
      3.043417883165112,
      3.141592653589793,
      3.2397674240144743,
      3.3379421944391554,
      3.436116964863836,
      3.5342917352885173,
      3.6324665057131984,
      3.730641276137879,
      3.8288160465625602,
      3.9269908169872414,
      4.025165587411922,
      4.123340357836604,
      4.221515128261284,
      4.319689898685965,
      4.417864669110647,
      4.516039439535327,
      4.614214209960009,
      4.71238898038469,
      4.81056375080937,
      4.908738521234052,
      5.006913291658733,
      5.105088062083414,
      5.203262832508095,
      5.301437602932776,
      5.399612373357457,
      5.497787143782138,
      5.595961914206819,
      5.6941366846315,
      5.792311455056181,
      5.890486225480862,
      5.988660995905543,
      6.086835766330224,
      6.1850105367549055
    ],
    "mean_I": [
      0.6121662719100346,
      0.7437773763466534,
      0.4414643598089292,
      0.0248345163804966,
      -0.06564836439475849,
      0.2656748095615323,
      0.6685270164124424,
      0.7170102739214943,
      0.3598677658315063,
      -0.025327117468490288,
      -0.03134383143788186,
      0.3481785331989415,
      0.7120064556529041,
      0.6754986818380395,
      0.2772514684938601,
      -0.061705631332261104,
      0.01697504044784265,
      0.43011176413080154,
      0.7409336991649579,
      0.6208378673000876,
      0.19679036577092257,
      -0.08290301932433755,
      0.0774513841133812,
      0.5083258542410821,
      0.7541970892030213,
      0.5551284147561921,
      0.1215765327172292,
      -0.08810467771181454,
      0.14776112758719329,
      0.5798150799098155,
      0.7512869211261259,
      0.48089550161733274,
      0.05450039475663267,
      -0.07711070967998652,
      0.22520230685773818,
      0.6418321502861696,
      0.7323150310614259,
      0.4009918571051346,
      -0.001860349745775266,
      -0.05034360725482788,
      0.30679890083515987,
      0.6919937841351564,
      0.6980104981045484,
      0.31848813346772553,
      -0.04533978898623613,
      -0.008832015171372803,
      0.389415198172805,
      0.7283722979989286,
      0.6496916262188248,
      0.23655490253586792,
      -0.07426703249829127,
      0.04582879936657892,
      0.46987630089574556,
      0.749569685991004,
      0.5892152825532863,
      0.1583408124255835,
      -0.08753042253635412,
      0.11153825191047231,
      0.545090133949437,
      0.7547713443784811,
      0.5189055390794757,
      0.0868515867568516,
      -0.08462025445945892,
      0.18577116504933544
    ],
    "fit": {
      "A": 3.956628975590848e-05,
      "I0": 0.33333333333333337,
      "phi0": 2.7932583688423493,
      "R2": 5.6630981015715065e-09,
      "visibility_fit": 0.00011869886926772544,
      "visibility_fourier": 3.914284579014466e-16,
      "visibility": 3.914284579014466e-16
    },
    "cycles": 8,
    "per_cycle_V": [
      1.0129642352998545e-15,
      7.520483652241452e-16,
      9.334917381056434e-16,
      3.5578464334334983e-16,
      1.0077062135348897e-15,
      8.167898087193946e-16,
      3.5457409431995774e-16,
      7.880326572464269e-16
    ]
  },
  "diagnostics": {
    "measured_link_count": 29,
    "selection_policy": "uniform",
    "num_links": 288,
    "visibility_qc": {
      "r2_ok": false,
      "v_in_unit_interval": true,
      "i0_very_small": false
    },
    "hybrid_knobs": {
      "kick_passes": 3,
      "loop_measurement_cycles": 4
    }
  },
  "artifacts": {
    "kernel_hash": "c776a5135c116bb3a99eaad342348026ed00e0c6d5dcf8a66155f4c58107111d",
    "flip_counts_hash": "3c718ce239e2c926749d06c4b85bf1839d5fe51eaf7ab8de2413bea26f16d7e1",
    "pivot_fit_hash": "e730f86cf82cf01e0490c7477184968845e3929e6af95e60cac897b00c6a8382",
    "config_hash": "09be816148e3d54a4ba01072548fde7efe2f97f681380c3e050adf0677f43c72"
  }
}