{
  "sim": "MICC",
  "gauge": "SU3",
  "rep": "fundamental",
  "L": 8,
  "b": 3.0,
  "kappa": 0.75,
  "seed": 2,
  "measurement_model": "dephasing",
  "f": 0.3,
  "schedule": "pre",
  "sigma": 0.40951201036831125,
  "sigma_err": 0.10429854606696469,
  "visibility": 5.051263363856508e-16,
  "visibility_err": 0.0,
  "coherence": {
    "C": 0.2785027864043034,
    "P_entropy": 0.2844374877078797
  },
  "twist_scan": {
    "phi_values": [
      0.0,
      0.09817477042468103,
      0.19634954084936207,
      0.2945243112740431,
      0.39269908169872414,
      0.4908738521234052,
      0.5890486225480862,
      0.6872233929727672,
      0.7853981633974483,
      0.8835729338221293,
      0.9817477042468103,
      1.0799224746714913,
      1.1780972450961724,
      1.2762720155208536,
      1.3744467859455345,
      1.4726215563702154,
      1.5707963267948966,
      1.6689710972195777,
      1.7671458676442586,
      1.8653206380689396,
      1.9634954084936207,
      2.061670178918302,
      2.1598449493429825,
      2.2580197197676637,
      2.356194490192345,
      2.454369260617026,
      2.552544031041707,
      2.650718801466388,
      2.748893571891069,
      2.84706834231575,
      2.945243112740431,
      3.043417883165112,
      3.141592653589793,
      3.2397674240144743,
      3.3379421944391554,
      3.436116964863836,
      3.5342917352885173,
      3.6324665057131984,
      3.730641276137879,
      3.8288160465625602,
      3.9269908169872414,
      4.025165587411922,
      4.123340357836604,
      4.221515128261284,
      4.319689898685965,
      4.417864669110647,
      4.516039439535327,
      4.614214209960009,
      4.71238898038469,
      4.81056375080937,
      4.908738521234052,
      5.006913291658733,
      5.105088062083414,
      5.203262832508095,
      5.301437602932776,
      5.399612373357457,
      5.497787143782138,
      5.595961914206819,
      5.6941366846315,
      5.792311455056181,
      5.890486225480862,
      5.988660995905543,
      6.086835766330224,
      6.1850105367549055
    ],
    "mean_I": [
      0.682873626474512,
      0.243396211527941,
      -0.1552516304096973,
      -0.3320921135197076,
      -0.20684335562557765,
      0.16363432573015402,
      0.6111518086871641,
      0.9325455121081311,
      0.9819094139298624,
      0.7368333347628349,
      0.30857669081057265,
      -0.10844095501668448,
      -0.3249023099868026,
      -0.2425384444414701,
      0.10125916862045668,
      0.5504136005511774,
      0.901018129602551,
      0.99390562957789,
      0.7869071174618535,
      0.3739955900940569,
      -0.0573757517284704,
      -0.31137333738052,
      -0.27268757323385545,
      0.041119012581586914,
      0.4875847907737391,
      0.8640236321808217,
      0.9995401729075337,
      0.8326127366710631,
      0.43902288961668356,
      -0.0025478063677989065,
      -0.29163548710274606,
      -0.29700038941127216,
      -0.01620695980784573,
      0.42327045513872547,
      0.8219182970763641,
      0.9987587801863745,
      0.8735100222922454,
      0.5030323409365127,
      0.05551485797950361,
      -0.26587884544146373,
      -0.31524274726319573,
      -0.07016666809617046,
      0.3580899758560942,
      0.7751076216833506,
      0.9915689766534682,
      0.9092051111081365,
      0.5654074980462116,
      0.11625306611548726,
      -0.23435146293588402,
      -0.3272389629112237,
      -0.1202404507951864,
      0.2926710765726093,
      0.7240424183951379,
      0.9780400040471858,
      0.9393542399005224,
      0.6255476540850785,
      0.17908187589292807,
      -0.1973569655141533,
      -0.3328735062408669,
      -0.1659460700043966,
      0.22764377704998082,
      0.669214473034465,
      0.9583021537694113,
      0.9636670560779383
    ],
    "fit": {
      "A": 1.367932856532176e-16,
      "I0": 0.33333333333333326,
      "phi0": -2.534132377250391,
      "R2": 0.0,
      "visibility_fit": 4.103798569596529e-16,
      "visibility_fourier": 5.051263363856508e-16,
      "visibility": 5.051263363856508e-16
    },
    "cycles": 16,
    "per_cycle_V": [
      4.893736480421795e-16,
      4.893736480421795e-16,
      4.893736480421795e-16,
      4.893736480421795e-16,
      4.893736480421795e-16,
      4.893736480421795e-16,
      4.893736480421795e-16,
      4.893736480421795e-16,
      4.893736480421795e-16,
      4.893736480421795e-16,
      4.893736480421795e-16,
      4.893736480421795e-16,
      4.893736480421795e-16,
      4.893736480421795e-16,
      4.893736480421795e-16,
      4.893736480421795e-16
    ]
  },
  "diagnostics": {
    "measured_link_count": 38,
    "selection_policy": "uniform",
    "num_links": 128,
    "creutz_sizes": [
      [
        2,
        2
      ],
      [
        3,
        3
      ]
    ],
    "loop_sizes_measured": [
      [
        1,
        1
      ],
      [
        1,
        2
      ],
      [
        2,
        1
      ],
      [
        2,
        2
      ],
      [
        2,
        3
      ],
      [
        3,
        2
      ],
      [
        3,
        3
      ]
    ],
    "visibility_qc": {
      "r2_ok": false,
      "v_in_unit_interval": true,
      "i0_very_small": false
    },
    "hybrid_knobs": {
      "kick_passes": 3,
      "loop_measurement_cycles": 6
    }
  },
  "artifacts": {
    "kernel_hash": "59ad205957406ba8769e06c45a6e3db43b483f8e2d8e66b070b3ff98425f2b57",
    "flip_counts_hash": "2268e99a6015a7b96d81d3b1a331fda63562012ba66381118831ac9c8b2f0d5d",
    "pivot_fit_hash": "d04f83ead3fcfaea1653e658999e83d0abac9536c46d06a4e4ad9b696714687e",
    "config_hash": "3e53227bb97f97d3e0f7892c2fd75b0f2e140b1e74473c1589a222acbe454fae"
  }
}