{
  "sim": "MICC",
  "gauge": "SU3",
  "rep": "fundamental",
  "L": 12,
  "b": 3.5,
  "kappa": 1.0,
  "seed": 2,
  "measurement_model": "dephasing",
  "f": 0.3,
  "schedule": "post",
  "sigma": 0.7563549714667198,
  "sigma_err": 0.11427090603669171,
  "visibility": 8.284201712315344e-16,
  "visibility_err": 2.6089122177951148e-31,
  "coherence": {
    "C": 0.24525708616678463,
    "P_entropy": 0.3604232404362525
  },
  "twist_scan": {
    "phi_values": [
      0.0,
      0.09817477042468103,
      0.19634954084936207,
      0.2945243112740431,
      0.39269908169872414,
      0.4908738521234052,
      0.5890486225480862,
      0.6872233929727672,
      0.7853981633974483,
      0.8835729338221293,
      0.9817477042468103,
      1.0799224746714913,
      1.1780972450961724,
      1.2762720155208536,
      1.3744467859455345,
      1.4726215563702154,
      1.5707963267948966,
      1.6689710972195777,
      1.7671458676442586,
      1.8653206380689396,
      1.9634954084936207,
      2.061670178918302,
      2.1598449493429825,
      2.2580197197676637,
      2.356194490192345,
      2.454369260617026,
      2.552544031041707,
      2.650718801466388,
      2.748893571891069,
      2.84706834231575,
      2.945243112740431,
      3.043417883165112,
      3.141592653589793,
      3.2397674240144743,
      3.3379421944391554,
      3.436116964863836,
      3.5342917352885173,
      3.6324665057131984,
      3.730641276137879,
      3.8288160465625602,
      3.9269908169872414,
      4.025165587411922,
      4.123340357836604,
      4.221515128261284,
      4.319689898685965,
      4.417864669110647,
      4.516039439535327,
      4.614214209960009,
      4.71238898038469,
      4.81056375080937,
      4.908738521234052,
      5.006913291658733,
      5.105088062083414,
      5.203262832508095,
      5.301437602932776,
      5.399612373357457,
      5.497787143782138,
      5.595961914206819,
      5.6941366846315,
      5.792311455056181,
      5.890486225480862,
      5.988660995905543,
      6.086835766330224,
      6.1850105367549055
    ],
    "mean_I": [
      0.2575435933370212,
      0.8817420780267479,
      0.9261592587202793,
      0.34383700210643603,
      -0.24958980168492978,
      -0.2267464627757494,
      0.38821689185561276,
      0.9451569902280176,
      0.8552731255572599,
      0.21359110618664462,
      -0.3014986491650465,
      -0.145439889485009,
      0.5167810459992476,
      0.985059862409485,
      0.7643291388862822,
      0.08794683690388659,
      -0.32901125957562766,
      -0.04573432974047497,
      0.6382954074237933,
      0.9999172495710037,
      0.6568222251131369,
      -0.02826736693542295,
      -0.33107033872784436,
      0.06853858771238845,
      0.7480902473657444,
      0.9891581906560758,
      0.5368838146435535,
      -0.13058545865140989,
      -0.30759675736462283,
      0.19298741874086295,
      0.841946211699786,
      0.9531961502650523,
      0.40912307332964565,
      -0.2150754113600819,
      -0.25949259205361314,
      0.3228296645602278,
      0.9162564683515956,
      0.8934131294424155,
      0.27844977481105504,
      -0.27849032356135056,
      -0.18860645889059421,
      0.4530755604800177,
      0.9681653158317121,
      0.8121065561516757,
      0.14988562066742275,
      -0.3183931957428185,
      -0.09766247221961775,
      0.5787198297627816,
      0.9956779262422933,
      0.712400996407144,
      0.02837125924287203,
      -0.3332505829043377,
      0.009844441553531284,
      0.694934033602088,
      0.9977370053945103,
      0.5981280789542752,
      -0.08142358069907772,
      -0.32249152398941056,
      0.12978285202311238,
      0.7972521253180747,
      0.9742634240312897,
      0.4736792479258033,
      -0.17527954503311885,
      -0.28652948359838604
    ],
    "fit": {
      "A": 2.9337845805685773e-16,
      "I0": 0.33333333333333315,
      "phi0": 1.20962436143939,
      "R2": 0.0,
      "visibility_fit": 8.801353741705737e-16,
      "visibility_fourier": 8.284201712315344e-16,
      "visibility": 8.284201712315344e-16
    },
    "cycles": 8,
    "per_cycle_V": [
      8.873990456674219e-16,
      8.873990456674219e-16,
      8.873990456674219e-16,
      8.873990456674219e-16,
      8.873990456674219e-16,
      8.873990456674219e-16,
      8.873990456674219e-16,
      8.873990456674219e-16
    ]
  },
  "diagnostics": {
    "measured_link_count": 86,
    "selection_policy": "uniform",
    "num_links": 288,
    "visibility_qc": {
      "r2_ok": false,
      "v_in_unit_interval": true,
      "i0_very_small": false
    },
    "hybrid_knobs": {
      "kick_passes": 3,
      "loop_measurement_cycles": 4
    }
  },
  "artifacts": {
    "kernel_hash": "c776a5135c116bb3a99eaad342348026ed00e0c6d5dcf8a66155f4c58107111d",
    "flip_counts_hash": "3c718ce239e2c926749d06c4b85bf1839d5fe51eaf7ab8de2413bea26f16d7e1",
    "pivot_fit_hash": "18f843e4852e0cb06a5603a8f3e251da6d346190d1181f60fc167ac1ef296fd4",
    "config_hash": "09be816148e3d54a4ba01072548fde7efe2f97f681380c3e050adf0677f43c72"
  }
}