{
  "sim": "MICC",
  "gauge": "SU3",
  "rep": "fundamental",
  "L": 8,
  "b": 3.0,
  "kappa": 0.75,
  "seed": 4,
  "measurement_model": "dephasing",
  "f": 0.05,
  "schedule": "during",
  "sigma": 0.48169887653394355,
  "sigma_err": 0.011808573460633532,
  "visibility": 3.293565653944943e-16,
  "visibility_err": 2.4355660844211625e-17,
  "coherence": {
    "C": 0.251170652389962,
    "P_entropy": 0.3291603249764476
  },
  "twist_scan": {
    "phi_values": [
      0.0,
      0.09817477042468103,
      0.19634954084936207,
      0.2945243112740431,
      0.39269908169872414,
      0.4908738521234052,
      0.5890486225480862,
      0.6872233929727672,
      0.7853981633974483,
      0.8835729338221293,
      0.9817477042468103,
      1.0799224746714913,
      1.1780972450961724,
      1.2762720155208536,
      1.3744467859455345,
      1.4726215563702154,
      1.5707963267948966,
      1.6689710972195777,
      1.7671458676442586,
      1.8653206380689396,
      1.9634954084936207,
      2.061670178918302,
      2.1598449493429825,
      2.2580197197676637,
      2.356194490192345,
      2.454369260617026,
      2.552544031041707,
      2.650718801466388,
      2.748893571891069,
      2.84706834231575,
      2.945243112740431,
      3.043417883165112,
      3.141592653589793,
      3.2397674240144743,
      3.3379421944391554,
      3.436116964863836,
      3.5342917352885173,
      3.6324665057131984,
      3.730641276137879,
      3.8288160465625602,
      3.9269908169872414,
      4.025165587411922,
      4.123340357836604,
      4.221515128261284,
      4.319689898685965,
      4.417864669110647,
      4.516039439535327,
      4.614214209960009,
      4.71238898038469,
      4.81056375080937,
      4.908738521234052,
      5.006913291658733,
      5.105088062083414,
      5.203262832508095,
      5.301437602932776,
      5.399612373357457,
      5.497787143782138,
      5.595961914206819,
      5.6941366846315,
      5.792311455056181,
      5.890486225480862,
      5.988660995905543,
      6.086835766330224,
      6.1850105367549055
    ],
    "mean_I": [
      0.570174409879472,
      0.15434754166500284,
      -0.18022351913885423,
      -0.28165050571246786,
      -0.10388768665758183,
      0.27236433461334353,
      0.6762950066410256,
      0.9245282491925676,
      0.9043713598938249,
      0.624975145071875,
      0.21317964499592235,
      -0.14406859259502183,
      -0.28458633672549977,
      -0.1445814693261737,
      0.21238672684698934,
      0.624262153767453,
      0.9040619785798091,
      0.9247629305173705,
      0.6769672101896046,
      0.2731688940282193,
      -0.10331602453006108,
      -0.2815712635266132,
      -0.18067267119034844,
      0.15357390101723875,
      0.5694274973152308,
      0.8780992791213136,
      0.9394587108117289,
      0.7256498932238233,
      0.33373755950025125,
      -0.05835828445205593,
      -0.27263432291891965,
      -0.21181371424669587,
      0.0964922567871944,
      0.512319125001664,
      0.8468901858055212,
      0.948317172379135,
      0.7705543533242495,
      0.3943023320533232,
      -0.009628339974357905,
      -0.2578615825259003,
      -0.2377046932271582,
      0.041691521594789734,
      0.45348702167074467,
      0.8107352592616888,
      0.9512530033921665,
      0.8112481359928405,
      0.45427993981967896,
      0.04240451289921229,
      -0.23739531191314195,
      -0.25809626385070433,
      -0.010300543522937347,
      0.3934977726384471,
      0.7699826911967288,
      0.9482379301932797,
      0.8473393378570159,
      0.5130927656494267,
      0.09723916935143656,
      -0.2114326124546453,
      -0.27279204414506203,
      -0.058983226557156807,
      0.33292910716641316,
      0.7250249511187224,
      0.9393009895855859,
      0.8784803809133624
    ],
    "fit": {
      "A": 0.10044196237072196,
      "I0": 0.3333333333333328,
      "phi0": 2.754445561418075,
      "R2": 0.017047231235014948,
      "visibility_fit": 0.30132588711216635,
      "visibility_fourier": 3.293565653944943e-16,
      "visibility": 3.293565653944943e-16
    },
    "cycles": 16,
    "per_cycle_V": [
      3.6300953980951606e-16,
      4.573530262330501e-16,
      3.0432440631638045e-16,
      3.2905384110557356e-16,
      5.63990299123173e-16,
      2.4642997154434067e-16,
      3.5273374227381714e-16,
      1.9597001504642684e-16,
      2.7012853067448463e-16,
      2.3571861821813727e-16,
      3.882691318058848e-16,
      4.895682825484465e-16,
      3.88373748962033e-16,
      4.2482776719253333e-16,
      3.9340783414845395e-16,
      3.4881774837484677e-16
    ]
  },
  "diagnostics": {
    "measured_link_count": 6,
    "selection_policy": "uniform",
    "num_links": 128,
    "creutz_sizes": [
      [
        2,
        2
      ],
      [
        3,
        3
      ]
    ],
    "loop_sizes_measured": [
      [
        1,
        1
      ],
      [
        1,
        2
      ],
      [
        2,
        1
      ],
      [
        2,
        2
      ],
      [
        2,
        3
      ],
      [
        3,
        2
      ],
      [
        3,
        3
      ]
    ],
    "visibility_qc": {
      "r2_ok": false,
      "v_in_unit_interval": true,
      "i0_very_small": false
    },
    "hybrid_knobs": {
      "kick_passes": 3,
      "loop_measurement_cycles": 6
    }
  },
  "artifacts": {
    "kernel_hash": "59ad205957406ba8769e06c45a6e3db43b483f8e2d8e66b070b3ff98425f2b57",
    "flip_counts_hash": "b3326e9c852a05e144e201e0a4a89d13606dfe15c97d7e29e97870d36629453e",
    "pivot_fit_hash": "d04f83ead3fcfaea1653e658999e83d0abac9536c46d06a4e4ad9b696714687e",
    "config_hash": "3e53227bb97f97d3e0f7892c2fd75b0f2e140b1e74473c1589a222acbe454fae"
  }
}