{
  "sim": "MICC",
  "gauge": "SU3",
  "rep": "fundamental",
  "L": 8,
  "b": 3.0,
  "kappa": 0.75,
  "seed": 0,
  "measurement_model": "dephasing",
  "f": 0.0,
  "schedule": "pre",
  "sigma": 0.5554372254433779,
  "sigma_err": 0.13942962325389727,
  "visibility": 4.358550988641529e-16,
  "visibility_err": 2.6089122177951148e-31,
  "coherence": {
    "C": 0.24753421763356723,
    "P_entropy": 0.35995650639322163
  },
  "twist_scan": {
    "phi_values": [
      0.0,
      0.09817477042468103,
      0.19634954084936207,
      0.2945243112740431,
      0.39269908169872414,
      0.4908738521234052,
      0.5890486225480862,
      0.6872233929727672,
      0.7853981633974483,
      0.8835729338221293,
      0.9817477042468103,
      1.0799224746714913,
      1.1780972450961724,
      1.2762720155208536,
      1.3744467859455345,
      1.4726215563702154,
      1.5707963267948966,
      1.6689710972195777,
      1.7671458676442586,
      1.8653206380689396,
      1.9634954084936207,
      2.061670178918302,
      2.1598449493429825,
      2.2580197197676637,
      2.356194490192345,
      2.454369260617026,
      2.552544031041707,
      2.650718801466388,
      2.748893571891069,
      2.84706834231575,
      2.945243112740431,
      3.043417883165112,
      3.141592653589793,
      3.2397674240144743,
      3.3379421944391554,
      3.436116964863836,
      3.5342917352885173,
      3.6324665057131984,
      3.730641276137879,
      3.8288160465625602,
      3.9269908169872414,
      4.025165587411922,
      4.123340357836604,
      4.221515128261284,
      4.319689898685965,
      4.417864669110647,
      4.516039439535327,
      4.614214209960009,
      4.71238898038469,
      4.81056375080937,
      4.908738521234052,
      5.006913291658733,
      5.105088062083414,
      5.203262832508095,
      5.301437602932776,
      5.399612373357457,
      5.497787143782138,
      5.595961914206819,
      5.6941366846315,
      5.792311455056181,
      5.890486225480862,
      5.988660995905543,
      6.086835766330224,
      6.1850105367549055
    ],
    "mean_I": [
      0.6282945412865583,
      0.18206001053456797,
      -0.19549959429661426,
      -0.33298010614863954,
      -0.16796824690800818,
      0.22462404918767476,
      0.6665680875303264,
      0.9572305143150679,
      0.9646566645811888,
      0.6854752213643546,
      0.24642872311521807,
      -0.15316489898572175,
      -0.33189849469879845,
      -0.20863074830449138,
      0.1606773604591161,
      0.6083676712365914,
      0.9311981426733877,
      0.9826104900652373,
      0.7392645825600751,
      0.3116343745991619,
      -0.1061449597506119,
      -0.3244103370922993,
      -0.24407383932709875,
      0.09839344313269155,
      0.5475185239197867,
      0.8994080060916121,
      0.9943114215989597,
      0.789144603921149,
      0.377048998917572,
      -0.054892604309830124,
      -0.3105877483803359,
      -0.27395618363411817,
      0.03837212538010786,
      0.4846066561320988,
      0.8621662609632815,
      0.9996467728153069,
      0.8346349135746758,
      0.4420426174789921,
      9.857913634118517e-05,
      -0.29056384764840076,
      -0.29798999791452235,
      -0.01880855469769002,
      0.4202379435514491,
      0.8198315656523886,
      0.9985651613654645,
      0.8752974149711583,
      0.5059893062075521,
      0.05829899543007378,
      -0.26453147600672017,
      -0.3159438233985709,
      -0.07259791589340768,
      0.3550322920675044,
      0.7728116264172797,
      0.9910770037589656,
      0.9107405059937663,
      0.5682732235339739,
      0.11914814274688056,
      -0.23274133942494377,
      -0.32764475493229256,
      -0.12247793725448265,
      0.2896176677490921,
      0.7215592709764969,
      0.9772544150470017,
      0.9406228503007846
    ],
    "fit": {
      "A": 1.2633150052428588e-16,
      "I0": 0.33333333333333337,
      "phi0": -2.549351346479786,
      "R2": 0.0,
      "visibility_fit": 3.789945015728576e-16,
      "visibility_fourier": 4.358550988641529e-16,
      "visibility": 4.358550988641529e-16
    },
    "cycles": 8,
    "per_cycle_V": [
      3.817180076378988e-16,
      3.817180076378988e-16,
      3.817180076378988e-16,
      3.817180076378988e-16,
      3.817180076378988e-16,
      3.817180076378988e-16,
      3.817180076378988e-16,
      3.817180076378988e-16
    ]
  },
  "diagnostics": {
    "measured_link_count": 0,
    "selection_policy": "uniform",
    "num_links": 128,
    "visibility_qc": {
      "r2_ok": false,
      "v_in_unit_interval": true,
      "i0_very_small": false
    },
    "hybrid_knobs": {
      "kick_passes": 3,
      "loop_measurement_cycles": 4
    }
  },
  "artifacts": {
    "kernel_hash": "59ad205957406ba8769e06c45a6e3db43b483f8e2d8e66b070b3ff98425f2b57",
    "flip_counts_hash": "051ffecc2b526e5161a7cdb343471ea2bcf4c30d07d6aca6b7e9329b81a2e42c",
    "pivot_fit_hash": "d04f83ead3fcfaea1653e658999e83d0abac9536c46d06a4e4ad9b696714687e",
    "config_hash": "09be816148e3d54a4ba01072548fde7efe2f97f681380c3e050adf0677f43c72"
  }
}