{
  "sim": "MICC",
  "gauge": "SU3",
  "rep": "fundamental",
  "L": 8,
  "b": 3.5,
  "kappa": 0.75,
  "seed": 0,
  "measurement_model": "dephasing",
  "f": 0.3,
  "schedule": "pre",
  "sigma": 0.5335093693422115,
  "sigma_err": 0.17058803743383902,
  "visibility": 3.2176433606084914e-16,
  "visibility_err": 1.3044561088975574e-31,
  "coherence": {
    "C": 0.2606525867552927,
    "P_entropy": 0.27945951364398924
  },
  "twist_scan": {
    "phi_values": [
      0.0,
      0.09817477042468103,
      0.19634954084936207,
      0.2945243112740431,
      0.39269908169872414,
      0.4908738521234052,
      0.5890486225480862,
      0.6872233929727672,
      0.7853981633974483,
      0.8835729338221293,
      0.9817477042468103,
      1.0799224746714913,
      1.1780972450961724,
      1.2762720155208536,
      1.3744467859455345,
      1.4726215563702154,
      1.5707963267948966,
      1.6689710972195777,
      1.7671458676442586,
      1.8653206380689396,
      1.9634954084936207,
      2.061670178918302,
      2.1598449493429825,
      2.2580197197676637,
      2.356194490192345,
      2.454369260617026,
      2.552544031041707,
      2.650718801466388,
      2.748893571891069,
      2.84706834231575,
      2.945243112740431,
      3.043417883165112,
      3.141592653589793,
      3.2397674240144743,
      3.3379421944391554,
      3.436116964863836,
      3.5342917352885173,
      3.6324665057131984,
      3.730641276137879,
      3.8288160465625602,
      3.9269908169872414,
      4.025165587411922,
      4.123340357836604,
      4.221515128261284,
      4.319689898685965,
      4.417864669110647,
      4.516039439535327,
      4.614214209960009,
      4.71238898038469,
      4.81056375080937,
      4.908738521234052,
      5.006913291658733,
      5.105088062083414,
      5.203262832508095,
      5.301437602932776,
      5.399612373357457,
      5.497787143782138,
      5.595961914206819,
      5.6941366846315,
      5.792311455056181,
      5.890486225480862,
      5.988660995905543,
      6.086835766330224,
      6.1850105367549055
    ],
    "mean_I": [
      -0.3258393641266664,
      -0.11297869411033422,
      0.3024983054423896,
      0.7319737629981383,
      0.9804747997520921,
      0.9351871403609098,
      0.6166704353715268,
      0.16952460970781313,
      -0.20325548013393016,
      -0.33243546697655096,
      -0.15937033752402183,
      0.23737195767735916,
      0.6776787111884162,
      0.9616598622875489,
      0.9603939054917152,
      0.6744555587192148,
      0.23365485337024255,
      -0.16189390602610268,
      -0.3326198523332038,
      -0.2010169752481297,
      0.1731697704177212,
      0.6200674251516186,
      0.936793796870955,
      0.9795617345264584,
      0.7289554885600589,
      0.29874505528451617,
      -0.11576302288449716,
      -0.3263907444648458,
      -0.23751752739500526,
      0.11051004582326938,
      0.5596947330658105,
      0.9061160773054501,
      0.9925060307933329,
      0.7796453607770005,
      0.3641683612242765,
      -0.06530709633147129,
      -0.3138081330854256,
      -0.2685204736942437,
      0.04999623129513798,
      0.49714205695885205,
      0.8699221468005963,
      0.9991021336432179,
      0.8260370041906879,
      0.4292947089893074,
      -0.011012044521747711,
      -0.2949931956208816,
      -0.29372723882504936,
      -0.007788892052547508,
      0.4330118132964228,
      0.8285605726927672,
      0.9992865189998701,
      0.8676836419147963,
      0.4934968962489438,
      0.04659924151504777,
      -0.27012713020428875,
      -0.3128950678597922,
      -0.062288821893393354,
      0.367921611382147,
      0.7824296895511629,
      0.9930574111315114,
      0.9041841940616732,
      0.5561566208433973,
      0.10697193360085624,
      -0.23944941063878505
    ],
    "fit": {
      "A": 1.5411916023842412e-16,
      "I0": 0.3333333333333331,
      "phi0": 0.6472918811990329,
      "R2": -2.220446049250313e-16,
      "visibility_fit": 4.6235748071527265e-16,
      "visibility_fourier": 3.2176433606084914e-16,
      "visibility": 3.2176433606084914e-16
    },
    "cycles": 8,
    "per_cycle_V": [
      2.721281147336638e-16,
      2.721281147336638e-16,
      2.721281147336638e-16,
      2.721281147336638e-16,
      2.721281147336638e-16,
      2.721281147336638e-16,
      2.721281147336638e-16,
      2.721281147336638e-16
    ]
  },
  "diagnostics": {
    "measured_link_count": 38,
    "selection_policy": "uniform",
    "num_links": 128,
    "visibility_qc": {
      "r2_ok": false,
      "v_in_unit_interval": true,
      "i0_very_small": false
    },
    "hybrid_knobs": {
      "kick_passes": 3,
      "loop_measurement_cycles": 4
    }
  },
  "artifacts": {
    "kernel_hash": "59ad205957406ba8769e06c45a6e3db43b483f8e2d8e66b070b3ff98425f2b57",
    "flip_counts_hash": "051ffecc2b526e5161a7cdb343471ea2bcf4c30d07d6aca6b7e9329b81a2e42c",
    "pivot_fit_hash": "32e5af21ae29df0c4428cd8be3189fb5b9433eb374572ce92302aca28369a080",
    "config_hash": "09be816148e3d54a4ba01072548fde7efe2f97f681380c3e050adf0677f43c72"
  }
}