{
  "sim": "MICC",
  "gauge": "SU3",
  "rep": "fundamental",
  "L": 12,
  "b": 3.5,
  "kappa": 0.75,
  "seed": 0,
  "measurement_model": "dephasing",
  "f": 0.1,
  "schedule": "during",
  "sigma": 0.34603991734408823,
  "sigma_err": 0.023155030412843426,
  "visibility": 6.220678630394193e-16,
  "visibility_err": 7.403633878868819e-17,
  "coherence": {
    "C": 0.24757997136715063,
    "P_entropy": 0.28919391299713354
  },
  "twist_scan": {
    "phi_values": [
      0.0,
      0.09817477042468103,
      0.19634954084936207,
      0.2945243112740431,
      0.39269908169872414,
      0.4908738521234052,
      0.5890486225480862,
      0.6872233929727672,
      0.7853981633974483,
      0.8835729338221293,
      0.9817477042468103,
      1.0799224746714913,
      1.1780972450961724,
      1.2762720155208536,
      1.3744467859455345,
      1.4726215563702154,
      1.5707963267948966,
      1.6689710972195777,
      1.7671458676442586,
      1.8653206380689396,
      1.9634954084936207,
      2.061670178918302,
      2.1598449493429825,
      2.2580197197676637,
      2.356194490192345,
      2.454369260617026,
      2.552544031041707,
      2.650718801466388,
      2.748893571891069,
      2.84706834231575,
      2.945243112740431,
      3.043417883165112,
      3.141592653589793,
      3.2397674240144743,
      3.3379421944391554,
      3.436116964863836,
      3.5342917352885173,
      3.6324665057131984,
      3.730641276137879,
      3.8288160465625602,
      3.9269908169872414,
      4.025165587411922,
      4.123340357836604,
      4.221515128261284,
      4.319689898685965,
      4.417864669110647,
      4.516039439535327,
      4.614214209960009,
      4.71238898038469,
      4.81056375080937,
      4.908738521234052,
      5.006913291658733,
      5.105088062083414,
      5.203262832508095,
      5.301437602932776,
      5.399612373357457,
      5.497787143782138,
      5.595961914206819,
      5.6941366846315,
      5.792311455056181,
      5.890486225480862,
      5.988660995905543,
      6.086835766330224,
      6.1850105367549055
    ],
    "mean_I": [
      0.1841424113448321,
      0.6634084501898156,
      0.7937169213090455,
      0.4373048585968415,
      -0.029026579178300024,
      -0.11226875255925121,
      0.27558250741972196,
      0.7244883174565521,
      0.7598625254647654,
      0.34430728787368603,
      -0.08284968607730045,
      -0.07001525575214712,
      0.36924193534743555,
      0.7705363180456761,
      0.7096168519672004,
      0.25088799423180996,
      -0.12067911293847634,
      -0.012261298866982151,
      0.4615214158375234,
      0.7997828531185626,
      0.6449108138707642,
      0.16063702873572488,
      -0.14106109610253958,
      0.05877366592193703,
      0.5488747002056801,
      0.8111039947340077,
      0.5682310279319389,
      0.0770226853761247,
      -0.14321236738684412,
      0.1403598047546425,
      0.6279448507219226,
      0.8040646777686982,
      0.48252425532183485,
      0.003258216476850489,
      -0.12705025464237915,
      0.22936180806982331,
      0.695693245844966,
      0.7789354192259172,
      0.39108415924694584,
      -0.05782165078988498,
      -0.09319585879809937,
      0.3223593787929774,
      0.7495163527439668,
      0.7366819224188135,
      0.2974247313192336,
      -0.10386965137900925,
      -0.0429501853005351,
      0.415778672434858,
      0.7873457796051423,
      0.6789279655336501,
      0.2051452508291423,
      -0.13311618645189607,
      0.021755852795903065,
      0.5060296379309408,
      0.8077277627692055,
      0.6078930007447277,
      0.11779196646098693,
      -0.14443732806734122,
      0.09843563873472745,
      0.5896439812905407,
      0.8098790340535106,
      0.5263068619120241,
      0.03872181594474442,
      -0.13739801110203215
    ],
    "fit": {
      "A": 4.010635814437859e-07,
      "I0": 0.33333333333333326,
      "phi0": -0.7728828353783129,
      "R2": 5.090372567906343e-13,
      "visibility_fit": 1.203190744331358e-06,
      "visibility_fourier": 6.220678630394193e-16,
      "visibility": 6.220678630394193e-16
    },
    "cycles": 16,
    "per_cycle_V": [
      4.1937502030392447e-16,
      8.19133325823278e-16,
      5.829904996639733e-16,
      8.906347604364747e-16,
      8.125472656370768e-16,
      2.2632158765895656e-16,
      3.7711444316450326e-16,
      6.462182660888939e-16,
      7.616787970058367e-16,
      1.129455611965059e-16,
      1.0730194600822326e-15,
      8.624746182890008e-16,
      1.7370194183391177e-16,
      2.9857882584371225e-16,
      8.624848453301813e-16,
      7.270864124829606e-16
    ]
  },
  "diagnostics": {
    "measured_link_count": 29,
    "selection_policy": "uniform",
    "num_links": 288,
    "creutz_sizes": [
      [
        2,
        2
      ],
      [
        3,
        3
      ]
    ],
    "loop_sizes_measured": [
      [
        1,
        1
      ],
      [
        1,
        2
      ],
      [
        2,
        1
      ],
      [
        2,
        2
      ],
      [
        2,
        3
      ],
      [
        3,
        2
      ],
      [
        3,
        3
      ]
    ],
    "visibility_qc": {
      "r2_ok": false,
      "v_in_unit_interval": true,
      "i0_very_small": false
    },
    "hybrid_knobs": {
      "kick_passes": 3,
      "loop_measurement_cycles": 6
    }
  },
  "artifacts": {
    "kernel_hash": "c776a5135c116bb3a99eaad342348026ed00e0c6d5dcf8a66155f4c58107111d",
    "flip_counts_hash": "526d3d4f7381a97e02c3ef4c6b8d2598448ee2e98060a326f334d01ae3e48798",
    "pivot_fit_hash": "32e5af21ae29df0c4428cd8be3189fb5b9433eb374572ce92302aca28369a080",
    "config_hash": "3e53227bb97f97d3e0f7892c2fd75b0f2e140b1e74473c1589a222acbe454fae"
  }
}