{
  "sim": "MICC",
  "gauge": "SU3",
  "rep": "fundamental",
  "L": 12,
  "b": 3.5,
  "kappa": 0.75,
  "seed": 1,
  "measurement_model": "dephasing",
  "f": 0.3,
  "schedule": "during",
  "sigma": 0.6424480765279271,
  "sigma_err": 0.0470630456609489,
  "visibility": 3.1181692178927815e-16,
  "visibility_err": 6.438994607750305e-17,
  "coherence": {
    "C": 0.28849586777558167,
    "P_entropy": 0.21360781746932211
  },
  "twist_scan": {
    "phi_values": [
      0.0,
      0.09817477042468103,
      0.19634954084936207,
      0.2945243112740431,
      0.39269908169872414,
      0.4908738521234052,
      0.5890486225480862,
      0.6872233929727672,
      0.7853981633974483,
      0.8835729338221293,
      0.9817477042468103,
      1.0799224746714913,
      1.1780972450961724,
      1.2762720155208536,
      1.3744467859455345,
      1.4726215563702154,
      1.5707963267948966,
      1.6689710972195777,
      1.7671458676442586,
      1.8653206380689396,
      1.9634954084936207,
      2.061670178918302,
      2.1598449493429825,
      2.2580197197676637,
      2.356194490192345,
      2.454369260617026,
      2.552544031041707,
      2.650718801466388,
      2.748893571891069,
      2.84706834231575,
      2.945243112740431,
      3.043417883165112,
      3.141592653589793,
      3.2397674240144743,
      3.3379421944391554,
      3.436116964863836,
      3.5342917352885173,
      3.6324665057131984,
      3.730641276137879,
      3.8288160465625602,
      3.9269908169872414,
      4.025165587411922,
      4.123340357836604,
      4.221515128261284,
      4.319689898685965,
      4.417864669110647,
      4.516039439535327,
      4.614214209960009,
      4.71238898038469,
      4.81056375080937,
      4.908738521234052,
      5.006913291658733,
      5.105088062083414,
      5.203262832508095,
      5.301437602932776,
      5.399612373357457,
      5.497787143782138,
      5.595961914206819,
      5.6941366846315,
      5.792311455056181,
      5.890486225480862,
      5.988660995905543,
      6.086835766330224,
      6.1850105367549055
    ],
    "mean_I": [
      0.25310399728401484,
      0.17169480251478275,
      0.2611709174362252,
      0.4269376094011291,
      0.4937452498130788,
      0.39096436521865024,
      0.22725557759489454,
      0.17569288563816557,
      0.29078870380118904,
      0.4508629819666532,
      0.4866841485575837,
      0.3603818324726497,
      0.20548366656971154,
      0.185749002760692,
      0.32204145641976994,
      0.4702717560465851,
      0.47372986147314844,
      0.32875984107369743,
      0.18862494653933554,
      0.20147670294087897,
      0.3537281495355818,
      0.4844180633375993,
      0.45538021454758054,
      0.29731360641744,
      0.1773272886600545,
      0.222271579480998,
      0.38463108130228607,
      0.49275826918384175,
      0.43234037442162837,
      0.26725158966646384,
      0.17202485558836972,
      0.24733449693751258,
      0.4135626693826512,
      0.4949718641518836,
      0.40549574923044085,
      0.23972905726553745,
      0.17292141685358733,
      0.275702301448016,
      0.4394110890717714,
      0.49097378102850087,
      0.3758779628654774,
      0.2158036847000135,
      0.17998251810908278,
      0.30628483419401653,
      0.4611830000969541,
      0.4809176639059741,
      0.3446252102468969,
      0.1963949106200808,
      0.19293680519351764,
      0.3379068255929678,
      0.47804172012733087,
      0.4651899637257874,
      0.31293851713108395,
      0.18224860332906712,
      0.21128645211908553,
      0.3693530602492268,
      0.48933937800661165,
      0.4443950871856691,
      0.2820355853643805,
      0.17390839748282455,
      0.2343262922450373,
      0.3994150770002022,
      0.4946418110782963,
      0.4193321697291534
    ],
    "fit": {
      "A": 3.685159313928863e-11,
      "I0": 0.3333333333333331,
      "phi0": 0.3423379768612969,
      "R2": -2.220446049250313e-16,
      "visibility_fit": 1.1055477941786597e-10,
      "visibility_fourier": 3.1181692178927815e-16,
      "visibility": 3.1181692178927815e-16
    },
    "cycles": 16,
    "per_cycle_V": [
      3.7373354735420146e-16,
      2.518490302051635e-16,
      2.9095978848193475e-16,
      1.0710493013245267e-15,
      3.3434643647828713e-16,
      6.51218613856921e-16,
      9.841284426492282e-16,
      7.278174289293241e-16,
      6.115004923568318e-16,
      5.167387628805262e-16,
      8.168996221304999e-16,
      4.66775667336037e-16,
      4.976170141510535e-16,
      9.64550029237369e-16,
      8.292735482092277e-16,
      5.204439777437362e-16
    ]
  },
  "diagnostics": {
    "measured_link_count": 86,
    "selection_policy": "uniform",
    "num_links": 288,
    "creutz_sizes": [
      [
        2,
        2
      ],
      [
        3,
        3
      ]
    ],
    "loop_sizes_measured": [
      [
        1,
        1
      ],
      [
        1,
        2
      ],
      [
        2,
        1
      ],
      [
        2,
        2
      ],
      [
        2,
        3
      ],
      [
        3,
        2
      ],
      [
        3,
        3
      ]
    ],
    "visibility_qc": {
      "r2_ok": false,
      "v_in_unit_interval": true,
      "i0_very_small": false
    },
    "hybrid_knobs": {
      "kick_passes": 3,
      "loop_measurement_cycles": 6
    }
  },
  "artifacts": {
    "kernel_hash": "c776a5135c116bb3a99eaad342348026ed00e0c6d5dcf8a66155f4c58107111d",
    "flip_counts_hash": "1045813912820017453b344ca74f8b8f873bba658c2e9b55c71942b9dd07c053",
    "pivot_fit_hash": "32e5af21ae29df0c4428cd8be3189fb5b9433eb374572ce92302aca28369a080",
    "config_hash": "3e53227bb97f97d3e0f7892c2fd75b0f2e140b1e74473c1589a222acbe454fae"
  }
}