{
  "sim": "MICC",
  "gauge": "SU3",
  "rep": "fundamental",
  "L": 12,
  "b": 3.0,
  "kappa": 0.75,
  "seed": 2,
  "measurement_model": "dephasing",
  "f": 0.05,
  "schedule": "during",
  "sigma": 0.26484365391049586,
  "sigma_err": 0.016925371149878403,
  "visibility": 4.94089344678916e-16,
  "visibility_err": 5.928054373446974e-17,
  "coherence": {
    "C": 0.25003510952368607,
    "P_entropy": 0.3256453301646516
  },
  "twist_scan": {
    "phi_values": [
      0.0,
      0.09817477042468103,
      0.19634954084936207,
      0.2945243112740431,
      0.39269908169872414,
      0.4908738521234052,
      0.5890486225480862,
      0.6872233929727672,
      0.7853981633974483,
      0.8835729338221293,
      0.9817477042468103,
      1.0799224746714913,
      1.1780972450961724,
      1.2762720155208536,
      1.3744467859455345,
      1.4726215563702154,
      1.5707963267948966,
      1.6689710972195777,
      1.7671458676442586,
      1.8653206380689396,
      1.9634954084936207,
      2.061670178918302,
      2.1598449493429825,
      2.2580197197676637,
      2.356194490192345,
      2.454369260617026,
      2.552544031041707,
      2.650718801466388,
      2.748893571891069,
      2.84706834231575,
      2.945243112740431,
      3.043417883165112,
      3.141592653589793,
      3.2397674240144743,
      3.3379421944391554,
      3.436116964863836,
      3.5342917352885173,
      3.6324665057131984,
      3.730641276137879,
      3.8288160465625602,
      3.9269908169872414,
      4.025165587411922,
      4.123340357836604,
      4.221515128261284,
      4.319689898685965,
      4.417864669110647,
      4.516039439535327,
      4.614214209960009,
      4.71238898038469,
      4.81056375080937,
      4.908738521234052,
      5.006913291658733,
      5.105088062083414,
      5.203262832508095,
      5.301437602932776,
      5.399612373357457,
      5.497787143782138,
      5.595961914206819,
      5.6941366846315,
      5.792311455056181,
      5.890486225480862,
      5.988660995905543,
      6.086835766330224,
      6.1850105367549055
    ],
    "mean_I": [
      0.7456878992881033,
      0.8689661763655812,
      0.42596991606303036,
      -0.11496234407993244,
      -0.181953488327991,
      0.2958199582254235,
      0.8132527897682608,
      0.8233116398467064,
      0.3153622265102705,
      -0.17358801540712546,
      -0.1266176990909762,
      0.4066158505046554,
      0.8623746446795567,
      0.7588275117915229,
      0.20544515651440878,
      -0.21273298358698994,
      -0.05360624962140555,
      0.5145955367463051,
      0.8911657386856021,
      0.6779918810780762,
      0.10044275743318211,
      -0.23089292944512635,
      0.03427507102289651,
      0.6156094181638067,
      0.8985196461899772,
      0.5839112156615376,
      0.004390212577257658,
      -0.22736997644641846,
      0.13364903297398448,
      0.7057755879435268,
      0.8841537606514079,
      0.4802009827528241,
      -0.07902123262143591,
      -0.20229950969891428,
      0.24069675060363738,
      0.7816290107465987,
      0.8486201549946585,
      0.37084670844124334,
      -0.1465861231015935,
      -0.15664497318003992,
      0.35130444015639545,
      0.8402546820737916,
      0.7932843657576425,
      0.26005081616201164,
      -0.1957079780128884,
      -0.09216084512485605,
      0.4612215101522558,
      0.8793996502536575,
      0.7202729162880732,
      0.1520711299203651,
      -0.22449907201893526,
      -0.011325214411409953,
      0.5662239092334865,
      0.8975595961117927,
      0.6323915956437715,
      0.05105724850285854,
      -0.2318529795233103,
      0.08275545100512588,
      0.6622764540894084,
      0.8940366431130853,
      0.5330176336926855,
      -0.03910892127685951,
      -0.21748709398474053,
      0.18646568391384458
    ],
    "fit": {
      "A": 0.0006513490428230398,
      "I0": 0.33333333333333326,
      "phi0": 1.9500556181494915,
      "R2": 6.709839879270874e-07,
      "visibility_fit": 0.00195404712846912,
      "visibility_fourier": 4.94089344678916e-16,
      "visibility": 4.94089344678916e-16
    },
    "cycles": 16,
    "per_cycle_V": [
      2.1451427004987243e-16,
      6.672463832770414e-16,
      7.934442766050012e-16,
      5.516191470497095e-16,
      1.8706984016889503e-16,
      2.0409192295877158e-16,
      4.981956998692513e-16,
      4.513853840859775e-16,
      5.502918085396499e-16,
      4.586987115965654e-16,
      9.136617445390757e-16,
      8.175332500363336e-16,
      8.360724930954416e-16,
      2.2591366026822847e-16,
      4.7294386349317405e-16,
      5.10068440190917e-16
    ]
  },
  "diagnostics": {
    "measured_link_count": 14,
    "selection_policy": "uniform",
    "num_links": 288,
    "creutz_sizes": [
      [
        2,
        2
      ],
      [
        3,
        3
      ]
    ],
    "loop_sizes_measured": [
      [
        1,
        1
      ],
      [
        1,
        2
      ],
      [
        2,
        1
      ],
      [
        2,
        2
      ],
      [
        2,
        3
      ],
      [
        3,
        2
      ],
      [
        3,
        3
      ]
    ],
    "visibility_qc": {
      "r2_ok": false,
      "v_in_unit_interval": true,
      "i0_very_small": false
    },
    "hybrid_knobs": {
      "kick_passes": 3,
      "loop_measurement_cycles": 6
    }
  },
  "artifacts": {
    "kernel_hash": "c776a5135c116bb3a99eaad342348026ed00e0c6d5dcf8a66155f4c58107111d",
    "flip_counts_hash": "3c718ce239e2c926749d06c4b85bf1839d5fe51eaf7ab8de2413bea26f16d7e1",
    "pivot_fit_hash": "d04f83ead3fcfaea1653e658999e83d0abac9536c46d06a4e4ad9b696714687e",
    "config_hash": "3e53227bb97f97d3e0f7892c2fd75b0f2e140b1e74473c1589a222acbe454fae"
  }
}