{
  "sim": "MICC",
  "gauge": "SU3",
  "rep": "fundamental",
  "L": 12,
  "b": 3.0,
  "kappa": 1.0,
  "seed": 0,
  "measurement_model": "dephasing",
  "f": 0.0,
  "schedule": "pre",
  "sigma": 0.18079673282711078,
  "sigma_err": 0.026025006640123197,
  "visibility": 4.462387666965781e-16,
  "visibility_err": 1.909528217746929e-31,
  "coherence": {
    "C": 0.246602632411036,
    "P_entropy": 0.3604232404362525
  },
  "twist_scan": {
    "phi_values": [
      0.0,
      0.09817477042468103,
      0.19634954084936207,
      0.2945243112740431,
      0.39269908169872414,
      0.4908738521234052,
      0.5890486225480862,
      0.6872233929727672,
      0.7853981633974483,
      0.8835729338221293,
      0.9817477042468103,
      1.0799224746714913,
      1.1780972450961724,
      1.2762720155208536,
      1.3744467859455345,
      1.4726215563702154,
      1.5707963267948966,
      1.6689710972195777,
      1.7671458676442586,
      1.8653206380689396,
      1.9634954084936207,
      2.061670178918302,
      2.1598449493429825,
      2.2580197197676637,
      2.356194490192345,
      2.454369260617026,
      2.552544031041707,
      2.650718801466388,
      2.748893571891069,
      2.84706834231575,
      2.945243112740431,
      3.043417883165112,
      3.141592653589793,
      3.2397674240144743,
      3.3379421944391554,
      3.436116964863836,
      3.5342917352885173,
      3.6324665057131984,
      3.730641276137879,
      3.8288160465625602,
      3.9269908169872414,
      4.025165587411922,
      4.123340357836604,
      4.221515128261284,
      4.319689898685965,
      4.417864669110647,
      4.516039439535327,
      4.614214209960009,
      4.71238898038469,
      4.81056375080937,
      4.908738521234052,
      5.006913291658733,
      5.105088062083414,
      5.203262832508095,
      5.301437602932776,
      5.399612373357457,
      5.497787143782138,
      5.595961914206819,
      5.6941366846315,
      5.792311455056181,
      5.890486225480862,
      5.988660995905543,
      6.086835766330224,
      6.1850105367549055
    ],
    "mean_I": [
      0.9029150612567309,
      0.9073656463564869,
      0.3049455237935242,
      -0.2674628212552271,
      -0.20470555066816762,
      0.4268699395142763,
      0.959557919189784,
      0.8301971797382763,
      0.17554873916108985,
      -0.31228879870002857,
      -0.1175704050207642,
      0.5538463636011643,
      0.992135317479168,
      0.7339345141471796,
      0.052215527996075754,
      -0.33230387967985087,
      -0.01310728157814272,
      0.6723485955999953,
      0.9993953249782375,
      0.6222769698371382,
      -0.06031448356250932,
      -0.326738895857227,
      0.10466936040939066,
      0.7778226611918649,
      0.9810589436702609,
      0.499515483617711,
      -0.15771683027802758,
      -0.29580770643957977,
      0.23123343064016003,
      0.866215251186619,
      0.9378308304057442,
      0.3703677105588828,
      -0.2362483945900631,
      -0.24069897968981954,
      0.3617211428731437,
      0.9341294879218934,
      0.8713722173348356,
      0.23979672715239045,
      -0.29289125252311676,
      -0.16353051307161057,
      0.4911179275055762,
      0.9789554653666953,
      0.7842370716874304,
      0.11282030306550267,
      -0.3254686508125007,
      -0.06726784748051294,
      0.6144511386705886,
      0.9989705463465183,
      0.6797739482448103,
      -0.005681928933324461,
      -0.3327286583115701,
      0.044389696829527765,
      0.7269811502291782,
      0.9934055625238934,
      0.5619973062572774,
      -0.11115599452519936,
      -0.314392277003594,
      0.16715118304895113,
      0.8243834969446939,
      0.9624743731062467,
      0.4354332360265109,
      -0.19954858451995208,
      -0.27116416373907726,
      0.29629895610778656
    ],
    "fit": {
      "A": 1.4662980924019732e-16,
      "I0": 0.3333333333333335,
      "phi0": 0.40493445071071094,
      "R2": 1.1102230246251565e-16,
      "visibility_fit": 4.398894277205918e-16,
      "visibility_fourier": 4.462387666965781e-16,
      "visibility": 4.462387666965781e-16
    },
    "cycles": 16,
    "per_cycle_V": [
      3.987872012545911e-16,
      3.987872012545911e-16,
      3.987872012545911e-16,
      3.987872012545911e-16,
      3.987872012545911e-16,
      3.987872012545911e-16,
      3.987872012545911e-16,
      3.987872012545911e-16,
      3.987872012545911e-16,
      3.987872012545911e-16,
      3.987872012545911e-16,
      3.987872012545911e-16,
      3.987872012545911e-16,
      3.987872012545911e-16,
      3.987872012545911e-16,
      3.987872012545911e-16
    ]
  },
  "diagnostics": {
    "measured_link_count": 0,
    "selection_policy": "uniform",
    "num_links": 288,
    "creutz_sizes": [
      [
        2,
        2
      ],
      [
        3,
        3
      ]
    ],
    "loop_sizes_measured": [
      [
        1,
        1
      ],
      [
        1,
        2
      ],
      [
        2,
        1
      ],
      [
        2,
        2
      ],
      [
        2,
        3
      ],
      [
        3,
        2
      ],
      [
        3,
        3
      ]
    ],
    "visibility_qc": {
      "r2_ok": false,
      "v_in_unit_interval": true,
      "i0_very_small": false
    },
    "hybrid_knobs": {
      "kick_passes": 3,
      "loop_measurement_cycles": 6
    }
  },
  "artifacts": {
    "kernel_hash": "c776a5135c116bb3a99eaad342348026ed00e0c6d5dcf8a66155f4c58107111d",
    "flip_counts_hash": "526d3d4f7381a97e02c3ef4c6b8d2598448ee2e98060a326f334d01ae3e48798",
    "pivot_fit_hash": "e730f86cf82cf01e0490c7477184968845e3929e6af95e60cac897b00c6a8382",
    "config_hash": "3e53227bb97f97d3e0f7892c2fd75b0f2e140b1e74473c1589a222acbe454fae"
  }
}