{
  "sim": "MICC",
  "gauge": "SU3",
  "rep": "fundamental",
  "L": 12,
  "b": 3.5,
  "kappa": 1.0,
  "seed": 1,
  "measurement_model": "dephasing",
  "f": 0.05,
  "schedule": "during",
  "sigma": 0.6440308870311743,
  "sigma_err": 0.005316323723799548,
  "visibility": 9.097256679462796e-16,
  "visibility_err": 4.0967401054868096e-17,
  "coherence": {
    "C": 0.245779222242289,
    "P_entropy": 0.31896644716287
  },
  "twist_scan": {
    "phi_values": [
      0.0,
      0.09817477042468103,
      0.19634954084936207,
      0.2945243112740431,
      0.39269908169872414,
      0.4908738521234052,
      0.5890486225480862,
      0.6872233929727672,
      0.7853981633974483,
      0.8835729338221293,
      0.9817477042468103,
      1.0799224746714913,
      1.1780972450961724,
      1.2762720155208536,
      1.3744467859455345,
      1.4726215563702154,
      1.5707963267948966,
      1.6689710972195777,
      1.7671458676442586,
      1.8653206380689396,
      1.9634954084936207,
      2.061670178918302,
      2.1598449493429825,
      2.2580197197676637,
      2.356194490192345,
      2.454369260617026,
      2.552544031041707,
      2.650718801466388,
      2.748893571891069,
      2.84706834231575,
      2.945243112740431,
      3.043417883165112,
      3.141592653589793,
      3.2397674240144743,
      3.3379421944391554,
      3.436116964863836,
      3.5342917352885173,
      3.6324665057131984,
      3.730641276137879,
      3.8288160465625602,
      3.9269908169872414,
      4.025165587411922,
      4.123340357836604,
      4.221515128261284,
      4.319689898685965,
      4.417864669110647,
      4.516039439535327,
      4.614214209960009,
      4.71238898038469,
      4.81056375080937,
      4.908738521234052,
      5.006913291658733,
      5.105088062083414,
      5.203262832508095,
      5.301437602932776,
      5.399612373357457,
      5.497787143782138,
      5.595961914206819,
      5.6941366846315,
      5.792311455056181,
      5.890486225480862,
      5.988660995905543,
      6.086835766330224,
      6.1850105367549055
    ],
    "mean_I": [
      0.353187230033089,
      0.8966069496948309,
      0.8445301260195546,
      0.25201271686823745,
      -0.25453200582953794,
      -0.13958165535054298,
      0.47533750757283855,
      0.9401289307215552,
      0.7634120881522073,
      0.13201317914472208,
      -0.2865487489691774,
      -0.04976729410667228,
      0.5920306443334223,
      0.9603320972355428,
      0.6657663649281151,
      0.0197502620450324,
      -0.2947437713198078,
      0.05476940940441245,
      0.6987821885113962,
      0.9564400528777253,
      0.5553454267304269,
      -0.08046183348446237,
      -0.27880214276831666,
      0.17001116829163468,
      0.7914897381309562,
      0.9286023667300912,
      0.43639268828930416,
      -0.16477201281214968,
      -0.23933649115976938,
      0.29152930638928654,
      0.866590594051215,
      0.8778888254597403,
      0.31347943663357797,
      -0.22994028302816472,
      -0.17786345935288828,
      0.41465394979842685,
      0.9211986724962039,
      0.806248322017209,
      0.19132915909382936,
      -0.2734622640548887,
      -0.09674542148554197,
      0.534653487521941,
      0.9532154156358431,
      0.7164339607733388,
      0.0746360223332473,
      -0.29366543056887595,
      0.0009003017385490666,
      0.6469164046216359,
      0.961410437986474,
      0.611897257262257,
      -0.03211552184473063,
      -0.2897733862110593,
      0.11132123993624118,
      0.7471285001511278,
      0.9454688094349832,
      0.4966554983750292,
      -0.12482307146428943,
      -0.2619357000634264,
      0.2302739783773616,
      0.8314386794788148,
      0.9060031578264371,
      0.3751373602773803,
      -0.1999239273845477,
      -0.2112221587930735
    ],
    "fit": {
      "A": 0.01016935569643036,
      "I0": 0.3333333333333322,
      "phi0": -1.4011207391105962,
      "R2": 0.0001848056787990826,
      "visibility_fit": 0.030508067089291182,
      "visibility_fourier": 9.097256679462796e-16,
      "visibility": 9.097256679462796e-16
    },
    "cycles": 8,
    "per_cycle_V": [
      7.859057283096924e-16,
      1.0106321097790671e-15,
      8.000367428515822e-16,
      6.806442666109591e-16,
      8.486229925080597e-16,
      9.86829936006008e-16,
      7.374539149316678e-16,
      8.936184058722944e-16
    ]
  },
  "diagnostics": {
    "measured_link_count": 14,
    "selection_policy": "uniform",
    "num_links": 288,
    "visibility_qc": {
      "r2_ok": false,
      "v_in_unit_interval": true,
      "i0_very_small": false
    },
    "hybrid_knobs": {
      "kick_passes": 3,
      "loop_measurement_cycles": 4
    }
  },
  "artifacts": {
    "kernel_hash": "c776a5135c116bb3a99eaad342348026ed00e0c6d5dcf8a66155f4c58107111d",
    "flip_counts_hash": "1045813912820017453b344ca74f8b8f873bba658c2e9b55c71942b9dd07c053",
    "pivot_fit_hash": "18f843e4852e0cb06a5603a8f3e251da6d346190d1181f60fc167ac1ef296fd4",
    "config_hash": "09be816148e3d54a4ba01072548fde7efe2f97f681380c3e050adf0677f43c72"
  }
}