{
  "sim": "MICC",
  "gauge": "SU3",
  "rep": "fundamental",
  "L": 12,
  "b": 3.0,
  "kappa": 1.0,
  "seed": 3,
  "measurement_model": "dephasing",
  "f": 0.3,
  "schedule": "during",
  "sigma": 0.5558780960331777,
  "sigma_err": 0.023898539069408295,
  "visibility": 2.837175412534985e-16,
  "visibility_err": 7.6258508565939e-17,
  "coherence": {
    "C": 0.31759412373813517,
    "P_entropy": 0.20703379461220262
  },
  "twist_scan": {
    "phi_values": [
      0.0,
      0.09817477042468103,
      0.19634954084936207,
      0.2945243112740431,
      0.39269908169872414,
      0.4908738521234052,
      0.5890486225480862,
      0.6872233929727672,
      0.7853981633974483,
      0.8835729338221293,
      0.9817477042468103,
      1.0799224746714913,
      1.1780972450961724,
      1.2762720155208536,
      1.3744467859455345,
      1.4726215563702154,
      1.5707963267948966,
      1.6689710972195777,
      1.7671458676442586,
      1.8653206380689396,
      1.9634954084936207,
      2.061670178918302,
      2.1598449493429825,
      2.2580197197676637,
      2.356194490192345,
      2.454369260617026,
      2.552544031041707,
      2.650718801466388,
      2.748893571891069,
      2.84706834231575,
      2.945243112740431,
      3.043417883165112,
      3.141592653589793,
      3.2397674240144743,
      3.3379421944391554,
      3.436116964863836,
      3.5342917352885173,
      3.6324665057131984,
      3.730641276137879,
      3.8288160465625602,
      3.9269908169872414,
      4.025165587411922,
      4.123340357836604,
      4.221515128261284,
      4.319689898685965,
      4.417864669110647,
      4.516039439535327,
      4.614214209960009,
      4.71238898038469,
      4.81056375080937,
      4.908738521234052,
      5.006913291658733,
      5.105088062083414,
      5.203262832508095,
      5.301437602932776,
      5.399612373357457,
      5.497787143782138,
      5.595961914206819,
      5.6941366846315,
      5.792311455056181,
      5.890486225480862,
      5.988660995905543,
      6.086835766330224,
      6.1850105367549055
    ],
    "mean_I": [
      0.28637840226273226,
      0.18791165295195103,
      0.243185653212861,
      0.39376436923226654,
      0.4804549997053496,
      0.4116076443227432,
      0.2600081765167397,
      0.18592854304272974,
      0.2676862158789052,
      0.4188464497238359,
      0.4796016588323711,
      0.38572103962532944,
      0.23645579542598696,
      0.1896101165588176,
      0.2947095604533954,
      0.44064230910882646,
      0.4731273082386866,
      0.35782120475447776,
      0.21662636378746455,
      0.1988148926946415,
      0.3232171949592004,
      0.4583143447343323,
      0.46128075358675374,
      0.3289803147178688,
      0.20128191553856717,
      0.21318913706539988,
      0.3521135869895277,
      0.4711834301818556,
      0.44451725132822195,
      0.3003067087454505,
      0.19101212922023442,
      0.23218045552109307,
      0.3802882644039344,
      0.47875501371471585,
      0.42348101345380573,
      0.27290229743440064,
      0.18621166696131725,
      0.25505902234392375,
      0.40665849014992694,
      0.48073812362393703,
      0.3989804507877619,
      0.24782021694283138,
      0.18706500783429592,
      0.28094562704133735,
      0.4302108712406791,
      0.4770565501078493,
      0.37195710621327194,
      0.22602435755783992,
      0.1935393584279802,
      0.30884546191218815,
      0.4500403028792025,
      0.46785177397202543,
      0.343449471707466,
      0.20835232193233472,
      0.20538591307991289,
      0.33768635194879865,
      0.46538475112809974,
      0.4534775296012675,
      0.3145530796771393,
      0.19548323648481133,
      0.2221494153384443,
      0.36635995792121634,
      0.4756545374464322,
      0.43448621114557356
    ],
    "fit": {
      "A": 1.5072933083700665e-15,
      "I0": 0.3333333333333335,
      "phi0": -1.0134469657169716,
      "R2": 1.1102230246251565e-16,
      "visibility_fit": 4.5218799251101976e-15,
      "visibility_fourier": 2.837175412534985e-16,
      "visibility": 2.837175412534985e-16
    },
    "cycles": 16,
    "per_cycle_V": [
      3.7989152666776217e-16,
      2.7175605313357736e-16,
      8.364583433198747e-16,
      9.239152910305374e-16,
      4.064259069376498e-16,
      1.5594204639288588e-16,
      1.052542664943178e-15,
      9.217850143719504e-16,
      8.102939419081411e-16,
      9.494411352985518e-16,
      3.0065865845379563e-16,
      6.635422725462886e-16,
      2.665304148200485e-16,
      4.495697910073038e-16,
      9.780284382534465e-16,
      5.32548143684776e-16
    ]
  },
  "diagnostics": {
    "measured_link_count": 86,
    "selection_policy": "uniform",
    "num_links": 288,
    "creutz_sizes": [
      [
        2,
        2
      ],
      [
        3,
        3
      ]
    ],
    "loop_sizes_measured": [
      [
        1,
        1
      ],
      [
        1,
        2
      ],
      [
        2,
        1
      ],
      [
        2,
        2
      ],
      [
        2,
        3
      ],
      [
        3,
        2
      ],
      [
        3,
        3
      ]
    ],
    "visibility_qc": {
      "r2_ok": false,
      "v_in_unit_interval": true,
      "i0_very_small": false
    },
    "hybrid_knobs": {
      "kick_passes": 3,
      "loop_measurement_cycles": 6
    }
  },
  "artifacts": {
    "kernel_hash": "c776a5135c116bb3a99eaad342348026ed00e0c6d5dcf8a66155f4c58107111d",
    "flip_counts_hash": "f9f0d5ea10777d9547c57c830847aa737adfb2a8c3d087b6a31b748452bdd993",
    "pivot_fit_hash": "e730f86cf82cf01e0490c7477184968845e3929e6af95e60cac897b00c6a8382",
    "config_hash": "3e53227bb97f97d3e0f7892c2fd75b0f2e140b1e74473c1589a222acbe454fae"
  }
}