{
  "sim": "MICC",
  "gauge": "SU3",
  "rep": "fundamental",
  "L": 12,
  "b": 3.5,
  "kappa": 0.75,
  "seed": 2,
  "measurement_model": "dephasing",
  "f": 0.1,
  "schedule": "during",
  "sigma": 0.3987453198392943,
  "sigma_err": 0.02006162398360968,
  "visibility": 6.148077665267643e-16,
  "visibility_err": 6.133266186130952e-17,
  "coherence": {
    "C": 0.2513202445085963,
    "P_entropy": 0.2867295288148122
  },
  "twist_scan": {
    "phi_values": [
      0.0,
      0.09817477042468103,
      0.19634954084936207,
      0.2945243112740431,
      0.39269908169872414,
      0.4908738521234052,
      0.5890486225480862,
      0.6872233929727672,
      0.7853981633974483,
      0.8835729338221293,
      0.9817477042468103,
      1.0799224746714913,
      1.1780972450961724,
      1.2762720155208536,
      1.3744467859455345,
      1.4726215563702154,
      1.5707963267948966,
      1.6689710972195777,
      1.7671458676442586,
      1.8653206380689396,
      1.9634954084936207,
      2.061670178918302,
      2.1598449493429825,
      2.2580197197676637,
      2.356194490192345,
      2.454369260617026,
      2.552544031041707,
      2.650718801466388,
      2.748893571891069,
      2.84706834231575,
      2.945243112740431,
      3.043417883165112,
      3.141592653589793,
      3.2397674240144743,
      3.3379421944391554,
      3.436116964863836,
      3.5342917352885173,
      3.6324665057131984,
      3.730641276137879,
      3.8288160465625602,
      3.9269908169872414,
      4.025165587411922,
      4.123340357836604,
      4.221515128261284,
      4.319689898685965,
      4.417864669110647,
      4.516039439535327,
      4.614214209960009,
      4.71238898038469,
      4.81056375080937,
      4.908738521234052,
      5.006913291658733,
      5.105088062083414,
      5.203262832508095,
      5.301437602932776,
      5.399612373357457,
      5.497787143782138,
      5.595961914206819,
      5.6941366846315,
      5.792311455056181,
      5.890486225480862,
      5.988660995905543,
      6.086835766330224,
      6.1850105367549055
    ],
    "mean_I": [
      0.34079607634795644,
      0.7584794323342434,
      0.7266955578053731,
      0.2790465723458935,
      -0.11121009510337077,
      -0.031492548764234546,
      0.4339213011091178,
      0.7929928949778279,
      0.6661094003777152,
      0.1874128758858605,
      -0.1370155886648398,
      0.03581189678167652,
      0.5231809866790383,
      0.8098418984474666,
      0.5927348453165098,
      0.10138682077239919,
      -0.1447458369286331,
      0.11454992428232523,
      0.6051449333986737,
      0.808378944988851,
      0.5093916356238346,
      0.024274340059549912,
      -0.13410377078914687,
      0.20169567549765288,
      0.6766633127614999,
      0.7886602550829622,
      0.41928260410876866,
      -0.04096117686406599,
      -0.10549835887998188,
      0.2939001880803586,
      0.7349877135565716,
      0.751443606924515,
      0.32587059031871063,
      -0.09181276566757712,
      -0.060028891138706575,
      0.3876200943207714,
      0.777876761770037,
      0.6981592154309008,
      0.23274536555754985,
      -0.12632622831116097,
      0.0005572662889507234,
      0.47925379078080327,
      0.8036822553315055,
      0.63085476988499,
      0.14348567998763068,
      -0.14317523178079994,
      0.0739318213501551,
      0.5652798458942687,
      0.8114125035952994,
      0.5521167423843434,
      0.061521733267992054,
      -0.1417122783221847,
      0.15727503104283308,
      0.6423923266071159,
      0.8007704374558134,
      0.4649709911690117,
      -0.009996646094832954,
      -0.12199358841629662,
      0.24738406255789752,
      0.7076278435307316,
      0.7721650255466493,
      0.37276647858630824,
      -0.06832104688990454,
      -0.08477694025784802
    ],
    "fit": {
      "A": 5.838420048410379e-06,
      "I0": 0.33333333333333315,
      "phi0": -2.578168842438653,
      "R2": 1.0450107446047241e-10,
      "visibility_fit": 1.7515260145231146e-05,
      "visibility_fourier": 6.148077665267643e-16,
      "visibility": 6.148077665267643e-16
    },
    "cycles": 16,
    "per_cycle_V": [
      4.629244159084415e-16,
      2.0740069639201345e-16,
      6.680205292690037e-16,
      8.038881493865903e-16,
      4.3900706216273716e-16,
      4.3905429284936305e-16,
      7.01239335346839e-16,
      1.6285395145253442e-16,
      9.05358335390552e-16,
      6.891271760114742e-16,
      5.238211463336909e-16,
      8.14776893865622e-16,
      8.187078372009245e-16,
      9.205795863224292e-16,
      4.1644796798311815e-16,
      9.134278731693717e-16
    ]
  },
  "diagnostics": {
    "measured_link_count": 29,
    "selection_policy": "uniform",
    "num_links": 288,
    "creutz_sizes": [
      [
        2,
        2
      ],
      [
        3,
        3
      ]
    ],
    "loop_sizes_measured": [
      [
        1,
        1
      ],
      [
        1,
        2
      ],
      [
        2,
        1
      ],
      [
        2,
        2
      ],
      [
        2,
        3
      ],
      [
        3,
        2
      ],
      [
        3,
        3
      ]
    ],
    "visibility_qc": {
      "r2_ok": false,
      "v_in_unit_interval": true,
      "i0_very_small": false
    },
    "hybrid_knobs": {
      "kick_passes": 3,
      "loop_measurement_cycles": 6
    }
  },
  "artifacts": {
    "kernel_hash": "c776a5135c116bb3a99eaad342348026ed00e0c6d5dcf8a66155f4c58107111d",
    "flip_counts_hash": "3c718ce239e2c926749d06c4b85bf1839d5fe51eaf7ab8de2413bea26f16d7e1",
    "pivot_fit_hash": "32e5af21ae29df0c4428cd8be3189fb5b9433eb374572ce92302aca28369a080",
    "config_hash": "3e53227bb97f97d3e0f7892c2fd75b0f2e140b1e74473c1589a222acbe454fae"
  }
}