{
  "sim": "MICC",
  "gauge": "SU3",
  "rep": "fundamental",
  "L": 8,
  "b": 3.0,
  "kappa": 1.0,
  "seed": 0,
  "measurement_model": "dephasing",
  "f": 0.05,
  "schedule": "during",
  "sigma": 0.38840031401713704,
  "sigma_err": 0.014912847714260552,
  "visibility": 4.293066044135701e-16,
  "visibility_err": 2.6311123581914505e-17,
  "coherence": {
    "C": 0.2521546648608802,
    "P_entropy": 0.3275631355626516
  },
  "twist_scan": {
    "phi_values": [
      0.0,
      0.09817477042468103,
      0.19634954084936207,
      0.2945243112740431,
      0.39269908169872414,
      0.4908738521234052,
      0.5890486225480862,
      0.6872233929727672,
      0.7853981633974483,
      0.8835729338221293,
      0.9817477042468103,
      1.0799224746714913,
      1.1780972450961724,
      1.2762720155208536,
      1.3744467859455345,
      1.4726215563702154,
      1.5707963267948966,
      1.6689710972195777,
      1.7671458676442586,
      1.8653206380689396,
      1.9634954084936207,
      2.061670178918302,
      2.1598449493429825,
      2.2580197197676637,
      2.356194490192345,
      2.454369260617026,
      2.552544031041707,
      2.650718801466388,
      2.748893571891069,
      2.84706834231575,
      2.945243112740431,
      3.043417883165112,
      3.141592653589793,
      3.2397674240144743,
      3.3379421944391554,
      3.436116964863836,
      3.5342917352885173,
      3.6324665057131984,
      3.730641276137879,
      3.8288160465625602,
      3.9269908169872414,
      4.025165587411922,
      4.123340357836604,
      4.221515128261284,
      4.319689898685965,
      4.417864669110647,
      4.516039439535327,
      4.614214209960009,
      4.71238898038469,
      4.81056375080937,
      4.908738521234052,
      5.006913291658733,
      5.105088062083414,
      5.203262832508095,
      5.301437602932776,
      5.399612373357457,
      5.497787143782138,
      5.595961914206819,
      5.6941366846315,
      5.792311455056181,
      5.890486225480862,
      5.988660995905543,
      6.086835766330224,
      6.1850105367549055
    ],
    "mean_I": [
      0.6674650106826613,
      0.28404122833591955,
      -0.07700496887850346,
      -0.25176615571898825,
      -0.16090440704411169,
      0.15433094286936813,
      0.5508296356996513,
      0.8485895543911116,
      0.9124339210427032,
      0.7133787279712493,
      0.3417908712389155,
      -0.03363653088312908,
      -0.2424672867891091,
      -0.1898965992649921,
      0.10020953863420407,
      0.4961490054716271,
      0.818173561100826,
      0.9200907897451233,
      0.7556324003555288,
      0.3994590634285207,
      0.013266027510782196,
      -0.22762314312281365,
      -0.21384980120837443,
      0.048333243980421416,
      0.43990037131681226,
      0.783088291376511,
      0.9220968633880453,
      0.7938191018722323,
      0.45649042868930717,
      0.06325100902635238,
      -0.20737668193824219,
      -0.23253333044539204,
      -0.0007983440159949713,
      0.3826254383307471,
      0.7436716355451707,
      0.918432822385655,
      0.8275710737107791,
      0.5123357237972986,
      0.1158370309670165,
      -0.1819228877244444,
      -0.24576725437603658,
      -0.046712061304584364,
      0.3248757954277515,
      0.7003031975497959,
      0.9091339534557752,
      0.8565632659316589,
      0.5664571280324641,
      0.17051766119503844,
      -0.15150689443415885,
      -0.2534241230784567,
      -0.08896573368886185,
      0.2672076032381456,
      0.6534006391558856,
      0.8942898097894801,
      0.8805164678750418,
      0.6183334226862441,
      0.22676629534985532,
      -0.11642162470984231,
      -0.2554301967213781,
      -0.12715243520556585,
      0.21017623797735746,
      0.603415657640314,
      0.8740433486049085,
      0.8991999971120587
    ],
    "fit": {
      "A": 0.01991198480242793,
      "I0": 0.3333333333333331,
      "phi0": -2.1115449434653324,
      "R2": 0.0008207463740264043,
      "visibility_fit": 0.05973595440728383,
      "visibility_fourier": 4.293066044135701e-16,
      "visibility": 4.293066044135701e-16
    },
    "cycles": 16,
    "per_cycle_V": [
      3.3367875023173746e-16,
      4.056771020066619e-16,
      5.725252737945933e-16,
      3.8779200351836354e-16,
      2.3820452227620714e-16,
      2.3603078804880296e-16,
      3.804743338394112e-16,
      5.59744759151986e-16,
      2.581717366046392e-16,
      3.8185988387682036e-16,
      3.5192661415668723e-16,
      4.352882016770189e-16,
      3.6173898150193394e-16,
      4.756752157817234e-16,
      5.32641504357462e-16,
      3.242311989726747e-16
    ]
  },
  "diagnostics": {
    "measured_link_count": 6,
    "selection_policy": "uniform",
    "num_links": 128,
    "creutz_sizes": [
      [
        2,
        2
      ],
      [
        3,
        3
      ]
    ],
    "loop_sizes_measured": [
      [
        1,
        1
      ],
      [
        1,
        2
      ],
      [
        2,
        1
      ],
      [
        2,
        2
      ],
      [
        2,
        3
      ],
      [
        3,
        2
      ],
      [
        3,
        3
      ]
    ],
    "visibility_qc": {
      "r2_ok": false,
      "v_in_unit_interval": true,
      "i0_very_small": false
    },
    "hybrid_knobs": {
      "kick_passes": 3,
      "loop_measurement_cycles": 6
    }
  },
  "artifacts": {
    "kernel_hash": "59ad205957406ba8769e06c45a6e3db43b483f8e2d8e66b070b3ff98425f2b57",
    "flip_counts_hash": "051ffecc2b526e5161a7cdb343471ea2bcf4c30d07d6aca6b7e9329b81a2e42c",
    "pivot_fit_hash": "e730f86cf82cf01e0490c7477184968845e3929e6af95e60cac897b00c6a8382",
    "config_hash": "3e53227bb97f97d3e0f7892c2fd75b0f2e140b1e74473c1589a222acbe454fae"
  }
}