{
  "sim": "MICC",
  "gauge": "SU3",
  "rep": "fundamental",
  "L": 8,
  "b": 3.0,
  "kappa": 0.75,
  "seed": 4,
  "measurement_model": "dephasing",
  "f": 0.2,
  "schedule": "during",
  "sigma": 0.4392002369382904,
  "sigma_err": 0.05452368369631282,
  "visibility": 2.5166432072444104e-16,
  "visibility_err": 5.731553764683942e-17,
  "coherence": {
    "C": 0.28969850275311493,
    "P_entropy": 0.2482056056919965
  },
  "twist_scan": {
    "phi_values": [
      0.0,
      0.09817477042468103,
      0.19634954084936207,
      0.2945243112740431,
      0.39269908169872414,
      0.4908738521234052,
      0.5890486225480862,
      0.6872233929727672,
      0.7853981633974483,
      0.8835729338221293,
      0.9817477042468103,
      1.0799224746714913,
      1.1780972450961724,
      1.2762720155208536,
      1.3744467859455345,
      1.4726215563702154,
      1.5707963267948966,
      1.6689710972195777,
      1.7671458676442586,
      1.8653206380689396,
      1.9634954084936207,
      2.061670178918302,
      2.1598449493429825,
      2.2580197197676637,
      2.356194490192345,
      2.454369260617026,
      2.552544031041707,
      2.650718801466388,
      2.748893571891069,
      2.84706834231575,
      2.945243112740431,
      3.043417883165112,
      3.141592653589793,
      3.2397674240144743,
      3.3379421944391554,
      3.436116964863836,
      3.5342917352885173,
      3.6324665057131984,
      3.730641276137879,
      3.8288160465625602,
      3.9269908169872414,
      4.025165587411922,
      4.123340357836604,
      4.221515128261284,
      4.319689898685965,
      4.417864669110647,
      4.516039439535327,
      4.614214209960009,
      4.71238898038469,
      4.81056375080937,
      4.908738521234052,
      5.006913291658733,
      5.105088062083414,
      5.203262832508095,
      5.301437602932776,
      5.399612373357457,
      5.497787143782138,
      5.595961914206819,
      5.6941366846315,
      5.792311455056181,
      5.890486225480862,
      5.988660995905543,
      6.086835766330224,
      6.1850105367549055
    ],
    "mean_I": [
      0.5136835013706209,
      0.35456818070605367,
      0.18581268328539577,
      0.08402847681276948,
      0.09542346305228436,
      0.21482455648305018,
      0.3880261569733807,
      0.5363983589789789,
      0.5925832847661989,
      0.5310741526704611,
      0.3797948227086927,
      0.20742294792811475,
      0.09221175574764359,
      0.08646471872844742,
      0.19279087152551594,
      0.3629203637006667,
      0.5196179626569701,
      0.5917462345019475,
      0.5465604517839576,
      0.40457401517021374,
      0.23024579841190349,
      0.10271716728513017,
      0.07988345411536793,
      0.1721106873035154,
      0.3375296311515999,
      0.5010435435210379,
      0.5884205267365814,
      0.5599932571849748,
      0.4286671209215271,
      0.2540614382103647,
      0.11544353856928143,
      0.0757430503889547,
      0.1529831652960457,
      0.31209848596061324,
      0.48085398338127106,
      0.5826381898538974,
      0.5712432036143825,
      0.45184211018361664,
      0.2786405096932867,
      0.1302683076876881,
      0.074083381900468,
      0.1355925139962049,
      0.28687184395797416,
      0.45924371873855196,
      0.5744549109190228,
      0.5802019479382193,
      0.47387579514115136,
      0.30374630296599947,
      0.14704870400969683,
      0.07492043216471944,
      0.12010621488270937,
      0.2620926514964529,
      0.4364208682547638,
      0.5639494993815364,
      0.586783212551299,
      0.4945559793631508,
      0.32913703551506723,
      0.1656231231456299,
      0.07824613993008554,
      0.10667340948169202,
      0.23799954574513876,
      0.4126052284563019,
      0.5512231280973852,
      0.5909236162777121
    ],
    "fit": {
      "A": 0.00014432990694316313,
      "I0": 0.3333333333333334,
      "phi0": -1.6334354537437346,
      "R2": 3.1651005794053333e-07,
      "visibility_fit": 0.00043298972082948925,
      "visibility_fourier": 2.5166432072444104e-16,
      "visibility": 2.5166432072444104e-16
    },
    "cycles": 8,
    "per_cycle_V": [
      3.5466538397715313e-16,
      4.32999906029533e-16,
      4.647053922912785e-16,
      3.279150068263431e-16,
      6.427993203881267e-17,
      9.782075533283158e-17,
      5.003794474481709e-16,
      3.6445974902956383e-16
    ]
  },
  "diagnostics": {
    "measured_link_count": 26,
    "selection_policy": "uniform",
    "num_links": 128,
    "visibility_qc": {
      "r2_ok": false,
      "v_in_unit_interval": true,
      "i0_very_small": false
    },
    "hybrid_knobs": {
      "kick_passes": 3,
      "loop_measurement_cycles": 4
    }
  },
  "artifacts": {
    "kernel_hash": "59ad205957406ba8769e06c45a6e3db43b483f8e2d8e66b070b3ff98425f2b57",
    "flip_counts_hash": "b3326e9c852a05e144e201e0a4a89d13606dfe15c97d7e29e97870d36629453e",
    "pivot_fit_hash": "d04f83ead3fcfaea1653e658999e83d0abac9536c46d06a4e4ad9b696714687e",
    "config_hash": "09be816148e3d54a4ba01072548fde7efe2f97f681380c3e050adf0677f43c72"
  }
}