{
  "sim": "MICC",
  "gauge": "SU3",
  "rep": "fundamental",
  "L": 12,
  "b": 3.0,
  "kappa": 0.75,
  "seed": 3,
  "measurement_model": "dephasing",
  "f": 0.5,
  "schedule": "during",
  "sigma": 0.5461248888463655,
  "sigma_err": 0.07956108444858975,
  "visibility": 1.461864812421079e-17,
  "visibility_err": 9.006676587557954e-17,
  "coherence": {
    "C": 0.38518371434749754,
    "P_entropy": 0.17876752117443165
  },
  "twist_scan": {
    "phi_values": [
      0.0,
      0.09817477042468103,
      0.19634954084936207,
      0.2945243112740431,
      0.39269908169872414,
      0.4908738521234052,
      0.5890486225480862,
      0.6872233929727672,
      0.7853981633974483,
      0.8835729338221293,
      0.9817477042468103,
      1.0799224746714913,
      1.1780972450961724,
      1.2762720155208536,
      1.3744467859455345,
      1.4726215563702154,
      1.5707963267948966,
      1.6689710972195777,
      1.7671458676442586,
      1.8653206380689396,
      1.9634954084936207,
      2.061670178918302,
      2.1598449493429825,
      2.2580197197676637,
      2.356194490192345,
      2.454369260617026,
      2.552544031041707,
      2.650718801466388,
      2.748893571891069,
      2.84706834231575,
      2.945243112740431,
      3.043417883165112,
      3.141592653589793,
      3.2397674240144743,
      3.3379421944391554,
      3.436116964863836,
      3.5342917352885173,
      3.6324665057131984,
      3.730641276137879,
      3.8288160465625602,
      3.9269908169872414,
      4.025165587411922,
      4.123340357836604,
      4.221515128261284,
      4.319689898685965,
      4.417864669110647,
      4.516039439535327,
      4.614214209960009,
      4.71238898038469,
      4.81056375080937,
      4.908738521234052,
      5.006913291658733,
      5.105088062083414,
      5.203262832508095,
      5.301437602932776,
      5.399612373357457,
      5.497787143782138,
      5.595961914206819,
      5.6941366846315,
      5.792311455056181,
      5.890486225480862,
      5.988660995905543,
      6.086835766330224,
      6.1850105367549055
    ],
    "mean_I": [
      0.38412774474560724,
      0.39347010887315215,
      0.3392354814264757,
      0.2787610644962568,
      0.2759808063382133,
      0.3338340140219608,
      0.39115789881407514,
      0.3873492755967119,
      0.32643464569166775,
      0.2728133533846291,
      0.2831741788538107,
      0.34656358979484175,
      0.39596588725950815,
      0.3791526399515793,
      0.3138989226541007,
      0.2691913911624343,
      0.29229513954647895,
      0.3587847342315203,
      0.3983669417822991,
      0.36919519404887086,
      0.30211005311999306,
      0.26803436780665146,
      0.30299317501189116,
      0.37002779560499144,
      0.3982687912036641,
      0.3578595969504272,
      0.2915210767342671,
      0.2693867470759773,
      0.31485716574663997,
      0.37986070937185445,
      0.3956752073952967,
      0.345581469295666,
      0.28253892192105967,
      0.2731965577935147,
      0.32743118524019127,
      0.38790560217041,
      0.39068586032845376,
      0.33283265264470613,
      0.27550876785259176,
      0.27931739106995485,
      0.340232020974999,
      0.39385331328203765,
      0.38349248781285594,
      0.32010307687182527,
      0.2707007794071587,
      0.2875140267150876,
      0.35276774401256605,
      0.3974752755042327,
      0.3743715271201881,
      0.30788193243514683,
      0.2682997248843677,
      0.29747147261779594,
      0.3645566135466739,
      0.3986322988600155,
      0.36367349165477575,
      0.29663887106167514,
      0.26839787546300276,
      0.30880706971623934,
      0.3751455899323998,
      0.39727991959068953,
      0.35180950092002716,
      0.28680595729481256,
      0.27099145927137025,
      0.321085197371001
    ],
    "fit": {
      "A": 4.008088292622733e-17,
      "I0": 0.33333333333333354,
      "phi0": -0.25041470278085354,
      "R2": 2.220446049250313e-16,
      "visibility_fit": 1.2024264877868192e-16,
      "visibility_fourier": 1.461864812421079e-17,
      "visibility": 1.461864812421079e-17
    },
    "cycles": 8,
    "per_cycle_V": [
      9.78307966725928e-16,
      7.796763101340437e-16,
      8.096480662732354e-16,
      7.952449327907694e-16,
      2.5979857333488617e-16,
      8.506254473302743e-16,
      3.341349974066581e-16,
      7.045626233242751e-16
    ]
  },
  "diagnostics": {
    "measured_link_count": 144,
    "selection_policy": "uniform",
    "num_links": 288,
    "visibility_qc": {
      "r2_ok": false,
      "v_in_unit_interval": true,
      "i0_very_small": false
    },
    "hybrid_knobs": {
      "kick_passes": 3,
      "loop_measurement_cycles": 4
    }
  },
  "artifacts": {
    "kernel_hash": "c776a5135c116bb3a99eaad342348026ed00e0c6d5dcf8a66155f4c58107111d",
    "flip_counts_hash": "f9f0d5ea10777d9547c57c830847aa737adfb2a8c3d087b6a31b748452bdd993",
    "pivot_fit_hash": "d04f83ead3fcfaea1653e658999e83d0abac9536c46d06a4e4ad9b696714687e",
    "config_hash": "09be816148e3d54a4ba01072548fde7efe2f97f681380c3e050adf0677f43c72"
  }
}