{
  "sim": "MICC",
  "gauge": "SU3",
  "rep": "fundamental",
  "L": 8,
  "b": 3.0,
  "kappa": 1.0,
  "seed": 3,
  "measurement_model": "dephasing",
  "f": 0.0,
  "schedule": "post",
  "sigma": 0.5052909851639502,
  "sigma_err": 0.0917452999391479,
  "visibility": 4.3680943378497567e-16,
  "visibility_err": 3.819056435493858e-31,
  "coherence": {
    "C": 0.24753421763352493,
    "P_entropy": 0.35995650639322163
  },
  "twist_scan": {
    "phi_values": [
      0.0,
      0.09817477042468103,
      0.19634954084936207,
      0.2945243112740431,
      0.39269908169872414,
      0.4908738521234052,
      0.5890486225480862,
      0.6872233929727672,
      0.7853981633974483,
      0.8835729338221293,
      0.9817477042468103,
      1.0799224746714913,
      1.1780972450961724,
      1.2762720155208536,
      1.3744467859455345,
      1.4726215563702154,
      1.5707963267948966,
      1.6689710972195777,
      1.7671458676442586,
      1.8653206380689396,
      1.9634954084936207,
      2.061670178918302,
      2.1598449493429825,
      2.2580197197676637,
      2.356194490192345,
      2.454369260617026,
      2.552544031041707,
      2.650718801466388,
      2.748893571891069,
      2.84706834231575,
      2.945243112740431,
      3.043417883165112,
      3.141592653589793,
      3.2397674240144743,
      3.3379421944391554,
      3.436116964863836,
      3.5342917352885173,
      3.6324665057131984,
      3.730641276137879,
      3.8288160465625602,
      3.9269908169872414,
      4.025165587411922,
      4.123340357836604,
      4.221515128261284,
      4.319689898685965,
      4.417864669110647,
      4.516039439535327,
      4.614214209960009,
      4.71238898038469,
      4.81056375080937,
      4.908738521234052,
      5.006913291658733,
      5.105088062083414,
      5.203262832508095,
      5.301437602932776,
      5.399612373357457,
      5.497787143782138,
      5.595961914206819,
      5.6941366846315,
      5.792311455056181,
      5.890486225480862,
      5.988660995905543,
      6.086835766330224,
      6.1850105367549055
    ],
    "mean_I": [
      0.628294541283551,
      0.1820600105313018,
      -0.19549959429865632,
      -0.3329801061485303,
      -0.1679682469057972,
      0.22462404919098355,
      0.6665680875332308,
      0.9572305143162493,
      0.9646566645801115,
      0.6854752213615071,
      0.24642872311189323,
      -0.1531648989880144,
      -0.3318984946990181,
      -0.20863074830253844,
      0.1606773604623554,
      0.6083676712396463,
      0.9311981426748711,
      0.9826104900644755,
      0.7392645825574143,
      0.31163437459581017,
      -0.10614495975313341,
      -0.32441033709284606,
      -0.2440738393254223,
      0.09839344313582983,
      0.5475185239229623,
      0.8994080060933832,
      0.9943114215985228,
      0.7891446039187018,
      0.3770489989142256,
      -0.0548926043125563,
      -0.3105877483812042,
      -0.2739561836327345,
      0.038372125383115484,
      0.48460665613536497,
      0.8621662609653238,
      0.9996467728151971,
      0.834634913572465,
      0.4420426174756834,
      9.857913343698971e-05,
      -0.2905638476495823,
      -0.29798999791344455,
      -0.018808554694842144,
      0.420237943554774,
      0.8198315656546812,
      0.9985651613656846,
      0.8752974149692053,
      0.5059893062043129,
      0.058298995427019024,
      -0.26453147600820376,
      -0.3159438233978097,
      -0.0725979158907475,
      0.355032292070856,
      0.772811626419801,
      0.9910770037595124,
      0.9107405059920898,
      0.5682732235308359,
      0.11914814274370494,
      -0.23274133942671502,
      -0.32764475493185535,
      -0.12247793725203525,
      0.28961766775243863,
      0.7215592709792228,
      0.9772544150478703,
      0.9406228502994014
    ],
    "fit": {
      "A": 1.0750385882751356e-16,
      "I0": 0.33333333333333337,
      "phi0": -2.846501258023512,
      "R2": 0.0,
      "visibility_fit": 3.2251157648254066e-16,
      "visibility_fourier": 4.3680943378497567e-16,
      "visibility": 4.3680943378497567e-16
    },
    "cycles": 16,
    "per_cycle_V": [
      3.309894328019851e-16,
      3.309894328019851e-16,
      3.309894328019851e-16,
      3.309894328019851e-16,
      3.309894328019851e-16,
      3.309894328019851e-16,
      3.309894328019851e-16,
      3.309894328019851e-16,
      3.309894328019851e-16,
      3.309894328019851e-16,
      3.309894328019851e-16,
      3.309894328019851e-16,
      3.309894328019851e-16,
      3.309894328019851e-16,
      3.309894328019851e-16,
      3.309894328019851e-16
    ]
  },
  "diagnostics": {
    "measured_link_count": 0,
    "selection_policy": "uniform",
    "num_links": 128,
    "creutz_sizes": [
      [
        2,
        2
      ],
      [
        3,
        3
      ]
    ],
    "loop_sizes_measured": [
      [
        1,
        1
      ],
      [
        1,
        2
      ],
      [
        2,
        1
      ],
      [
        2,
        2
      ],
      [
        2,
        3
      ],
      [
        3,
        2
      ],
      [
        3,
        3
      ]
    ],
    "visibility_qc": {
      "r2_ok": false,
      "v_in_unit_interval": true,
      "i0_very_small": false
    },
    "hybrid_knobs": {
      "kick_passes": 3,
      "loop_measurement_cycles": 6
    }
  },
  "artifacts": {
    "kernel_hash": "59ad205957406ba8769e06c45a6e3db43b483f8e2d8e66b070b3ff98425f2b57",
    "flip_counts_hash": "c1b27689be21b2ac0fdae0da5c804f2dab3460dc84baee0f4b6cda147a262623",
    "pivot_fit_hash": "e730f86cf82cf01e0490c7477184968845e3929e6af95e60cac897b00c6a8382",
    "config_hash": "3e53227bb97f97d3e0f7892c2fd75b0f2e140b1e74473c1589a222acbe454fae"
  }
}