{
  "sim": "MICC",
  "gauge": "SU3",
  "rep": "fundamental",
  "L": 12,
  "b": 3.5,
  "kappa": 1.0,
  "seed": 3,
  "measurement_model": "dephasing",
  "f": 0.1,
  "schedule": "during",
  "sigma": 0.40157327557403444,
  "sigma_err": 0.018178572532846857,
  "visibility": 6.054658668587801e-16,
  "visibility_err": 5.852955570601565e-17,
  "coherence": {
    "C": 0.24961869969385467,
    "P_entropy": 0.28612817040483635
  },
  "twist_scan": {
    "phi_values": [
      0.0,
      0.09817477042468103,
      0.19634954084936207,
      0.2945243112740431,
      0.39269908169872414,
      0.4908738521234052,
      0.5890486225480862,
      0.6872233929727672,
      0.7853981633974483,
      0.8835729338221293,
      0.9817477042468103,
      1.0799224746714913,
      1.1780972450961724,
      1.2762720155208536,
      1.3744467859455345,
      1.4726215563702154,
      1.5707963267948966,
      1.6689710972195777,
      1.7671458676442586,
      1.8653206380689396,
      1.9634954084936207,
      2.061670178918302,
      2.1598449493429825,
      2.2580197197676637,
      2.356194490192345,
      2.454369260617026,
      2.552544031041707,
      2.650718801466388,
      2.748893571891069,
      2.84706834231575,
      2.945243112740431,
      3.043417883165112,
      3.141592653589793,
      3.2397674240144743,
      3.3379421944391554,
      3.436116964863836,
      3.5342917352885173,
      3.6324665057131984,
      3.730641276137879,
      3.8288160465625602,
      3.9269908169872414,
      4.025165587411922,
      4.123340357836604,
      4.221515128261284,
      4.319689898685965,
      4.417864669110647,
      4.516039439535327,
      4.614214209960009,
      4.71238898038469,
      4.81056375080937,
      4.908738521234052,
      5.006913291658733,
      5.105088062083414,
      5.203262832508095,
      5.301437602932776,
      5.399612373357457,
      5.497787143782138,
      5.595961914206819,
      5.6941366846315,
      5.792311455056181,
      5.890486225480862,
      5.988660995905543,
      6.086835766330224,
      6.1850105367549055
    ],
    "mean_I": [
      0.3279585368478465,
      0.7476879426197612,
      0.7293589512316864,
      0.2923490920004716,
      -0.10133195981622074,
      -0.03548202693823613,
      0.4202819118362418,
      0.7841232459607627,
      0.6713865424437182,
      0.20125778000228764,
      -0.12923984548653794,
      0.029297912586546425,
      0.5092639017140955,
      0.8032349457653882,
      0.6004229384120615,
      0.11524205744979259,
      -0.13937130330883463,
      0.10576176282560089,
      0.5914849785120756,
      0.8042885901281097,
      0.5191952306428052,
      0.03760746032250373,
      -0.13133698704078742,
      0.19097106089565863,
      0.6637854323589472,
      0.7872436880869589,
      0.43082495439249835,
      -0.028662557349957055,
      -0.10544565095088085,
      0.2816512612578159,
      0.7233867973599363,
      0.752755265668486,
      0.3387081298188205,
      -0.0810212759530951,
      -0.06269228456502018,
      0.3743175746661934,
      0.7679986264828869,
      0.7021486936049023,
      0.24638475483042557,
      -0.11745657929409614,
      -0.004719875777052596,
      0.4654088866643762,
      0.7959065121532038,
      0.6373687540801201,
      0.15740276495257338,
      -0.1365682790987217,
      0.06624372825460322,
      0.5514246092168753,
      0.8060379699755007,
      0.5609049038410676,
      0.07518168815459007,
      -0.13762192346144358,
      0.1474714360238624,
      0.6290592063441618,
      0.7980036537074539,
      0.47569560577100567,
      0.002881234307719376,
      -0.12057702142029333,
      0.23584171227416767,
      0.6953292240166224,
      0.772112317617548,
      0.38501540540885076,
      -0.05672013069326928,
      -0.08608859900181937
    ],
    "fit": {
      "A": 1.3278801543930693e-06,
      "I0": 0.3333333333333333,
      "phi0": 1.1515000193224798,
      "R2": 6.176059663687283e-12,
      "visibility_fit": 3.983640463179208e-06,
      "visibility_fourier": 6.054658668587801e-16,
      "visibility": 6.054658668587801e-16
    },
    "cycles": 16,
    "per_cycle_V": [
      4.2917104591570283e-16,
      9.186428580634048e-16,
      7.388788805433488e-16,
      9.393143317347407e-16,
      3.746008724279239e-16,
      8.305737092711047e-16,
      9.630792139393923e-16,
      9.644088023685843e-16,
      6.445563222258318e-16,
      6.361747677233553e-16,
      2.838357683083858e-16,
      5.656275252295829e-16,
      9.978006546134487e-16,
      9.153337672435395e-16,
      9.184043082641647e-16,
      9.03633391886431e-16
    ]
  },
  "diagnostics": {
    "measured_link_count": 29,
    "selection_policy": "uniform",
    "num_links": 288,
    "creutz_sizes": [
      [
        2,
        2
      ],
      [
        3,
        3
      ]
    ],
    "loop_sizes_measured": [
      [
        1,
        1
      ],
      [
        1,
        2
      ],
      [
        2,
        1
      ],
      [
        2,
        2
      ],
      [
        2,
        3
      ],
      [
        3,
        2
      ],
      [
        3,
        3
      ]
    ],
    "visibility_qc": {
      "r2_ok": false,
      "v_in_unit_interval": true,
      "i0_very_small": false
    },
    "hybrid_knobs": {
      "kick_passes": 3,
      "loop_measurement_cycles": 6
    }
  },
  "artifacts": {
    "kernel_hash": "c776a5135c116bb3a99eaad342348026ed00e0c6d5dcf8a66155f4c58107111d",
    "flip_counts_hash": "f9f0d5ea10777d9547c57c830847aa737adfb2a8c3d087b6a31b748452bdd993",
    "pivot_fit_hash": "18f843e4852e0cb06a5603a8f3e251da6d346190d1181f60fc167ac1ef296fd4",
    "config_hash": "3e53227bb97f97d3e0f7892c2fd75b0f2e140b1e74473c1589a222acbe454fae"
  }
}