{
  "sim": "MICC",
  "gauge": "SU3",
  "rep": "fundamental",
  "L": 12,
  "b": 3.5,
  "kappa": 0.75,
  "seed": 2,
  "measurement_model": "dephasing",
  "f": 0.0,
  "schedule": "pre",
  "sigma": 0.7563549714662455,
  "sigma_err": 0.1142709060365065,
  "visibility": 8.012587377549902e-16,
  "visibility_err": 5.2178244355902295e-31,
  "coherence": {
    "C": 0.2452570861668915,
    "P_entropy": 0.3604232404362525
  },
  "twist_scan": {
    "phi_values": [
      0.0,
      0.09817477042468103,
      0.19634954084936207,
      0.2945243112740431,
      0.39269908169872414,
      0.4908738521234052,
      0.5890486225480862,
      0.6872233929727672,
      0.7853981633974483,
      0.8835729338221293,
      0.9817477042468103,
      1.0799224746714913,
      1.1780972450961724,
      1.2762720155208536,
      1.3744467859455345,
      1.4726215563702154,
      1.5707963267948966,
      1.6689710972195777,
      1.7671458676442586,
      1.8653206380689396,
      1.9634954084936207,
      2.061670178918302,
      2.1598449493429825,
      2.2580197197676637,
      2.356194490192345,
      2.454369260617026,
      2.552544031041707,
      2.650718801466388,
      2.748893571891069,
      2.84706834231575,
      2.945243112740431,
      3.043417883165112,
      3.141592653589793,
      3.2397674240144743,
      3.3379421944391554,
      3.436116964863836,
      3.5342917352885173,
      3.6324665057131984,
      3.730641276137879,
      3.8288160465625602,
      3.9269908169872414,
      4.025165587411922,
      4.123340357836604,
      4.221515128261284,
      4.319689898685965,
      4.417864669110647,
      4.516039439535327,
      4.614214209960009,
      4.71238898038469,
      4.81056375080937,
      4.908738521234052,
      5.006913291658733,
      5.105088062083414,
      5.203262832508095,
      5.301437602932776,
      5.399612373357457,
      5.497787143782138,
      5.595961914206819,
      5.6941366846315,
      5.792311455056181,
      5.890486225480862,
      5.988660995905543,
      6.086835766330224,
      6.1850105367549055
    ],
    "mean_I": [
      0.257543593308801,
      0.8817420780105972,
      0.9261592587332732,
      0.3438370021348374,
      -0.24958980167114636,
      -0.22674646279115596,
      0.38821689182730473,
      0.9451569902167359,
      0.8552731255749315,
      0.21359110621458785,
      -0.3014986491563734,
      -0.14543988950477504,
      0.5167810459719395,
      0.9850598624035056,
      0.7643291389079528,
      0.08794683693029724,
      -0.32901125957239796,
      -0.04573432976384096,
      0.6382954073985349,
      0.9999172495705562,
      0.6568222251379732,
      -0.02826736691155938,
      -0.33107033873018293,
      0.06853858768632067,
      0.7480902473435065,
      0.9891581906611779,
      0.5368838146706021,
      -0.13058545863101068,
      -0.3075967573724387,
      0.1929874187130953,
      0.8419462116814227,
      0.9531961502755076,
      0.4091230733578662,
      -0.21507541134393085,
      -0.2594925920666064,
      0.32282966453182665,
      0.9162564683378127,
      0.8934131294578221,
      0.27844977483936373,
      -0.2784903235500685,
      -0.1886064589082657,
      0.45307556045207503,
      0.9681653158230396,
      0.8121065561714415,
      0.14988562069473058,
      -0.3183931957368387,
      -0.09766247224128816,
      0.5787198297363711,
      0.995677926239064,
      0.7124009964305101,
      0.0283712592681308,
      -0.33325058290388965,
      0.009844441528694675,
      0.6949340335782247,
      0.9977370053968488,
      0.5981280789803433,
      -0.0814235806768391,
      -0.32249152399451203,
      0.1297828519960643,
      0.7972521252976756,
      0.9742634240391059,
      0.47367924795357175,
      -0.17527954501475576,
      -0.2865294836088408
    ],
    "fit": {
      "A": 2.593492870537739e-16,
      "I0": 0.33333333333333326,
      "phi0": 0.7667061877324581,
      "R2": 0.0,
      "visibility_fit": 7.78047861161322e-16,
      "visibility_fourier": 8.012587377549902e-16,
      "visibility": 8.012587377549902e-16
    },
    "cycles": 8,
    "per_cycle_V": [
      7.438895280031572e-16,
      7.438895280031572e-16,
      7.438895280031572e-16,
      7.438895280031572e-16,
      7.438895280031572e-16,
      7.438895280031572e-16,
      7.438895280031572e-16,
      7.438895280031572e-16
    ]
  },
  "diagnostics": {
    "measured_link_count": 0,
    "selection_policy": "uniform",
    "num_links": 288,
    "visibility_qc": {
      "r2_ok": false,
      "v_in_unit_interval": true,
      "i0_very_small": false
    },
    "hybrid_knobs": {
      "kick_passes": 3,
      "loop_measurement_cycles": 4
    }
  },
  "artifacts": {
    "kernel_hash": "c776a5135c116bb3a99eaad342348026ed00e0c6d5dcf8a66155f4c58107111d",
    "flip_counts_hash": "3c718ce239e2c926749d06c4b85bf1839d5fe51eaf7ab8de2413bea26f16d7e1",
    "pivot_fit_hash": "32e5af21ae29df0c4428cd8be3189fb5b9433eb374572ce92302aca28369a080",
    "config_hash": "09be816148e3d54a4ba01072548fde7efe2f97f681380c3e050adf0677f43c72"
  }
}