{
  "sim": "MICC",
  "gauge": "SU3",
  "rep": "fundamental",
  "L": 8,
  "b": 3.0,
  "kappa": 0.75,
  "seed": 3,
  "measurement_model": "dephasing",
  "f": 0.3,
  "schedule": "post",
  "sigma": 0.5554372254289213,
  "sigma_err": 0.13942962325039912,
  "visibility": 3.5131282388516335e-16,
  "visibility_err": 2.6089122177951148e-31,
  "coherence": {
    "C": 0.24753421763345373,
    "P_entropy": 0.35995650639322163
  },
  "twist_scan": {
    "phi_values": [
      0.0,
      0.09817477042468103,
      0.19634954084936207,
      0.2945243112740431,
      0.39269908169872414,
      0.4908738521234052,
      0.5890486225480862,
      0.6872233929727672,
      0.7853981633974483,
      0.8835729338221293,
      0.9817477042468103,
      1.0799224746714913,
      1.1780972450961724,
      1.2762720155208536,
      1.3744467859455345,
      1.4726215563702154,
      1.5707963267948966,
      1.6689710972195777,
      1.7671458676442586,
      1.8653206380689396,
      1.9634954084936207,
      2.061670178918302,
      2.1598449493429825,
      2.2580197197676637,
      2.356194490192345,
      2.454369260617026,
      2.552544031041707,
      2.650718801466388,
      2.748893571891069,
      2.84706834231575,
      2.945243112740431,
      3.043417883165112,
      3.141592653589793,
      3.2397674240144743,
      3.3379421944391554,
      3.436116964863836,
      3.5342917352885173,
      3.6324665057131984,
      3.730641276137879,
      3.8288160465625602,
      3.9269908169872414,
      4.025165587411922,
      4.123340357836604,
      4.221515128261284,
      4.319689898685965,
      4.417864669110647,
      4.516039439535327,
      4.614214209960009,
      4.71238898038469,
      4.81056375080937,
      4.908738521234052,
      5.006913291658733,
      5.105088062083414,
      5.203262832508095,
      5.301437602932776,
      5.399612373357457,
      5.497787143782138,
      5.595961914206819,
      5.6941366846315,
      5.792311455056181,
      5.890486225480862,
      5.988660995905543,
      6.086835766330224,
      6.1850105367549055
    ],
    "mean_I": [
      0.628294541282628,
      0.18206001053029938,
      -0.19549959429928282,
      -0.3329801061484969,
      -0.16796824690511886,
      0.22462404919199908,
      0.6665680875341224,
      0.9572305143166124,
      0.9646566645797809,
      0.685475221360633,
      0.24642872311087263,
      -0.15316489898871824,
      -0.33189849469908556,
      -0.20863074830193937,
      0.1606773604633499,
      0.6083676712405842,
      0.9311981426753262,
      0.9826104900642426,
      0.739264582556598,
      0.31163437459478144,
      -0.1061449597539076,
      -0.3244103370930138,
      -0.24407383932490806,
      0.09839344313679321,
      0.5475185239239373,
      0.8994080060939273,
      0.9943114215983881,
      0.7891446039179508,
      0.3770489989131986,
      -0.05489260431339322,
      -0.31058774838147096,
      -0.2739561836323099,
      0.038372125384038676,
      0.4846066561363677,
      0.8621662609659503,
      0.9996467728151641,
      0.8346349135717864,
      0.4420426174746678,
      9.857913254536966e-05,
      -0.29056384764994486,
      -0.297989997913114,
      -0.018808554693968405,
      0.42023794355579464,
      0.8198315656553853,
      0.9985651613657522,
      0.875297414968606,
      0.5059893062033188,
      0.058298995426081315,
      -0.2645314760086593,
      -0.3159438233975762,
      -0.07259791588993099,
      0.3550322920718849,
      0.7728116264205757,
      0.9910770037596806,
      0.9107405059915761,
      0.5682732235298723,
      0.11914814274273013,
      -0.232741339427259,
      -0.32764475493172124,
      -0.12247793725128399,
      0.28961766775346603,
      0.7215592709800598,
      0.9772544150481373,
      0.9406228502989765
    ],
    "fit": {
      "A": 7.84695485645114e-17,
      "I0": 0.3333333333333334,
      "phi0": -3.097851095756972,
      "R2": 0.0,
      "visibility_fit": 2.3540864569353413e-16,
      "visibility_fourier": 3.5131282388516335e-16,
      "visibility": 3.5131282388516335e-16
    },
    "cycles": 8,
    "per_cycle_V": [
      3.6415250585231722e-16,
      3.6415250585231722e-16,
      3.6415250585231722e-16,
      3.6415250585231722e-16,
      3.6415250585231722e-16,
      3.6415250585231722e-16,
      3.6415250585231722e-16,
      3.6415250585231722e-16
    ]
  },
  "diagnostics": {
    "measured_link_count": 38,
    "selection_policy": "uniform",
    "num_links": 128,
    "visibility_qc": {
      "r2_ok": false,
      "v_in_unit_interval": true,
      "i0_very_small": false
    },
    "hybrid_knobs": {
      "kick_passes": 3,
      "loop_measurement_cycles": 4
    }
  },
  "artifacts": {
    "kernel_hash": "59ad205957406ba8769e06c45a6e3db43b483f8e2d8e66b070b3ff98425f2b57",
    "flip_counts_hash": "c1b27689be21b2ac0fdae0da5c804f2dab3460dc84baee0f4b6cda147a262623",
    "pivot_fit_hash": "d04f83ead3fcfaea1653e658999e83d0abac9536c46d06a4e4ad9b696714687e",
    "config_hash": "09be816148e3d54a4ba01072548fde7efe2f97f681380c3e050adf0677f43c72"
  }
}