{
  "sim": "MICC",
  "gauge": "SU3",
  "rep": "fundamental",
  "L": 8,
  "b": 3.5,
  "kappa": 0.75,
  "seed": 1,
  "measurement_model": "dephasing",
  "f": 0.2,
  "schedule": "during",
  "sigma": 0.4459429325655535,
  "sigma_err": 0.02491819930445962,
  "visibility": 1.0524783344926732e-16,
  "visibility_err": 4.358037005709361e-17,
  "coherence": {
    "C": 0.2619141976214689,
    "P_entropy": 0.25399105976459274
  },
  "twist_scan": {
    "phi_values": [
      0.0,
      0.09817477042468103,
      0.19634954084936207,
      0.2945243112740431,
      0.39269908169872414,
      0.4908738521234052,
      0.5890486225480862,
      0.6872233929727672,
      0.7853981633974483,
      0.8835729338221293,
      0.9817477042468103,
      1.0799224746714913,
      1.1780972450961724,
      1.2762720155208536,
      1.3744467859455345,
      1.4726215563702154,
      1.5707963267948966,
      1.6689710972195777,
      1.7671458676442586,
      1.8653206380689396,
      1.9634954084936207,
      2.061670178918302,
      2.1598449493429825,
      2.2580197197676637,
      2.356194490192345,
      2.454369260617026,
      2.552544031041707,
      2.650718801466388,
      2.748893571891069,
      2.84706834231575,
      2.945243112740431,
      3.043417883165112,
      3.141592653589793,
      3.2397674240144743,
      3.3379421944391554,
      3.436116964863836,
      3.5342917352885173,
      3.6324665057131984,
      3.730641276137879,
      3.8288160465625602,
      3.9269908169872414,
      4.025165587411922,
      4.123340357836604,
      4.221515128261284,
      4.319689898685965,
      4.417864669110647,
      4.516039439535327,
      4.614214209960009,
      4.71238898038469,
      4.81056375080937,
      4.908738521234052,
      5.006913291658733,
      5.105088062083414,
      5.203262832508095,
      5.301437602932776,
      5.399612373357457,
      5.497787143782138,
      5.595961914206819,
      5.6941366846315,
      5.792311455056181,
      5.890486225480862,
      5.988660995905543,
      6.086835766330224,
      6.1850105367549055
    ],
    "mean_I": [
      0.3373303131266611,
      0.3514272392489766,
      0.35730991036991383,
      0.35230771678795736,
      0.33869154980982746,
      0.32264286457413005,
      0.3114474286524155,
      0.31018773589323656,
      0.31943566047321004,
      0.3349928379768482,
      0.34979663506713865,
      0.3571264373640111,
      0.3536546678668502,
      0.3409574373440347,
      0.3247990229954104,
      0.3125150071157198,
      0.3096820760957946,
      0.31758632139136983,
      0.3326393808901407,
      0.3480074802898477,
      0.3567138237596593,
      0.3548059133854136,
      0.34314990058885986,
      0.3270373714905736,
      0.3137830774409545,
      0.30940419083464255,
      0.3158886346427231,
      0.33029260694481416,
      0.346077005455661,
      0.3560760432514257,
      0.35575036621996936,
      0.34524782492473266,
      0.3293363535400055,
      0.31523942741768984,
      0.30935675629675263,
      0.3143589498787092,
      0.32797511685683917,
      0.3440238020925364,
      0.3552192380142511,
      0.35647893077343007,
      0.34723100619345654,
      0.3316738286898184,
      0.3168700315995279,
      0.3095402293026554,
      0.31301199879981645,
      0.32570922932263185,
      0.34186764367125605,
      0.3541516595509468,
      0.35698459057087184,
      0.3490803452752968,
      0.3340272857765259,
      0.3186591863768187,
      0.30995284290700725,
      0.31186075328125296,
      0.32351676607780677,
      0.33962929517609286,
      0.352883589225712,
      0.35726247583202414,
      0.35077803202394353,
      0.33637405972185247,
      0.3205896612110056,
      0.31059062341524074,
      0.3109163004466972,
      0.321418841741934
    ],
    "fit": {
      "A": 5.199630341258696e-07,
      "I0": 0.3333333333333333,
      "phi0": -0.014113350409852964,
      "R2": 4.687356058852288e-10,
      "visibility_fit": 1.5598891023776087e-06,
      "visibility_fourier": 1.0524783344926732e-16,
      "visibility": 1.0524783344926732e-16
    },
    "cycles": 16,
    "per_cycle_V": [
      2.9652254013277995e-16,
      1.1442935998957238e-16,
      2.732344356298169e-16,
      4.446208713030711e-16,
      1.0072424910850642e-16,
      5.624899620805454e-17,
      5.038033740170655e-16,
      2.5863028678517337e-16,
      3.1664923180298387e-16,
      2.1907795924152178e-16,
      1.5186572741449373e-17,
      8.927323585069053e-17,
      8.3300111781182e-17,
      5.772642623856094e-16,
      4.320563477955953e-16,
      3.9142143061097587e-16
    ]
  },
  "diagnostics": {
    "measured_link_count": 26,
    "selection_policy": "uniform",
    "num_links": 128,
    "creutz_sizes": [
      [
        2,
        2
      ],
      [
        3,
        3
      ]
    ],
    "loop_sizes_measured": [
      [
        1,
        1
      ],
      [
        1,
        2
      ],
      [
        2,
        1
      ],
      [
        2,
        2
      ],
      [
        2,
        3
      ],
      [
        3,
        2
      ],
      [
        3,
        3
      ]
    ],
    "visibility_qc": {
      "r2_ok": false,
      "v_in_unit_interval": true,
      "i0_very_small": false
    },
    "hybrid_knobs": {
      "kick_passes": 3,
      "loop_measurement_cycles": 6
    }
  },
  "artifacts": {
    "kernel_hash": "59ad205957406ba8769e06c45a6e3db43b483f8e2d8e66b070b3ff98425f2b57",
    "flip_counts_hash": "2f22c538feb77f48a899689bff9bdbb91197c5203a770852a4a789b6ab244652",
    "pivot_fit_hash": "32e5af21ae29df0c4428cd8be3189fb5b9433eb374572ce92302aca28369a080",
    "config_hash": "3e53227bb97f97d3e0f7892c2fd75b0f2e140b1e74473c1589a222acbe454fae"
  }
}