{
  "sim": "MICC",
  "gauge": "SU3",
  "rep": "fundamental",
  "L": 12,
  "b": 3.5,
  "kappa": 0.75,
  "seed": 3,
  "measurement_model": "dephasing",
  "f": 0.5,
  "schedule": "during",
  "sigma": 0.6093602876660854,
  "sigma_err": 0.07349791200254101,
  "visibility": 4.3337854225991956e-17,
  "visibility_err": 1.165125192659298e-16,
  "coherence": {
    "C": 0.3403041680959983,
    "P_entropy": 0.18871200801681162
  },
  "twist_scan": {
    "phi_values": [
      0.0,
      0.09817477042468103,
      0.19634954084936207,
      0.2945243112740431,
      0.39269908169872414,
      0.4908738521234052,
      0.5890486225480862,
      0.6872233929727672,
      0.7853981633974483,
      0.8835729338221293,
      0.9817477042468103,
      1.0799224746714913,
      1.1780972450961724,
      1.2762720155208536,
      1.3744467859455345,
      1.4726215563702154,
      1.5707963267948966,
      1.6689710972195777,
      1.7671458676442586,
      1.8653206380689396,
      1.9634954084936207,
      2.061670178918302,
      2.1598449493429825,
      2.2580197197676637,
      2.356194490192345,
      2.454369260617026,
      2.552544031041707,
      2.650718801466388,
      2.748893571891069,
      2.84706834231575,
      2.945243112740431,
      3.043417883165112,
      3.141592653589793,
      3.2397674240144743,
      3.3379421944391554,
      3.436116964863836,
      3.5342917352885173,
      3.6324665057131984,
      3.730641276137879,
      3.8288160465625602,
      3.9269908169872414,
      4.025165587411922,
      4.123340357836604,
      4.221515128261284,
      4.319689898685965,
      4.417864669110647,
      4.516039439535327,
      4.614214209960009,
      4.71238898038469,
      4.81056375080937,
      4.908738521234052,
      5.006913291658733,
      5.105088062083414,
      5.203262832508095,
      5.301437602932776,
      5.399612373357457,
      5.497787143782138,
      5.595961914206819,
      5.6941366846315,
      5.792311455056181,
      5.890486225480862,
      5.988660995905543,
      6.086835766330224,
      6.1850105367549055
    ],
    "mean_I": [
      0.31736543595044375,
      0.3816480459480166,
      0.3948520264507176,
      0.3430180430973199,
      0.28094532137564904,
      0.27425754779803907,
      0.330025080237477,
      0.3892901194406651,
      0.3893972791777223,
      0.3302332694752702,
      0.2743466675156579,
      0.2808211536260005,
      0.3428118588356945,
      0.39478180502413607,
      0.3817880259069502,
      0.31756762956875023,
      0.27001483814293653,
      0.28940277307094514,
      0.3552343830144744,
      0.3979120603012294,
      0.37231668597427847,
      0.3055078568163944,
      0.26811630303096107,
      0.2996726193102309,
      0.36681526213625837,
      0.3985605913171139,
      0.3613472376617313,
      0.29451740152187783,
      0.2687240218193738,
      0.31123602791227906,
      0.37710944951102765,
      0.3967024753885494,
      0.34930123071622254,
      0.28501862071864964,
      0.27181464021594853,
      0.32364862356934615,
      0.38572134529101726,
      0.3924091188686272,
      0.33664158642918945,
      0.27737654722600125,
      0.277269387488944,
      0.3364333971913957,
      0.3923199991510084,
      0.3858455130406659,
      0.3238548078309721,
      0.2718848616425303,
      0.2848786407597159,
      0.34909903709791623,
      0.3966518285237297,
      0.37726389359572143,
      0.3114322836521917,
      0.2687546063654368,
      0.29434998069238794,
      0.3611588098502718,
      0.3985503636357051,
      0.36699404735643515,
      0.29985140453040804,
      0.2681060753495525,
      0.3053194290049349,
      0.37214926514478847,
      0.3979426448472925,
      0.3554306387543873,
      0.28955721715563876,
      0.269964191278117
    ],
    "fit": {
      "A": 7.635879176656384e-17,
      "I0": 0.33333333333333315,
      "phi0": 1.5175753296633718,
      "R2": 0.0,
      "visibility_fit": 2.2907637529969164e-16,
      "visibility_fourier": 4.3337854225991956e-17,
      "visibility": 4.3337854225991956e-17
    },
    "cycles": 8,
    "per_cycle_V": [
      1.6555990828979727e-16,
      5.449692474595581e-16,
      6.874332896177166e-16,
      3.112844698801479e-16,
      1.0034615307438237e-15,
      1.063555692085382e-15,
      6.640736093815852e-16,
      9.789625911376169e-16
    ]
  },
  "diagnostics": {
    "measured_link_count": 144,
    "selection_policy": "uniform",
    "num_links": 288,
    "visibility_qc": {
      "r2_ok": false,
      "v_in_unit_interval": true,
      "i0_very_small": false
    },
    "hybrid_knobs": {
      "kick_passes": 3,
      "loop_measurement_cycles": 4
    }
  },
  "artifacts": {
    "kernel_hash": "c776a5135c116bb3a99eaad342348026ed00e0c6d5dcf8a66155f4c58107111d",
    "flip_counts_hash": "f9f0d5ea10777d9547c57c830847aa737adfb2a8c3d087b6a31b748452bdd993",
    "pivot_fit_hash": "32e5af21ae29df0c4428cd8be3189fb5b9433eb374572ce92302aca28369a080",
    "config_hash": "09be816148e3d54a4ba01072548fde7efe2f97f681380c3e050adf0677f43c72"
  }
}