{
  "sim": "MICC",
  "gauge": "SU3",
  "rep": "fundamental",
  "L": 12,
  "b": 3.5,
  "kappa": 0.75,
  "seed": 0,
  "measurement_model": "dephasing",
  "f": 0.0,
  "schedule": "pre",
  "sigma": 0.4014749505902672,
  "sigma_err": 0.06042908099458438,
  "visibility": 1.009650138914709e-15,
  "visibility_err": 7.638112870987716e-31,
  "coherence": {
    "C": 0.24525708616658604,
    "P_entropy": 0.3604232404362525
  },
  "twist_scan": {
    "phi_values": [
      0.0,
      0.09817477042468103,
      0.19634954084936207,
      0.2945243112740431,
      0.39269908169872414,
      0.4908738521234052,
      0.5890486225480862,
      0.6872233929727672,
      0.7853981633974483,
      0.8835729338221293,
      0.9817477042468103,
      1.0799224746714913,
      1.1780972450961724,
      1.2762720155208536,
      1.3744467859455345,
      1.4726215563702154,
      1.5707963267948966,
      1.6689710972195777,
      1.7671458676442586,
      1.8653206380689396,
      1.9634954084936207,
      2.061670178918302,
      2.1598449493429825,
      2.2580197197676637,
      2.356194490192345,
      2.454369260617026,
      2.552544031041707,
      2.650718801466388,
      2.748893571891069,
      2.84706834231575,
      2.945243112740431,
      3.043417883165112,
      3.141592653589793,
      3.2397674240144743,
      3.3379421944391554,
      3.436116964863836,
      3.5342917352885173,
      3.6324665057131984,
      3.730641276137879,
      3.8288160465625602,
      3.9269908169872414,
      4.025165587411922,
      4.123340357836604,
      4.221515128261284,
      4.319689898685965,
      4.417864669110647,
      4.516039439535327,
      4.614214209960009,
      4.71238898038469,
      4.81056375080937,
      4.908738521234052,
      5.006913291658733,
      5.105088062083414,
      5.203262832508095,
      5.301437602932776,
      5.399612373357457,
      5.497787143782138,
      5.595961914206819,
      5.6941366846315,
      5.792311455056181,
      5.890486225480862,
      5.988660995905543,
      6.086835766330224,
      6.1850105367549055
    ],
    "mean_I": [
      0.257543593336298,
      0.8817420780263343,
      0.926159258720613,
      0.3438370021071648,
      -0.24958980168457587,
      -0.22674646277614408,
      0.38821689185488706,
      0.9451569902277283,
      0.8552731255577135,
      0.21359110618736124,
      -0.30149864916482366,
      -0.1454398894855157,
      0.5167810459985474,
      0.9850598624093325,
      0.764329138886838,
      0.08794683690456398,
      -0.3290112595755443,
      -0.04573432974107398,
      0.6382954074231455,
      0.9999172495709918,
      0.6568222251137732,
      -0.028267366934810703,
      -0.33107033872790426,
      0.06853858771172017,
      0.7480902473651747,
      0.989158190656207,
      0.5368838146442474,
      -0.1305854586508866,
      -0.30759675736482295,
      0.19298741874015135,
      0.8419462116993155,
      0.9531961502653203,
      0.4091230733303694,
      -0.21507541135966776,
      -0.25949259205394604,
      0.3228296645594998,
      0.9162564683512425,
      0.8934131294428106,
      0.27844977481178146,
      -0.27849032356106124,
      -0.18860645889104713,
      0.45307556047930125,
      0.9681653158314898,
      0.8121065561521822,
      0.14988562066812297,
      -0.3183931957426648,
      -0.09766247222017334,
      0.5787198297621046,
      0.9956779262422105,
      0.7124009964077432,
      0.028371259243519898,
      -0.33325058290432563,
      0.0098444415528945,
      0.6949340336014765,
      0.9977370053945706,
      0.5981280789549437,
      -0.08142358069850728,
      -0.32249152398954106,
      0.12978285202241896,
      0.7972521253175521,
      0.9742634240314909,
      0.4736792479265155,
      -0.1752795450326484,
      -0.2865294835986535
    ],
    "fit": {
      "A": 3.358975218358501e-16,
      "I0": 0.3333333333333333,
      "phi0": 0.8789713221681209,
      "R2": 1.1102230246251565e-16,
      "visibility_fit": 1.0076925655075505e-15,
      "visibility_fourier": 1.009650138914709e-15,
      "visibility": 1.009650138914709e-15
    },
    "cycles": 16,
    "per_cycle_V": [
      9.166960656937223e-16,
      9.166960656937223e-16,
      9.166960656937223e-16,
      9.166960656937223e-16,
      9.166960656937223e-16,
      9.166960656937223e-16,
      9.166960656937223e-16,
      9.166960656937223e-16,
      9.166960656937223e-16,
      9.166960656937223e-16,
      9.166960656937223e-16,
      9.166960656937223e-16,
      9.166960656937223e-16,
      9.166960656937223e-16,
      9.166960656937223e-16,
      9.166960656937223e-16
    ]
  },
  "diagnostics": {
    "measured_link_count": 0,
    "selection_policy": "uniform",
    "num_links": 288,
    "creutz_sizes": [
      [
        2,
        2
      ],
      [
        3,
        3
      ]
    ],
    "loop_sizes_measured": [
      [
        1,
        1
      ],
      [
        1,
        2
      ],
      [
        2,
        1
      ],
      [
        2,
        2
      ],
      [
        2,
        3
      ],
      [
        3,
        2
      ],
      [
        3,
        3
      ]
    ],
    "visibility_qc": {
      "r2_ok": false,
      "v_in_unit_interval": true,
      "i0_very_small": false
    },
    "hybrid_knobs": {
      "kick_passes": 3,
      "loop_measurement_cycles": 6
    }
  },
  "artifacts": {
    "kernel_hash": "c776a5135c116bb3a99eaad342348026ed00e0c6d5dcf8a66155f4c58107111d",
    "flip_counts_hash": "526d3d4f7381a97e02c3ef4c6b8d2598448ee2e98060a326f334d01ae3e48798",
    "pivot_fit_hash": "32e5af21ae29df0c4428cd8be3189fb5b9433eb374572ce92302aca28369a080",
    "config_hash": "3e53227bb97f97d3e0f7892c2fd75b0f2e140b1e74473c1589a222acbe454fae"
  }
}