{
  "sim": "MICC",
  "gauge": "SU3",
  "rep": "fundamental",
  "L": 12,
  "b": 3.0,
  "kappa": 1.0,
  "seed": 1,
  "measurement_model": "dephasing",
  "f": 0.3,
  "schedule": "pre",
  "sigma": 0.2846413536917931,
  "sigma_err": 0.046461076048928365,
  "visibility": 5.484101745868751e-16,
  "visibility_err": 0.0,
  "coherence": {
    "C": 0.2653292215200087,
    "P_entropy": 0.287668913668956
  },
  "twist_scan": {
    "phi_values": [
      0.0,
      0.09817477042468103,
      0.19634954084936207,
      0.2945243112740431,
      0.39269908169872414,
      0.4908738521234052,
      0.5890486225480862,
      0.6872233929727672,
      0.7853981633974483,
      0.8835729338221293,
      0.9817477042468103,
      1.0799224746714913,
      1.1780972450961724,
      1.2762720155208536,
      1.3744467859455345,
      1.4726215563702154,
      1.5707963267948966,
      1.6689710972195777,
      1.7671458676442586,
      1.8653206380689396,
      1.9634954084936207,
      2.061670178918302,
      2.1598449493429825,
      2.2580197197676637,
      2.356194490192345,
      2.454369260617026,
      2.552544031041707,
      2.650718801466388,
      2.748893571891069,
      2.84706834231575,
      2.945243112740431,
      3.043417883165112,
      3.141592653589793,
      3.2397674240144743,
      3.3379421944391554,
      3.436116964863836,
      3.5342917352885173,
      3.6324665057131984,
      3.730641276137879,
      3.8288160465625602,
      3.9269908169872414,
      4.025165587411922,
      4.123340357836604,
      4.221515128261284,
      4.319689898685965,
      4.417864669110647,
      4.516039439535327,
      4.614214209960009,
      4.71238898038469,
      4.81056375080937,
      4.908738521234052,
      5.006913291658733,
      5.105088062083414,
      5.203262832508095,
      5.301437602932776,
      5.399612373357457,
      5.497787143782138,
      5.595961914206819,
      5.6941366846315,
      5.792311455056181,
      5.890486225480862,
      5.988660995905543,
      6.086835766330224,
      6.1850105367549055
    ],
    "mean_I": [
      0.69208666099715,
      0.9980070118412844,
      0.6012300118750771,
      -0.07876910503241427,
      -0.3230908345757112,
      0.12656335024699267,
      0.7948161106414422,
      0.9751862670685565,
      0.47698531299517916,
      -0.1730854514995119,
      -0.28776697160369363,
      0.25418280418828465,
      0.8798110359563076,
      0.9276994740076568,
      0.3472201490978352,
      -0.24794040806840908,
      -0.22857457223000963,
      0.38484396857649555,
      0.9438051296275972,
      0.8573715234850154,
      0.21692132265847713,
      -0.3004573407373092,
      -0.14778836716711125,
      0.5135256081398063,
      0.9843391345238284,
      0.766905079198846,
      0.09109614450474518,
      -0.32861805323557725,
      -0.04851292497013785,
      0.6352825596352981,
      0.9998553515685663,
      0.6597767158689034,
      -0.02541999433048248,
      -0.3313403451746172,
      0.06543665479159054,
      0.7454357716990797,
      0.9897575012423784,
      0.5401033164196745,
      -0.12814944397477415,
      -0.3085196004018901,
      0.1896813536714865,
      0.8397521181661773,
      0.9544336382703595,
      0.41248386247838265,
      -0.21314436928963787,
      -0.2610328073409899,
      0.3194465175688288,
      0.9146070747350773,
      0.8952412388966772,
      0.2818226980901751,
      -0.2771384629609316,
      -0.19070485681834895,
      0.4497453440081918,
      0.9671240074039749,
      0.8144550338337792,
      0.15314105852685872,
      -0.3176724678571602,
      -0.10023841253218208,
      0.5755705221619211,
      0.9952847199022439,
      0.7151795916368081,
      0.03138410703136967,
      -0.3331886849018986,
      0.006889950797765484
    ],
    "fit": {
      "A": 1.9012952640792863e-16,
      "I0": 0.3333333333333336,
      "phi0": 0.9595082796506446,
      "R2": 1.1102230246251565e-16,
      "visibility_fit": 5.703885792237855e-16,
      "visibility_fourier": 5.484101745868751e-16,
      "visibility": 5.484101745868751e-16
    },
    "cycles": 16,
    "per_cycle_V": [
      7.419559940312604e-16,
      7.419559940312604e-16,
      7.419559940312604e-16,
      7.419559940312604e-16,
      7.419559940312604e-16,
      7.419559940312604e-16,
      7.419559940312604e-16,
      7.419559940312604e-16,
      7.419559940312604e-16,
      7.419559940312604e-16,
      7.419559940312604e-16,
      7.419559940312604e-16,
      7.419559940312604e-16,
      7.419559940312604e-16,
      7.419559940312604e-16,
      7.419559940312604e-16
    ]
  },
  "diagnostics": {
    "measured_link_count": 86,
    "selection_policy": "uniform",
    "num_links": 288,
    "creutz_sizes": [
      [
        2,
        2
      ],
      [
        3,
        3
      ]
    ],
    "loop_sizes_measured": [
      [
        1,
        1
      ],
      [
        1,
        2
      ],
      [
        2,
        1
      ],
      [
        2,
        2
      ],
      [
        2,
        3
      ],
      [
        3,
        2
      ],
      [
        3,
        3
      ]
    ],
    "visibility_qc": {
      "r2_ok": false,
      "v_in_unit_interval": true,
      "i0_very_small": false
    },
    "hybrid_knobs": {
      "kick_passes": 3,
      "loop_measurement_cycles": 6
    }
  },
  "artifacts": {
    "kernel_hash": "c776a5135c116bb3a99eaad342348026ed00e0c6d5dcf8a66155f4c58107111d",
    "flip_counts_hash": "1045813912820017453b344ca74f8b8f873bba658c2e9b55c71942b9dd07c053",
    "pivot_fit_hash": "e730f86cf82cf01e0490c7477184968845e3929e6af95e60cac897b00c6a8382",
    "config_hash": "3e53227bb97f97d3e0f7892c2fd75b0f2e140b1e74473c1589a222acbe454fae"
  }
}