{
  "sim": "MICC",
  "gauge": "SU3",
  "rep": "fundamental",
  "L": 8,
  "b": 3.0,
  "kappa": 1.0,
  "seed": 4,
  "measurement_model": "dephasing",
  "f": 0.5,
  "schedule": "during",
  "sigma": 0.8355915628550252,
  "sigma_err": 0.0677985590040707,
  "visibility": 2.15738797213362e-16,
  "visibility_err": 4.123059802466544e-17,
  "coherence": {
    "C": 0.37495607402147874,
    "P_entropy": 0.18732095004465657
  },
  "twist_scan": {
    "phi_values": [
      0.0,
      0.09817477042468103,
      0.19634954084936207,
      0.2945243112740431,
      0.39269908169872414,
      0.4908738521234052,
      0.5890486225480862,
      0.6872233929727672,
      0.7853981633974483,
      0.8835729338221293,
      0.9817477042468103,
      1.0799224746714913,
      1.1780972450961724,
      1.2762720155208536,
      1.3744467859455345,
      1.4726215563702154,
      1.5707963267948966,
      1.6689710972195777,
      1.7671458676442586,
      1.8653206380689396,
      1.9634954084936207,
      2.061670178918302,
      2.1598449493429825,
      2.2580197197676637,
      2.356194490192345,
      2.454369260617026,
      2.552544031041707,
      2.650718801466388,
      2.748893571891069,
      2.84706834231575,
      2.945243112740431,
      3.043417883165112,
      3.141592653589793,
      3.2397674240144743,
      3.3379421944391554,
      3.436116964863836,
      3.5342917352885173,
      3.6324665057131984,
      3.730641276137879,
      3.8288160465625602,
      3.9269908169872414,
      4.025165587411922,
      4.123340357836604,
      4.221515128261284,
      4.319689898685965,
      4.417864669110647,
      4.516039439535327,
      4.614214209960009,
      4.71238898038469,
      4.81056375080937,
      4.908738521234052,
      5.006913291658733,
      5.105088062083414,
      5.203262832508095,
      5.301437602932776,
      5.399612373357457,
      5.497787143782138,
      5.595961914206819,
      5.6941366846315,
      5.792311455056181,
      5.890486225480862,
      5.988660995905543,
      6.086835766330224,
      6.1850105367549055
    ],
    "mean_I": [
      0.42201944446450884,
      0.2942018825207013,
      0.1841491811353291,
      0.14182296589573587,
      0.1864384536181344,
      0.2977411456403095,
      0.4252019467590203,
      0.51095631805435,
      0.5160735678013174,
      0.4382305715997351,
      0.31276642228296997,
      0.19663922059630667,
      0.1425682882659644,
      0.17510069812378057,
      0.2794674162404684,
      0.4082881345573756,
      0.5030809401780201,
      0.5208118811577929,
      0.4534314809877927,
      0.331529032641671,
      0.2104456990875445,
      0.14515078230297307,
      0.16528680940525184,
      0.2617124450683369,
      0.3906524666454813,
      0.4935708000542951,
      0.5237446736125196,
      0.46747577956161196,
      0.35030901940236353,
      0.22543565267378374,
      0.1495455771774509,
      0.15709130057572507,
      0.24464722220215776,
      0.3724647841459654,
      0.4825174855313377,
      0.5248437007709309,
      0.4802282130485325,
      0.36892552102635723,
      0.24146471990764667,
      0.15571034861231697,
      0.1505930988653492,
      0.2284360950669311,
      0.35390024438369694,
      0.47002744607036,
      0.5240983784007023,
      0.49156596854288626,
      0.38719925042619885,
      0.25837853210929074,
      0.16358572648864675,
      0.14585478550887385,
      0.21323518567887437,
      0.3351376340249955,
      0.4562209675791225,
      0.5215158843636936,
      0.5013798572614151,
      0.4049542215983295,
      0.27601420002118565,
      0.17309586661237217,
      0.14292199305414732,
      0.19919088710505475,
      0.31635764726430265,
      0.4412310139928829,
      0.5171210894892159,
      0.5095753660909417
    ],
    "fit": {
      "A": 0.0008038570212501472,
      "I0": 0.3333333333333334,
      "phi0": 1.8359601525231115,
      "R2": 1.4259072381173077e-05,
      "visibility_fit": 0.002411571063750441,
      "visibility_fourier": 2.15738797213362e-16,
      "visibility": 2.15738797213362e-16
    },
    "cycles": 16,
    "per_cycle_V": [
      7.369289546134599e-17,
      4.964596701902034e-16,
      4.221522400370251e-16,
      4.928685291847149e-16,
      1.4366362021120613e-16,
      1.6453720858916208e-16,
      3.326988800014503e-16,
      1.4012657719410518e-16,
      7.714919374791661e-17,
      1.3368648043306386e-16,
      4.2614908433887885e-16,
      4.0846107804784175e-16,
      4.715808359633438e-16,
      4.996893974860777e-16,
      1.9506963559031549e-16,
      4.0854446995716225e-16
    ]
  },
  "diagnostics": {
    "measured_link_count": 64,
    "selection_policy": "uniform",
    "num_links": 128,
    "creutz_sizes": [
      [
        2,
        2
      ],
      [
        3,
        3
      ]
    ],
    "loop_sizes_measured": [
      [
        1,
        1
      ],
      [
        1,
        2
      ],
      [
        2,
        1
      ],
      [
        2,
        2
      ],
      [
        2,
        3
      ],
      [
        3,
        2
      ],
      [
        3,
        3
      ]
    ],
    "visibility_qc": {
      "r2_ok": false,
      "v_in_unit_interval": true,
      "i0_very_small": false
    },
    "hybrid_knobs": {
      "kick_passes": 3,
      "loop_measurement_cycles": 6
    }
  },
  "artifacts": {
    "kernel_hash": "59ad205957406ba8769e06c45a6e3db43b483f8e2d8e66b070b3ff98425f2b57",
    "flip_counts_hash": "b3326e9c852a05e144e201e0a4a89d13606dfe15c97d7e29e97870d36629453e",
    "pivot_fit_hash": "e730f86cf82cf01e0490c7477184968845e3929e6af95e60cac897b00c6a8382",
    "config_hash": "3e53227bb97f97d3e0f7892c2fd75b0f2e140b1e74473c1589a222acbe454fae"
  }
}