{
  "sim": "MICC",
  "gauge": "SU3",
  "rep": "fundamental",
  "L": 8,
  "b": 3.0,
  "kappa": 0.75,
  "seed": 1,
  "measurement_model": "dephasing",
  "f": 0.2,
  "schedule": "during",
  "sigma": 0.41774130182304436,
  "sigma_err": 0.0672364822815441,
  "visibility": 1.0360304885293635e-16,
  "visibility_err": 5.442256118935255e-17,
  "coherence": {
    "C": 0.28178300117031335,
    "P_entropy": 0.2436317601194838
  },
  "twist_scan": {
    "phi_values": [
      0.0,
      0.09817477042468103,
      0.19634954084936207,
      0.2945243112740431,
      0.39269908169872414,
      0.4908738521234052,
      0.5890486225480862,
      0.6872233929727672,
      0.7853981633974483,
      0.8835729338221293,
      0.9817477042468103,
      1.0799224746714913,
      1.1780972450961724,
      1.2762720155208536,
      1.3744467859455345,
      1.4726215563702154,
      1.5707963267948966,
      1.6689710972195777,
      1.7671458676442586,
      1.8653206380689396,
      1.9634954084936207,
      2.061670178918302,
      2.1598449493429825,
      2.2580197197676637,
      2.356194490192345,
      2.454369260617026,
      2.552544031041707,
      2.650718801466388,
      2.748893571891069,
      2.84706834231575,
      2.945243112740431,
      3.043417883165112,
      3.141592653589793,
      3.2397674240144743,
      3.3379421944391554,
      3.436116964863836,
      3.5342917352885173,
      3.6324665057131984,
      3.730641276137879,
      3.8288160465625602,
      3.9269908169872414,
      4.025165587411922,
      4.123340357836604,
      4.221515128261284,
      4.319689898685965,
      4.417864669110647,
      4.516039439535327,
      4.614214209960009,
      4.71238898038469,
      4.81056375080937,
      4.908738521234052,
      5.006913291658733,
      5.105088062083414,
      5.203262832508095,
      5.301437602932776,
      5.399612373357457,
      5.497787143782138,
      5.595961914206819,
      5.6941366846315,
      5.792311455056181,
      5.890486225480862,
      5.988660995905543,
      6.086835766330224,
      6.1850105367549055
    ],
    "mean_I": [
      0.3347133937586856,
      0.47577143516436665,
      0.5521655562530506,
      0.5292144232013923,
      0.41733737058180664,
      0.26732424130075955,
      0.14727785976853516,
      0.11169677342402018,
      0.1767340515836204,
      0.3128641296793974,
      0.4582867982900397,
      0.5469832061781262,
      0.538687038513916,
      0.4371645819712603,
      0.2885049093183967,
      0.1601964039527603,
      0.11048844479965174,
      0.16194740608392702,
      0.2912119952209016,
      0.43959879124166756,
      0.539743291034806,
      0.5461819853877965,
      0.4559918416763968,
      0.3101172995650072,
      0.17478235141319304,
      0.11142623427127012,
      0.14881130075272314,
      0.26996551227429394,
      0.41988738974303,
      0.5305155351636598,
      0.5516270833874835,
      0.47363783289422784,
      0.3319532729079812,
      0.19089523150230003,
      0.11450111041361605,
      0.13745224346527415,
      0.2493292960848597,
      0.39934242536590714,
      0.5193888068981314,
      0.5549698932426465,
      0.4899326150830465,
      0.3538025369872701,
      0.2083798683766268,
      0.11968346048854035,
      0.1279796281527504,
      0.22950208469540628,
      0.3781617573482693,
      0.5064702627139068,
      0.556178221867015,
      0.5047192605827402,
      0.37545467144576494,
      0.2270678754249993,
      0.1269233756318606,
      0.12048468127887033,
      0.21067482499026974,
      0.3565493671016599,
      0.4918843152534735,
      0.5552404323953963,
      0.5178553659139433,
      0.3967011543923729,
      0.24677927692363738,
      0.1361511315030069,
      0.11503958327918334,
      0.19302883377243912
    ],
    "fit": {
      "A": 1.166428495708145e-06,
      "I0": 0.33333333333333326,
      "phi0": -1.971983714982685,
      "R2": 2.826294753788261e-11,
      "visibility_fit": 3.499285487124436e-06,
      "visibility_fourier": 1.0360304885293635e-16,
      "visibility": 1.0360304885293635e-16
    },
    "cycles": 8,
    "per_cycle_V": [
      1.9950359955774678e-16,
      1.2025247995805814e-16,
      2.270258769745005e-16,
      3.6256686819991966e-16,
      3.1227844118607786e-16,
      2.0238329631777607e-17,
      4.784605193088857e-16,
      4.1323210543200974e-16
    ]
  },
  "diagnostics": {
    "measured_link_count": 26,
    "selection_policy": "uniform",
    "num_links": 128,
    "visibility_qc": {
      "r2_ok": false,
      "v_in_unit_interval": true,
      "i0_very_small": false
    },
    "hybrid_knobs": {
      "kick_passes": 3,
      "loop_measurement_cycles": 4
    }
  },
  "artifacts": {
    "kernel_hash": "59ad205957406ba8769e06c45a6e3db43b483f8e2d8e66b070b3ff98425f2b57",
    "flip_counts_hash": "2f22c538feb77f48a899689bff9bdbb91197c5203a770852a4a789b6ab244652",
    "pivot_fit_hash": "d04f83ead3fcfaea1653e658999e83d0abac9536c46d06a4e4ad9b696714687e",
    "config_hash": "09be816148e3d54a4ba01072548fde7efe2f97f681380c3e050adf0677f43c72"
  }
}