{
  "sim": "MICC",
  "gauge": "SU3",
  "rep": "fundamental",
  "L": 8,
  "b": 3.0,
  "kappa": 1.0,
  "seed": 0,
  "measurement_model": "dephasing",
  "f": 0.0,
  "schedule": "pre",
  "sigma": 0.5052909851639518,
  "sigma_err": 0.0917452999391482,
  "visibility": 3.0469962320557146e-16,
  "visibility_err": 3.819056435493858e-31,
  "coherence": {
    "C": 0.24753421763352496,
    "P_entropy": 0.35995650639322163
  },
  "twist_scan": {
    "phi_values": [
      0.0,
      0.09817477042468103,
      0.19634954084936207,
      0.2945243112740431,
      0.39269908169872414,
      0.4908738521234052,
      0.5890486225480862,
      0.6872233929727672,
      0.7853981633974483,
      0.8835729338221293,
      0.9817477042468103,
      1.0799224746714913,
      1.1780972450961724,
      1.2762720155208536,
      1.3744467859455345,
      1.4726215563702154,
      1.5707963267948966,
      1.6689710972195777,
      1.7671458676442586,
      1.8653206380689396,
      1.9634954084936207,
      2.061670178918302,
      2.1598449493429825,
      2.2580197197676637,
      2.356194490192345,
      2.454369260617026,
      2.552544031041707,
      2.650718801466388,
      2.748893571891069,
      2.84706834231575,
      2.945243112740431,
      3.043417883165112,
      3.141592653589793,
      3.2397674240144743,
      3.3379421944391554,
      3.436116964863836,
      3.5342917352885173,
      3.6324665057131984,
      3.730641276137879,
      3.8288160465625602,
      3.9269908169872414,
      4.025165587411922,
      4.123340357836604,
      4.221515128261284,
      4.319689898685965,
      4.417864669110647,
      4.516039439535327,
      4.614214209960009,
      4.71238898038469,
      4.81056375080937,
      4.908738521234052,
      5.006913291658733,
      5.105088062083414,
      5.203262832508095,
      5.301437602932776,
      5.399612373357457,
      5.497787143782138,
      5.595961914206819,
      5.6941366846315,
      5.792311455056181,
      5.890486225480862,
      5.988660995905543,
      6.086835766330224,
      6.1850105367549055
    ],
    "mean_I": [
      0.6282945412835516,
      0.18206001053130239,
      -0.1954995942986559,
      -0.33298010614853035,
      -0.16796824690579773,
      0.22462404919098275,
      0.6665680875332302,
      0.9572305143162492,
      0.9646566645801115,
      0.6854752213615073,
      0.24642872311189382,
      -0.15316489898801405,
      -0.33189849469901817,
      -0.20863074830253894,
      0.16067736046235453,
      0.6083676712396457,
      0.9311981426748699,
      0.9826104900644755,
      0.7392645825574148,
      0.3116343745958109,
      -0.10614495975313293,
      -0.32441033709284606,
      -0.24407383932542281,
      0.09839344313582907,
      0.5475185239229619,
      0.899408006093383,
      0.9943114215985228,
      0.7891446039187021,
      0.3770489989142263,
      -0.0548926043125558,
      -0.3105877483812041,
      -0.27395618363273494,
      0.0383721253831147,
      0.4846066561353641,
      0.8621662609653226,
      0.9996467728151971,
      0.8346349135724652,
      0.4420426174756838,
      9.857913343754478e-05,
      -0.29056384764958226,
      -0.29798999791344494,
      -0.01880855469484288,
      0.4202379435547731,
      0.819831565654681,
      0.9985651613656844,
      0.8752974149692055,
      0.5059893062043138,
      0.058298995427019634,
      -0.2645314760082035,
      -0.3159438233978102,
      -0.07259791589074822,
      0.3550322920708551,
      0.7728116264198005,
      0.9910770037595124,
      0.91074050599209,
      0.5682732235308362,
      0.11914814274370557,
      -0.23274133942671463,
      -0.3276447549318554,
      -0.12247793725203591,
      0.28961766775243775,
      0.7215592709792221,
      0.9772544150478703,
      0.9406228502994015
    ],
    "fit": {
      "A": 7.284099021390724e-17,
      "I0": 0.33333333333333326,
      "phi0": -2.951910735313216,
      "R2": 0.0,
      "visibility_fit": 2.1852297064172176e-16,
      "visibility_fourier": 3.0469962320557146e-16,
      "visibility": 3.0469962320557146e-16
    },
    "cycles": 16,
    "per_cycle_V": [
      3.8185988387682036e-16,
      3.8185988387682036e-16,
      3.8185988387682036e-16,
      3.8185988387682036e-16,
      3.8185988387682036e-16,
      3.8185988387682036e-16,
      3.8185988387682036e-16,
      3.8185988387682036e-16,
      3.8185988387682036e-16,
      3.8185988387682036e-16,
      3.8185988387682036e-16,
      3.8185988387682036e-16,
      3.8185988387682036e-16,
      3.8185988387682036e-16,
      3.8185988387682036e-16,
      3.8185988387682036e-16
    ]
  },
  "diagnostics": {
    "measured_link_count": 0,
    "selection_policy": "uniform",
    "num_links": 128,
    "creutz_sizes": [
      [
        2,
        2
      ],
      [
        3,
        3
      ]
    ],
    "loop_sizes_measured": [
      [
        1,
        1
      ],
      [
        1,
        2
      ],
      [
        2,
        1
      ],
      [
        2,
        2
      ],
      [
        2,
        3
      ],
      [
        3,
        2
      ],
      [
        3,
        3
      ]
    ],
    "visibility_qc": {
      "r2_ok": false,
      "v_in_unit_interval": true,
      "i0_very_small": false
    },
    "hybrid_knobs": {
      "kick_passes": 3,
      "loop_measurement_cycles": 6
    }
  },
  "artifacts": {
    "kernel_hash": "59ad205957406ba8769e06c45a6e3db43b483f8e2d8e66b070b3ff98425f2b57",
    "flip_counts_hash": "051ffecc2b526e5161a7cdb343471ea2bcf4c30d07d6aca6b7e9329b81a2e42c",
    "pivot_fit_hash": "e730f86cf82cf01e0490c7477184968845e3929e6af95e60cac897b00c6a8382",
    "config_hash": "3e53227bb97f97d3e0f7892c2fd75b0f2e140b1e74473c1589a222acbe454fae"
  }
}