{
  "sim": "MICC",
  "gauge": "SU3",
  "rep": "fundamental",
  "L": 12,
  "b": 3.5,
  "kappa": 0.75,
  "seed": 3,
  "measurement_model": "dephasing",
  "f": 0.3,
  "schedule": "during",
  "sigma": 0.7060013045785191,
  "sigma_err": 0.04674867889180379,
  "visibility": 1.0330802635800246e-16,
  "visibility_err": 6.234629970047494e-17,
  "coherence": {
    "C": 0.2841500089009478,
    "P_entropy": 0.21785815993724933
  },
  "twist_scan": {
    "phi_values": [
      0.0,
      0.09817477042468103,
      0.19634954084936207,
      0.2945243112740431,
      0.39269908169872414,
      0.4908738521234052,
      0.5890486225480862,
      0.6872233929727672,
      0.7853981633974483,
      0.8835729338221293,
      0.9817477042468103,
      1.0799224746714913,
      1.1780972450961724,
      1.2762720155208536,
      1.3744467859455345,
      1.4726215563702154,
      1.5707963267948966,
      1.6689710972195777,
      1.7671458676442586,
      1.8653206380689396,
      1.9634954084936207,
      2.061670178918302,
      2.1598449493429825,
      2.2580197197676637,
      2.356194490192345,
      2.454369260617026,
      2.552544031041707,
      2.650718801466388,
      2.748893571891069,
      2.84706834231575,
      2.945243112740431,
      3.043417883165112,
      3.141592653589793,
      3.2397674240144743,
      3.3379421944391554,
      3.436116964863836,
      3.5342917352885173,
      3.6324665057131984,
      3.730641276137879,
      3.8288160465625602,
      3.9269908169872414,
      4.025165587411922,
      4.123340357836604,
      4.221515128261284,
      4.319689898685965,
      4.417864669110647,
      4.516039439535327,
      4.614214209960009,
      4.71238898038469,
      4.81056375080937,
      4.908738521234052,
      5.006913291658733,
      5.105088062083414,
      5.203262832508095,
      5.301437602932776,
      5.399612373357457,
      5.497787143782138,
      5.595961914206819,
      5.6941366846315,
      5.792311455056181,
      5.890486225480862,
      5.988660995905543,
      6.086835766330224,
      6.1850105367549055
    ],
    "mean_I": [
      0.44057206322910597,
      0.2946107708087427,
      0.18958722420629517,
      0.2365330023100847,
      0.3858167221242997,
      0.4796146607838452,
      0.4187630253798597,
      0.2675945620003863,
      0.1859255567082031,
      0.2600970148985564,
      0.41169438690385624,
      0.48044794166289334,
      0.393670972374789,
      0.24310465730762704,
      0.18792868739858154,
      0.2864754581330759,
      0.43456068034008277,
      0.47562769064665944,
      0.3662601777390928,
      0.2220821900337117,
      0.19551963708836745,
      0.31465462323334253,
      0.4535368635997897,
      0.46533914727846953,
      0.3375840229384703,
      0.2053350418064404,
      0.20840668983803615,
      0.34355160068761004,
      0.4678936926022738,
      0.44997769451008107,
      0.308744516520137,
      0.1935067961402792,
      0.2260946034375601,
      0.3720558958579235,
      0.47707944246037115,
      0.43013366435658196,
      0.2808499445423668,
      0.1870520058828211,
      0.24790364128680598,
      0.3990721046662796,
      0.48074110995846314,
      0.4065696517681107,
      0.25497227976280995,
      0.18621872500377273,
      0.2729956942918764,
      0.423562009359039,
      0.4787379792680847,
      0.38019120853359006,
      0.2321059863265837,
      0.1910389760200065,
      0.30040648892757366,
      0.44458447663295436,
      0.4711470295782987,
      0.3520120434333239,
      0.21312980306687665,
      0.20132751938819698,
      0.32908264372819557,
      0.4613316248602253,
      0.45825997682863007,
      0.3231150659790565,
      0.19877297406439282,
      0.21668897215658506,
      0.35792215014652906,
      0.47315987052638736
    ],
    "fit": {
      "A": 1.492314581540121e-15,
      "I0": 0.33333333333333304,
      "phi0": 0.5873109842224545,
      "R2": 1.1102230246251565e-16,
      "visibility_fit": 4.476943744620367e-15,
      "visibility_fourier": 1.0330802635800246e-16,
      "visibility": 1.0330802635800246e-16
    },
    "cycles": 16,
    "per_cycle_V": [
      7.696984361510984e-16,
      9.835916527844873e-16,
      9.796604378012429e-16,
      5.068584858136238e-16,
      8.229215336108734e-16,
      8.241095955008798e-16,
      4.696331311757004e-16,
      2.977668447867822e-16,
      2.169437343588077e-16,
      6.588676174131029e-16,
      9.107774510951062e-16,
      4.145229756294206e-16,
      6.298373539540787e-16,
      9.900652143095061e-16,
      5.763442532793505e-16,
      8.628247986036986e-16
    ]
  },
  "diagnostics": {
    "measured_link_count": 86,
    "selection_policy": "uniform",
    "num_links": 288,
    "creutz_sizes": [
      [
        2,
        2
      ],
      [
        3,
        3
      ]
    ],
    "loop_sizes_measured": [
      [
        1,
        1
      ],
      [
        1,
        2
      ],
      [
        2,
        1
      ],
      [
        2,
        2
      ],
      [
        2,
        3
      ],
      [
        3,
        2
      ],
      [
        3,
        3
      ]
    ],
    "visibility_qc": {
      "r2_ok": false,
      "v_in_unit_interval": true,
      "i0_very_small": false
    },
    "hybrid_knobs": {
      "kick_passes": 3,
      "loop_measurement_cycles": 6
    }
  },
  "artifacts": {
    "kernel_hash": "c776a5135c116bb3a99eaad342348026ed00e0c6d5dcf8a66155f4c58107111d",
    "flip_counts_hash": "f9f0d5ea10777d9547c57c830847aa737adfb2a8c3d087b6a31b748452bdd993",
    "pivot_fit_hash": "32e5af21ae29df0c4428cd8be3189fb5b9433eb374572ce92302aca28369a080",
    "config_hash": "3e53227bb97f97d3e0f7892c2fd75b0f2e140b1e74473c1589a222acbe454fae"
  }
}