{
  "sim": "MICC",
  "gauge": "SU3",
  "rep": "fundamental",
  "L": 12,
  "b": 3.5,
  "kappa": 0.75,
  "seed": 3,
  "measurement_model": "dephasing",
  "f": 0.0,
  "schedule": "during",
  "sigma": 0.40147495058622484,
  "sigma_err": 0.060429080994713544,
  "visibility": 8.476250148229809e-16,
  "visibility_err": 0.0,
  "coherence": {
    "C": 0.2452570861668091,
    "P_entropy": 0.3604232404362525
  },
  "twist_scan": {
    "phi_values": [
      0.0,
      0.09817477042468103,
      0.19634954084936207,
      0.2945243112740431,
      0.39269908169872414,
      0.4908738521234052,
      0.5890486225480862,
      0.6872233929727672,
      0.7853981633974483,
      0.8835729338221293,
      0.9817477042468103,
      1.0799224746714913,
      1.1780972450961724,
      1.2762720155208536,
      1.3744467859455345,
      1.4726215563702154,
      1.5707963267948966,
      1.6689710972195777,
      1.7671458676442586,
      1.8653206380689396,
      1.9634954084936207,
      2.061670178918302,
      2.1598449493429825,
      2.2580197197676637,
      2.356194490192345,
      2.454369260617026,
      2.552544031041707,
      2.650718801466388,
      2.748893571891069,
      2.84706834231575,
      2.945243112740431,
      3.043417883165112,
      3.141592653589793,
      3.2397674240144743,
      3.3379421944391554,
      3.436116964863836,
      3.5342917352885173,
      3.6324665057131984,
      3.730641276137879,
      3.8288160465625602,
      3.9269908169872414,
      4.025165587411922,
      4.123340357836604,
      4.221515128261284,
      4.319689898685965,
      4.417864669110647,
      4.516039439535327,
      4.614214209960009,
      4.71238898038469,
      4.81056375080937,
      4.908738521234052,
      5.006913291658733,
      5.105088062083414,
      5.203262832508095,
      5.301437602932776,
      5.399612373357457,
      5.497787143782138,
      5.595961914206819,
      5.6941366846315,
      5.792311455056181,
      5.890486225480862,
      5.988660995905543,
      6.086835766330224,
      6.1850105367549055
    ],
    "mean_I": [
      0.25754359333626736,
      0.8817420780263165,
      0.9261592587206272,
      0.3438370021071951,
      -0.2495898016845612,
      -0.22674646277616087,
      0.3882168918548565,
      0.9451569902277158,
      0.8552731255577318,
      0.21359110618739152,
      -0.3014986491648145,
      -0.14543988948553704,
      0.5167810459985177,
      0.9850598624093257,
      0.7643291388868612,
      0.08794683690459261,
      -0.3290112595755409,
      -0.04573432974109893,
      0.6382954074231185,
      0.9999172495709915,
      0.6568222251138003,
      -0.028267366934784946,
      -0.3310703387279063,
      0.06853858771169222,
      0.7480902473651505,
      0.9891581906562124,
      0.5368838146442763,
      -0.1305854586508646,
      -0.3075967573648314,
      0.19298741874012132,
      0.8419462116992951,
      0.9531961502653314,
      0.4091230733303999,
      -0.21507541135965036,
      -0.2594925920539603,
      0.3228296645594693,
      0.916256468351227,
      0.893413129442827,
      0.2784497748118118,
      -0.27849032356104886,
      -0.1886064588910664,
      0.45307556047927117,
      0.9681653158314808,
      0.8121065561522035,
      0.14988562066815256,
      -0.31839319574265834,
      -0.0976624722201965,
      0.5787198297620761,
      0.995677926242207,
      0.7124009964077687,
      0.028371259243547168,
      -0.33325058290432524,
      0.009844441552867785,
      0.6949340336014505,
      0.9977370053945726,
      0.5981280789549717,
      -0.0814235806984833,
      -0.3224915239895463,
      0.12978285202238976,
      0.7972521253175296,
      0.9742634240314986,
      0.4736792479265457,
      -0.1752795450326281,
      -0.28652948359866504
    ],
    "fit": {
      "A": 3.1056845305199153e-16,
      "I0": 0.33333333333333326,
      "phi0": 1.0953458307460422,
      "R2": 1.1102230246251565e-16,
      "visibility_fit": 9.317053591559748e-16,
      "visibility_fourier": 8.476250148229809e-16,
      "visibility": 8.476250148229809e-16
    },
    "cycles": 16,
    "per_cycle_V": [
      7.635147921010487e-16,
      7.635147921010487e-16,
      7.635147921010487e-16,
      7.635147921010487e-16,
      7.635147921010487e-16,
      7.635147921010487e-16,
      7.635147921010487e-16,
      7.635147921010487e-16,
      7.635147921010487e-16,
      7.635147921010487e-16,
      7.635147921010487e-16,
      7.635147921010487e-16,
      7.635147921010487e-16,
      7.635147921010487e-16,
      7.635147921010487e-16,
      7.635147921010487e-16
    ]
  },
  "diagnostics": {
    "measured_link_count": 0,
    "selection_policy": "uniform",
    "num_links": 288,
    "creutz_sizes": [
      [
        2,
        2
      ],
      [
        3,
        3
      ]
    ],
    "loop_sizes_measured": [
      [
        1,
        1
      ],
      [
        1,
        2
      ],
      [
        2,
        1
      ],
      [
        2,
        2
      ],
      [
        2,
        3
      ],
      [
        3,
        2
      ],
      [
        3,
        3
      ]
    ],
    "visibility_qc": {
      "r2_ok": false,
      "v_in_unit_interval": true,
      "i0_very_small": false
    },
    "hybrid_knobs": {
      "kick_passes": 3,
      "loop_measurement_cycles": 6
    }
  },
  "artifacts": {
    "kernel_hash": "c776a5135c116bb3a99eaad342348026ed00e0c6d5dcf8a66155f4c58107111d",
    "flip_counts_hash": "f9f0d5ea10777d9547c57c830847aa737adfb2a8c3d087b6a31b748452bdd993",
    "pivot_fit_hash": "32e5af21ae29df0c4428cd8be3189fb5b9433eb374572ce92302aca28369a080",
    "config_hash": "3e53227bb97f97d3e0f7892c2fd75b0f2e140b1e74473c1589a222acbe454fae"
  }
}