{
  "sim": "MICC",
  "gauge": "SU3",
  "rep": "fundamental",
  "L": 8,
  "b": 3.5,
  "kappa": 1.0,
  "seed": 4,
  "measurement_model": "dephasing",
  "f": 0.1,
  "schedule": "during",
  "sigma": 0.4815056661191793,
  "sigma_err": 0.03452613121410884,
  "visibility": 3.431325679771747e-16,
  "visibility_err": 5.559732626169351e-17,
  "coherence": {
    "C": 0.25074733469243277,
    "P_entropy": 0.29006897959211464
  },
  "twist_scan": {
    "phi_values": [
      0.0,
      0.09817477042468103,
      0.19634954084936207,
      0.2945243112740431,
      0.39269908169872414,
      0.4908738521234052,
      0.5890486225480862,
      0.6872233929727672,
      0.7853981633974483,
      0.8835729338221293,
      0.9817477042468103,
      1.0799224746714913,
      1.1780972450961724,
      1.2762720155208536,
      1.3744467859455345,
      1.4726215563702154,
      1.5707963267948966,
      1.6689710972195777,
      1.7671458676442586,
      1.8653206380689396,
      1.9634954084936207,
      2.061670178918302,
      2.1598449493429825,
      2.2580197197676637,
      2.356194490192345,
      2.454369260617026,
      2.552544031041707,
      2.650718801466388,
      2.748893571891069,
      2.84706834231575,
      2.945243112740431,
      3.043417883165112,
      3.141592653589793,
      3.2397674240144743,
      3.3379421944391554,
      3.436116964863836,
      3.5342917352885173,
      3.6324665057131984,
      3.730641276137879,
      3.8288160465625602,
      3.9269908169872414,
      4.025165587411922,
      4.123340357836604,
      4.221515128261284,
      4.319689898685965,
      4.417864669110647,
      4.516039439535327,
      4.614214209960009,
      4.71238898038469,
      4.81056375080937,
      4.908738521234052,
      5.006913291658733,
      5.105088062083414,
      5.203262832508095,
      5.301437602932776,
      5.399612373357457,
      5.497787143782138,
      5.595961914206819,
      5.6941366846315,
      5.792311455056181,
      5.890486225480862,
      5.988660995905543,
      6.086835766330224,
      6.1850105367549055
    ],
    "mean_I": [
      0.6096356715157812,
      0.26775804242837586,
      -0.044349775552783646,
      -0.18499735821671942,
      -0.09033364351440469,
      0.19666602118760587,
      0.5457097883378005,
      0.7983390850122087,
      0.8398654921720021,
      0.6514368891478275,
      0.3185959222875871,
      -0.007554568068891558,
      -0.17894907803853283,
      -0.1177780833930859,
      0.14818806318360728,
      0.4982062916269402,
      0.7733756439586531,
      0.8487749871102556,
      0.6901745956442887,
      0.36957573147145745,
      0.03252357625378535,
      -0.16796723819678278,
      -0.14087807372610708,
      0.1014931553418502,
      0.44911497819898616,
      0.7441743549021795,
      0.8527204971535682,
      0.7254757257154186,
      0.42020650654914676,
      0.07549868297647903,
      -0.1521575998124293,
      -0.15941114897882105,
      0.0570309951508848,
      0.39890862423829054,
      0.7110164422194503,
      0.851664024883386,
      0.7570003101810716,
      0.4700006454790606,
      0.1209568783288669,
      -0.1316724183455418,
      -0.17319882550533566,
      0.01522977751883708,
      0.34807074437907976,
      0.674221234735558,
      0.8456157447051988,
      0.7844447500597524,
      0.5184786034830602,
      0.1684603750397252,
      -0.10670897729198628,
      -0.18210832044358918,
      -0.023507928977621887,
      0.29709093519520857,
      0.634143090412882,
      0.8346339048634489,
      0.8075447403927738,
      0.5651735113248152,
      0.21755168846768086,
      -0.07750768823551146,
      -0.18605383048690113,
      -0.058809059048752325,
      0.24646016011751767,
      0.5911679836901873,
      0.8188242664790952,
      0.8260778156454875
    ],
    "fit": {
      "A": 0.07873222177074209,
      "I0": 0.33333333333333276,
      "phi0": 2.5334262293560394,
      "R2": 0.014923957798274934,
      "visibility_fit": 0.23619666531222666,
      "visibility_fourier": 3.431325679771747e-16,
      "visibility": 3.431325679771747e-16
    },
    "cycles": 8,
    "per_cycle_V": [
      2.1969135943863194e-16,
      5.387959140801797e-16,
      1.8943466298938764e-16,
      3.9658664603825155e-16,
      1.6979976796120986e-16,
      5.402010532091211e-16,
      5.047919568429014e-16,
      4.0865994741234797e-16
    ]
  },
  "diagnostics": {
    "measured_link_count": 13,
    "selection_policy": "uniform",
    "num_links": 128,
    "visibility_qc": {
      "r2_ok": false,
      "v_in_unit_interval": true,
      "i0_very_small": false
    },
    "hybrid_knobs": {
      "kick_passes": 3,
      "loop_measurement_cycles": 4
    }
  },
  "artifacts": {
    "kernel_hash": "59ad205957406ba8769e06c45a6e3db43b483f8e2d8e66b070b3ff98425f2b57",
    "flip_counts_hash": "b3326e9c852a05e144e201e0a4a89d13606dfe15c97d7e29e97870d36629453e",
    "pivot_fit_hash": "18f843e4852e0cb06a5603a8f3e251da6d346190d1181f60fc167ac1ef296fd4",
    "config_hash": "09be816148e3d54a4ba01072548fde7efe2f97f681380c3e050adf0677f43c72"
  }
}