{
  "sim": "MICC",
  "gauge": "SU3",
  "rep": "fundamental",
  "L": 8,
  "b": 3.5,
  "kappa": 1.0,
  "seed": 3,
  "measurement_model": "dephasing",
  "f": 0.2,
  "schedule": "during",
  "sigma": 0.43834546160414634,
  "sigma_err": 0.05039593765323194,
  "visibility": 4.366253242957385e-17,
  "visibility_err": 4.51343559943312e-17,
  "coherence": {
    "C": 0.2706744705375606,
    "P_entropy": 0.2508836675924269
  },
  "twist_scan": {
    "phi_values": [
      0.0,
      0.09817477042468103,
      0.19634954084936207,
      0.2945243112740431,
      0.39269908169872414,
      0.4908738521234052,
      0.5890486225480862,
      0.6872233929727672,
      0.7853981633974483,
      0.8835729338221293,
      0.9817477042468103,
      1.0799224746714913,
      1.1780972450961724,
      1.2762720155208536,
      1.3744467859455345,
      1.4726215563702154,
      1.5707963267948966,
      1.6689710972195777,
      1.7671458676442586,
      1.8653206380689396,
      1.9634954084936207,
      2.061670178918302,
      2.1598449493429825,
      2.2580197197676637,
      2.356194490192345,
      2.454369260617026,
      2.552544031041707,
      2.650718801466388,
      2.748893571891069,
      2.84706834231575,
      2.945243112740431,
      3.043417883165112,
      3.141592653589793,
      3.2397674240144743,
      3.3379421944391554,
      3.436116964863836,
      3.5342917352885173,
      3.6324665057131984,
      3.730641276137879,
      3.8288160465625602,
      3.9269908169872414,
      4.025165587411922,
      4.123340357836604,
      4.221515128261284,
      4.319689898685965,
      4.417864669110647,
      4.516039439535327,
      4.614214209960009,
      4.71238898038469,
      4.81056375080937,
      4.908738521234052,
      5.006913291658733,
      5.105088062083414,
      5.203262832508095,
      5.301437602932776,
      5.399612373357457,
      5.497787143782138,
      5.595961914206819,
      5.6941366846315,
      5.792311455056181,
      5.890486225480862,
      5.988660995905543,
      6.086835766330224,
      6.1850105367549055
    ],
    "mean_I": [
      0.27901338660640845,
      0.23285668198717963,
      0.23231427644133837,
      0.2776324107467727,
      0.3482375993826084,
      0.4120765628314719,
      0.4401677463512624,
      0.4197583399186573,
      0.36011378736020183,
      0.28831146856514855,
      0.23694813511508395,
      0.22934166655722568,
      0.2689452405904914,
      0.3377796625848287,
      0.4045955440571719,
      0.4390598717203687,
      0.4255265613515647,
      0.37013945292099243,
      0.29804313569306096,
      0.2419678303913389,
      0.22737055327179467,
      0.2608781629654357,
      0.327278905205746,
      0.3964282312377143,
      0.43693379272880295,
      0.43040691160071165,
      0.37981065542988235,
      0.30811466671583365,
      0.24786742540638976,
      0.2264199194835039,
      0.25350886823904767,
      0.3168364552792193,
      0.38765328006025807,
      0.4338099846794869,
      0.4343523902253281,
      0.38903425591989393,
      0.3184290672840582,
      0.25459010383519465,
      0.22649892031540408,
      0.2469083267480092,
      0.3065528793064646,
      0.37835519810151785,
      0.42971853155158257,
      0.4373250001094408,
      0.3977214260761754,
      0.3288870040818379,
      0.26207112260949483,
      0.2276067949462977,
      0.24114010531510166,
      0.29652721374567376,
      0.3686235309736057,
      0.42469883627532745,
      0.43929611339487185,
      0.4057885037012309,
      0.33938776146092065,
      0.2702384354289521,
      0.22973287393786368,
      0.23625975506595467,
      0.2868560112367843,
      0.3585519999508328,
      0.41879924126027646,
      0.4402467471831626,
      0.4131577984276189,
      0.349830211387447
    ],
    "fit": {
      "A": 0.0005649300336574698,
      "I0": 0.33333333333333315,
      "phi0": 0.2368967578410199,
      "R2": 2.797392449838121e-05,
      "visibility_fit": 0.0016947901009724102,
      "visibility_fourier": 4.366253242957385e-17,
      "visibility": 4.366253242957385e-17
    },
    "cycles": 8,
    "per_cycle_V": [
      1.2479257669148325e-16,
      3.716442781773797e-16,
      4.1480668301502775e-16,
      5.309800193763679e-16,
      3.2858731917219142e-16,
      2.4961376373421686e-16,
      3.779030492624423e-16,
      2.116674926336463e-16
    ]
  },
  "diagnostics": {
    "measured_link_count": 26,
    "selection_policy": "uniform",
    "num_links": 128,
    "visibility_qc": {
      "r2_ok": false,
      "v_in_unit_interval": true,
      "i0_very_small": false
    },
    "hybrid_knobs": {
      "kick_passes": 3,
      "loop_measurement_cycles": 4
    }
  },
  "artifacts": {
    "kernel_hash": "59ad205957406ba8769e06c45a6e3db43b483f8e2d8e66b070b3ff98425f2b57",
    "flip_counts_hash": "c1b27689be21b2ac0fdae0da5c804f2dab3460dc84baee0f4b6cda147a262623",
    "pivot_fit_hash": "18f843e4852e0cb06a5603a8f3e251da6d346190d1181f60fc167ac1ef296fd4",
    "config_hash": "09be816148e3d54a4ba01072548fde7efe2f97f681380c3e050adf0677f43c72"
  }
}