{
  "sim": "MICC",
  "gauge": "SU3",
  "rep": "fundamental",
  "L": 8,
  "b": 3.0,
  "kappa": 1.0,
  "seed": 2,
  "measurement_model": "dephasing",
  "f": 0.3,
  "schedule": "during",
  "sigma": 0.5574621669580538,
  "sigma_err": 0.04189799817597505,
  "visibility": 1.779446299501616e-16,
  "visibility_err": 3.824122598736153e-17,
  "coherence": {
    "C": 0.31318094964827425,
    "P_entropy": 0.21826203829862292
  },
  "twist_scan": {
    "phi_values": [
      0.0,
      0.09817477042468103,
      0.19634954084936207,
      0.2945243112740431,
      0.39269908169872414,
      0.4908738521234052,
      0.5890486225480862,
      0.6872233929727672,
      0.7853981633974483,
      0.8835729338221293,
      0.9817477042468103,
      1.0799224746714913,
      1.1780972450961724,
      1.2762720155208536,
      1.3744467859455345,
      1.4726215563702154,
      1.5707963267948966,
      1.6689710972195777,
      1.7671458676442586,
      1.8653206380689396,
      1.9634954084936207,
      2.061670178918302,
      2.1598449493429825,
      2.2580197197676637,
      2.356194490192345,
      2.454369260617026,
      2.552544031041707,
      2.650718801466388,
      2.748893571891069,
      2.84706834231575,
      2.945243112740431,
      3.043417883165112,
      3.141592653589793,
      3.2397674240144743,
      3.3379421944391554,
      3.436116964863836,
      3.5342917352885173,
      3.6324665057131984,
      3.730641276137879,
      3.8288160465625602,
      3.9269908169872414,
      4.025165587411922,
      4.123340357836604,
      4.221515128261284,
      4.319689898685965,
      4.417864669110647,
      4.516039439535327,
      4.614214209960009,
      4.71238898038469,
      4.81056375080937,
      4.908738521234052,
      5.006913291658733,
      5.105088062083414,
      5.203262832508095,
      5.301437602932776,
      5.399612373357457,
      5.497787143782138,
      5.595961914206819,
      5.6941366846315,
      5.792311455056181,
      5.890486225480862,
      5.988660995905543,
      6.086835766330224,
      6.1850105367549055
    ],
    "mean_I": [
      0.34328339907473215,
      0.2391321207551647,
      0.17774622350719504,
      0.1869936213032998,
      0.26267618887685446,
      0.3704356228241287,
      0.4613513930299625,
      0.49414964057195665,
      0.453940646770003,
      0.3589784541717936,
      0.25237391286842414,
      0.1825232558597456,
      0.1811372210791872,
      0.2488450393396743,
      0.3549087766997142,
      0.45117771384328864,
      0.4939477659754555,
      0.4638022236099492,
      0.37442653273613125,
      0.266395388457682,
      0.18875267169954096,
      0.17674655261494016,
      0.23582755825965243,
      0.3391741472613444,
      0.4398691288520128,
      0.49219908659183065,
      0.4724073137149813,
      0.3894788613263924,
      0.2810615130480949,
      0.196374478346699,
      0.1738639004480526,
      0.22374911109566903,
      0.3233832675919345,
      0.4275345459115021,
      0.4889204431594719,
      0.4796730453633672,
      0.40399047778981256,
      0.2962310438425382,
      0.2053152736367044,
      0.17251702609471006,
      0.21272601989666357,
      0.30768821249487277,
      0.4142927537982427,
      0.4841434108069212,
      0.4855294455874798,
      0.4178216273269926,
      0.31175788996695303,
      0.2154889528233779,
      0.17271890069121135,
      0.20286444305671725,
      0.29224013393053566,
      0.40027127820898456,
      0.47791399496712617,
      0.48992011405172664,
      0.4308391084070145,
      0.327492519405322,
      0.2267975378146542,
      0.1744675800748363,
      0.19425935295168556,
      0.2771878053402743,
      0.3856051536185714,
      0.4702921883199677,
      0.4928027662186142,
      0.44291755557099766
    ],
    "fit": {
      "A": 6.20893916217224e-08,
      "I0": 0.33333333333333337,
      "phi0": 0.9864032888732539,
      "R2": 1.4699352846037073e-13,
      "visibility_fit": 1.862681748651672e-07,
      "visibility_fourier": 1.779446299501616e-16,
      "visibility": 1.779446299501616e-16
    },
    "cycles": 16,
    "per_cycle_V": [
      6.938675789495255e-17,
      2.437953890503449e-16,
      1.848075953629057e-16,
      5.149647603079903e-16,
      7.383416794626288e-17,
      4.758335447033874e-16,
      1.7109081297553237e-16,
      4.187356666861498e-16,
      2.9482056807459945e-16,
      4.67644201942555e-16,
      2.6387812790111566e-16,
      1.1561174709111478e-16,
      1.673579843176737e-16,
      2.695137316701691e-16,
      4.0956399708000263e-16,
      7.737717791214486e-17
    ]
  },
  "diagnostics": {
    "measured_link_count": 38,
    "selection_policy": "uniform",
    "num_links": 128,
    "creutz_sizes": [
      [
        2,
        2
      ],
      [
        3,
        3
      ]
    ],
    "loop_sizes_measured": [
      [
        1,
        1
      ],
      [
        1,
        2
      ],
      [
        2,
        1
      ],
      [
        2,
        2
      ],
      [
        2,
        3
      ],
      [
        3,
        2
      ],
      [
        3,
        3
      ]
    ],
    "visibility_qc": {
      "r2_ok": false,
      "v_in_unit_interval": true,
      "i0_very_small": false
    },
    "hybrid_knobs": {
      "kick_passes": 3,
      "loop_measurement_cycles": 6
    }
  },
  "artifacts": {
    "kernel_hash": "59ad205957406ba8769e06c45a6e3db43b483f8e2d8e66b070b3ff98425f2b57",
    "flip_counts_hash": "2268e99a6015a7b96d81d3b1a331fda63562012ba66381118831ac9c8b2f0d5d",
    "pivot_fit_hash": "e730f86cf82cf01e0490c7477184968845e3929e6af95e60cac897b00c6a8382",
    "config_hash": "3e53227bb97f97d3e0f7892c2fd75b0f2e140b1e74473c1589a222acbe454fae"
  }
}