{
  "sim": "MICC",
  "gauge": "SU3",
  "rep": "fundamental",
  "L": 12,
  "b": 3.0,
  "kappa": 1.0,
  "seed": 2,
  "measurement_model": "dephasing",
  "f": 0.0,
  "schedule": "during",
  "sigma": 0.18079673282711065,
  "sigma_err": 0.026025006640123218,
  "visibility": 3.049217560798702e-16,
  "visibility_err": 0.0,
  "coherence": {
    "C": 0.24660263241103605,
    "P_entropy": 0.3604232404362525
  },
  "twist_scan": {
    "phi_values": [
      0.0,
      0.09817477042468103,
      0.19634954084936207,
      0.2945243112740431,
      0.39269908169872414,
      0.4908738521234052,
      0.5890486225480862,
      0.6872233929727672,
      0.7853981633974483,
      0.8835729338221293,
      0.9817477042468103,
      1.0799224746714913,
      1.1780972450961724,
      1.2762720155208536,
      1.3744467859455345,
      1.4726215563702154,
      1.5707963267948966,
      1.6689710972195777,
      1.7671458676442586,
      1.8653206380689396,
      1.9634954084936207,
      2.061670178918302,
      2.1598449493429825,
      2.2580197197676637,
      2.356194490192345,
      2.454369260617026,
      2.552544031041707,
      2.650718801466388,
      2.748893571891069,
      2.84706834231575,
      2.945243112740431,
      3.043417883165112,
      3.141592653589793,
      3.2397674240144743,
      3.3379421944391554,
      3.436116964863836,
      3.5342917352885173,
      3.6324665057131984,
      3.730641276137879,
      3.8288160465625602,
      3.9269908169872414,
      4.025165587411922,
      4.123340357836604,
      4.221515128261284,
      4.319689898685965,
      4.417864669110647,
      4.516039439535327,
      4.614214209960009,
      4.71238898038469,
      4.81056375080937,
      4.908738521234052,
      5.006913291658733,
      5.105088062083414,
      5.203262832508095,
      5.301437602932776,
      5.399612373357457,
      5.497787143782138,
      5.595961914206819,
      5.6941366846315,
      5.792311455056181,
      5.890486225480862,
      5.988660995905543,
      6.086835766330224,
      6.1850105367549055
    ],
    "mean_I": [
      0.9029150612567279,
      0.9073656463564889,
      0.30494552379352885,
      -0.26746282125522514,
      -0.2047055506681703,
      0.4268699395142717,
      0.9595579191897823,
      0.8301971797382796,
      0.17554873916109456,
      -0.3122887987000275,
      -0.11757040502076771,
      0.55384636360116,
      0.9921353174791677,
      0.7339345141471832,
      0.05221552799607999,
      -0.33230387967985064,
      -0.013107281578146713,
      0.6723485955999913,
      0.9993953249782376,
      0.6222769698371426,
      -0.06031448356250558,
      -0.3267388958572276,
      0.10466936040938622,
      0.7778226611918613,
      0.9810589436702624,
      0.4995154836177154,
      -0.1577168302780249,
      -0.2958077064395814,
      0.23123343064015545,
      0.8662152511866167,
      0.937830830405746,
      0.3703677105588874,
      -0.23624839459006086,
      -0.24069897968982187,
      0.361721142873139,
      0.9341294879218913,
      0.8713722173348386,
      0.23979672715239522,
      -0.29289125252311543,
      -0.16353051307161365,
      0.4911179275055717,
      0.978955465366694,
      0.784237071687434,
      0.112820303065507,
      -0.3254686508125001,
      -0.06726784748051659,
      0.6144511386705844,
      0.998970546346518,
      0.6797739482448145,
      -0.005681928933320536,
      -0.3327286583115704,
      0.044389696829523574,
      0.726981150229174,
      0.9934055625238938,
      0.5619973062572817,
      -0.11115599452519566,
      -0.31439227700359507,
      0.16715118304894666,
      0.8243834969446908,
      0.9624743731062483,
      0.43543323602651546,
      -0.1995485845199495,
      -0.27116416373907937,
      0.2962989561077819
    ],
    "fit": {
      "A": 1.172736567192649e-16,
      "I0": 0.3333333333333335,
      "phi0": 0.35717271829497665,
      "R2": 0.0,
      "visibility_fit": 3.518209701577945e-16,
      "visibility_fourier": 3.049217560798702e-16,
      "visibility": 3.049217560798702e-16
    },
    "cycles": 16,
    "per_cycle_V": [
      4.500677840165233e-16,
      4.500677840165233e-16,
      4.500677840165233e-16,
      4.500677840165233e-16,
      4.500677840165233e-16,
      4.500677840165233e-16,
      4.500677840165233e-16,
      4.500677840165233e-16,
      4.500677840165233e-16,
      4.500677840165233e-16,
      4.500677840165233e-16,
      4.500677840165233e-16,
      4.500677840165233e-16,
      4.500677840165233e-16,
      4.500677840165233e-16,
      4.500677840165233e-16
    ]
  },
  "diagnostics": {
    "measured_link_count": 0,
    "selection_policy": "uniform",
    "num_links": 288,
    "creutz_sizes": [
      [
        2,
        2
      ],
      [
        3,
        3
      ]
    ],
    "loop_sizes_measured": [
      [
        1,
        1
      ],
      [
        1,
        2
      ],
      [
        2,
        1
      ],
      [
        2,
        2
      ],
      [
        2,
        3
      ],
      [
        3,
        2
      ],
      [
        3,
        3
      ]
    ],
    "visibility_qc": {
      "r2_ok": false,
      "v_in_unit_interval": true,
      "i0_very_small": false
    },
    "hybrid_knobs": {
      "kick_passes": 3,
      "loop_measurement_cycles": 6
    }
  },
  "artifacts": {
    "kernel_hash": "c776a5135c116bb3a99eaad342348026ed00e0c6d5dcf8a66155f4c58107111d",
    "flip_counts_hash": "3c718ce239e2c926749d06c4b85bf1839d5fe51eaf7ab8de2413bea26f16d7e1",
    "pivot_fit_hash": "e730f86cf82cf01e0490c7477184968845e3929e6af95e60cac897b00c6a8382",
    "config_hash": "3e53227bb97f97d3e0f7892c2fd75b0f2e140b1e74473c1589a222acbe454fae"
  }
}