{
  "sim": "MICC",
  "gauge": "SU3",
  "rep": "fundamental",
  "L": 8,
  "b": 3.5,
  "kappa": 0.75,
  "seed": 0,
  "measurement_model": "dephasing",
  "f": 0.05,
  "schedule": "during",
  "sigma": 0.3728579688325109,
  "sigma_err": 0.053842025217721315,
  "visibility": 3.8719736206163694e-16,
  "visibility_err": 4.5630488645556153e-17,
  "coherence": {
    "C": 0.2478408660580908,
    "P_entropy": 0.323651044330185
  },
  "twist_scan": {
    "phi_values": [
      0.0,
      0.09817477042468103,
      0.19634954084936207,
      0.2945243112740431,
      0.39269908169872414,
      0.4908738521234052,
      0.5890486225480862,
      0.6872233929727672,
      0.7853981633974483,
      0.8835729338221293,
      0.9817477042468103,
      1.0799224746714913,
      1.1780972450961724,
      1.2762720155208536,
      1.3744467859455345,
      1.4726215563702154,
      1.5707963267948966,
      1.6689710972195777,
      1.7671458676442586,
      1.8653206380689396,
      1.9634954084936207,
      2.061670178918302,
      2.1598449493429825,
      2.2580197197676637,
      2.356194490192345,
      2.454369260617026,
      2.552544031041707,
      2.650718801466388,
      2.748893571891069,
      2.84706834231575,
      2.945243112740431,
      3.043417883165112,
      3.141592653589793,
      3.2397674240144743,
      3.3379421944391554,
      3.436116964863836,
      3.5342917352885173,
      3.6324665057131984,
      3.730641276137879,
      3.8288160465625602,
      3.9269908169872414,
      4.025165587411922,
      4.123340357836604,
      4.221515128261284,
      4.319689898685965,
      4.417864669110647,
      4.516039439535327,
      4.614214209960009,
      4.71238898038469,
      4.81056375080937,
      4.908738521234052,
      5.006913291658733,
      5.105088062083414,
      5.203262832508095,
      5.301437602932776,
      5.399612373357457,
      5.497787143782138,
      5.595961914206819,
      5.6941366846315,
      5.792311455056181,
      5.890486225480862,
      5.988660995905543,
      6.086835766330224,
      6.1850105367549055
    ],
    "mean_I": [
      0.5526250121104312,
      0.16914801032668597,
      -0.13979228738951638,
      -0.233943444805012,
      -0.07056280484556735,
      0.2761782377014172,
      0.6488664987393982,
      0.8783092994482926,
      0.8603444052039092,
      0.603127502406085,
      0.22342968736185953,
      -0.10637417013667166,
      -0.23656001390388523,
      -0.10802619262916105,
      0.2208756260500906,
      0.6008308927135207,
      0.8593478599163851,
      0.8790652292918464,
      0.6510317273690736,
      0.2787697965871831,
      -0.06872142925683991,
      -0.23368819853347078,
      -0.14123904690607714,
      0.16665604359553743,
      0.5502191389617724,
      0.8353206129446934,
      0.8925303568943027,
      0.6958763431258898,
      0.33463538249883423,
      -0.027196681227774203,
      -0.2253556558456793,
      -0.16988150973363486,
      0.11404165455623479,
      0.4975186563399805,
      0.8064589540561832,
      0.9006101114716789,
      0.7372294715122345,
      0.3904884289652493,
      0.01780016792726932,
      -0.2116426327816256,
      -0.19367773853724285,
      0.06353916426057933,
      0.4432369793048074,
      0.7730408368033381,
      0.9032266805705518,
      0.7746928592958277,
      0.44579104061657726,
      0.06583577395314458,
      -0.19268119324971844,
      -0.21239856262518017,
      0.015634939297593246,
      0.38789687007948287,
      0.7353880959235072,
      0.9003548652001372,
      0.8079057135727442,
      0.5000106230711279,
      0.11644752770489478,
      -0.16865394627802538,
      -0.22586369022763578,
      -0.029209676459223465,
      0.33203128416783007,
      0.6938633478944405,
      0.8920223225123454,
      0.836548176400301
    ],
    "fit": {
      "A": 0.018770159298139997,
      "I0": 0.333333333333333,
      "phi0": -2.2943582528781294,
      "R2": 0.0008026708361620338,
      "visibility_fit": 0.05631047789442005,
      "visibility_fourier": 3.8719736206163694e-16,
      "visibility": 3.8719736206163694e-16
    },
    "cycles": 8,
    "per_cycle_V": [
      3.592032320618199e-16,
      3.8695246924989317e-16,
      3.771228591755846e-16,
      5.806324454979983e-16,
      4.250747323107742e-16,
      1.2274011406275646e-16,
      3.33809611285174e-16,
      4.542260052259879e-16
    ]
  },
  "diagnostics": {
    "measured_link_count": 6,
    "selection_policy": "uniform",
    "num_links": 128,
    "visibility_qc": {
      "r2_ok": false,
      "v_in_unit_interval": true,
      "i0_very_small": false
    },
    "hybrid_knobs": {
      "kick_passes": 3,
      "loop_measurement_cycles": 4
    }
  },
  "artifacts": {
    "kernel_hash": "59ad205957406ba8769e06c45a6e3db43b483f8e2d8e66b070b3ff98425f2b57",
    "flip_counts_hash": "051ffecc2b526e5161a7cdb343471ea2bcf4c30d07d6aca6b7e9329b81a2e42c",
    "pivot_fit_hash": "32e5af21ae29df0c4428cd8be3189fb5b9433eb374572ce92302aca28369a080",
    "config_hash": "09be816148e3d54a4ba01072548fde7efe2f97f681380c3e050adf0677f43c72"
  }
}