{
  "sim": "MICC",
  "gauge": "SU3",
  "rep": "fundamental",
  "L": 12,
  "b": 3.0,
  "kappa": 0.75,
  "seed": 1,
  "measurement_model": "dephasing",
  "f": 0.3,
  "schedule": "during",
  "sigma": 0.4605138642100354,
  "sigma_err": 0.0587654416449453,
  "visibility": 2.2725549978984656e-16,
  "visibility_err": 8.154525448032335e-17,
  "coherence": {
    "C": 0.3128163792813717,
    "P_entropy": 0.21151798185412143
  },
  "twist_scan": {
    "phi_values": [
      0.0,
      0.09817477042468103,
      0.19634954084936207,
      0.2945243112740431,
      0.39269908169872414,
      0.4908738521234052,
      0.5890486225480862,
      0.6872233929727672,
      0.7853981633974483,
      0.8835729338221293,
      0.9817477042468103,
      1.0799224746714913,
      1.1780972450961724,
      1.2762720155208536,
      1.3744467859455345,
      1.4726215563702154,
      1.5707963267948966,
      1.6689710972195777,
      1.7671458676442586,
      1.8653206380689396,
      1.9634954084936207,
      2.061670178918302,
      2.1598449493429825,
      2.2580197197676637,
      2.356194490192345,
      2.454369260617026,
      2.552544031041707,
      2.650718801466388,
      2.748893571891069,
      2.84706834231575,
      2.945243112740431,
      3.043417883165112,
      3.141592653589793,
      3.2397674240144743,
      3.3379421944391554,
      3.436116964863836,
      3.5342917352885173,
      3.6324665057131984,
      3.730641276137879,
      3.8288160465625602,
      3.9269908169872414,
      4.025165587411922,
      4.123340357836604,
      4.221515128261284,
      4.319689898685965,
      4.417864669110647,
      4.516039439535327,
      4.614214209960009,
      4.71238898038469,
      4.81056375080937,
      4.908738521234052,
      5.006913291658733,
      5.105088062083414,
      5.203262832508095,
      5.301437602932776,
      5.399612373357457,
      5.497787143782138,
      5.595961914206819,
      5.6941366846315,
      5.792311455056181,
      5.890486225480862,
      5.988660995905543,
      6.086835766330224,
      6.1850105367549055
    ],
    "mean_I": [
      0.06419324267356061,
      0.25690869862763066,
      0.5304207771663322,
      0.5955707238235411,
      0.3834815898020327,
      0.11837539175684145,
      0.08052413243665081,
      0.3099444102252567,
      0.5640916101679734,
      0.5742796538322887,
      0.32973767496557105,
      0.08899704959176954,
      0.10657033801316709,
      0.36387894502126716,
      0.5888945320015914,
      0.5437291518685148,
      0.2761319392637139,
      0.06900841378551872,
      0.14133091832968483,
      0.4166396290902855,
      0.60387638029076,
      0.5050932565897677,
      0.2247244210570415,
      0.059177636402368256,
      0.18347004377859774,
      0.4661988989320748,
      0.6084614110076435,
      0.45985672378435133,
      0.17749068244056632,
      0.059882508703988646,
      0.23136833140079743,
      0.5106522195997705,
      0.6024734239931065,
      0.40975796803903614,
      0.13624588950033442,
      0.0710959428431252,
      0.2831850768646339,
      0.5482912749098254,
      0.5861425342300167,
      0.3567222564414109,
      0.10257505649869395,
      0.09238701283437717,
      0.33692899170109625,
      0.5776696170748974,
      0.5600963286535008,
      0.3027877216454003,
      0.07777213466507614,
      0.12293751479815253,
      0.39053472740295253,
      0.5976582528811476,
      0.5253357483369819,
      0.2500270375763817,
      0.06279028637590686,
      0.16157341007689896,
      0.44194224560962503,
      0.6074890302642986,
      0.4831966228880696,
      0.20046776773459393,
      0.05820525565902366,
      0.2068099428823152,
      0.4891759842260994,
      0.6067841579626783,
      0.43529833526586986,
      0.15601444706689557
    ],
    "fit": {
      "A": 7.983179046956983e-10,
      "I0": 0.3333333333333335,
      "phi0": 2.307660607813663,
      "R2": 0.0,
      "visibility_fit": 2.3949537140870937e-09,
      "visibility_fourier": 2.2725549978984656e-16,
      "visibility": 2.2725549978984656e-16
    },
    "cycles": 8,
    "per_cycle_V": [
      8.366463333648682e-16,
      9.287626972487528e-16,
      5.930960089916919e-16,
      4.682118891042294e-16,
      8.273583150291142e-16,
      3.7395880688725666e-16,
      5.399910689060596e-16,
      3.080862300206434e-16
    ]
  },
  "diagnostics": {
    "measured_link_count": 86,
    "selection_policy": "uniform",
    "num_links": 288,
    "visibility_qc": {
      "r2_ok": false,
      "v_in_unit_interval": true,
      "i0_very_small": false
    },
    "hybrid_knobs": {
      "kick_passes": 3,
      "loop_measurement_cycles": 4
    }
  },
  "artifacts": {
    "kernel_hash": "c776a5135c116bb3a99eaad342348026ed00e0c6d5dcf8a66155f4c58107111d",
    "flip_counts_hash": "1045813912820017453b344ca74f8b8f873bba658c2e9b55c71942b9dd07c053",
    "pivot_fit_hash": "d04f83ead3fcfaea1653e658999e83d0abac9536c46d06a4e4ad9b696714687e",
    "config_hash": "09be816148e3d54a4ba01072548fde7efe2f97f681380c3e050adf0677f43c72"
  }
}