{
  "sim": "MICC",
  "gauge": "SU3",
  "rep": "fundamental",
  "L": 12,
  "b": 3.5,
  "kappa": 1.0,
  "seed": 0,
  "measurement_model": "dephasing",
  "f": 0.3,
  "schedule": "during",
  "sigma": 0.6559765708385829,
  "sigma_err": 0.07949773923434623,
  "visibility": 3.176249788114469e-17,
  "visibility_err": 6.776563842234236e-17,
  "coherence": {
    "C": 0.2811713093412693,
    "P_entropy": 0.2176947463036952
  },
  "twist_scan": {
    "phi_values": [
      0.0,
      0.09817477042468103,
      0.19634954084936207,
      0.2945243112740431,
      0.39269908169872414,
      0.4908738521234052,
      0.5890486225480862,
      0.6872233929727672,
      0.7853981633974483,
      0.8835729338221293,
      0.9817477042468103,
      1.0799224746714913,
      1.1780972450961724,
      1.2762720155208536,
      1.3744467859455345,
      1.4726215563702154,
      1.5707963267948966,
      1.6689710972195777,
      1.7671458676442586,
      1.8653206380689396,
      1.9634954084936207,
      2.061670178918302,
      2.1598449493429825,
      2.2580197197676637,
      2.356194490192345,
      2.454369260617026,
      2.552544031041707,
      2.650718801466388,
      2.748893571891069,
      2.84706834231575,
      2.945243112740431,
      3.043417883165112,
      3.141592653589793,
      3.2397674240144743,
      3.3379421944391554,
      3.436116964863836,
      3.5342917352885173,
      3.6324665057131984,
      3.730641276137879,
      3.8288160465625602,
      3.9269908169872414,
      4.025165587411922,
      4.123340357836604,
      4.221515128261284,
      4.319689898685965,
      4.417864669110647,
      4.516039439535327,
      4.614214209960009,
      4.71238898038469,
      4.81056375080937,
      4.908738521234052,
      5.006913291658733,
      5.105088062083414,
      5.203262832508095,
      5.301437602932776,
      5.399612373357457,
      5.497787143782138,
      5.595961914206819,
      5.6941366846315,
      5.792311455056181,
      5.890486225480862,
      5.988660995905543,
      6.086835766330224,
      6.1850105367549055
    ],
    "mean_I": [
      0.4682682157686569,
      0.42637310961786584,
      0.28611574476910845,
      0.19577712270886438,
      0.2508638242605094,
      0.3931378290286597,
      0.47218613064275955,
      0.40443834873965717,
      0.2615178804929135,
      0.19452117768169894,
      0.27427759176182687,
      0.4164681212496723,
      0.4707680103858069,
      0.37977106199553545,
      0.23967984379480617,
      0.198599705949472,
      0.2999608382928961,
      0.4366035901935868,
      0.4640683525639826,
      0.3533191993815042,
      0.22144085817818213,
      0.20785597195811795,
      0.32692657109285805,
      0.4527704410809886,
      0.4523446212701676,
      0.32609929114344355,
      0.20750183763174748,
      0.22193426259589855,
      0.3541385121727683,
      0.4643473908987497,
      0.4360473529232398,
      0.29915738308984363,
      0.19839845089800942,
      0.24029355704880037,
      0.3805509218975579,
      0.47088954395780186,
      0.41580284240615706,
      0.2735288376380066,
      0.19448053602390666,
      0.26222831792700874,
      0.4051487861737525,
      0.4721454889849675,
      0.3923890749048392,
      0.2501985454169939,
      0.19589865628085928,
      0.28689560467113073,
      0.42698682287185963,
      0.4680669607171943,
      0.3667058283737704,
      0.23006307647308008,
      0.2025983141026838,
      0.31334746728516205,
      0.4452258084884844,
      0.45881069470854824,
      0.3397400955738085,
      0.21389622558567756,
      0.21432204539649866,
      0.34056737552322164,
      0.45916482903491856,
      0.4447324040707677,
      0.3125281544938989,
      0.20231927576791656,
      0.23061931374342654,
      0.36750928357682305
    ],
    "fit": {
      "A": 8.673049316878544e-14,
      "I0": 0.33333333333333315,
      "phi0": 2.023274159462426,
      "R2": 1.1102230246251565e-16,
      "visibility_fit": 2.6019147950635645e-13,
      "visibility_fourier": 3.176249788114469e-17,
      "visibility": 3.176249788114469e-17
    },
    "cycles": 16,
    "per_cycle_V": [
      1.027831070491733e-15,
      8.86792015259062e-16,
      6.2114959898278735e-16,
      5.805639321447056e-16,
      5.099560103086632e-16,
      4.912414756825115e-16,
      2.7931406929278393e-16,
      6.634248951582045e-16,
      8.80531904387215e-16,
      1.8652025209422634e-16,
      7.150975125691422e-16,
      9.655322864569655e-16,
      4.354995992358116e-16,
      9.304465693393878e-16,
      4.137642783575202e-16,
      1.058409156012634e-15
    ]
  },
  "diagnostics": {
    "measured_link_count": 86,
    "selection_policy": "uniform",
    "num_links": 288,
    "creutz_sizes": [
      [
        2,
        2
      ],
      [
        3,
        3
      ]
    ],
    "loop_sizes_measured": [
      [
        1,
        1
      ],
      [
        1,
        2
      ],
      [
        2,
        1
      ],
      [
        2,
        2
      ],
      [
        2,
        3
      ],
      [
        3,
        2
      ],
      [
        3,
        3
      ]
    ],
    "visibility_qc": {
      "r2_ok": false,
      "v_in_unit_interval": true,
      "i0_very_small": false
    },
    "hybrid_knobs": {
      "kick_passes": 3,
      "loop_measurement_cycles": 6
    }
  },
  "artifacts": {
    "kernel_hash": "c776a5135c116bb3a99eaad342348026ed00e0c6d5dcf8a66155f4c58107111d",
    "flip_counts_hash": "526d3d4f7381a97e02c3ef4c6b8d2598448ee2e98060a326f334d01ae3e48798",
    "pivot_fit_hash": "18f843e4852e0cb06a5603a8f3e251da6d346190d1181f60fc167ac1ef296fd4",
    "config_hash": "3e53227bb97f97d3e0f7892c2fd75b0f2e140b1e74473c1589a222acbe454fae"
  }
}