{
  "sim": "MICC",
  "gauge": "SU3",
  "rep": "fundamental",
  "L": 12,
  "b": 3.5,
  "kappa": 0.75,
  "seed": 4,
  "measurement_model": "dephasing",
  "f": 0.05,
  "schedule": "during",
  "sigma": 0.3814078364575373,
  "sigma_err": 0.025366817642498225,
  "visibility": 7.187325413866384e-16,
  "visibility_err": 4.8478091225626016e-17,
  "coherence": {
    "C": 0.245084686720393,
    "P_entropy": 0.32849530245374725
  },
  "twist_scan": {
    "phi_values": [
      0.0,
      0.09817477042468103,
      0.19634954084936207,
      0.2945243112740431,
      0.39269908169872414,
      0.4908738521234052,
      0.5890486225480862,
      0.6872233929727672,
      0.7853981633974483,
      0.8835729338221293,
      0.9817477042468103,
      1.0799224746714913,
      1.1780972450961724,
      1.2762720155208536,
      1.3744467859455345,
      1.4726215563702154,
      1.5707963267948966,
      1.6689710972195777,
      1.7671458676442586,
      1.8653206380689396,
      1.9634954084936207,
      2.061670178918302,
      2.1598449493429825,
      2.2580197197676637,
      2.356194490192345,
      2.454369260617026,
      2.552544031041707,
      2.650718801466388,
      2.748893571891069,
      2.84706834231575,
      2.945243112740431,
      3.043417883165112,
      3.141592653589793,
      3.2397674240144743,
      3.3379421944391554,
      3.436116964863836,
      3.5342917352885173,
      3.6324665057131984,
      3.730641276137879,
      3.8288160465625602,
      3.9269908169872414,
      4.025165587411922,
      4.123340357836604,
      4.221515128261284,
      4.319689898685965,
      4.417864669110647,
      4.516039439535327,
      4.614214209960009,
      4.71238898038469,
      4.81056375080937,
      4.908738521234052,
      5.006913291658733,
      5.105088062083414,
      5.203262832508095,
      5.301437602932776,
      5.399612373357457,
      5.497787143782138,
      5.595961914206819,
      5.6941366846315,
      5.792311455056181,
      5.890486225480862,
      5.988660995905543,
      6.086835766330224,
      6.1850105367549055
    ],
    "mean_I": [
      0.13252941961979178,
      0.70299763696431,
      0.8826543399522687,
      0.4815652896826338,
      -0.07623555225281455,
      -0.20103749535750845,
      0.23910088911974703,
      0.7788624286133298,
      0.8476077008989783,
      0.3726587554607338,
      -0.14386528290198863,
      -0.15589182981649238,
      0.3492936586046671,
      0.8376057869863356,
      0.7927977863085279,
      0.26224096732042973,
      -0.19315653834530644,
      -0.09194551561626038,
      0.45887308174006286,
      0.8769702377647051,
      0.7203309104608743,
      0.15455521893694088,
      -0.22221508327893555,
      -0.011655973750022976,
      0.5636280827476908,
      0.8954430271808667,
      0.6329919347549507,
      0.05373981322978666,
      -0.2299242141172974,
      0.08189131371519723,
      0.6595329856861065,
      0.8923142562972148,
      0.5341372470468753,
      -0.03633097029764346,
      -0.21598767328560245,
      0.1851013769840311,
      0.7429022189194805,
      0.8677041620241748,
      0.42756577754692116,
      -0.11219576194666236,
      -0.18094103423231223,
      0.29400791120592906,
      0.8105319495686552,
      0.8225584964831593,
      0.3173730080620028,
      -0.17093912031966818,
      -0.12613111964186244,
      0.40442569934623884,
      0.8598232050119726,
      0.7586121822829286,
      0.20779358492660274,
      -0.21030357109803838,
      -0.05366424379420651,
      0.5121114477297246,
      0.8888817499456019,
      0.6783226404166878,
      0.10303858391897647,
      -0.22877636051419972,
      0.03367473191171563,
      0.6129268534368789,
      0.8965908807839642,
      0.5847753529514697,
      0.007133680980560675,
      -0.2256475896305487
    ],
    "fit": {
      "A": 1.4660751902081442e-05,
      "I0": 0.3333333333333334,
      "phi0": 2.458840977367769,
      "R2": 4.81208628499985e-10,
      "visibility_fit": 4.398225570624431e-05,
      "visibility_fourier": 7.187325413866384e-16,
      "visibility": 7.187325413866384e-16
    },
    "cycles": 16,
    "per_cycle_V": [
      9.996080619810436e-16,
      9.256455417838352e-16,
      9.754232894514521e-16,
      5.7280691034447465e-16,
      5.053277790822294e-16,
      7.603166541006129e-16,
      7.105069348121392e-16,
      7.632076066025284e-16,
      2.3281029599911337e-16,
      8.752449266963586e-16,
      8.038147112809022e-16,
      7.01537160729852e-16,
      9.12463730316405e-16,
      7.897168035352039e-16,
      6.834069193827616e-16,
      8.289801657324881e-16
    ]
  },
  "diagnostics": {
    "measured_link_count": 14,
    "selection_policy": "uniform",
    "num_links": 288,
    "creutz_sizes": [
      [
        2,
        2
      ],
      [
        3,
        3
      ]
    ],
    "loop_sizes_measured": [
      [
        1,
        1
      ],
      [
        1,
        2
      ],
      [
        2,
        1
      ],
      [
        2,
        2
      ],
      [
        2,
        3
      ],
      [
        3,
        2
      ],
      [
        3,
        3
      ]
    ],
    "visibility_qc": {
      "r2_ok": false,
      "v_in_unit_interval": true,
      "i0_very_small": false
    },
    "hybrid_knobs": {
      "kick_passes": 3,
      "loop_measurement_cycles": 6
    }
  },
  "artifacts": {
    "kernel_hash": "c776a5135c116bb3a99eaad342348026ed00e0c6d5dcf8a66155f4c58107111d",
    "flip_counts_hash": "7a11042fb34eaa3744d5206ec23f7fdadc3f7966920f4b324b412fb9e9cc0219",
    "pivot_fit_hash": "32e5af21ae29df0c4428cd8be3189fb5b9433eb374572ce92302aca28369a080",
    "config_hash": "3e53227bb97f97d3e0f7892c2fd75b0f2e140b1e74473c1589a222acbe454fae"
  }
}