{
  "sim": "MICC",
  "gauge": "SU3",
  "rep": "fundamental",
  "L": 12,
  "b": 3.0,
  "kappa": 0.75,
  "seed": 1,
  "measurement_model": "dephasing",
  "f": 0.1,
  "schedule": "during",
  "sigma": 0.4484768889757216,
  "sigma_err": 0.03913117607032586,
  "visibility": 3.5176850436113727e-16,
  "visibility_err": 1.1603564584764125e-16,
  "coherence": {
    "C": 0.25855275519450427,
    "P_entropy": 0.29092248950887856
  },
  "twist_scan": {
    "phi_values": [
      0.0,
      0.09817477042468103,
      0.19634954084936207,
      0.2945243112740431,
      0.39269908169872414,
      0.4908738521234052,
      0.5890486225480862,
      0.6872233929727672,
      0.7853981633974483,
      0.8835729338221293,
      0.9817477042468103,
      1.0799224746714913,
      1.1780972450961724,
      1.2762720155208536,
      1.3744467859455345,
      1.4726215563702154,
      1.5707963267948966,
      1.6689710972195777,
      1.7671458676442586,
      1.8653206380689396,
      1.9634954084936207,
      2.061670178918302,
      2.1598449493429825,
      2.2580197197676637,
      2.356194490192345,
      2.454369260617026,
      2.552544031041707,
      2.650718801466388,
      2.748893571891069,
      2.84706834231575,
      2.945243112740431,
      3.043417883165112,
      3.141592653589793,
      3.2397674240144743,
      3.3379421944391554,
      3.436116964863836,
      3.5342917352885173,
      3.6324665057131984,
      3.730641276137879,
      3.8288160465625602,
      3.9269908169872414,
      4.025165587411922,
      4.123340357836604,
      4.221515128261284,
      4.319689898685965,
      4.417864669110647,
      4.516039439535327,
      4.614214209960009,
      4.71238898038469,
      4.81056375080937,
      4.908738521234052,
      5.006913291658733,
      5.105088062083414,
      5.203262832508095,
      5.301437602932776,
      5.399612373357457,
      5.497787143782138,
      5.595961914206819,
      5.6941366846315,
      5.792311455056181,
      5.890486225480862,
      5.988660995905543,
      6.086835766330224,
      6.1850105367549055
    ],
    "mean_I": [
      0.687133320269129,
      0.7417934898623102,
      0.3646269162199294,
      -0.0456234374829726,
      -0.055238219875111134,
      0.34594737973789935,
      0.7337973271683456,
      0.6982741267490303,
      0.2769331378000208,
      -0.08478119634386647,
      -0.0044621209520922245,
      0.4329765132809228,
      0.7650717273672782,
      0.6407302936059398,
      0.1914067872648639,
      -0.10787104831059535,
      0.059295267841242415,
      0.5161764152991014,
      0.7797546632051668,
      0.5713733676697755,
      0.11133459430179388,
      -0.1140056633210165,
      0.13358378580911964,
      0.5923497602169154,
      0.7772818776920474,
      0.49286869670844907,
      0.03979368838137791,
      -0.10294929156060956,
      0.2155485668675168,
      0.6585692491076802,
      0.7577483985884347,
      0.4082331712010817,
      -0.020466653602461988,
      -0.07512682319564346,
      0.3020397504467379,
      0.7122901041496389,
      0.7219048865417784,
      0.3207192869287674,
      -0.06713066050167854,
      -0.03160746008236395,
      0.3897335288666452,
      0.751447863010533,
      0.6711287876187585,
      0.23369015338574423,
      -0.0984050607006107,
      0.025936373060726617,
      0.47525987940180114,
      0.7745377149772625,
      0.607371398825425,
      0.15049025136756788,
      -0.11308799653850014,
      0.09529329899689085,
      0.5553320723648741,
      0.780672329987683,
      0.533082880857548,
      0.07431690644975009,
      -0.11061521102538044,
      0.17379796995821484,
      0.6268729782852883,
      0.7696159582272761,
      0.4511180997991526,
      0.008097417558986793,
      -0.09108173192176766,
      0.2584334954655865
    ],
    "fit": {
      "A": 2.5451821370835415e-05,
      "I0": 0.33333333333333337,
      "phi0": -2.090141201110678,
      "R2": 2.274758270637278e-09,
      "visibility_fit": 7.635546411250624e-05,
      "visibility_fourier": 3.5176850436113727e-16,
      "visibility": 3.5176850436113727e-16
    },
    "cycles": 8,
    "per_cycle_V": [
      7.271376283341476e-17,
      9.220584165187396e-16,
      3.4969014548992383e-16,
      7.604191277110529e-16,
      1.852832678300947e-16,
      3.5947306328390286e-16,
      2.91521380144577e-16,
      8.80275049503867e-16
    ]
  },
  "diagnostics": {
    "measured_link_count": 29,
    "selection_policy": "uniform",
    "num_links": 288,
    "visibility_qc": {
      "r2_ok": false,
      "v_in_unit_interval": true,
      "i0_very_small": false
    },
    "hybrid_knobs": {
      "kick_passes": 3,
      "loop_measurement_cycles": 4
    }
  },
  "artifacts": {
    "kernel_hash": "c776a5135c116bb3a99eaad342348026ed00e0c6d5dcf8a66155f4c58107111d",
    "flip_counts_hash": "1045813912820017453b344ca74f8b8f873bba658c2e9b55c71942b9dd07c053",
    "pivot_fit_hash": "d04f83ead3fcfaea1653e658999e83d0abac9536c46d06a4e4ad9b696714687e",
    "config_hash": "09be816148e3d54a4ba01072548fde7efe2f97f681380c3e050adf0677f43c72"
  }
}