{
  "sim": "MICC",
  "gauge": "SU3",
  "rep": "fundamental",
  "L": 12,
  "b": 3.5,
  "kappa": 0.75,
  "seed": 4,
  "measurement_model": "dephasing",
  "f": 0.0,
  "schedule": "during",
  "sigma": 0.40147495058464905,
  "sigma_err": 0.06042908099436511,
  "visibility": 9.167377849067616e-16,
  "visibility_err": 7.638112870987716e-31,
  "coherence": {
    "C": 0.24525708616696087,
    "P_entropy": 0.3604232404362525
  },
  "twist_scan": {
    "phi_values": [
      0.0,
      0.09817477042468103,
      0.19634954084936207,
      0.2945243112740431,
      0.39269908169872414,
      0.4908738521234052,
      0.5890486225480862,
      0.6872233929727672,
      0.7853981633974483,
      0.8835729338221293,
      0.9817477042468103,
      1.0799224746714913,
      1.1780972450961724,
      1.2762720155208536,
      1.3744467859455345,
      1.4726215563702154,
      1.5707963267948966,
      1.6689710972195777,
      1.7671458676442586,
      1.8653206380689396,
      1.9634954084936207,
      2.061670178918302,
      2.1598449493429825,
      2.2580197197676637,
      2.356194490192345,
      2.454369260617026,
      2.552544031041707,
      2.650718801466388,
      2.748893571891069,
      2.84706834231575,
      2.945243112740431,
      3.043417883165112,
      3.141592653589793,
      3.2397674240144743,
      3.3379421944391554,
      3.436116964863836,
      3.5342917352885173,
      3.6324665057131984,
      3.730641276137879,
      3.8288160465625602,
      3.9269908169872414,
      4.025165587411922,
      4.123340357836604,
      4.221515128261284,
      4.319689898685965,
      4.417864669110647,
      4.516039439535327,
      4.614214209960009,
      4.71238898038469,
      4.81056375080937,
      4.908738521234052,
      5.006913291658733,
      5.105088062083414,
      5.203262832508095,
      5.301437602932776,
      5.399612373357457,
      5.497787143782138,
      5.595961914206819,
      5.6941366846315,
      5.792311455056181,
      5.890486225480862,
      5.988660995905543,
      6.086835766330224,
      6.1850105367549055
    ],
    "mean_I": [
      0.2575435933091349,
      0.8817420780107881,
      0.9261592587331191,
      0.3438370021345018,
      -0.24958980167130926,
      -0.22674646279097335,
      0.3882168918276398,
      0.9451569902168693,
      0.8552731255747225,
      0.2135911062142572,
      -0.3014986491564756,
      -0.14543988950454084,
      0.516781045972263,
      0.9850598624035759,
      0.7643291389076962,
      0.08794683692998538,
      -0.3290112595724359,
      -0.04573432976356426,
      0.6382954073988338,
      0.9999172495705614,
      0.6568222251376797,
      -0.028267366911841396,
      -0.33107033873015457,
      0.06853858768662938,
      0.7480902473437697,
      0.9891581906611172,
      0.536883814670282,
      -0.13058545863125154,
      -0.3075967573723456,
      0.19298741871342392,
      0.8419462116816399,
      0.9531961502753837,
      0.4091230733575326,
      -0.2150754113441216,
      -0.2594925920664525,
      0.32282966453216316,
      0.9162564683379756,
      0.89341312945764,
      0.278449774839029,
      -0.27849032355020154,
      -0.18860645890805616,
      0.4530755604524055,
      0.9681653158231424,
      0.8121065561712082,
      0.14988562069440783,
      -0.3183931957369087,
      -0.09766247224103153,
      0.5787198297366841,
      0.9956779262391023,
      0.7124009964302337,
      0.028371259267832283,
      -0.3332505829038946,
      0.009844441528988779,
      0.694934033578507,
      0.9977370053968214,
      0.5981280789800353,
      -0.08142358067710198,
      -0.32249152399445113,
      0.1297828519963844,
      0.797252125297917,
      0.9742634240390141,
      0.4736792479532435,
      -0.1752795450149723,
      -0.2865294836087169
    ],
    "fit": {
      "A": 3.1468964972059883e-16,
      "I0": 0.3333333333333334,
      "phi0": 1.0202833224995735,
      "R2": 0.0,
      "visibility_fit": 9.440689491617962e-16,
      "visibility_fourier": 9.167377849067616e-16,
      "visibility": 9.167377849067616e-16
    },
    "cycles": 16,
    "per_cycle_V": [
      9.583044356551277e-16,
      9.583044356551277e-16,
      9.583044356551277e-16,
      9.583044356551277e-16,
      9.583044356551277e-16,
      9.583044356551277e-16,
      9.583044356551277e-16,
      9.583044356551277e-16,
      9.583044356551277e-16,
      9.583044356551277e-16,
      9.583044356551277e-16,
      9.583044356551277e-16,
      9.583044356551277e-16,
      9.583044356551277e-16,
      9.583044356551277e-16,
      9.583044356551277e-16
    ]
  },
  "diagnostics": {
    "measured_link_count": 0,
    "selection_policy": "uniform",
    "num_links": 288,
    "creutz_sizes": [
      [
        2,
        2
      ],
      [
        3,
        3
      ]
    ],
    "loop_sizes_measured": [
      [
        1,
        1
      ],
      [
        1,
        2
      ],
      [
        2,
        1
      ],
      [
        2,
        2
      ],
      [
        2,
        3
      ],
      [
        3,
        2
      ],
      [
        3,
        3
      ]
    ],
    "visibility_qc": {
      "r2_ok": false,
      "v_in_unit_interval": true,
      "i0_very_small": false
    },
    "hybrid_knobs": {
      "kick_passes": 3,
      "loop_measurement_cycles": 6
    }
  },
  "artifacts": {
    "kernel_hash": "c776a5135c116bb3a99eaad342348026ed00e0c6d5dcf8a66155f4c58107111d",
    "flip_counts_hash": "7a11042fb34eaa3744d5206ec23f7fdadc3f7966920f4b324b412fb9e9cc0219",
    "pivot_fit_hash": "32e5af21ae29df0c4428cd8be3189fb5b9433eb374572ce92302aca28369a080",
    "config_hash": "3e53227bb97f97d3e0f7892c2fd75b0f2e140b1e74473c1589a222acbe454fae"
  }
}