{
  "sim": "MICC",
  "gauge": "SU3",
  "rep": "fundamental",
  "L": 8,
  "b": 3.0,
  "kappa": 1.0,
  "seed": 4,
  "measurement_model": "dephasing",
  "f": 0.05,
  "schedule": "during",
  "sigma": 0.48169887653445015,
  "sigma_err": 0.01180857346033288,
  "visibility": 4.0330012449003144e-16,
  "visibility_err": 1.6906793207044414e-17,
  "coherence": {
    "C": 0.25117065239009,
    "P_entropy": 0.3291603249764476
  },
  "twist_scan": {
    "phi_values": [
      0.0,
      0.09817477042468103,
      0.19634954084936207,
      0.2945243112740431,
      0.39269908169872414,
      0.4908738521234052,
      0.5890486225480862,
      0.6872233929727672,
      0.7853981633974483,
      0.8835729338221293,
      0.9817477042468103,
      1.0799224746714913,
      1.1780972450961724,
      1.2762720155208536,
      1.3744467859455345,
      1.4726215563702154,
      1.5707963267948966,
      1.6689710972195777,
      1.7671458676442586,
      1.8653206380689396,
      1.9634954084936207,
      2.061670178918302,
      2.1598449493429825,
      2.2580197197676637,
      2.356194490192345,
      2.454369260617026,
      2.552544031041707,
      2.650718801466388,
      2.748893571891069,
      2.84706834231575,
      2.945243112740431,
      3.043417883165112,
      3.141592653589793,
      3.2397674240144743,
      3.3379421944391554,
      3.436116964863836,
      3.5342917352885173,
      3.6324665057131984,
      3.730641276137879,
      3.8288160465625602,
      3.9269908169872414,
      4.025165587411922,
      4.123340357836604,
      4.221515128261284,
      4.319689898685965,
      4.417864669110647,
      4.516039439535327,
      4.614214209960009,
      4.71238898038469,
      4.81056375080937,
      4.908738521234052,
      5.006913291658733,
      5.105088062083414,
      5.203262832508095,
      5.301437602932776,
      5.399612373357457,
      5.497787143782138,
      5.595961914206819,
      5.6941366846315,
      5.792311455056181,
      5.890486225480862,
      5.988660995905543,
      6.086835766330224,
      6.1850105367549055
    ],
    "mean_I": [
      0.5701744098798529,
      0.15434754166539771,
      -0.1802235191386248,
      -0.28165050571250816,
      -0.10388768665787343,
      0.272364334612933,
      0.6762950066406821,
      0.9245282491924474,
      0.9043713598939823,
      0.6249751450722387,
      0.21317964499632724,
      -0.1440685925947598,
      -0.28458633672549954,
      -0.14458146932643523,
      0.21238672684658472,
      0.6242621537670892,
      0.9040619785796509,
      0.92476293051749,
      0.6769672101899473,
      0.27316889402863004,
      -0.1033160245297691,
      -0.28157126352657236,
      -0.18067267119057756,
      0.15357390101684387,
      0.5694274973148495,
      0.8780992791211186,
      0.9394587108118095,
      0.7256498932241421,
      0.3337375595006639,
      -0.05835828445173675,
      -0.2726343229188388,
      -0.2118137142468902,
      0.0964922567868133,
      0.512319125001269,
      0.846890185805292,
      0.9483171723791751,
      0.7705543533245409,
      0.3943023320537338,
      -0.00962833997401457,
      -0.2578615825257803,
      -0.23770469322731583,
      0.04169152159442613,
      0.4534870216703399,
      0.8107352592614265,
      0.9512530033921662,
      0.8112481359931019,
      0.45427993982008363,
      0.042404512899576315,
      -0.2373953119129838,
      -0.25809626385082374,
      -0.01030054352328029,
      0.3934977726380362,
      0.7699826911964367,
      0.9482379301932389,
      0.8473393378572449,
      0.5130927656498216,
      0.09723916935181803,
      -0.21143261245445052,
      -0.27279204414514224,
      -0.05898322655747553,
      0.33292910716600055,
      0.7250249511184035,
      0.9393009895855051,
      0.8784803809135565
    ],
    "fit": {
      "A": 0.10044196237072164,
      "I0": 0.33333333333333287,
      "phi0": 2.7544455614240846,
      "R2": 0.017047231235014504,
      "visibility_fit": 0.30132588711216535,
      "visibility_fourier": 4.0330012449003144e-16,
      "visibility": 4.0330012449003144e-16
    },
    "cycles": 16,
    "per_cycle_V": [
      2.881655183576553e-16,
      4.1280587313144327e-16,
      3.868715330953903e-16,
      4.219572224045808e-16,
      3.675347857197248e-16,
      3.2317227925962147e-16,
      3.8296648266788393e-16,
      2.9064546380773296e-16,
      3.5829081150623677e-16,
      3.669955009110713e-16,
      2.713196386275625e-16,
      4.3538835495324516e-16,
      2.765564913656487e-16,
      3.7456020185036755e-16,
      2.9978235162589876e-16,
      5.179718434738311e-16
    ]
  },
  "diagnostics": {
    "measured_link_count": 6,
    "selection_policy": "uniform",
    "num_links": 128,
    "creutz_sizes": [
      [
        2,
        2
      ],
      [
        3,
        3
      ]
    ],
    "loop_sizes_measured": [
      [
        1,
        1
      ],
      [
        1,
        2
      ],
      [
        2,
        1
      ],
      [
        2,
        2
      ],
      [
        2,
        3
      ],
      [
        3,
        2
      ],
      [
        3,
        3
      ]
    ],
    "visibility_qc": {
      "r2_ok": false,
      "v_in_unit_interval": true,
      "i0_very_small": false
    },
    "hybrid_knobs": {
      "kick_passes": 3,
      "loop_measurement_cycles": 6
    }
  },
  "artifacts": {
    "kernel_hash": "59ad205957406ba8769e06c45a6e3db43b483f8e2d8e66b070b3ff98425f2b57",
    "flip_counts_hash": "b3326e9c852a05e144e201e0a4a89d13606dfe15c97d7e29e97870d36629453e",
    "pivot_fit_hash": "e730f86cf82cf01e0490c7477184968845e3929e6af95e60cac897b00c6a8382",
    "config_hash": "3e53227bb97f97d3e0f7892c2fd75b0f2e140b1e74473c1589a222acbe454fae"
  }
}