{
  "sim": "MICC",
  "gauge": "SU3",
  "rep": "fundamental",
  "L": 8,
  "b": 3.0,
  "kappa": 0.75,
  "seed": 3,
  "measurement_model": "dephasing",
  "f": 0.3,
  "schedule": "during",
  "sigma": 0.43176031327821307,
  "sigma_err": 0.03357179475608108,
  "visibility": 1.5005809484904778e-16,
  "visibility_err": 4.3209997099844313e-17,
  "coherence": {
    "C": 0.32472133007739,
    "P_entropy": 0.20848157770410908
  },
  "twist_scan": {
    "phi_values": [
      0.0,
      0.09817477042468103,
      0.19634954084936207,
      0.2945243112740431,
      0.39269908169872414,
      0.4908738521234052,
      0.5890486225480862,
      0.6872233929727672,
      0.7853981633974483,
      0.8835729338221293,
      0.9817477042468103,
      1.0799224746714913,
      1.1780972450961724,
      1.2762720155208536,
      1.3744467859455345,
      1.4726215563702154,
      1.5707963267948966,
      1.6689710972195777,
      1.7671458676442586,
      1.8653206380689396,
      1.9634954084936207,
      2.061670178918302,
      2.1598449493429825,
      2.2580197197676637,
      2.356194490192345,
      2.454369260617026,
      2.552544031041707,
      2.650718801466388,
      2.748893571891069,
      2.84706834231575,
      2.945243112740431,
      3.043417883165112,
      3.141592653589793,
      3.2397674240144743,
      3.3379421944391554,
      3.436116964863836,
      3.5342917352885173,
      3.6324665057131984,
      3.730641276137879,
      3.8288160465625602,
      3.9269908169872414,
      4.025165587411922,
      4.123340357836604,
      4.221515128261284,
      4.319689898685965,
      4.417864669110647,
      4.516039439535327,
      4.614214209960009,
      4.71238898038469,
      4.81056375080937,
      4.908738521234052,
      5.006913291658733,
      5.105088062083414,
      5.203262832508095,
      5.301437602932776,
      5.399612373357457,
      5.497787143782138,
      5.595961914206819,
      5.6941366846315,
      5.792311455056181,
      5.890486225480862,
      5.988660995905543,
      6.086835766330224,
      6.1850105367549055
    ],
    "mean_I": [
      0.5951319334101917,
      0.804857448910514,
      0.800520873964035,
      0.5840909229328743,
      0.25382226874360836,
      -0.04035002443792215,
      -0.16487788568667755,
      -0.06322826946553231,
      0.21845202362173483,
      0.5522860295260634,
      0.7867200889428039,
      0.8153260401452777,
      0.6251173793443305,
      0.30244486190333797,
      -0.006204935285228447,
      -0.1607114571543379,
      -0.09093197300085148,
      0.17145509023006772,
      0.5073314914858804,
      0.7642163666721623,
      0.8254893530759054,
      0.6633337958873158,
      0.351364927928296,
      0.031210093004760103,
      -0.15178710721724814,
      -0.11454976970916418,
      0.1260171328111342,
      0.46070125606561935,
      0.7375630052458426,
      0.8309129344965651,
      0.6983721275793044,
      0.4001113398402307,
      0.07153473325647548,
      -0.13819078224384743,
      -0.13385420729736822,
      0.08257574373379158,
      0.4128443979230581,
      0.707016691104589,
      0.8315445523533445,
      0.7298949361321995,
      0.4482146430449324,
      0.11438063714060479,
      -0.12005342227613704,
      -0.14865937347861097,
      0.04154928732233475,
      0.36422180476332827,
      0.6728716019518943,
      0.8273781238210053,
      0.7575986396675185,
      0.4952115764366008,
      0.15933517518078605,
      -0.09754970000549504,
      -0.1588226864092384,
      0.003332870779350872,
      0.3153017387383703,
      0.6354565736619076,
      0.8184537738839147,
      0.7812164363758317,
      0.5406495338555326,
      0.20596541060104798,
      -0.07089633857917454,
      -0.16424626782989843,
      -0.03170546091263771,
      0.2665553268264372
    ],
    "fit": {
      "A": 0.06655785535069467,
      "I0": 0.33333333333333376,
      "phi0": -2.7857139934060053,
      "R2": 0.01163888292702464,
      "visibility_fit": 0.19967356605208375,
      "visibility_fourier": 1.5005809484904778e-16,
      "visibility": 1.5005809484904778e-16
    },
    "cycles": 8,
    "per_cycle_V": [
      9.696259524785191e-17,
      4.152492374433663e-16,
      2.2489063399438075e-16,
      2.1517212497264323e-16,
      3.317148395780508e-16,
      2.387805325554278e-16,
      3.5333847725160695e-17,
      1.5197714762567743e-16
    ]
  },
  "diagnostics": {
    "measured_link_count": 38,
    "selection_policy": "uniform",
    "num_links": 128,
    "visibility_qc": {
      "r2_ok": false,
      "v_in_unit_interval": true,
      "i0_very_small": false
    },
    "hybrid_knobs": {
      "kick_passes": 3,
      "loop_measurement_cycles": 4
    }
  },
  "artifacts": {
    "kernel_hash": "59ad205957406ba8769e06c45a6e3db43b483f8e2d8e66b070b3ff98425f2b57",
    "flip_counts_hash": "c1b27689be21b2ac0fdae0da5c804f2dab3460dc84baee0f4b6cda147a262623",
    "pivot_fit_hash": "d04f83ead3fcfaea1653e658999e83d0abac9536c46d06a4e4ad9b696714687e",
    "config_hash": "09be816148e3d54a4ba01072548fde7efe2f97f681380c3e050adf0677f43c72"
  }
}