{
  "sim": "MICC",
  "gauge": "SU3",
  "rep": "fundamental",
  "L": 12,
  "b": 3.0,
  "kappa": 0.75,
  "seed": 4,
  "measurement_model": "dephasing",
  "f": 0.3,
  "schedule": "post",
  "sigma": 0.18079673282705086,
  "sigma_err": 0.02602500664006622,
  "visibility": 6.270790019637715e-16,
  "visibility_err": 7.638112870987716e-31,
  "coherence": {
    "C": 0.24660263241109556,
    "P_entropy": 0.3604232404362525
  },
  "twist_scan": {
    "phi_values": [
      0.0,
      0.09817477042468103,
      0.19634954084936207,
      0.2945243112740431,
      0.39269908169872414,
      0.4908738521234052,
      0.5890486225480862,
      0.6872233929727672,
      0.7853981633974483,
      0.8835729338221293,
      0.9817477042468103,
      1.0799224746714913,
      1.1780972450961724,
      1.2762720155208536,
      1.3744467859455345,
      1.4726215563702154,
      1.5707963267948966,
      1.6689710972195777,
      1.7671458676442586,
      1.8653206380689396,
      1.9634954084936207,
      2.061670178918302,
      2.1598449493429825,
      2.2580197197676637,
      2.356194490192345,
      2.454369260617026,
      2.552544031041707,
      2.650718801466388,
      2.748893571891069,
      2.84706834231575,
      2.945243112740431,
      3.043417883165112,
      3.141592653589793,
      3.2397674240144743,
      3.3379421944391554,
      3.436116964863836,
      3.5342917352885173,
      3.6324665057131984,
      3.730641276137879,
      3.8288160465625602,
      3.9269908169872414,
      4.025165587411922,
      4.123340357836604,
      4.221515128261284,
      4.319689898685965,
      4.417864669110647,
      4.516039439535327,
      4.614214209960009,
      4.71238898038469,
      4.81056375080937,
      4.908738521234052,
      5.006913291658733,
      5.105088062083414,
      5.203262832508095,
      5.301437602932776,
      5.399612373357457,
      5.497787143782138,
      5.595961914206819,
      5.6941366846315,
      5.792311455056181,
      5.890486225480862,
      5.988660995905543,
      6.086835766330224,
      6.1850105367549055
    ],
    "mean_I": [
      0.9029150612442259,
      0.907365646368724,
      0.30494552381756596,
      -0.2674628212447975,
      -0.2047055506823767,
      0.42686993949045093,
      0.959557919181531,
      0.8301971797543211,
      0.17554873918446964,
      -0.3122887986940305,
      -0.11757040503848916,
      0.5538463635784555,
      0.9921353174754836,
      0.7339345141664141,
      0.052215528017895335,
      -0.3323038796785144,
      -0.013107281598701677,
      0.6723485955792755,
      0.9993953249792625,
      0.6222769698588244,
      -0.06031448354308878,
      -0.3267388958606035,
      0.10466936038678719,
      0.7778226611739304,
      0.9810589436759564,
      0.4995154836410151,
      -0.15771683026175237,
      -0.29580770644753945,
      0.23123343061638077,
      0.8662152511721595,
      0.937830830415892,
      0.3703677105829091,
      -0.23624839457755842,
      -0.24069897970205648,
      0.3617211428491019,
      0.9341294879114644,
      0.8713722173490447,
      0.23979672717621625,
      -0.29289125251486353,
      -0.16353051308765446,
      0.4911179274821967,
      0.978955465360698,
      0.784237071705156,
      0.11282030308821184,
      -0.3254686508088155,
      -0.06726784749974736,
      0.6144511386487694,
      0.9989705463451822,
      0.6797739482653699,
      -0.005681928912604741,
      -0.3327286583125949,
      0.04438969680784181,
      0.726981150209758,
      0.9934055625272703,
      0.5619973062798814,
      -0.11115599450726493,
      -0.31439227700928934,
      0.16715118302564755,
      0.8243834969284193,
      0.9624743731142066,
      0.4354332360502905,
      -0.19954858450549212,
      -0.2711641637492245,
      0.29629895608376017
    ],
    "fit": {
      "A": 2.15068486089769e-16,
      "I0": 0.3333333333333336,
      "phi0": 0.9087797013526744,
      "R2": 0.0,
      "visibility_fit": 6.452054582693065e-16,
      "visibility_fourier": 6.270790019637715e-16,
      "visibility": 6.270790019637715e-16
    },
    "cycles": 16,
    "per_cycle_V": [
      5.2072036160189e-16,
      5.2072036160189e-16,
      5.2072036160189e-16,
      5.2072036160189e-16,
      5.2072036160189e-16,
      5.2072036160189e-16,
      5.2072036160189e-16,
      5.2072036160189e-16,
      5.2072036160189e-16,
      5.2072036160189e-16,
      5.2072036160189e-16,
      5.2072036160189e-16,
      5.2072036160189e-16,
      5.2072036160189e-16,
      5.2072036160189e-16,
      5.2072036160189e-16
    ]
  },
  "diagnostics": {
    "measured_link_count": 86,
    "selection_policy": "uniform",
    "num_links": 288,
    "creutz_sizes": [
      [
        2,
        2
      ],
      [
        3,
        3
      ]
    ],
    "loop_sizes_measured": [
      [
        1,
        1
      ],
      [
        1,
        2
      ],
      [
        2,
        1
      ],
      [
        2,
        2
      ],
      [
        2,
        3
      ],
      [
        3,
        2
      ],
      [
        3,
        3
      ]
    ],
    "visibility_qc": {
      "r2_ok": false,
      "v_in_unit_interval": true,
      "i0_very_small": false
    },
    "hybrid_knobs": {
      "kick_passes": 3,
      "loop_measurement_cycles": 6
    }
  },
  "artifacts": {
    "kernel_hash": "c776a5135c116bb3a99eaad342348026ed00e0c6d5dcf8a66155f4c58107111d",
    "flip_counts_hash": "7a11042fb34eaa3744d5206ec23f7fdadc3f7966920f4b324b412fb9e9cc0219",
    "pivot_fit_hash": "d04f83ead3fcfaea1653e658999e83d0abac9536c46d06a4e4ad9b696714687e",
    "config_hash": "3e53227bb97f97d3e0f7892c2fd75b0f2e140b1e74473c1589a222acbe454fae"
  }
}