{
  "sim": "MICC",
  "gauge": "SU3",
  "rep": "fundamental",
  "L": 8,
  "b": 3.0,
  "kappa": 0.75,
  "seed": 4,
  "measurement_model": "dephasing",
  "f": 0.3,
  "schedule": "during",
  "sigma": 0.33588953931354515,
  "sigma_err": 0.08792385497357419,
  "visibility": 2.1369204006483552e-16,
  "visibility_err": 6.90198195911677e-17,
  "coherence": {
    "C": 0.32292748308464697,
    "P_entropy": 0.21734191954266718
  },
  "twist_scan": {
    "phi_values": [
      0.0,
      0.09817477042468103,
      0.19634954084936207,
      0.2945243112740431,
      0.39269908169872414,
      0.4908738521234052,
      0.5890486225480862,
      0.6872233929727672,
      0.7853981633974483,
      0.8835729338221293,
      0.9817477042468103,
      1.0799224746714913,
      1.1780972450961724,
      1.2762720155208536,
      1.3744467859455345,
      1.4726215563702154,
      1.5707963267948966,
      1.6689710972195777,
      1.7671458676442586,
      1.8653206380689396,
      1.9634954084936207,
      2.061670178918302,
      2.1598449493429825,
      2.2580197197676637,
      2.356194490192345,
      2.454369260617026,
      2.552544031041707,
      2.650718801466388,
      2.748893571891069,
      2.84706834231575,
      2.945243112740431,
      3.043417883165112,
      3.141592653589793,
      3.2397674240144743,
      3.3379421944391554,
      3.436116964863836,
      3.5342917352885173,
      3.6324665057131984,
      3.730641276137879,
      3.8288160465625602,
      3.9269908169872414,
      4.025165587411922,
      4.123340357836604,
      4.221515128261284,
      4.319689898685965,
      4.417864669110647,
      4.516039439535327,
      4.614214209960009,
      4.71238898038469,
      4.81056375080937,
      4.908738521234052,
      5.006913291658733,
      5.105088062083414,
      5.203262832508095,
      5.301437602932776,
      5.399612373357457,
      5.497787143782138,
      5.595961914206819,
      5.6941366846315,
      5.792311455056181,
      5.890486225480862,
      5.988660995905543,
      6.086835766330224,
      6.1850105367549055
    ],
    "mean_I": [
      0.35765430620365457,
      0.2522627807744977,
      0.18367559128726618,
      0.18302988783562116,
      0.2506188062870644,
      0.35575839072760423,
      0.45071746794566375,
      0.49238660216760266,
      0.46184887762181054,
      0.37296778280825327,
      0.2660934765596369,
      0.1897446595210523,
      0.17858209842425857,
      0.23767336263460007,
      0.34019225360542005,
      0.43959733817027574,
      0.4907607861715369,
      0.4704554618767918,
      0.3878995579980146,
      0.28057172892255144,
      0.19719656517720413,
      0.17562464800070085,
      0.22564917679302346,
      0.32456006133154813,
      0.4274538279384943,
      0.4876188577460393,
      0.4777414850753194,
      0.40230583061532255,
      0.2955581043783685,
      0.20595954233062702,
      0.17418601842923317,
      0.21466204824507815,
      0.3090123604630121,
      0.4144038858921689,
      0.4829910753794007,
      0.48363677883104594,
      0.41604786037960245,
      0.31090827593906256,
      0.21594919872100307,
      0.1742800644990642,
      0.20481778904485615,
      0.29369888385841286,
      0.40057319010702996,
      0.4769220071456144,
      0.4880845682424083,
      0.4289933040320668,
      0.32647441306124714,
      0.22706932849639072,
      0.17590588049512998,
      0.1962112047898747,
      0.27876710866865234,
      0.38609493774411513,
      0.46947010148946283,
      0.491042018665966,
      0.4410174898736434,
      0.3421066053351182,
      0.23921283872817262,
      0.17904780892062763,
      0.18892518159134747,
      0.2643608360513441,
      0.37110856228829764,
      0.46070712433603966,
      0.4924806482374334,
      0.45200461842158834
    ],
    "fit": {
      "A": 0.008555095015735394,
      "I0": 0.3333333333333335,
      "phi0": -0.9973961361293929,
      "R2": 0.0020150908372457144,
      "visibility_fit": 0.025665285047206172,
      "visibility_fourier": 2.1369204006483552e-16,
      "visibility": 2.1369204006483552e-16
    },
    "cycles": 8,
    "per_cycle_V": [
      3.788693259787749e-16,
      6.470071280203833e-17,
      1.923443102964834e-16,
      4.830553244768747e-16,
      4.999259391636602e-16,
      2.2909527989433647e-17,
      3.690428625877327e-16,
      5.002779514596117e-16
    ]
  },
  "diagnostics": {
    "measured_link_count": 38,
    "selection_policy": "uniform",
    "num_links": 128,
    "visibility_qc": {
      "r2_ok": false,
      "v_in_unit_interval": true,
      "i0_very_small": false
    },
    "hybrid_knobs": {
      "kick_passes": 3,
      "loop_measurement_cycles": 4
    }
  },
  "artifacts": {
    "kernel_hash": "59ad205957406ba8769e06c45a6e3db43b483f8e2d8e66b070b3ff98425f2b57",
    "flip_counts_hash": "b3326e9c852a05e144e201e0a4a89d13606dfe15c97d7e29e97870d36629453e",
    "pivot_fit_hash": "d04f83ead3fcfaea1653e658999e83d0abac9536c46d06a4e4ad9b696714687e",
    "config_hash": "09be816148e3d54a4ba01072548fde7efe2f97f681380c3e050adf0677f43c72"
  }
}