{
  "sim": "MICC",
  "gauge": "SU3",
  "rep": "fundamental",
  "L": 12,
  "b": 3.0,
  "kappa": 1.0,
  "seed": 1,
  "measurement_model": "dephasing",
  "f": 0.05,
  "schedule": "during",
  "sigma": 0.25465229651605137,
  "sigma_err": 0.011675509233824948,
  "visibility": 2.1237004994568136e-16,
  "visibility_err": 5.276354460417456e-17,
  "coherence": {
    "C": 0.2502070352873878,
    "P_entropy": 0.3233341617649937
  },
  "twist_scan": {
    "phi_values": [
      0.0,
      0.09817477042468103,
      0.19634954084936207,
      0.2945243112740431,
      0.39269908169872414,
      0.4908738521234052,
      0.5890486225480862,
      0.6872233929727672,
      0.7853981633974483,
      0.8835729338221293,
      0.9817477042468103,
      1.0799224746714913,
      1.1780972450961724,
      1.2762720155208536,
      1.3744467859455345,
      1.4726215563702154,
      1.5707963267948966,
      1.6689710972195777,
      1.7671458676442586,
      1.8653206380689396,
      1.9634954084936207,
      2.061670178918302,
      2.1598449493429825,
      2.2580197197676637,
      2.356194490192345,
      2.454369260617026,
      2.552544031041707,
      2.650718801466388,
      2.748893571891069,
      2.84706834231575,
      2.945243112740431,
      3.043417883165112,
      3.141592653589793,
      3.2397674240144743,
      3.3379421944391554,
      3.436116964863836,
      3.5342917352885173,
      3.6324665057131984,
      3.730641276137879,
      3.8288160465625602,
      3.9269908169872414,
      4.025165587411922,
      4.123340357836604,
      4.221515128261284,
      4.319689898685965,
      4.417864669110647,
      4.516039439535327,
      4.614214209960009,
      4.71238898038469,
      4.81056375080937,
      4.908738521234052,
      5.006913291658733,
      5.105088062083414,
      5.203262832508095,
      5.301437602932776,
      5.399612373357457,
      5.497787143782138,
      5.595961914206819,
      5.6941366846315,
      5.792311455056181,
      5.890486225480862,
      5.988660995905543,
      6.086835766330224,
      6.1850105367549055
    ],
    "mean_I": [
      0.9365399847841142,
      0.8006838829160275,
      0.17074172993678988,
      -0.2873075188022351,
      -0.08921120814535026,
      0.5556019494355248,
      0.9654312754708233,
      0.7070025317872249,
      0.053528272802943824,
      -0.30413425008341,
      0.012138116553707475,
      0.6679801626020071,
      0.9700313967257995,
      0.5989612829179398,
      -0.05293243277120403,
      -0.29646345962981907,
      0.12583079330525365,
      0.7674980857918011,
      0.9501635684689902,
      0.4807121009119901,
      -0.14454916157429237,
      -0.26458993161676475,
      0.24749767630131245,
      0.8503313010270123,
      0.9065913001982991,
      0.3567992355189546,
      -0.21780113409767252,
      -0.20973854785090845,
      0.37246317545992325,
      0.913296574299557,
      0.8409890497477597,
      0.23198458866475907,
      -0.2698733181174471,
      -0.13401721624936067,
      0.4959249367298779,
      0.9539741854689018,
      0.7558778748120181,
      0.11106471723114217,
      -0.298764608804157,
      -0.04033586512055924,
      0.613138393863722,
      0.9708009167500774,
      0.654528550112959,
      -0.0013134959353399995,
      -0.30336473005913267,
      0.0677053837487267,
      0.7195990994378687,
      0.963130126296486,
      0.5408358733614141,
      -0.10083141912513119,
      -0.283496901802323,
      0.18595456575467587,
      0.8112158282409606,
      0.9312565982834315,
      0.41916899036535565,
      -0.18366463436034647,
      -0.2399246335316325,
      0.30986743114770765,
      0.8844678007643385,
      0.8764052145175758,
      0.2942034912067475,
      -0.24662990763288992,
      -0.17432238308109332,
      0.43468207800191005
    ],
    "fit": {
      "A": 0.007290138084277145,
      "I0": 0.3333333333333337,
      "phi0": 1.4451280236646618,
      "R2": 0.00010205239561766888,
      "visibility_fit": 0.02187041425283141,
      "visibility_fourier": 2.1237004994568136e-16,
      "visibility": 2.1237004994568136e-16
    },
    "cycles": 16,
    "per_cycle_V": [
      6.606200179619768e-17,
      2.3167693137885447e-16,
      1.2110227658655537e-16,
      8.071371090132068e-16,
      5.746975588751799e-16,
      2.761677466759854e-16,
      3.4965928527136665e-16,
      1.0648747616203428e-16,
      1.8612186416698193e-16,
      1.2180566283362436e-16,
      5.856082958913772e-16,
      8.523023890362423e-17,
      3.8762555219317784e-16,
      1.8155285067794686e-16,
      2.9448431923807343e-16,
      1.8582747649961077e-16
    ]
  },
  "diagnostics": {
    "measured_link_count": 14,
    "selection_policy": "uniform",
    "num_links": 288,
    "creutz_sizes": [
      [
        2,
        2
      ],
      [
        3,
        3
      ]
    ],
    "loop_sizes_measured": [
      [
        1,
        1
      ],
      [
        1,
        2
      ],
      [
        2,
        1
      ],
      [
        2,
        2
      ],
      [
        2,
        3
      ],
      [
        3,
        2
      ],
      [
        3,
        3
      ]
    ],
    "visibility_qc": {
      "r2_ok": false,
      "v_in_unit_interval": true,
      "i0_very_small": false
    },
    "hybrid_knobs": {
      "kick_passes": 3,
      "loop_measurement_cycles": 6
    }
  },
  "artifacts": {
    "kernel_hash": "c776a5135c116bb3a99eaad342348026ed00e0c6d5dcf8a66155f4c58107111d",
    "flip_counts_hash": "1045813912820017453b344ca74f8b8f873bba658c2e9b55c71942b9dd07c053",
    "pivot_fit_hash": "e730f86cf82cf01e0490c7477184968845e3929e6af95e60cac897b00c6a8382",
    "config_hash": "3e53227bb97f97d3e0f7892c2fd75b0f2e140b1e74473c1589a222acbe454fae"
  }
}