{
  "sim": "MICC",
  "gauge": "SU3",
  "rep": "fundamental",
  "L": 8,
  "b": 3.0,
  "kappa": 1.0,
  "seed": 4,
  "measurement_model": "dephasing",
  "f": 0.3,
  "schedule": "during",
  "sigma": 0.5477479879596238,
  "sigma_err": 0.07000673831463085,
  "visibility": 9.804599164102552e-17,
  "visibility_err": 3.278140219994456e-17,
  "coherence": {
    "C": 0.3118298448816527,
    "P_entropy": 0.21306276043879993
  },
  "twist_scan": {
    "phi_values": [
      0.0,
      0.09817477042468103,
      0.19634954084936207,
      0.2945243112740431,
      0.39269908169872414,
      0.4908738521234052,
      0.5890486225480862,
      0.6872233929727672,
      0.7853981633974483,
      0.8835729338221293,
      0.9817477042468103,
      1.0799224746714913,
      1.1780972450961724,
      1.2762720155208536,
      1.3744467859455345,
      1.4726215563702154,
      1.5707963267948966,
      1.6689710972195777,
      1.7671458676442586,
      1.8653206380689396,
      1.9634954084936207,
      2.061670178918302,
      2.1598449493429825,
      2.2580197197676637,
      2.356194490192345,
      2.454369260617026,
      2.552544031041707,
      2.650718801466388,
      2.748893571891069,
      2.84706834231575,
      2.945243112740431,
      3.043417883165112,
      3.141592653589793,
      3.2397674240144743,
      3.3379421944391554,
      3.436116964863836,
      3.5342917352885173,
      3.6324665057131984,
      3.730641276137879,
      3.8288160465625602,
      3.9269908169872414,
      4.025165587411922,
      4.123340357836604,
      4.221515128261284,
      4.319689898685965,
      4.417864669110647,
      4.516039439535327,
      4.614214209960009,
      4.71238898038469,
      4.81056375080937,
      4.908738521234052,
      5.006913291658733,
      5.105088062083414,
      5.203262832508095,
      5.301437602932776,
      5.399612373357457,
      5.497787143782138,
      5.595961914206819,
      5.6941366846315,
      5.792311455056181,
      5.890486225480862,
      5.988660995905543,
      6.086835766330224,
      6.1850105367549055
    ],
    "mean_I": [
      0.2168716117489188,
      0.22428612800851067,
      0.2812057956655867,
      0.3617902756076999,
      0.42945589869873074,
      0.45348388672195705,
      0.42296603546138345,
      0.35175681136097203,
      0.27218371341061,
      0.22037126446684788,
      0.2198412331215073,
      0.2708342425241531,
      0.350200532502833,
      0.4219094666964626,
      0.4534066881801351,
      0.4303931169040263,
      0.36331643308907247,
      0.2826280488334485,
      0.22495880365930926,
      0.21648932920063657,
      0.26106458979269065,
      0.3384483490494149,
      0.4135099981092672,
      0.4521731175923659,
      0.4368854595726084,
      0.37458730117609534,
      0.293560703864349,
      0.23059004881607587,
      0.21426269691299374,
      0.2519909245676383,
      0.32664690519849865,
      0.40433838441125675,
      0.4497950549177479,
      0.44238053865815596,
      0.38546087100107995,
      0.304876391058967,
      0.23721076796793605,
      0.21318277994470963,
      0.24370063120528304,
      0.3149098553056945,
      0.39448295325605665,
      0.4462954021998188,
      0.4468254335451593,
      0.3958324241425135,
      0.3164661341638341,
      0.24475719997020423,
      0.21325997848653172,
      0.23627354976264056,
      0.3033502335775941,
      0.38403861783321774,
      0.44170786300735737,
      0.45017733746603017,
      0.4056020768739759,
      0.32821831761725184,
      0.2531566685573995,
      0.2144935490743008,
      0.22978120709405828,
      0.29207936549057073,
      0.3731059628023177,
      0.4360766178505907,
      0.45240396975367303,
      0.4146757420990286,
      0.34001976146816826,
      0.2623282822554096
    ],
    "fit": {
      "A": 0.00020065247193527832,
      "I0": 0.33333333333333326,
      "phi0": -2.4604191674360623,
      "R2": 3.454653216605763e-06,
      "visibility_fit": 0.000601957415805835,
      "visibility_fourier": 9.804599164102552e-17,
      "visibility": 9.804599164102552e-17
    },
    "cycles": 16,
    "per_cycle_V": [
      4.940059646046058e-16,
      8.812478026698494e-17,
      2.6102770193095705e-16,
      3.876173642183378e-16,
      5.224500167868677e-16,
      2.6933546027292944e-16,
      3.226324987228073e-16,
      4.410251384658361e-16,
      2.394484000729921e-16,
      2.320565503645644e-16,
      1.1111591307794022e-16,
      9.921717014149165e-17,
      3.6058484458508973e-16,
      3.452895751254923e-16,
      3.020689210970712e-16,
      2.2252033997723486e-16
    ]
  },
  "diagnostics": {
    "measured_link_count": 38,
    "selection_policy": "uniform",
    "num_links": 128,
    "creutz_sizes": [
      [
        2,
        2
      ],
      [
        3,
        3
      ]
    ],
    "loop_sizes_measured": [
      [
        1,
        1
      ],
      [
        1,
        2
      ],
      [
        2,
        1
      ],
      [
        2,
        2
      ],
      [
        2,
        3
      ],
      [
        3,
        2
      ],
      [
        3,
        3
      ]
    ],
    "visibility_qc": {
      "r2_ok": false,
      "v_in_unit_interval": true,
      "i0_very_small": false
    },
    "hybrid_knobs": {
      "kick_passes": 3,
      "loop_measurement_cycles": 6
    }
  },
  "artifacts": {
    "kernel_hash": "59ad205957406ba8769e06c45a6e3db43b483f8e2d8e66b070b3ff98425f2b57",
    "flip_counts_hash": "b3326e9c852a05e144e201e0a4a89d13606dfe15c97d7e29e97870d36629453e",
    "pivot_fit_hash": "e730f86cf82cf01e0490c7477184968845e3929e6af95e60cac897b00c6a8382",
    "config_hash": "3e53227bb97f97d3e0f7892c2fd75b0f2e140b1e74473c1589a222acbe454fae"
  }
}