{
  "sim": "MICC",
  "gauge": "SU3",
  "rep": "fundamental",
  "L": 12,
  "b": 3.0,
  "kappa": 0.75,
  "seed": 4,
  "measurement_model": "dephasing",
  "f": 0.5,
  "schedule": "during",
  "sigma": 0.644963864492256,
  "sigma_err": 0.09158014418119947,
  "visibility": 1.9257188668768108e-16,
  "visibility_err": 9.919546282294484e-17,
  "coherence": {
    "C": 0.36678952041353463,
    "P_entropy": 0.1793284263555196
  },
  "twist_scan": {
    "phi_values": [
      0.0,
      0.09817477042468103,
      0.19634954084936207,
      0.2945243112740431,
      0.39269908169872414,
      0.4908738521234052,
      0.5890486225480862,
      0.6872233929727672,
      0.7853981633974483,
      0.8835729338221293,
      0.9817477042468103,
      1.0799224746714913,
      1.1780972450961724,
      1.2762720155208536,
      1.3744467859455345,
      1.4726215563702154,
      1.5707963267948966,
      1.6689710972195777,
      1.7671458676442586,
      1.8653206380689396,
      1.9634954084936207,
      2.061670178918302,
      2.1598449493429825,
      2.2580197197676637,
      2.356194490192345,
      2.454369260617026,
      2.552544031041707,
      2.650718801466388,
      2.748893571891069,
      2.84706834231575,
      2.945243112740431,
      3.043417883165112,
      3.141592653589793,
      3.2397674240144743,
      3.3379421944391554,
      3.436116964863836,
      3.5342917352885173,
      3.6324665057131984,
      3.730641276137879,
      3.8288160465625602,
      3.9269908169872414,
      4.025165587411922,
      4.123340357836604,
      4.221515128261284,
      4.319689898685965,
      4.417864669110647,
      4.516039439535327,
      4.614214209960009,
      4.71238898038469,
      4.81056375080937,
      4.908738521234052,
      5.006913291658733,
      5.105088062083414,
      5.203262832508095,
      5.301437602932776,
      5.399612373357457,
      5.497787143782138,
      5.595961914206819,
      5.6941366846315,
      5.792311455056181,
      5.890486225480862,
      5.988660995905543,
      6.086835766330224,
      6.1850105367549055
    ],
    "mean_I": [
      0.3512069028655522,
      0.42020671125281184,
      0.39736341753770216,
      0.3068271009191218,
      0.24431334619774298,
      0.2759121028515257,
      0.36821695912160873,
      0.4236426185456455,
      0.38359271225340263,
      0.29040826255666546,
      0.24260447782897143,
      0.29071983126857426,
      0.38388645720158465,
      0.4236079906538006,
      0.3678905672229892,
      0.2756390105914994,
      0.24438226849590458,
      0.30716517267204435,
      0.397613227081822,
      0.42010415830774145,
      0.3508604070741162,
      0.26308691909395276,
      0.24957839870020787,
      0.3246161418144538,
      0.40886975669388487,
      0.4132657718195548,
      0.33315669131068104,
      0.2532343579009829,
      0.2579931840721539,
      0.34240210773827695,
      0.41722346391751575,
      0.40335562654697105,
      0.315459763801115,
      0.24645995541385513,
      0.26930324912896475,
      0.35983956574754483,
      0.422353320468924,
      0.3907545638151414,
      0.29844970754505856,
      0.24302404812102152,
      0.28307395441326416,
      0.3762584041100012,
      0.4240621888376954,
      0.3759468353980929,
      0.282780209465083,
      0.24305867601286635,
      0.29877609944367745,
      0.391027656075168,
      0.4222843981707624,
      0.3595014939946232,
      0.269053439584845,
      0.24656250835892546,
      0.31580625959255093,
      0.40357974757271425,
      0.4170882679664592,
      0.34205052485221277,
      0.25779690997278226,
      0.25340089484711187,
      0.33350997535598587,
      0.413432308765684,
      0.40867348259451336,
      0.32426455892839023,
      0.24944320274915133,
      0.2633110401196962
    ],
    "fit": {
      "A": 3.763499639528886e-12,
      "I0": 0.33333333333333354,
      "phi0": 0.9133697464025158,
      "R2": 0.0,
      "visibility_fit": 1.1290498918586652e-11,
      "visibility_fourier": 1.9257188668768108e-16,
      "visibility": 1.9257188668768108e-16
    },
    "cycles": 8,
    "per_cycle_V": [
      6.618817705595587e-16,
      8.876286645565217e-16,
      1.0443669764740708e-15,
      7.232723338009824e-16,
      8.879693244638867e-16,
      1.262417839116661e-16,
      9.181526905144825e-16,
      7.244626666124129e-16
    ]
  },
  "diagnostics": {
    "measured_link_count": 144,
    "selection_policy": "uniform",
    "num_links": 288,
    "visibility_qc": {
      "r2_ok": false,
      "v_in_unit_interval": true,
      "i0_very_small": false
    },
    "hybrid_knobs": {
      "kick_passes": 3,
      "loop_measurement_cycles": 4
    }
  },
  "artifacts": {
    "kernel_hash": "c776a5135c116bb3a99eaad342348026ed00e0c6d5dcf8a66155f4c58107111d",
    "flip_counts_hash": "7a11042fb34eaa3744d5206ec23f7fdadc3f7966920f4b324b412fb9e9cc0219",
    "pivot_fit_hash": "d04f83ead3fcfaea1653e658999e83d0abac9536c46d06a4e4ad9b696714687e",
    "config_hash": "09be816148e3d54a4ba01072548fde7efe2f97f681380c3e050adf0677f43c72"
  }
}