{
  "sim": "MICC",
  "gauge": "SU3",
  "rep": "fundamental",
  "L": 8,
  "b": 3.5,
  "kappa": 1.0,
  "seed": 0,
  "measurement_model": "dephasing",
  "f": 0.1,
  "schedule": "during",
  "sigma": 0.39503288514771845,
  "sigma_err": 0.03374523002457731,
  "visibility": 2.452629233150561e-16,
  "visibility_err": 4.621349945864214e-17,
  "coherence": {
    "C": 0.2508019233392167,
    "P_entropy": 0.2816954980873618
  },
  "twist_scan": {
    "phi_values": [
      0.0,
      0.09817477042468103,
      0.19634954084936207,
      0.2945243112740431,
      0.39269908169872414,
      0.4908738521234052,
      0.5890486225480862,
      0.6872233929727672,
      0.7853981633974483,
      0.8835729338221293,
      0.9817477042468103,
      1.0799224746714913,
      1.1780972450961724,
      1.2762720155208536,
      1.3744467859455345,
      1.4726215563702154,
      1.5707963267948966,
      1.6689710972195777,
      1.7671458676442586,
      1.8653206380689396,
      1.9634954084936207,
      2.061670178918302,
      2.1598449493429825,
      2.2580197197676637,
      2.356194490192345,
      2.454369260617026,
      2.552544031041707,
      2.650718801466388,
      2.748893571891069,
      2.84706834231575,
      2.945243112740431,
      3.043417883165112,
      3.141592653589793,
      3.2397674240144743,
      3.3379421944391554,
      3.436116964863836,
      3.5342917352885173,
      3.6324665057131984,
      3.730641276137879,
      3.8288160465625602,
      3.9269908169872414,
      4.025165587411922,
      4.123340357836604,
      4.221515128261284,
      4.319689898685965,
      4.417864669110647,
      4.516039439535327,
      4.614214209960009,
      4.71238898038469,
      4.81056375080937,
      4.908738521234052,
      5.006913291658733,
      5.105088062083414,
      5.203262832508095,
      5.301437602932776,
      5.399612373357457,
      5.497787143782138,
      5.595961914206819,
      5.6941366846315,
      5.792311455056181,
      5.890486225480862,
      5.988660995905543,
      6.086835766330224,
      6.1850105367549055
    ],
    "mean_I": [
      0.37007673551715925,
      0.04239638080283249,
      -0.15320468000164375,
      -0.12792765466871767,
      0.10675221576029122,
      0.4442951764982386,
      0.7314637802881121,
      0.8378894847644733,
      0.7152572451080413,
      0.41923953428426686,
      0.08422220424612858,
      -0.13770388128440694,
      -0.14578891922422282,
      0.06363752861968958,
      0.3955002333474451,
      0.6991404651751059,
      0.8367119069758842,
      0.7457600003405926,
      0.46757500937511065,
      0.1284471040405301,
      -0.11766673669526775,
      -0.1590359745727331,
      0.023120159509202966,
      0.346106588965631,
      0.6632942274119448,
      0.8306865183483985,
      0.7722908613145147,
      0.5146176637417076,
      0.1746451702252264,
      -0.09328621489003593,
      -0.16754124432966558,
      -0.014409687157585593,
      0.29658993114950666,
      0.6242702858638338,
      0.8198713466683105,
      0.7945943213353845,
      0.5599144509063756,
      0.22237149016842783,
      -0.06479711362144508,
      -0.1712228180978067,
      -0.04859057844137511,
      0.24742713238239775,
      0.5824444624205379,
      0.8043705479510733,
      0.8124555858908898,
      0.6030291380469772,
      0.27116643331922263,
      -0.03247379850844047,
      -0.17004524030921786,
      -0.0790933336739272,
      0.19909165729155615,
      0.5382195626261359,
      0.7843334033619344,
      0.8257026412393993,
      0.6435465071574638,
      0.3205600777010343,
      0.0033724392547220747,
      -0.1640198516817312,
      -0.105624194647848,
      0.1520490029249586,
      0.49202149644143806,
      0.7599528815567023,
      0.8342079109963315,
      0.6810763538242512
    ],
    "fit": {
      "A": 0.02284102608539834,
      "I0": 0.3333333333333335,
      "phi0": -0.8282057121124147,
      "R2": 0.0014405473793687174,
      "visibility_fit": 0.068523078256195,
      "visibility_fourier": 2.452629233150561e-16,
      "visibility": 2.452629233150561e-16
    },
    "cycles": 16,
    "per_cycle_V": [
      5.537552804707962e-16,
      4.2251296063435894e-16,
      4.2166628311846023e-16,
      1.3125063295839206e-16,
      3.557536798630263e-16,
      4.901875505218517e-16,
      1.1867334459907873e-16,
      3.8948791683157363e-16,
      5.950301152322901e-16,
      2.619234987244295e-16,
      4.795626106810636e-16,
      7.314822079754866e-17,
      1.325021036274121e-16,
      9.259365851481113e-17,
      2.3469674742863106e-16,
      5.830660764526868e-16
    ]
  },
  "diagnostics": {
    "measured_link_count": 13,
    "selection_policy": "uniform",
    "num_links": 128,
    "creutz_sizes": [
      [
        2,
        2
      ],
      [
        3,
        3
      ]
    ],
    "loop_sizes_measured": [
      [
        1,
        1
      ],
      [
        1,
        2
      ],
      [
        2,
        1
      ],
      [
        2,
        2
      ],
      [
        2,
        3
      ],
      [
        3,
        2
      ],
      [
        3,
        3
      ]
    ],
    "visibility_qc": {
      "r2_ok": false,
      "v_in_unit_interval": true,
      "i0_very_small": false
    },
    "hybrid_knobs": {
      "kick_passes": 3,
      "loop_measurement_cycles": 6
    }
  },
  "artifacts": {
    "kernel_hash": "59ad205957406ba8769e06c45a6e3db43b483f8e2d8e66b070b3ff98425f2b57",
    "flip_counts_hash": "051ffecc2b526e5161a7cdb343471ea2bcf4c30d07d6aca6b7e9329b81a2e42c",
    "pivot_fit_hash": "18f843e4852e0cb06a5603a8f3e251da6d346190d1181f60fc167ac1ef296fd4",
    "config_hash": "3e53227bb97f97d3e0f7892c2fd75b0f2e140b1e74473c1589a222acbe454fae"
  }
}