{
  "sim": "MICC",
  "gauge": "SU3",
  "rep": "fundamental",
  "L": 8,
  "b": 3.0,
  "kappa": 1.0,
  "seed": 0,
  "measurement_model": "dephasing",
  "f": 0.5,
  "schedule": "during",
  "sigma": 0.6347023140677329,
  "sigma_err": 0.14518284583390853,
  "visibility": 1.9958604240621965e-16,
  "visibility_err": 7.18981166217229e-17,
  "coherence": {
    "C": 0.3650649428016587,
    "P_entropy": 0.18785487766401446
  },
  "twist_scan": {
    "phi_values": [
      0.0,
      0.09817477042468103,
      0.19634954084936207,
      0.2945243112740431,
      0.39269908169872414,
      0.4908738521234052,
      0.5890486225480862,
      0.6872233929727672,
      0.7853981633974483,
      0.8835729338221293,
      0.9817477042468103,
      1.0799224746714913,
      1.1780972450961724,
      1.2762720155208536,
      1.3744467859455345,
      1.4726215563702154,
      1.5707963267948966,
      1.6689710972195777,
      1.7671458676442586,
      1.8653206380689396,
      1.9634954084936207,
      2.061670178918302,
      2.1598449493429825,
      2.2580197197676637,
      2.356194490192345,
      2.454369260617026,
      2.552544031041707,
      2.650718801466388,
      2.748893571891069,
      2.84706834231575,
      2.945243112740431,
      3.043417883165112,
      3.141592653589793,
      3.2397674240144743,
      3.3379421944391554,
      3.436116964863836,
      3.5342917352885173,
      3.6324665057131984,
      3.730641276137879,
      3.8288160465625602,
      3.9269908169872414,
      4.025165587411922,
      4.123340357836604,
      4.221515128261284,
      4.319689898685965,
      4.417864669110647,
      4.516039439535327,
      4.614214209960009,
      4.71238898038469,
      4.81056375080937,
      4.908738521234052,
      5.006913291658733,
      5.105088062083414,
      5.203262832508095,
      5.301437602932776,
      5.399612373357457,
      5.497787143782138,
      5.595961914206819,
      5.6941366846315,
      5.792311455056181,
      5.890486225480862,
      5.988660995905543,
      6.086835766330224,
      6.1850105367549055
    ],
    "mean_I": [
      0.5180706825835626,
      0.5728391211049384,
      0.5188769392597598,
      0.3806818394332163,
      0.22099150773954437,
      0.11230201616574598,
      0.1039561215449631,
      0.19974268554970334,
      0.3561766107052127,
      0.5022401655120176,
      0.5716235497984711,
      0.5328281576778909,
      0.4034662860884075,
      0.24226552019851022,
      0.1224076375420543,
      0.0983056110092217,
      0.1809012567514663,
      0.33269787840630016,
      0.48478298331272524,
      0.5681131134447617,
      0.5448581318826196,
      0.4255753140699953,
      0.2644165654806957,
      0.1345445886725468,
      0.09491854591868341,
      0.16352783217856187,
      0.30922526588571014,
      0.46586725819333097,
      0.5623416194648967,
      0.5548510066461017,
      0.44679600135249403,
      0.28723131691103887,
      0.14859598408310434,
      0.09382754556172848,
      0.14778972740690713,
      0.2859848272334502,
      0.4456751589271222,
      0.5543646505009209,
      0.562710545121704,
      0.4669239811169637,
      0.3104900559614544,
      0.16442650115464977,
      0.09504311686819572,
      0.1338385089887759,
      0.2632003805782585,
      0.42440114646815635,
      0.5442590291246121,
      0.5683610556574451,
      0.48576540991520073,
      0.33396878826036747,
      0.18188368335394145,
      0.09855355322190504,
      0.12180853478404755,
      0.24109135259667136,
      0.4022501011859709,
      0.5321220779941203,
      0.5717481207479832,
      0.5031388344881056,
      0.35744140078095676,
      0.2007994084733361,
      0.10432504720177055,
      0.11181566002056506,
      0.2198706653141727,
      0.37943534975562854
    ],
    "fit": {
      "A": 2.939090513424801e-05,
      "I0": 0.33333333333333326,
      "phi0": -1.4936253557640176,
      "R2": 1.6749171272145702e-08,
      "visibility_fit": 8.817271540274405e-05,
      "visibility_fourier": 1.9958604240621965e-16,
      "visibility": 1.9958604240621965e-16
    },
    "cycles": 8,
    "per_cycle_V": [
      5.424349177234303e-16,
      4.164892474566775e-17,
      5.37746265505391e-16,
      4.0261133456024994e-16,
      2.2191937417056505e-16,
      1.318505746419293e-16,
      1.4984176106068735e-16,
      7.396587417699165e-17
    ]
  },
  "diagnostics": {
    "measured_link_count": 64,
    "selection_policy": "uniform",
    "num_links": 128,
    "visibility_qc": {
      "r2_ok": false,
      "v_in_unit_interval": true,
      "i0_very_small": false
    },
    "hybrid_knobs": {
      "kick_passes": 3,
      "loop_measurement_cycles": 4
    }
  },
  "artifacts": {
    "kernel_hash": "59ad205957406ba8769e06c45a6e3db43b483f8e2d8e66b070b3ff98425f2b57",
    "flip_counts_hash": "051ffecc2b526e5161a7cdb343471ea2bcf4c30d07d6aca6b7e9329b81a2e42c",
    "pivot_fit_hash": "e730f86cf82cf01e0490c7477184968845e3929e6af95e60cac897b00c6a8382",
    "config_hash": "09be816148e3d54a4ba01072548fde7efe2f97f681380c3e050adf0677f43c72"
  }
}