{
  "sim": "MICC",
  "gauge": "SU3",
  "rep": "fundamental",
  "L": 8,
  "b": 3.5,
  "kappa": 1.0,
  "seed": 2,
  "measurement_model": "dephasing",
  "f": 0.5,
  "schedule": "during",
  "sigma": 0.7543867613949041,
  "sigma_err": 0.09122819826106515,
  "visibility": 9.285436812453557e-17,
  "visibility_err": 3.269385766956339e-17,
  "coherence": {
    "C": 0.3267914731472535,
    "P_entropy": 0.19458975533473233
  },
  "twist_scan": {
    "phi_values": [
      0.0,
      0.09817477042468103,
      0.19634954084936207,
      0.2945243112740431,
      0.39269908169872414,
      0.4908738521234052,
      0.5890486225480862,
      0.6872233929727672,
      0.7853981633974483,
      0.8835729338221293,
      0.9817477042468103,
      1.0799224746714913,
      1.1780972450961724,
      1.2762720155208536,
      1.3744467859455345,
      1.4726215563702154,
      1.5707963267948966,
      1.6689710972195777,
      1.7671458676442586,
      1.8653206380689396,
      1.9634954084936207,
      2.061670178918302,
      2.1598449493429825,
      2.2580197197676637,
      2.356194490192345,
      2.454369260617026,
      2.552544031041707,
      2.650718801466388,
      2.748893571891069,
      2.84706834231575,
      2.945243112740431,
      3.043417883165112,
      3.141592653589793,
      3.2397674240144743,
      3.3379421944391554,
      3.436116964863836,
      3.5342917352885173,
      3.6324665057131984,
      3.730641276137879,
      3.8288160465625602,
      3.9269908169872414,
      4.025165587411922,
      4.123340357836604,
      4.221515128261284,
      4.319689898685965,
      4.417864669110647,
      4.516039439535327,
      4.614214209960009,
      4.71238898038469,
      4.81056375080937,
      4.908738521234052,
      5.006913291658733,
      5.105088062083414,
      5.203262832508095,
      5.301437602932776,
      5.399612373357457,
      5.497787143782138,
      5.595961914206819,
      5.6941366846315,
      5.792311455056181,
      5.890486225480862,
      5.988660995905543,
      6.086835766330224,
      6.1850105367549055
    ],
    "mean_I": [
      0.16145240870746125,
      0.17517114517352378,
      0.26069220841069163,
      0.3791908236746819,
      0.47687109705366126,
      0.509388226608233,
      0.4619801153473223,
      0.3561690546350152,
      0.2399910538719007,
      0.16618849650286496,
      0.16826620060364347,
      0.24528093195047249,
      0.36226961263773727,
      0.46612182748365044,
      0.5096908421579125,
      0.4731972348838381,
      0.3732083404020277,
      0.2551170263668562,
      0.1725342804476079,
      0.16295094275682365,
      0.23071764824990948,
      0.34506972941291236,
      0.4540937321253968,
      0.5082950384907905,
      0.48306738859103654,
      0.3898636080530725,
      0.27099626465528137,
      0.18042864717334434,
      0.15927656047174468,
      0.21714260969213925,
      0.3277568182780735,
      0.44090264811242696,
      0.5052142579592052,
      0.49149552149314263,
      0.4059744582559747,
      0.287475842991985,
      0.18979556961300525,
      0.15727844005843336,
      0.20468655131934396,
      0.31049761203165094,
      0.4266756127947655,
      0.5004781701638015,
      0.49840046606302285,
      0.421385734716194,
      0.30439705402892975,
      0.20054483918301633,
      0.15697582450875405,
      0.1934694317828285,
      0.29345832626463847,
      0.4115496402998096,
      0.49413238621905853,
      0.5037157239098429,
      0.4359490184167567,
      0.32159693725375427,
      0.21257293454126983,
      0.15837162817587588,
      0.1835992780756298,
      0.2768030586135932,
      0.3956704020113849,
      0.4862380194933219,
      0.5073901061949219,
      0.44952405697452735,
      0.338909848388593,
      0.22576401855423908
    ],
    "fit": {
      "A": 9.693957762780116e-06,
      "I0": 0.33333333333333315,
      "phi0": -2.5157469442266485,
      "R2": 2.796532672100227e-09,
      "visibility_fit": 2.9081873288340366e-05,
      "visibility_fourier": 9.285436812453557e-17,
      "visibility": 9.285436812453557e-17
    },
    "cycles": 16,
    "per_cycle_V": [
      9.188311173494976e-17,
      9.128818618342266e-17,
      3.824950481199095e-16,
      3.35973943528068e-16,
      1.3947273839247443e-16,
      4.0683333956019514e-16,
      3.873525264276952e-16,
      2.0885279996669656e-16,
      5.453534879903765e-16,
      2.0442547865213998e-16,
      1.6908674277105734e-16,
      1.4012657719410523e-16,
      2.2050567248501748e-16,
      2.8837921261410277e-16,
      1.6274250211021863e-16,
      1.704676150111266e-16
    ]
  },
  "diagnostics": {
    "measured_link_count": 64,
    "selection_policy": "uniform",
    "num_links": 128,
    "creutz_sizes": [
      [
        2,
        2
      ],
      [
        3,
        3
      ]
    ],
    "loop_sizes_measured": [
      [
        1,
        1
      ],
      [
        1,
        2
      ],
      [
        2,
        1
      ],
      [
        2,
        2
      ],
      [
        2,
        3
      ],
      [
        3,
        2
      ],
      [
        3,
        3
      ]
    ],
    "visibility_qc": {
      "r2_ok": false,
      "v_in_unit_interval": true,
      "i0_very_small": false
    },
    "hybrid_knobs": {
      "kick_passes": 3,
      "loop_measurement_cycles": 6
    }
  },
  "artifacts": {
    "kernel_hash": "59ad205957406ba8769e06c45a6e3db43b483f8e2d8e66b070b3ff98425f2b57",
    "flip_counts_hash": "2268e99a6015a7b96d81d3b1a331fda63562012ba66381118831ac9c8b2f0d5d",
    "pivot_fit_hash": "18f843e4852e0cb06a5603a8f3e251da6d346190d1181f60fc167ac1ef296fd4",
    "config_hash": "3e53227bb97f97d3e0f7892c2fd75b0f2e140b1e74473c1589a222acbe454fae"
  }
}