{
  "sim": "MICC",
  "gauge": "SU3",
  "rep": "fundamental",
  "L": 8,
  "b": 3.0,
  "kappa": 1.0,
  "seed": 1,
  "measurement_model": "dephasing",
  "f": 0.1,
  "schedule": "during",
  "sigma": 0.32190673419763277,
  "sigma_err": 0.03135702414224435,
  "visibility": 3.063644565098776e-16,
  "visibility_err": 3.0917838146445794e-17,
  "coherence": {
    "C": 0.2638997693736938,
    "P_entropy": 0.28377957120978703
  },
  "twist_scan": {
    "phi_values": [
      0.0,
      0.09817477042468103,
      0.19634954084936207,
      0.2945243112740431,
      0.39269908169872414,
      0.4908738521234052,
      0.5890486225480862,
      0.6872233929727672,
      0.7853981633974483,
      0.8835729338221293,
      0.9817477042468103,
      1.0799224746714913,
      1.1780972450961724,
      1.2762720155208536,
      1.3744467859455345,
      1.4726215563702154,
      1.5707963267948966,
      1.6689710972195777,
      1.7671458676442586,
      1.8653206380689396,
      1.9634954084936207,
      2.061670178918302,
      2.1598449493429825,
      2.2580197197676637,
      2.356194490192345,
      2.454369260617026,
      2.552544031041707,
      2.650718801466388,
      2.748893571891069,
      2.84706834231575,
      2.945243112740431,
      3.043417883165112,
      3.141592653589793,
      3.2397674240144743,
      3.3379421944391554,
      3.436116964863836,
      3.5342917352885173,
      3.6324665057131984,
      3.730641276137879,
      3.8288160465625602,
      3.9269908169872414,
      4.025165587411922,
      4.123340357836604,
      4.221515128261284,
      4.319689898685965,
      4.417864669110647,
      4.516039439535327,
      4.614214209960009,
      4.71238898038469,
      4.81056375080937,
      4.908738521234052,
      5.006913291658733,
      5.105088062083414,
      5.203262832508095,
      5.301437602932776,
      5.399612373357457,
      5.497787143782138,
      5.595961914206819,
      5.6941366846315,
      5.792311455056181,
      5.890486225480862,
      5.988660995905543,
      6.086835766330224,
      6.1850105367549055
    ],
    "mean_I": [
      0.4141532575140404,
      0.04601906709964432,
      -0.19168045324514582,
      -0.19103469080241248,
      0.047663191779621576,
      0.41604934619981526,
      0.7468841600995995,
      0.8899755446411036,
      0.7803630028147793,
      0.4678083369704567,
      0.09420483090686466,
      -0.17083933444906363,
      -0.2069996492313412,
      0.0021399134774132307,
      0.36163436463084736,
      0.7082807392571016,
      0.884708830516449,
      0.8108239735108135,
      0.520168348630333,
      0.14469353291338893,
      -0.1451427572534222,
      -0.21776090566211762,
      -0.040193791142843396,
      0.3069468286595665,
      0.6660663699284576,
      0.8741320689414143,
      0.8366864483190036,
      0.5707290369584909,
      0.1969989393189605,
      -0.11483819374379266,
      -0.22321482331261264,
      -0.07893022536369712,
      0.25251340915262577,
      0.6206475995670223,
      0.8583471199118128,
      0.8577013574690796,
      0.6190034748870457,
      0.2506173204668514,
      -0.08021749343293197,
      -0.22330887797443685,
      -0.11369633614811298,
      0.19885832969620792,
      0.5724618357598023,
      0.8375060011157303,
      0.8736663158980082,
      0.6645267531892536,
      0.30503230203582077,
      -0.041614072590435994,
      -0.21804216384978214,
      -0.14415730684414785,
      0.146498318036334,
      0.5219731337532773,
      0.8118094239200893,
      0.8844275723287842,
      0.7068604578095108,
      0.359719838007099,
      0.0006002967382095943,
      -0.20746540227474664,
      -0.17001978165233678,
      0.09593762970817538,
      0.469667727347704,
      0.7815048604104592,
      0.8898814899792793,
      0.7455968920303632
    ],
    "fit": {
      "A": 0.030685399428344376,
      "I0": 0.3333333333333336,
      "phi0": 1.0218540239782095,
      "R2": 0.0021312853741398685,
      "visibility_fit": 0.09205619828503306,
      "visibility_fourier": 3.063644565098776e-16,
      "visibility": 3.063644565098776e-16
    },
    "cycles": 16,
    "per_cycle_V": [
      8.690974352981218e-17,
      4.2019446597215285e-16,
      9.981846130070277e-17,
      2.6449591429017093e-16,
      2.1624330111175857e-16,
      2.996496302161748e-16,
      1.8115003559598095e-16,
      2.2353714290970645e-16,
      5.1877024464955e-16,
      1.6368465590916023e-16,
      2.8050671710534403e-16,
      2.070947621939517e-16,
      4.095181772489564e-16,
      1.7571783384967804e-16,
      4.2161622634428976e-16,
      3.1480946630825775e-16
    ]
  },
  "diagnostics": {
    "measured_link_count": 13,
    "selection_policy": "uniform",
    "num_links": 128,
    "creutz_sizes": [
      [
        2,
        2
      ],
      [
        3,
        3
      ]
    ],
    "loop_sizes_measured": [
      [
        1,
        1
      ],
      [
        1,
        2
      ],
      [
        2,
        1
      ],
      [
        2,
        2
      ],
      [
        2,
        3
      ],
      [
        3,
        2
      ],
      [
        3,
        3
      ]
    ],
    "visibility_qc": {
      "r2_ok": false,
      "v_in_unit_interval": true,
      "i0_very_small": false
    },
    "hybrid_knobs": {
      "kick_passes": 3,
      "loop_measurement_cycles": 6
    }
  },
  "artifacts": {
    "kernel_hash": "59ad205957406ba8769e06c45a6e3db43b483f8e2d8e66b070b3ff98425f2b57",
    "flip_counts_hash": "2f22c538feb77f48a899689bff9bdbb91197c5203a770852a4a789b6ab244652",
    "pivot_fit_hash": "e730f86cf82cf01e0490c7477184968845e3929e6af95e60cac897b00c6a8382",
    "config_hash": "3e53227bb97f97d3e0f7892c2fd75b0f2e140b1e74473c1589a222acbe454fae"
  }
}