{
  "sim": "MICC",
  "gauge": "SU3",
  "rep": "fundamental",
  "L": 8,
  "b": 3.5,
  "kappa": 1.0,
  "seed": 2,
  "measurement_model": "dephasing",
  "f": 0.1,
  "schedule": "during",
  "sigma": 0.34669905562239184,
  "sigma_err": 0.024521100946278847,
  "visibility": 2.937015434923376e-16,
  "visibility_err": 4.2702225558160607e-17,
  "coherence": {
    "C": 0.2514868695955484,
    "P_entropy": 0.28967285227846423
  },
  "twist_scan": {
    "phi_values": [
      0.0,
      0.09817477042468103,
      0.19634954084936207,
      0.2945243112740431,
      0.39269908169872414,
      0.4908738521234052,
      0.5890486225480862,
      0.6872233929727672,
      0.7853981633974483,
      0.8835729338221293,
      0.9817477042468103,
      1.0799224746714913,
      1.1780972450961724,
      1.2762720155208536,
      1.3744467859455345,
      1.4726215563702154,
      1.5707963267948966,
      1.6689710972195777,
      1.7671458676442586,
      1.8653206380689396,
      1.9634954084936207,
      2.061670178918302,
      2.1598449493429825,
      2.2580197197676637,
      2.356194490192345,
      2.454369260617026,
      2.552544031041707,
      2.650718801466388,
      2.748893571891069,
      2.84706834231575,
      2.945243112740431,
      3.043417883165112,
      3.141592653589793,
      3.2397674240144743,
      3.3379421944391554,
      3.436116964863836,
      3.5342917352885173,
      3.6324665057131984,
      3.730641276137879,
      3.8288160465625602,
      3.9269908169872414,
      4.025165587411922,
      4.123340357836604,
      4.221515128261284,
      4.319689898685965,
      4.417864669110647,
      4.516039439535327,
      4.614214209960009,
      4.71238898038469,
      4.81056375080937,
      4.908738521234052,
      5.006913291658733,
      5.105088062083414,
      5.203262832508095,
      5.301437602932776,
      5.399612373357457,
      5.497787143782138,
      5.595961914206819,
      5.6941366846315,
      5.792311455056181,
      5.890486225480862,
      5.988660995905543,
      6.086835766330224,
      6.1850105367549055
    ],
    "mean_I": [
      0.5237925610119241,
      0.28972950451945356,
      0.07546167469520587,
      -0.021737813359306572,
      0.04225757580965159,
      0.23839527345340675,
      0.4776328654386935,
      0.6513614866788505,
      0.6807119752274378,
      0.5523598229060029,
      0.32457422344526526,
      0.10076507674940488,
      -0.01746294369804694,
      0.023563211625287166,
      0.20521852592517945,
      0.4450352843272657,
      0.6341416923001315,
      0.6866873942198517,
      0.5788177399734387,
      0.35950329738751585,
      0.12830823824924767,
      -0.009809714124223535,
      0.007852103050544675,
      0.1732755940269702,
      0.41136195236526907,
      0.6140249489859865,
      0.6892598204429502,
      0.6029115080095029,
      0.39418034026996646,
      0.15782590349286835,
      0.0011481705776872422,
      -0.004724443350434985,
      0.1428741056547421,
      0.3769371621472129,
      0.5912049919714608,
      0.6884044800259733,
      0.6244090908570151,
      0.4282713932132598,
      0.18903380122797356,
      0.015305179987816279,
      -0.014045308560771418,
      0.11430684376066237,
      0.34209244322140153,
      0.5659015899172618,
      0.6841296103647132,
      0.6431034550413794,
      0.4614481407414879,
      0.22163138233940008,
      0.032524974366535266,
      -0.020020727553185166,
      0.08784892669322805,
      0.30716336927915033,
      0.5383584284174194,
      0.67647638079089,
      0.6588145636161221,
      0.4933910726396956,
      0.25530471430139784,
      0.05264171768068124,
      -0.0225931537762834,
      0.06375515865716343,
      0.2724863263966987,
      0.508840763173798,
      0.6655184960889788,
      0.6713911100171015
    ],
    "fit": {
      "A": 0.00010487848124320954,
      "I0": 0.33333333333333326,
      "phi0": 0.8228146800235026,
      "R2": 7.878275587458461e-08,
      "visibility_fit": 0.0003146354437296287,
      "visibility_fourier": 2.937015434923376e-16,
      "visibility": 2.937015434923376e-16
    },
    "cycles": 16,
    "per_cycle_V": [
      8.48400496742492e-17,
      4.948017441810728e-16,
      4.893827276635365e-16,
      3.7622409035931523e-16,
      4.568421039311393e-16,
      3.332294980281258e-16,
      3.5428754273752866e-16,
      2.486678841056867e-16,
      8.743161203575843e-17,
      4.521417890242107e-16,
      2.893220465081134e-17,
      8.522217020927363e-17,
      4.72732118109108e-16,
      4.3482860455708715e-16,
      5.047103186822609e-16,
      4.468034906356674e-16
    ]
  },
  "diagnostics": {
    "measured_link_count": 13,
    "selection_policy": "uniform",
    "num_links": 128,
    "creutz_sizes": [
      [
        2,
        2
      ],
      [
        3,
        3
      ]
    ],
    "loop_sizes_measured": [
      [
        1,
        1
      ],
      [
        1,
        2
      ],
      [
        2,
        1
      ],
      [
        2,
        2
      ],
      [
        2,
        3
      ],
      [
        3,
        2
      ],
      [
        3,
        3
      ]
    ],
    "visibility_qc": {
      "r2_ok": false,
      "v_in_unit_interval": true,
      "i0_very_small": false
    },
    "hybrid_knobs": {
      "kick_passes": 3,
      "loop_measurement_cycles": 6
    }
  },
  "artifacts": {
    "kernel_hash": "59ad205957406ba8769e06c45a6e3db43b483f8e2d8e66b070b3ff98425f2b57",
    "flip_counts_hash": "2268e99a6015a7b96d81d3b1a331fda63562012ba66381118831ac9c8b2f0d5d",
    "pivot_fit_hash": "18f843e4852e0cb06a5603a8f3e251da6d346190d1181f60fc167ac1ef296fd4",
    "config_hash": "3e53227bb97f97d3e0f7892c2fd75b0f2e140b1e74473c1589a222acbe454fae"
  }
}