{
  "sim": "MICC",
  "gauge": "SU3",
  "rep": "fundamental",
  "L": 8,
  "b": 3.0,
  "kappa": 1.0,
  "seed": 4,
  "measurement_model": "dephasing",
  "f": 0.5,
  "schedule": "during",
  "sigma": 0.7763099885677749,
  "sigma_err": 0.19386912296204104,
  "visibility": 1.9037948013722962e-16,
  "visibility_err": 6.110776323798975e-17,
  "coherence": {
    "C": 0.36731517197203034,
    "P_entropy": 0.1782373784554482
  },
  "twist_scan": {
    "phi_values": [
      0.0,
      0.09817477042468103,
      0.19634954084936207,
      0.2945243112740431,
      0.39269908169872414,
      0.4908738521234052,
      0.5890486225480862,
      0.6872233929727672,
      0.7853981633974483,
      0.8835729338221293,
      0.9817477042468103,
      1.0799224746714913,
      1.1780972450961724,
      1.2762720155208536,
      1.3744467859455345,
      1.4726215563702154,
      1.5707963267948966,
      1.6689710972195777,
      1.7671458676442586,
      1.8653206380689396,
      1.9634954084936207,
      2.061670178918302,
      2.1598449493429825,
      2.2580197197676637,
      2.356194490192345,
      2.454369260617026,
      2.552544031041707,
      2.650718801466388,
      2.748893571891069,
      2.84706834231575,
      2.945243112740431,
      3.043417883165112,
      3.141592653589793,
      3.2397674240144743,
      3.3379421944391554,
      3.436116964863836,
      3.5342917352885173,
      3.6324665057131984,
      3.730641276137879,
      3.8288160465625602,
      3.9269908169872414,
      4.025165587411922,
      4.123340357836604,
      4.221515128261284,
      4.319689898685965,
      4.417864669110647,
      4.516039439535327,
      4.614214209960009,
      4.71238898038469,
      4.81056375080937,
      4.908738521234052,
      5.006913291658733,
      5.105088062083414,
      5.203262832508095,
      5.301437602932776,
      5.399612373357457,
      5.497787143782138,
      5.595961914206819,
      5.6941366846315,
      5.792311455056181,
      5.890486225480862,
      5.988660995905543,
      6.086835766330224,
      6.1850105367549055
    ],
    "mean_I": [
      0.4277688837065895,
      0.3000581057001401,
      0.1874535853631111,
      0.14107542073672005,
      0.18197832894579258,
      0.29159324480928284,
      0.42015728821411985,
      0.5093050713076692,
      0.5185653643536869,
      0.44373418791168573,
      0.3187833316114714,
      0.20043787190009069,
      0.14242417327047313,
      0.17107924202399433,
      0.2733942760302114,
      0.40292038892262944,
      0.5008554334149752,
      0.5227389468088125,
      0.45863627153594655,
      0.33764868199322434,
      0.21470201437872108,
      0.14561148537719407,
      0.1617427506986136,
      0.2557725531389906,
      0.38501332824566037,
      0.4907924661215996,
      0.5250884496665287,
      0.47233161936776247,
      0.3564724732083727,
      0.23010864130936023,
      0.1506066614989335,
      0.15405877048495922,
      0.23889778296007702,
      0.36660856096652655,
      0.47921308130355567,
      0.5255912459299467,
      0.4846883377208742,
      0.3750734218573838,
      0.24650937845254714,
      0.15736159535899766,
      0.14810130231297958,
      0.22293247875498035,
      0.3478833350551954,
      0.4662287947665759,
      0.5242424933961934,
      0.4955874246426724,
      0.39327239063645575,
      0.2637462777440368,
      0.16581123325169167,
      0.14392771985785413,
      0.2080303951307204,
      0.32901798467344223,
      0.45196465228794586,
      0.5210551812894725,
      0.5049239159680532,
      0.41089411352767574,
      0.2816533384210064,
      0.17587420054506747,
      0.14157821700013812,
      0.19433504729890425,
      0.31019419345829324,
      0.43655802535730626,
      0.516060005167733,
      0.5126078961817074
    ],
    "fit": {
      "A": 0.0015804177453060924,
      "I0": 0.33333333333333337,
      "phi0": 0.8038362639455733,
      "R2": 5.424192083025581e-05,
      "visibility_fit": 0.004741253235918277,
      "visibility_fourier": 1.9037948013722962e-16,
      "visibility": 1.9037948013722962e-16
    },
    "cycles": 8,
    "per_cycle_V": [
      7.369289546134599e-17,
      4.964596701902034e-16,
      4.221522400370251e-16,
      4.928685291847149e-16,
      1.4366362021120613e-16,
      1.6453720858916208e-16,
      3.326988800014503e-16,
      1.4012657719410518e-16
    ]
  },
  "diagnostics": {
    "measured_link_count": 64,
    "selection_policy": "uniform",
    "num_links": 128,
    "visibility_qc": {
      "r2_ok": false,
      "v_in_unit_interval": true,
      "i0_very_small": false
    },
    "hybrid_knobs": {
      "kick_passes": 3,
      "loop_measurement_cycles": 4
    }
  },
  "artifacts": {
    "kernel_hash": "59ad205957406ba8769e06c45a6e3db43b483f8e2d8e66b070b3ff98425f2b57",
    "flip_counts_hash": "b3326e9c852a05e144e201e0a4a89d13606dfe15c97d7e29e97870d36629453e",
    "pivot_fit_hash": "e730f86cf82cf01e0490c7477184968845e3929e6af95e60cac897b00c6a8382",
    "config_hash": "09be816148e3d54a4ba01072548fde7efe2f97f681380c3e050adf0677f43c72"
  }
}