{
  "sim": "MICC",
  "gauge": "SU3",
  "rep": "fundamental",
  "L": 8,
  "b": 3.5,
  "kappa": 1.0,
  "seed": 4,
  "measurement_model": "dephasing",
  "f": 0.05,
  "schedule": "during",
  "sigma": 0.3170974685514187,
  "sigma_err": 0.03317464254469821,
  "visibility": 4.2483573605012833e-16,
  "visibility_err": 5.487951906428928e-17,
  "coherence": {
    "C": 0.248242699952762,
    "P_entropy": 0.33423467949389596
  },
  "twist_scan": {
    "phi_values": [
      0.0,
      0.09817477042468103,
      0.19634954084936207,
      0.2945243112740431,
      0.39269908169872414,
      0.4908738521234052,
      0.5890486225480862,
      0.6872233929727672,
      0.7853981633974483,
      0.8835729338221293,
      0.9817477042468103,
      1.0799224746714913,
      1.1780972450961724,
      1.2762720155208536,
      1.3744467859455345,
      1.4726215563702154,
      1.5707963267948966,
      1.6689710972195777,
      1.7671458676442586,
      1.8653206380689396,
      1.9634954084936207,
      2.061670178918302,
      2.1598449493429825,
      2.2580197197676637,
      2.356194490192345,
      2.454369260617026,
      2.552544031041707,
      2.650718801466388,
      2.748893571891069,
      2.84706834231575,
      2.945243112740431,
      3.043417883165112,
      3.141592653589793,
      3.2397674240144743,
      3.3379421944391554,
      3.436116964863836,
      3.5342917352885173,
      3.6324665057131984,
      3.730641276137879,
      3.8288160465625602,
      3.9269908169872414,
      4.025165587411922,
      4.123340357836604,
      4.221515128261284,
      4.319689898685965,
      4.417864669110647,
      4.516039439535327,
      4.614214209960009,
      4.71238898038469,
      4.81056375080937,
      4.908738521234052,
      5.006913291658733,
      5.105088062083414,
      5.203262832508095,
      5.301437602932776,
      5.399612373357457,
      5.497787143782138,
      5.595961914206819,
      5.6941366846315,
      5.792311455056181,
      5.890486225480862,
      5.988660995905543,
      6.086835766330224,
      6.1850105367549055
    ],
    "mean_I": [
      0.5003390366836603,
      0.08963048523855044,
      -0.2104420682000705,
      -0.263651957905565,
      -0.045843006396196075,
      0.34410407601473836,
      0.7291614664292754,
      0.934521159888368,
      0.8669541489603233,
      0.557134444001524,
      0.1457137137477482,
      -0.1805316317260522,
      -0.2734930262966474,
      -0.09096794034734167,
      0.2841810531027427,
      0.681644154164286,
      0.9209814246072882,
      0.8935387474092338,
      0.6117745242815217,
      0.20360382175687253,
      -0.145672394731349,
      -0.2774900251194612,
      -0.13200662108627337,
      0.22473139351873692,
      0.6307724182886326,
      0.9017823169661165,
      0.9147282614811633,
      0.6637330636812504,
      0.26274329587984185,
      -0.10620007072421554,
      -0.2756044610903612,
      -0.1685638236834482,
      0.16632762998300565,
      0.577036181428116,
      0.8771087348667372,
      0.9303186245722321,
      0.7125096730628632,
      0.32256259065192816,
      -0.062494799762608036,
      -0.2678544932217013,
      -0.20028748229365706,
      0.10953222266514007,
      0.5209529529189186,
      0.8471982983927187,
      0.940159692963314,
      0.7576346070140084,
      0.3824856135639253,
      -0.014977487497620658,
      -0.2543147579406213,
      -0.2268720807425679,
      0.05489214238514515,
      0.4630628449097935,
      0.8123390613980161,
      0.9441566917861275,
      0.7986732877529401,
      0.4419352731479283,
      0.035894248378034586,
      -0.2351156502994486,
      -0.24806159481449627,
      0.002933602985415751,
      0.4039233707868222,
      0.7728667373908817,
      0.942271127757027,
      0.8352304903501141
    ],
    "fit": {
      "A": 0.15894327893773316,
      "I0": 0.33333333333333304,
      "phi0": 2.3522572896834557,
      "R2": 0.04295519582145291,
      "visibility_fit": 0.4768298368131999,
      "visibility_fourier": 4.2483573605012833e-16,
      "visibility": 4.2483573605012833e-16
    },
    "cycles": 8,
    "per_cycle_V": [
      4.003153977811855e-16,
      3.3702779855868514e-16,
      2.653616656407975e-16,
      5.787654805423193e-16,
      4.462120943478329e-16,
      8.060428845007475e-17,
      2.1770995598966042e-16,
      2.2904262949456705e-16
    ]
  },
  "diagnostics": {
    "measured_link_count": 6,
    "selection_policy": "uniform",
    "num_links": 128,
    "visibility_qc": {
      "r2_ok": false,
      "v_in_unit_interval": true,
      "i0_very_small": false
    },
    "hybrid_knobs": {
      "kick_passes": 3,
      "loop_measurement_cycles": 4
    }
  },
  "artifacts": {
    "kernel_hash": "59ad205957406ba8769e06c45a6e3db43b483f8e2d8e66b070b3ff98425f2b57",
    "flip_counts_hash": "b3326e9c852a05e144e201e0a4a89d13606dfe15c97d7e29e97870d36629453e",
    "pivot_fit_hash": "18f843e4852e0cb06a5603a8f3e251da6d346190d1181f60fc167ac1ef296fd4",
    "config_hash": "09be816148e3d54a4ba01072548fde7efe2f97f681380c3e050adf0677f43c72"
  }
}