{
  "sim": "MICC",
  "gauge": "SU3",
  "rep": "fundamental",
  "L": 12,
  "b": 3.0,
  "kappa": 1.0,
  "seed": 4,
  "measurement_model": "dephasing",
  "f": 0.0,
  "schedule": "post",
  "sigma": 0.3012952112420168,
  "sigma_err": 0.04400515158996746,
  "visibility": 4.714786379742588e-16,
  "visibility_err": 0.0,
  "coherence": {
    "C": 0.24660263241103605,
    "P_entropy": 0.3604232404362525
  },
  "twist_scan": {
    "phi_values": [
      0.0,
      0.09817477042468103,
      0.19634954084936207,
      0.2945243112740431,
      0.39269908169872414,
      0.4908738521234052,
      0.5890486225480862,
      0.6872233929727672,
      0.7853981633974483,
      0.8835729338221293,
      0.9817477042468103,
      1.0799224746714913,
      1.1780972450961724,
      1.2762720155208536,
      1.3744467859455345,
      1.4726215563702154,
      1.5707963267948966,
      1.6689710972195777,
      1.7671458676442586,
      1.8653206380689396,
      1.9634954084936207,
      2.061670178918302,
      2.1598449493429825,
      2.2580197197676637,
      2.356194490192345,
      2.454369260617026,
      2.552544031041707,
      2.650718801466388,
      2.748893571891069,
      2.84706834231575,
      2.945243112740431,
      3.043417883165112,
      3.141592653589793,
      3.2397674240144743,
      3.3379421944391554,
      3.436116964863836,
      3.5342917352885173,
      3.6324665057131984,
      3.730641276137879,
      3.8288160465625602,
      3.9269908169872414,
      4.025165587411922,
      4.123340357836604,
      4.221515128261284,
      4.319689898685965,
      4.417864669110647,
      4.516039439535327,
      4.614214209960009,
      4.71238898038469,
      4.81056375080937,
      4.908738521234052,
      5.006913291658733,
      5.105088062083414,
      5.203262832508095,
      5.301437602932776,
      5.399612373357457,
      5.497787143782138,
      5.595961914206819,
      5.6941366846315,
      5.792311455056181,
      5.890486225480862,
      5.988660995905543,
      6.086835766330224,
      6.1850105367549055
    ],
    "mean_I": [
      0.9029150612567279,
      0.9073656463564889,
      0.30494552379352885,
      -0.2674628212552251,
      -0.2047055506681703,
      0.4268699395142717,
      0.9595579191897823,
      0.8301971797382796,
      0.17554873916109454,
      -0.3122887987000275,
      -0.11757040502076765,
      0.55384636360116,
      0.9921353174791678,
      0.7339345141471832,
      0.05221552799607999,
      -0.3323038796798507,
      -0.01310728157814671,
      0.672348595599991,
      0.9993953249782372,
      0.6222769698371425,
      -0.060314483562505586,
      -0.32673889585722765,
      0.10466936040938621,
      0.7778226611918615,
      0.9810589436702619,
      0.49951548361771547,
      -0.15771683027802494,
      -0.2958077064395814,
      0.23123343064015536,
      0.8662152511866167,
      0.9378308304057461,
      0.3703677105588875,
      -0.23624839459006086,
      -0.24069897968982196,
      0.36172114287313895,
      0.934129487921891,
      0.8713722173348383,
      0.23979672715239514,
      -0.29289125252311554,
      -0.16353051307161362,
      0.4911179275055715,
      0.9789554653666943,
      0.784237071687434,
      0.11282030306550696,
      -0.32546865081250015,
      -0.06726784748051656,
      0.6144511386705843,
      0.9989705463465179,
      0.6797739482448143,
      -0.005681928933320536,
      -0.33272865831157045,
      0.04438969682952359,
      0.7269811502291742,
      0.9934055625238942,
      0.5619973062572817,
      -0.11115599452519566,
      -0.3143922770035952,
      0.1671511830489466,
      0.8243834969446908,
      0.9624743731062482,
      0.43543323602651546,
      -0.19954858451994956,
      -0.27116416373907937,
      0.29629895610778195
    ],
    "fit": {
      "A": 1.4603368322087528e-16,
      "I0": 0.3333333333333335,
      "phi0": 0.32154991431616714,
      "R2": 0.0,
      "visibility_fit": 4.3810104966262566e-16,
      "visibility_fourier": 4.714786379742588e-16,
      "visibility": 4.714786379742588e-16
    },
    "cycles": 8,
    "per_cycle_V": [
      4.500677840165233e-16,
      4.500677840165233e-16,
      4.500677840165233e-16,
      4.500677840165233e-16,
      4.500677840165233e-16,
      4.500677840165233e-16,
      4.500677840165233e-16,
      4.500677840165233e-16
    ]
  },
  "diagnostics": {
    "measured_link_count": 0,
    "selection_policy": "uniform",
    "num_links": 288,
    "visibility_qc": {
      "r2_ok": false,
      "v_in_unit_interval": true,
      "i0_very_small": false
    },
    "hybrid_knobs": {
      "kick_passes": 3,
      "loop_measurement_cycles": 4
    }
  },
  "artifacts": {
    "kernel_hash": "c776a5135c116bb3a99eaad342348026ed00e0c6d5dcf8a66155f4c58107111d",
    "flip_counts_hash": "7a11042fb34eaa3744d5206ec23f7fdadc3f7966920f4b324b412fb9e9cc0219",
    "pivot_fit_hash": "e730f86cf82cf01e0490c7477184968845e3929e6af95e60cac897b00c6a8382",
    "config_hash": "09be816148e3d54a4ba01072548fde7efe2f97f681380c3e050adf0677f43c72"
  }
}