{
  "sim": "MICC",
  "gauge": "SU3",
  "rep": "fundamental",
  "L": 8,
  "b": 3.5,
  "kappa": 1.0,
  "seed": 3,
  "measurement_model": "dephasing",
  "f": 0.1,
  "schedule": "during",
  "sigma": 0.34802826655220453,
  "sigma_err": 0.0060929510875222335,
  "visibility": 2.7952742208394884e-16,
  "visibility_err": 6.795054433357653e-17,
  "coherence": {
    "C": 0.25293577329530975,
    "P_entropy": 0.28675974651411135
  },
  "twist_scan": {
    "phi_values": [
      0.0,
      0.09817477042468103,
      0.19634954084936207,
      0.2945243112740431,
      0.39269908169872414,
      0.4908738521234052,
      0.5890486225480862,
      0.6872233929727672,
      0.7853981633974483,
      0.8835729338221293,
      0.9817477042468103,
      1.0799224746714913,
      1.1780972450961724,
      1.2762720155208536,
      1.3744467859455345,
      1.4726215563702154,
      1.5707963267948966,
      1.6689710972195777,
      1.7671458676442586,
      1.8653206380689396,
      1.9634954084936207,
      2.061670178918302,
      2.1598449493429825,
      2.2580197197676637,
      2.356194490192345,
      2.454369260617026,
      2.552544031041707,
      2.650718801466388,
      2.748893571891069,
      2.84706834231575,
      2.945243112740431,
      3.043417883165112,
      3.141592653589793,
      3.2397674240144743,
      3.3379421944391554,
      3.436116964863836,
      3.5342917352885173,
      3.6324665057131984,
      3.730641276137879,
      3.8288160465625602,
      3.9269908169872414,
      4.025165587411922,
      4.123340357836604,
      4.221515128261284,
      4.319689898685965,
      4.417864669110647,
      4.516039439535327,
      4.614214209960009,
      4.71238898038469,
      4.81056375080937,
      4.908738521234052,
      5.006913291658733,
      5.105088062083414,
      5.203262832508095,
      5.301437602932776,
      5.399612373357457,
      5.497787143782138,
      5.595961914206819,
      5.6941366846315,
      5.792311455056181,
      5.890486225480862,
      5.988660995905543,
      6.086835766330224,
      6.1850105367549055
    ],
    "mean_I": [
      0.4606217593386371,
      0.11987155728088096,
      -0.12397146123581293,
      -0.16020766376391216,
      0.02761342806400118,
      0.35422496528206004,
      0.6713521383710108,
      0.8350258408392182,
      0.7709416336472804,
      0.5081924070694102,
      0.16606081674601253,
      -0.10013254816732481,
      -0.16954146523155103,
      -0.010655737212680264,
      0.304393837149016,
      0.6325813377482903,
      0.8249165006390515,
      0.7940831829673427,
      0.554079066332412,
      0.2138610019863395,
      -0.07211912170343199,
      -0.17403230748968168,
      -0.045612099696450525,
      0.2548414121841647,
      0.5909286152574551,
      0.8100729458110366,
      0.8127874593639413,
      0.5978398235147405,
      0.2628117710877568,
      -0.04020096645467688,
      -0.17363694127241472,
      -0.07691901050749757,
      0.20604490732802894,
      0.5467951093857856,
      0.7906381279024796,
      0.826874330430579,
      0.6390532386026656,
      0.3124417013846064,
      -0.004685471704343712,
      -0.16835917417255122,
      -0.10427496698061406,
      0.15847425959725445,
      0.5006058499206542,
      0.7667992148339913,
      0.8362081318982175,
      0.677322403879347,
      0.36227282951765166,
      0.03408532891837518,
      -0.15824983397238485,
      -0.12741651630067674,
      0.1125876003342548,
      0.4528056646803267,
      0.738785788370099,
      0.8406989741563481,
      0.7122787663631174,
      0.4118252544825007,
      0.07573805140921183,
      -0.1434062791443692,
      -0.14612079269727438,
      0.06882684315192569,
      0.4038548955789077,
      0.706867633121343,
      0.8403036079390809,
      0.7435856771741637
    ],
    "fit": {
      "A": 0.06750271037385659,
      "I0": 0.33333333333333265,
      "phi0": 2.8664192053387043,
      "R2": 0.011989494319251781,
      "visibility_fit": 0.20250813112157018,
      "visibility_fourier": 2.7952742208394884e-16,
      "visibility": 2.7952742208394884e-16
    },
    "cycles": 8,
    "per_cycle_V": [
      1.977755945021379e-16,
      4.78960418841901e-16,
      9.495160120786169e-17,
      5.034295223908593e-16,
      1.6782945342419298e-16,
      1.0821554352915242e-16,
      5.348867657413868e-16,
      4.610778256260718e-16
    ]
  },
  "diagnostics": {
    "measured_link_count": 13,
    "selection_policy": "uniform",
    "num_links": 128,
    "visibility_qc": {
      "r2_ok": false,
      "v_in_unit_interval": true,
      "i0_very_small": false
    },
    "hybrid_knobs": {
      "kick_passes": 3,
      "loop_measurement_cycles": 4
    }
  },
  "artifacts": {
    "kernel_hash": "59ad205957406ba8769e06c45a6e3db43b483f8e2d8e66b070b3ff98425f2b57",
    "flip_counts_hash": "c1b27689be21b2ac0fdae0da5c804f2dab3460dc84baee0f4b6cda147a262623",
    "pivot_fit_hash": "18f843e4852e0cb06a5603a8f3e251da6d346190d1181f60fc167ac1ef296fd4",
    "config_hash": "09be816148e3d54a4ba01072548fde7efe2f97f681380c3e050adf0677f43c72"
  }
}