{
  "sim": "MICC",
  "gauge": "SU3",
  "rep": "fundamental",
  "L": 8,
  "b": 3.5,
  "kappa": 1.0,
  "seed": 0,
  "measurement_model": "dephasing",
  "f": 0.5,
  "schedule": "during",
  "sigma": 0.7205303266024674,
  "sigma_err": 0.06063442808488906,
  "visibility": 2.002760603701858e-16,
  "visibility_err": 4.391938268886872e-17,
  "coherence": {
    "C": 0.3432232816624831,
    "P_entropy": 0.18694938975966546
  },
  "twist_scan": {
    "phi_values": [
      0.0,
      0.09817477042468103,
      0.19634954084936207,
      0.2945243112740431,
      0.39269908169872414,
      0.4908738521234052,
      0.5890486225480862,
      0.6872233929727672,
      0.7853981633974483,
      0.8835729338221293,
      0.9817477042468103,
      1.0799224746714913,
      1.1780972450961724,
      1.2762720155208536,
      1.3744467859455345,
      1.4726215563702154,
      1.5707963267948966,
      1.6689710972195777,
      1.7671458676442586,
      1.8653206380689396,
      1.9634954084936207,
      2.061670178918302,
      2.1598449493429825,
      2.2580197197676637,
      2.356194490192345,
      2.454369260617026,
      2.552544031041707,
      2.650718801466388,
      2.748893571891069,
      2.84706834231575,
      2.945243112740431,
      3.043417883165112,
      3.141592653589793,
      3.2397674240144743,
      3.3379421944391554,
      3.436116964863836,
      3.5342917352885173,
      3.6324665057131984,
      3.730641276137879,
      3.8288160465625602,
      3.9269908169872414,
      4.025165587411922,
      4.123340357836604,
      4.221515128261284,
      4.319689898685965,
      4.417864669110647,
      4.516039439535327,
      4.614214209960009,
      4.71238898038469,
      4.81056375080937,
      4.908738521234052,
      5.006913291658733,
      5.105088062083414,
      5.203262832508095,
      5.301437602932776,
      5.399612373357457,
      5.497787143782138,
      5.595961914206819,
      5.6941366846315,
      5.792311455056181,
      5.890486225480862,
      5.988660995905543,
      6.086835766330224,
      6.1850105367549055
    ],
    "mean_I": [
      0.5186697175281003,
      0.3966564879843154,
      0.24589587010879504,
      0.1348300325061754,
      0.11388054342506904,
      0.1925580329230817,
      0.33514456565678935,
      0.47690883678258494,
      0.5534928310360557,
      0.5301290161466691,
      0.41742407561334344,
      0.26654369614695694,
      0.1459844156105758,
      0.11047762686793605,
      0.17614266967751133,
      0.3131689874447774,
      0.45934949667500424,
      0.5483213023334447,
      0.5396930647602824,
      0.4373818234255393,
      0.2878347429021527,
      0.15894307120798257,
      0.10922093258938634,
      0.16124113845210378,
      0.2913876029066253,
      0.44057655202700124,
      0.5410793219649841,
      0.5472697563525498,
      0.45633752739945654,
      0.3095639659552605,
      0.17358120036107133,
      0.11012256324230094,
      0.147996949138566,
      0.270010178682351,
      0.4207707965578714,
      0.531836634160491,
      0.5527861232415975,
      0.47410863374358464,
      0.33152210100987756,
      0.18975782988408188,
      0.11317383563061081,
      0.1365376505199968,
      0.24924259105332316,
      0.40012297051970946,
      0.5206822510560901,
      0.5561890397987302,
      0.4905239969891556,
      0.35349767922188857,
      0.20731716999166236,
      0.11834536433322213,
      0.12697360190638413,
      0.22928484324112694,
      0.3788319237645142,
      0.5077235954586838,
      0.5574457340772802,
      0.5054255282145622,
      0.37527906376004144,
      0.22609011463966605,
      0.12558734470168248,
      0.1193969103141165,
      0.21032913926720914,
      0.3571027007114057,
      0.4930854663055947,
      0.5565441034243657
    ],
    "fit": {
      "A": 3.599379517405867e-05,
      "I0": 0.33333333333333326,
      "phi0": -0.19045952769396926,
      "R2": 2.3323965536725666e-08,
      "visibility_fit": 0.00010798138552217604,
      "visibility_fourier": 2.002760603701858e-16,
      "visibility": 2.002760603701858e-16
    },
    "cycles": 16,
    "per_cycle_V": [
      4.579674596756156e-16,
      1.8491289754021685e-16,
      4.720848831322641e-16,
      4.654789038847908e-16,
      1.0506724619637485e-16,
      1.0232019784071792e-16,
      1.3594222148633192e-16,
      3.3492114602773933e-17,
      4.1718656974815084e-16,
      4.431191446567789e-16,
      5.225415373546695e-16,
      1.7191494747727532e-16,
      1.1039712600120304e-16,
      1.6592757000335824e-16,
      5.028054175451032e-16,
      3.07564690506576e-16
    ]
  },
  "diagnostics": {
    "measured_link_count": 64,
    "selection_policy": "uniform",
    "num_links": 128,
    "creutz_sizes": [
      [
        2,
        2
      ],
      [
        3,
        3
      ]
    ],
    "loop_sizes_measured": [
      [
        1,
        1
      ],
      [
        1,
        2
      ],
      [
        2,
        1
      ],
      [
        2,
        2
      ],
      [
        2,
        3
      ],
      [
        3,
        2
      ],
      [
        3,
        3
      ]
    ],
    "visibility_qc": {
      "r2_ok": false,
      "v_in_unit_interval": true,
      "i0_very_small": false
    },
    "hybrid_knobs": {
      "kick_passes": 3,
      "loop_measurement_cycles": 6
    }
  },
  "artifacts": {
    "kernel_hash": "59ad205957406ba8769e06c45a6e3db43b483f8e2d8e66b070b3ff98425f2b57",
    "flip_counts_hash": "051ffecc2b526e5161a7cdb343471ea2bcf4c30d07d6aca6b7e9329b81a2e42c",
    "pivot_fit_hash": "18f843e4852e0cb06a5603a8f3e251da6d346190d1181f60fc167ac1ef296fd4",
    "config_hash": "3e53227bb97f97d3e0f7892c2fd75b0f2e140b1e74473c1589a222acbe454fae"
  }
}