{
  "sim": "MICC",
  "gauge": "SU3",
  "rep": "fundamental",
  "L": 8,
  "b": 3.0,
  "kappa": 1.0,
  "seed": 2,
  "measurement_model": "dephasing",
  "f": 0.3,
  "schedule": "pre",
  "sigma": 0.35291878761911216,
  "sigma_err": 0.09048171535257542,
  "visibility": 5.161467396990885e-16,
  "visibility_err": 0.0,
  "coherence": {
    "C": 0.27850278640428466,
    "P_entropy": 0.2844374877078797
  },
  "twist_scan": {
    "phi_values": [
      0.0,
      0.09817477042468103,
      0.19634954084936207,
      0.2945243112740431,
      0.39269908169872414,
      0.4908738521234052,
      0.5890486225480862,
      0.6872233929727672,
      0.7853981633974483,
      0.8835729338221293,
      0.9817477042468103,
      1.0799224746714913,
      1.1780972450961724,
      1.2762720155208536,
      1.3744467859455345,
      1.4726215563702154,
      1.5707963267948966,
      1.6689710972195777,
      1.7671458676442586,
      1.8653206380689396,
      1.9634954084936207,
      2.061670178918302,
      2.1598449493429825,
      2.2580197197676637,
      2.356194490192345,
      2.454369260617026,
      2.552544031041707,
      2.650718801466388,
      2.748893571891069,
      2.84706834231575,
      2.945243112740431,
      3.043417883165112,
      3.141592653589793,
      3.2397674240144743,
      3.3379421944391554,
      3.436116964863836,
      3.5342917352885173,
      3.6324665057131984,
      3.730641276137879,
      3.8288160465625602,
      3.9269908169872414,
      4.025165587411922,
      4.123340357836604,
      4.221515128261284,
      4.319689898685965,
      4.417864669110647,
      4.516039439535327,
      4.614214209960009,
      4.71238898038469,
      4.81056375080937,
      4.908738521234052,
      5.006913291658733,
      5.105088062083414,
      5.203262832508095,
      5.301437602932776,
      5.399612373357457,
      5.497787143782138,
      5.595961914206819,
      5.6941366846315,
      5.792311455056181,
      5.890486225480862,
      5.988660995905543,
      6.086835766330224,
      6.1850105367549055
    ],
    "mean_I": [
      0.6828736264799148,
      0.24339621153422747,
      -0.1552516304053809,
      -0.3320921135193204,
      -0.20684335562929596,
      0.16363432572401862,
      0.6111518086813968,
      0.9325455121053502,
      0.9819094139313301,
      0.7368333347678852,
      0.3085766908169128,
      -0.10844095501193293,
      -0.3249023099857966,
      -0.24253844444466657,
      0.10125916861450902,
      0.5504136005451791,
      0.9010181295992244,
      0.9939056295787461,
      0.7869071174665033,
      0.37399559010038935,
      -0.057375751723329475,
      -0.31137333737890477,
      -0.27268757323649945,
      0.04111901257588436,
      0.48758479076756706,
      0.8640236321769822,
      0.9995401729077698,
      0.8326127366752675,
      0.43902288962294744,
      -0.0025478063623184024,
      -0.2916354871005374,
      -0.2970003894133381,
      -0.016206959813248305,
      0.42327045513243927,
      0.8219182970720481,
      0.9987587801859873,
      0.8735100222959635,
      0.5030323409426481,
      0.055514857985271275,
      -0.26587884543868284,
      -0.3152427472646637,
      -0.07016666810122067,
      0.3580899758497544,
      0.7751076216785996,
      0.9915689766524628,
      0.9092051111113334,
      0.5654074980521594,
      0.11625306612148621,
      -0.23435146293255718,
      -0.32723896291207955,
      -0.12024045079983645,
      0.2926710765662767,
      0.7240424183899976,
      0.9780400040455711,
      0.9393542399031666,
      0.6255476540907808,
      0.17908187589910052,
      -0.19735696551031337,
      -0.3328735062411028,
      -0.16594607000860073,
      0.2276437770437167,
      0.6692144730289848,
      0.9583021537672034,
      0.9636670560800046
    ],
    "fit": {
      "A": 1.358843450301659e-16,
      "I0": 0.3333333333333333,
      "phi0": -3.044157993526602,
      "R2": -2.220446049250313e-16,
      "visibility_fit": 4.076530350904977e-16,
      "visibility_fourier": 5.161467396990885e-16,
      "visibility": 5.161467396990885e-16
    },
    "cycles": 8,
    "per_cycle_V": [
      4.852540106520442e-16,
      4.852540106520442e-16,
      4.852540106520442e-16,
      4.852540106520442e-16,
      4.852540106520442e-16,
      4.852540106520442e-16,
      4.852540106520442e-16,
      4.852540106520442e-16
    ]
  },
  "diagnostics": {
    "measured_link_count": 38,
    "selection_policy": "uniform",
    "num_links": 128,
    "visibility_qc": {
      "r2_ok": false,
      "v_in_unit_interval": true,
      "i0_very_small": false
    },
    "hybrid_knobs": {
      "kick_passes": 3,
      "loop_measurement_cycles": 4
    }
  },
  "artifacts": {
    "kernel_hash": "59ad205957406ba8769e06c45a6e3db43b483f8e2d8e66b070b3ff98425f2b57",
    "flip_counts_hash": "2268e99a6015a7b96d81d3b1a331fda63562012ba66381118831ac9c8b2f0d5d",
    "pivot_fit_hash": "e730f86cf82cf01e0490c7477184968845e3929e6af95e60cac897b00c6a8382",
    "config_hash": "09be816148e3d54a4ba01072548fde7efe2f97f681380c3e050adf0677f43c72"
  }
}