{
  "sim": "MICC",
  "gauge": "SU3",
  "rep": "fundamental",
  "L": 12,
  "b": 3.5,
  "kappa": 1.0,
  "seed": 3,
  "measurement_model": "dephasing",
  "f": 0.0,
  "schedule": "post",
  "sigma": 0.4014749505863691,
  "sigma_err": 0.060429080994706945,
  "visibility": 9.529610892033692e-16,
  "visibility_err": 7.638112870987716e-31,
  "coherence": {
    "C": 0.24525708616678463,
    "P_entropy": 0.3604232404362525
  },
  "twist_scan": {
    "phi_values": [
      0.0,
      0.09817477042468103,
      0.19634954084936207,
      0.2945243112740431,
      0.39269908169872414,
      0.4908738521234052,
      0.5890486225480862,
      0.6872233929727672,
      0.7853981633974483,
      0.8835729338221293,
      0.9817477042468103,
      1.0799224746714913,
      1.1780972450961724,
      1.2762720155208536,
      1.3744467859455345,
      1.4726215563702154,
      1.5707963267948966,
      1.6689710972195777,
      1.7671458676442586,
      1.8653206380689396,
      1.9634954084936207,
      2.061670178918302,
      2.1598449493429825,
      2.2580197197676637,
      2.356194490192345,
      2.454369260617026,
      2.552544031041707,
      2.650718801466388,
      2.748893571891069,
      2.84706834231575,
      2.945243112740431,
      3.043417883165112,
      3.141592653589793,
      3.2397674240144743,
      3.3379421944391554,
      3.436116964863836,
      3.5342917352885173,
      3.6324665057131984,
      3.730641276137879,
      3.8288160465625602,
      3.9269908169872414,
      4.025165587411922,
      4.123340357836604,
      4.221515128261284,
      4.319689898685965,
      4.417864669110647,
      4.516039439535327,
      4.614214209960009,
      4.71238898038469,
      4.81056375080937,
      4.908738521234052,
      5.006913291658733,
      5.105088062083414,
      5.203262832508095,
      5.301437602932776,
      5.399612373357457,
      5.497787143782138,
      5.595961914206819,
      5.6941366846315,
      5.792311455056181,
      5.890486225480862,
      5.988660995905543,
      6.086835766330224,
      6.1850105367549055
    ],
    "mean_I": [
      0.25754359333702675,
      0.8817420780267509,
      0.926159258720277,
      0.34383700210643037,
      -0.24958980168493247,
      -0.2267464627757464,
      0.38821689185561836,
      0.9451569902280196,
      0.8552731255572561,
      0.21359110618663915,
      -0.3014986491650483,
      -0.14543988948500516,
      0.516781045999253,
      0.9850598624094858,
      0.764329138886278,
      0.08794683690388136,
      -0.32901125957562816,
      -0.04573432974047039,
      0.6382954074237983,
      0.9999172495710038,
      0.6568222251131318,
      -0.028267366935427692,
      -0.33107033872784386,
      0.06853858771239354,
      0.7480902473657488,
      0.9891581906560752,
      0.5368838146435484,
      -0.13058545865141388,
      -0.30759675736462133,
      0.19298741874086853,
      0.8419462116997898,
      0.9531961502650504,
      0.4091230733296402,
      -0.21507541136008512,
      -0.2594925920536105,
      0.32282966456023343,
      0.9162564683515982,
      0.8934131294424126,
      0.2784497748110494,
      -0.27849032356135284,
      -0.18860645889059077,
      0.45307556048002334,
      0.9681653158317137,
      0.8121065561516718,
      0.1498856206674173,
      -0.3183931957428197,
      -0.09766247221961348,
      0.5787198297627867,
      0.995677926242294,
      0.7124009964071393,
      0.028371259242867083,
      -0.3332505829043377,
      0.009844441553536169,
      0.6949340336020929,
      0.99773700539451,
      0.59812807895427,
      -0.0814235806990821,
      -0.32249152398940956,
      0.12978285202311773,
      0.7972521253180792,
      0.9742634240312884,
      0.4736792479257979,
      -0.17527954503312243,
      -0.286529483598384
    ],
    "fit": {
      "A": 3.084287744145504e-16,
      "I0": 0.33333333333333315,
      "phi0": 1.2744715840082288,
      "R2": 0.0,
      "visibility_fit": 9.252863232436518e-16,
      "visibility_fourier": 9.529610892033692e-16,
      "visibility": 9.529610892033692e-16
    },
    "cycles": 16,
    "per_cycle_V": [
      9.064122100044104e-16,
      9.064122100044104e-16,
      9.064122100044104e-16,
      9.064122100044104e-16,
      9.064122100044104e-16,
      9.064122100044104e-16,
      9.064122100044104e-16,
      9.064122100044104e-16,
      9.064122100044104e-16,
      9.064122100044104e-16,
      9.064122100044104e-16,
      9.064122100044104e-16,
      9.064122100044104e-16,
      9.064122100044104e-16,
      9.064122100044104e-16,
      9.064122100044104e-16
    ]
  },
  "diagnostics": {
    "measured_link_count": 0,
    "selection_policy": "uniform",
    "num_links": 288,
    "creutz_sizes": [
      [
        2,
        2
      ],
      [
        3,
        3
      ]
    ],
    "loop_sizes_measured": [
      [
        1,
        1
      ],
      [
        1,
        2
      ],
      [
        2,
        1
      ],
      [
        2,
        2
      ],
      [
        2,
        3
      ],
      [
        3,
        2
      ],
      [
        3,
        3
      ]
    ],
    "visibility_qc": {
      "r2_ok": false,
      "v_in_unit_interval": true,
      "i0_very_small": false
    },
    "hybrid_knobs": {
      "kick_passes": 3,
      "loop_measurement_cycles": 6
    }
  },
  "artifacts": {
    "kernel_hash": "c776a5135c116bb3a99eaad342348026ed00e0c6d5dcf8a66155f4c58107111d",
    "flip_counts_hash": "f9f0d5ea10777d9547c57c830847aa737adfb2a8c3d087b6a31b748452bdd993",
    "pivot_fit_hash": "18f843e4852e0cb06a5603a8f3e251da6d346190d1181f60fc167ac1ef296fd4",
    "config_hash": "3e53227bb97f97d3e0f7892c2fd75b0f2e140b1e74473c1589a222acbe454fae"
  }
}