{
  "sim": "MICC",
  "gauge": "SU3",
  "rep": "fundamental",
  "L": 12,
  "b": 3.5,
  "kappa": 1.0,
  "seed": 3,
  "measurement_model": "dephasing",
  "f": 0.3,
  "schedule": "pre",
  "sigma": 0.6423461274929274,
  "sigma_err": 0.12384268480198064,
  "visibility": 1.043123232859799e-15,
  "visibility_err": 0.0,
  "coherence": {
    "C": 0.26144879555445555,
    "P_entropy": 0.2824668822583801
  },
  "twist_scan": {
    "phi_values": [
      0.0,
      0.09817477042468103,
      0.19634954084936207,
      0.2945243112740431,
      0.39269908169872414,
      0.4908738521234052,
      0.5890486225480862,
      0.6872233929727672,
      0.7853981633974483,
      0.8835729338221293,
      0.9817477042468103,
      1.0799224746714913,
      1.1780972450961724,
      1.2762720155208536,
      1.3744467859455345,
      1.4726215563702154,
      1.5707963267948966,
      1.6689710972195777,
      1.7671458676442586,
      1.8653206380689396,
      1.9634954084936207,
      2.061670178918302,
      2.1598449493429825,
      2.2580197197676637,
      2.356194490192345,
      2.454369260617026,
      2.552544031041707,
      2.650718801466388,
      2.748893571891069,
      2.84706834231575,
      2.945243112740431,
      3.043417883165112,
      3.141592653589793,
      3.2397674240144743,
      3.3379421944391554,
      3.436116964863836,
      3.5342917352885173,
      3.6324665057131984,
      3.730641276137879,
      3.8288160465625602,
      3.9269908169872414,
      4.025165587411922,
      4.123340357836604,
      4.221515128261284,
      4.319689898685965,
      4.417864669110647,
      4.516039439535327,
      4.614214209960009,
      4.71238898038469,
      4.81056375080937,
      4.908738521234052,
      5.006913291658733,
      5.105088062083414,
      5.203262832508095,
      5.301437602932776,
      5.399612373357457,
      5.497787143782138,
      5.595961914206819,
      5.6941366846315,
      5.792311455056181,
      5.890486225480862,
      5.988660995905543,
      6.086835766330224,
      6.1850105367549055
    ],
    "mean_I": [
      -0.003523357726015267,
      -0.3328305898126478,
      0.042135025268241484,
      0.7249573920970418,
      0.9937522481259551,
      0.5643479173124413,
      -0.10928653936535493,
      -0.3149803779347751,
      0.16472727016934471,
      0.822686348632276,
      0.963298225633091,
      0.43790710712448405,
      -0.19804008752096844,
      -0.2722158337113873,
      0.29379895152246976,
      0.9016097432219049,
      0.9086350056175282,
      0.30744758545537804,
      -0.2663732531107987,
      -0.20618037459435695,
      0.4243899169974509,
      0.9586945940725996,
      0.8318632649689803,
      0.17798283856033056,
      -0.31166003090290945,
      -0.11941170624443674,
      0.5514816290273407,
      0.9917471623797179,
      0.7359332986264797,
      0.054488124057846074,
      -0.33216007542386755,
      -0.015244299925888589,
      0.6701900243926805,
      0.9994972564793139,
      0.6245316413984242,
      -0.05829072543037462,
      -0.32708558145928907,
      0.10231874935422468,
      0.7759532060320196,
      0.9816470446014413,
      0.5019393964973223,
      -0.15601968196560878,
      -0.2966315589664241,
      0.22875955954218158,
      0.8647067541876317,
      0.9388825003780533,
      0.3728677151441987,
      -0.23494307655524047,
      -0.2419683389508627,
      0.35921908121128376,
      0.9330399197774647,
      0.8728470412610234,
      0.24227674966921314,
      -0.2920279274059332,
      -0.16519659830231495,
      0.48868382810633776,
      0.9783266975695748,
      0.7860783729111062,
      0.11518503763932596,
      -0.32508049571305137,
      -0.06926663195981697,
      0.6121785426088194,
      0.9988267420905322,
      0.6819109665925529
    ],
    "fit": {
      "A": 3.1005527980320476e-16,
      "I0": 0.33333333333333287,
      "phi0": -2.3799047460274263,
      "R2": 0.0,
      "visibility_fit": 9.301658394096156e-16,
      "visibility_fourier": 1.043123232859799e-15,
      "visibility": 1.043123232859799e-15
    },
    "cycles": 8,
    "per_cycle_V": [
      9.955401284538502e-16,
      9.955401284538502e-16,
      9.955401284538502e-16,
      9.955401284538502e-16,
      9.955401284538502e-16,
      9.955401284538502e-16,
      9.955401284538502e-16,
      9.955401284538502e-16
    ]
  },
  "diagnostics": {
    "measured_link_count": 86,
    "selection_policy": "uniform",
    "num_links": 288,
    "visibility_qc": {
      "r2_ok": false,
      "v_in_unit_interval": true,
      "i0_very_small": false
    },
    "hybrid_knobs": {
      "kick_passes": 3,
      "loop_measurement_cycles": 4
    }
  },
  "artifacts": {
    "kernel_hash": "c776a5135c116bb3a99eaad342348026ed00e0c6d5dcf8a66155f4c58107111d",
    "flip_counts_hash": "f9f0d5ea10777d9547c57c830847aa737adfb2a8c3d087b6a31b748452bdd993",
    "pivot_fit_hash": "18f843e4852e0cb06a5603a8f3e251da6d346190d1181f60fc167ac1ef296fd4",
    "config_hash": "09be816148e3d54a4ba01072548fde7efe2f97f681380c3e050adf0677f43c72"
  }
}