{
  "sim": "MICC",
  "gauge": "SU3",
  "rep": "fundamental",
  "L": 12,
  "b": 3.0,
  "kappa": 1.0,
  "seed": 3,
  "measurement_model": "dephasing",
  "f": 0.1,
  "schedule": "during",
  "sigma": 0.40959279517554936,
  "sigma_err": 0.037858422911092635,
  "visibility": 2.4528103940243606e-16,
  "visibility_err": 7.722520482206605e-17,
  "coherence": {
    "C": 0.2651109904438736,
    "P_entropy": 0.28340233433788575
  },
  "twist_scan": {
    "phi_values": [
      0.0,
      0.09817477042468103,
      0.19634954084936207,
      0.2945243112740431,
      0.39269908169872414,
      0.4908738521234052,
      0.5890486225480862,
      0.6872233929727672,
      0.7853981633974483,
      0.8835729338221293,
      0.9817477042468103,
      1.0799224746714913,
      1.1780972450961724,
      1.2762720155208536,
      1.3744467859455345,
      1.4726215563702154,
      1.5707963267948966,
      1.6689710972195777,
      1.7671458676442586,
      1.8653206380689396,
      1.9634954084936207,
      2.061670178918302,
      2.1598449493429825,
      2.2580197197676637,
      2.356194490192345,
      2.454369260617026,
      2.552544031041707,
      2.650718801466388,
      2.748893571891069,
      2.84706834231575,
      2.945243112740431,
      3.043417883165112,
      3.141592653589793,
      3.2397674240144743,
      3.3379421944391554,
      3.436116964863836,
      3.5342917352885173,
      3.6324665057131984,
      3.730641276137879,
      3.8288160465625602,
      3.9269908169872414,
      4.025165587411922,
      4.123340357836604,
      4.221515128261284,
      4.319689898685965,
      4.417864669110647,
      4.516039439535327,
      4.614214209960009,
      4.71238898038469,
      4.81056375080937,
      4.908738521234052,
      5.006913291658733,
      5.105088062083414,
      5.203262832508095,
      5.301437602932776,
      5.399612373357457,
      5.497787143782138,
      5.595961914206819,
      5.6941366846315,
      5.792311455056181,
      5.890486225480862,
      5.988660995905543,
      6.086835766330224,
      6.1850105367549055
    ],
    "mean_I": [
      0.8675078391183098,
      0.7168079110002884,
      0.16069615668421747,
      -0.2129024477881144,
      -0.00901701953405144,
      0.5568034360689536,
      0.8863698406162016,
      0.6312624403552962,
      0.06118244376173789,
      -0.2211778562253135,
      0.08269469232203129,
      0.651544047901519,
      0.8839789592856596,
      0.5342677212080177,
      -0.027872663098481507,
      -0.20814371062123205,
      0.18403830659240936,
      0.734056000427856,
      0.8604270753553942,
      0.42955120622001963,
      -0.10304682608248328,
      -0.17430090588180114,
      0.2911192450148242,
      0.8011684055856098,
      0.8166192745167973,
      0.32113709233658794,
      -0.161451144264949,
      -0.1209500020138939,
      0.3998224471773883,
      0.8503021712816401,
      0.7542390659883992,
      0.21319167315493398,
      -0.20084117245164285,
      -0.05014124433362152,
      0.5059705099824503,
      0.8795691144547814,
      0.6756836862007192,
      0.10986323059771325,
      -0.21970317394953515,
      0.03540422631136966,
      0.6054842229049282,
      0.887844522891981,
      0.5839719743446352,
      0.015122618765147948,
      -0.21731229261899315,
      0.13239894545864886,
      0.6945393297651467,
      0.8748103772878986,
      0.4826283600742583,
      -0.06738933376118683,
      -0.19376040868872724,
      0.23711546044664658,
      0.7697134927491514,
      0.8409675725484679,
      0.3755474216518437,
      -0.13450173891894365,
      -0.14995260785013076,
      0.3455295743300749,
      0.8281178109316152,
      0.7876166686805612,
      0.2668442194892819,
      -0.1836355046149731,
      -0.08757239932173247,
      0.4534749935117349
    ],
    "fit": {
      "A": 1.4561790847938975e-05,
      "I0": 0.33333333333333326,
      "phi0": -0.17917765055284357,
      "R2": 4.52058390720822e-10,
      "visibility_fit": 4.3685372543816935e-05,
      "visibility_fourier": 2.4528103940243606e-16,
      "visibility": 2.4528103940243606e-16
    },
    "cycles": 8,
    "per_cycle_V": [
      9.103477958250981e-16,
      5.950833630121114e-16,
      2.492617343066289e-16,
      4.776688276935354e-16,
      6.850949904781424e-16,
      3.1726651007947933e-16,
      5.200535387073891e-16,
      3.381365683029435e-16
    ]
  },
  "diagnostics": {
    "measured_link_count": 29,
    "selection_policy": "uniform",
    "num_links": 288,
    "visibility_qc": {
      "r2_ok": false,
      "v_in_unit_interval": true,
      "i0_very_small": false
    },
    "hybrid_knobs": {
      "kick_passes": 3,
      "loop_measurement_cycles": 4
    }
  },
  "artifacts": {
    "kernel_hash": "c776a5135c116bb3a99eaad342348026ed00e0c6d5dcf8a66155f4c58107111d",
    "flip_counts_hash": "f9f0d5ea10777d9547c57c830847aa737adfb2a8c3d087b6a31b748452bdd993",
    "pivot_fit_hash": "e730f86cf82cf01e0490c7477184968845e3929e6af95e60cac897b00c6a8382",
    "config_hash": "09be816148e3d54a4ba01072548fde7efe2f97f681380c3e050adf0677f43c72"
  }
}