{
  "sim": "MICC",
  "gauge": "SU3",
  "rep": "fundamental",
  "L": 8,
  "b": 3.0,
  "kappa": 1.0,
  "seed": 2,
  "measurement_model": "dephasing",
  "f": 0.05,
  "schedule": "during",
  "sigma": 0.40753902524449165,
  "sigma_err": 0.032373196772143197,
  "visibility": 3.5992585967983545e-16,
  "visibility_err": 3.3020609303886075e-17,
  "coherence": {
    "C": 0.253400606459598,
    "P_entropy": 0.3302455814951776
  },
  "twist_scan": {
    "phi_values": [
      0.0,
      0.09817477042468103,
      0.19634954084936207,
      0.2945243112740431,
      0.39269908169872414,
      0.4908738521234052,
      0.5890486225480862,
      0.6872233929727672,
      0.7853981633974483,
      0.8835729338221293,
      0.9817477042468103,
      1.0799224746714913,
      1.1780972450961724,
      1.2762720155208536,
      1.3744467859455345,
      1.4726215563702154,
      1.5707963267948966,
      1.6689710972195777,
      1.7671458676442586,
      1.8653206380689396,
      1.9634954084936207,
      2.061670178918302,
      2.1598449493429825,
      2.2580197197676637,
      2.356194490192345,
      2.454369260617026,
      2.552544031041707,
      2.650718801466388,
      2.748893571891069,
      2.84706834231575,
      2.945243112740431,
      3.043417883165112,
      3.141592653589793,
      3.2397674240144743,
      3.3379421944391554,
      3.436116964863836,
      3.5342917352885173,
      3.6324665057131984,
      3.730641276137879,
      3.8288160465625602,
      3.9269908169872414,
      4.025165587411922,
      4.123340357836604,
      4.221515128261284,
      4.319689898685965,
      4.417864669110647,
      4.516039439535327,
      4.614214209960009,
      4.71238898038469,
      4.81056375080937,
      4.908738521234052,
      5.006913291658733,
      5.105088062083414,
      5.203262832508095,
      5.301437602932776,
      5.399612373357457,
      5.497787143782138,
      5.595961914206819,
      5.6941366846315,
      5.792311455056181,
      5.890486225480862,
      5.988660995905543,
      6.086835766330224,
      6.1850105367549055
    ],
    "mean_I": [
      0.7082047171308677,
      0.3190689042804905,
      -0.06359115600239827,
      -0.2660557965181971,
      -0.19641030334539122,
      0.11372772567477221,
      0.5235621093377704,
      0.8470366057555516,
      0.9373005563469378,
      0.7533760146670735,
      0.37876087737871783,
      -0.016477415165049553,
      -0.2529089412878387,
      -0.22319873113891187,
      0.05916540101732506,
      0.4659960424913344,
      0.8126005875504534,
      0.9416278191039116,
      0.7945020715633486,
      0.43801535839456696,
      0.03400519440634409,
      -0.2341162524802524,
      -0.24462745092019145,
      0.00724346342351773,
      0.4071523612348943,
      0.773548963693113,
      0.9400968734353248,
      0.831186821409993,
      0.49626169428405953,
      0.08737049758501049,
      -0.20985871396178304,
      -0.2604900924036068,
      -0.041538050464201365,
      0.34759776238617623,
      0.7302578226690657,
      0.932722463184864,
      0.8630769700120586,
      0.5529389409918946,
      0.14310455732889746,
      -0.18036993908888438,
      -0.2706338896802708,
      -0.08670934800040832,
      0.2879057892879493,
      0.6831440818317163,
      0.9195756079545049,
      0.8898653978055786,
      0.6075012656493431,
      0.200670624175331,
      -0.14593392088378612,
      -0.27496115243724484,
      -0.12783540489668163,
      0.22865130827209934,
      0.6326614722603238,
      0.9007829191469191,
      0.9112941175868585,
      0.6594232032431478,
      0.25951430543177323,
      -0.1068822970264442,
      -0.2734302067686575,
      -0.16452015474332637,
      0.170404972382605,
      0.579296169081656,
      0.8765253806284494,
      0.9271567590702734
    ],
    "fit": {
      "A": 0.24834838164901232,
      "I0": 0.3333333333333339,
      "phi0": -0.4751013879621847,
      "R2": 0.1040351321382681,
      "visibility_fit": 0.7450451449470357,
      "visibility_fourier": 3.5992585967983545e-16,
      "visibility": 3.5992585967983545e-16
    },
    "cycles": 8,
    "per_cycle_V": [
      4.2108832384635247e-16,
      2.243232897587604e-16,
      5.048150101586041e-16,
      2.941766375964224e-16,
      2.4680061538980095e-16,
      3.511471575927056e-16,
      3.98605568482811e-16,
      3.367162614576711e-16
    ]
  },
  "diagnostics": {
    "measured_link_count": 6,
    "selection_policy": "uniform",
    "num_links": 128,
    "visibility_qc": {
      "r2_ok": false,
      "v_in_unit_interval": true,
      "i0_very_small": false
    },
    "hybrid_knobs": {
      "kick_passes": 3,
      "loop_measurement_cycles": 4
    }
  },
  "artifacts": {
    "kernel_hash": "59ad205957406ba8769e06c45a6e3db43b483f8e2d8e66b070b3ff98425f2b57",
    "flip_counts_hash": "2268e99a6015a7b96d81d3b1a331fda63562012ba66381118831ac9c8b2f0d5d",
    "pivot_fit_hash": "e730f86cf82cf01e0490c7477184968845e3929e6af95e60cac897b00c6a8382",
    "config_hash": "09be816148e3d54a4ba01072548fde7efe2f97f681380c3e050adf0677f43c72"
  }
}