{
  "sim": "MICC",
  "gauge": "SU3",
  "rep": "fundamental",
  "L": 12,
  "b": 3.0,
  "kappa": 0.75,
  "seed": 3,
  "measurement_model": "dephasing",
  "f": 0.3,
  "schedule": "post",
  "sigma": 0.18079673282711922,
  "sigma_err": 0.026025006640128738,
  "visibility": 6.284137645297181e-16,
  "visibility_err": 7.638112870987716e-31,
  "coherence": {
    "C": 0.24660263241100105,
    "P_entropy": 0.3604232404362525
  },
  "twist_scan": {
    "phi_values": [
      0.0,
      0.09817477042468103,
      0.19634954084936207,
      0.2945243112740431,
      0.39269908169872414,
      0.4908738521234052,
      0.5890486225480862,
      0.6872233929727672,
      0.7853981633974483,
      0.8835729338221293,
      0.9817477042468103,
      1.0799224746714913,
      1.1780972450961724,
      1.2762720155208536,
      1.3744467859455345,
      1.4726215563702154,
      1.5707963267948966,
      1.6689710972195777,
      1.7671458676442586,
      1.8653206380689396,
      1.9634954084936207,
      2.061670178918302,
      2.1598449493429825,
      2.2580197197676637,
      2.356194490192345,
      2.454369260617026,
      2.552544031041707,
      2.650718801466388,
      2.748893571891069,
      2.84706834231575,
      2.945243112740431,
      3.043417883165112,
      3.141592653589793,
      3.2397674240144743,
      3.3379421944391554,
      3.436116964863836,
      3.5342917352885173,
      3.6324665057131984,
      3.730641276137879,
      3.8288160465625602,
      3.9269908169872414,
      4.025165587411922,
      4.123340357836604,
      4.221515128261284,
      4.319689898685965,
      4.417864669110647,
      4.516039439535327,
      4.614214209960009,
      4.71238898038469,
      4.81056375080937,
      4.908738521234052,
      5.006913291658733,
      5.105088062083414,
      5.203262832508095,
      5.301437602932776,
      5.399612373357457,
      5.497787143782138,
      5.595961914206819,
      5.6941366846315,
      5.792311455056181,
      5.890486225480862,
      5.988660995905543,
      6.086835766330224,
      6.1850105367549055
    ],
    "mean_I": [
      0.9029150612563904,
      0.9073656463568196,
      0.3049455237941788,
      -0.2674628212549433,
      -0.20470555066855448,
      0.4268699395136278,
      0.9595579191895598,
      0.8301971797387133,
      0.17554873916172595,
      -0.3122887986998656,
      -0.11757040502124673,
      0.5538463636005468,
      0.9921353174790682,
      0.7339345141477032,
      0.05221552799666926,
      -0.33230387967981484,
      -0.013107281578702194,
      0.6723485955994312,
      0.9993953249782647,
      0.6222769698377284,
      -0.06031448356198111,
      -0.3267388958573193,
      0.1046693604087756,
      0.7778226611913766,
      0.9810589436704157,
      0.49951548361834514,
      -0.1577168302775847,
      -0.2958077064397969,
      0.23123343063951285,
      0.8662152511862259,
      0.9378308304060211,
      0.3703677105595365,
      -0.23624839458972333,
      -0.24069897969015275,
      0.3617211428724892,
      0.9341294879216098,
      0.8713722173352226,
      0.23979672715303912,
      -0.29289125252289244,
      -0.1635305130720471,
      0.4911179275049396,
      0.9789554653665323,
      0.7842370716879132,
      0.1128203030661208,
      -0.3254686508124006,
      -0.06726784748103666,
      0.6144511386699951,
      0.9989705463464825,
      0.6797739482453699,
      -0.005681928932760983,
      -0.33272865831159837,
      0.044389696828937494,
      0.72698115022865,
      0.9934055625239858,
      0.5619973062578927,
      -0.11115599452471153,
      -0.3143922770037494,
      0.16715118304831686,
      0.8243834969442516,
      0.9624743731064637,
      0.4354332360271576,
      -0.1995485845195583,
      -0.27116416373935376,
      0.2962989561071324
    ],
    "fit": {
      "A": 2.21201597543891e-16,
      "I0": 0.33333333333333354,
      "phi0": 0.7751565846494459,
      "R2": 1.1102230246251565e-16,
      "visibility_fit": 6.636047926316726e-16,
      "visibility_fourier": 6.284137645297181e-16,
      "visibility": 6.284137645297181e-16
    },
    "cycles": 16,
    "per_cycle_V": [
      5.998695351060056e-16,
      5.998695351060056e-16,
      5.998695351060056e-16,
      5.998695351060056e-16,
      5.998695351060056e-16,
      5.998695351060056e-16,
      5.998695351060056e-16,
      5.998695351060056e-16,
      5.998695351060056e-16,
      5.998695351060056e-16,
      5.998695351060056e-16,
      5.998695351060056e-16,
      5.998695351060056e-16,
      5.998695351060056e-16,
      5.998695351060056e-16,
      5.998695351060056e-16
    ]
  },
  "diagnostics": {
    "measured_link_count": 86,
    "selection_policy": "uniform",
    "num_links": 288,
    "creutz_sizes": [
      [
        2,
        2
      ],
      [
        3,
        3
      ]
    ],
    "loop_sizes_measured": [
      [
        1,
        1
      ],
      [
        1,
        2
      ],
      [
        2,
        1
      ],
      [
        2,
        2
      ],
      [
        2,
        3
      ],
      [
        3,
        2
      ],
      [
        3,
        3
      ]
    ],
    "visibility_qc": {
      "r2_ok": false,
      "v_in_unit_interval": true,
      "i0_very_small": false
    },
    "hybrid_knobs": {
      "kick_passes": 3,
      "loop_measurement_cycles": 6
    }
  },
  "artifacts": {
    "kernel_hash": "c776a5135c116bb3a99eaad342348026ed00e0c6d5dcf8a66155f4c58107111d",
    "flip_counts_hash": "f9f0d5ea10777d9547c57c830847aa737adfb2a8c3d087b6a31b748452bdd993",
    "pivot_fit_hash": "d04f83ead3fcfaea1653e658999e83d0abac9536c46d06a4e4ad9b696714687e",
    "config_hash": "3e53227bb97f97d3e0f7892c2fd75b0f2e140b1e74473c1589a222acbe454fae"
  }
}