{
  "sim": "MICC",
  "gauge": "SU3",
  "rep": "fundamental",
  "L": 12,
  "b": 3.0,
  "kappa": 0.75,
  "seed": 2,
  "measurement_model": "dephasing",
  "f": 0.05,
  "schedule": "during",
  "sigma": 0.4053192713816207,
  "sigma_err": 0.06525051249791812,
  "visibility": 4.328613186916989e-16,
  "visibility_err": 8.048139206662607e-17,
  "coherence": {
    "C": 0.2508307780716922,
    "P_entropy": 0.3262954859006931
  },
  "twist_scan": {
    "phi_values": [
      0.0,
      0.09817477042468103,
      0.19634954084936207,
      0.2945243112740431,
      0.39269908169872414,
      0.4908738521234052,
      0.5890486225480862,
      0.6872233929727672,
      0.7853981633974483,
      0.8835729338221293,
      0.9817477042468103,
      1.0799224746714913,
      1.1780972450961724,
      1.2762720155208536,
      1.3744467859455345,
      1.4726215563702154,
      1.5707963267948966,
      1.6689710972195777,
      1.7671458676442586,
      1.8653206380689396,
      1.9634954084936207,
      2.061670178918302,
      2.1598449493429825,
      2.2580197197676637,
      2.356194490192345,
      2.454369260617026,
      2.552544031041707,
      2.650718801466388,
      2.748893571891069,
      2.84706834231575,
      2.945243112740431,
      3.043417883165112,
      3.141592653589793,
      3.2397674240144743,
      3.3379421944391554,
      3.436116964863836,
      3.5342917352885173,
      3.6324665057131984,
      3.730641276137879,
      3.8288160465625602,
      3.9269908169872414,
      4.025165587411922,
      4.123340357836604,
      4.221515128261284,
      4.319689898685965,
      4.417864669110647,
      4.516039439535327,
      4.614214209960009,
      4.71238898038469,
      4.81056375080937,
      4.908738521234052,
      5.006913291658733,
      5.105088062083414,
      5.203262832508095,
      5.301437602932776,
      5.399612373357457,
      5.497787143782138,
      5.595961914206819,
      5.6941366846315,
      5.792311455056181,
      5.890486225480862,
      5.988660995905543,
      6.086835766330224,
      6.1850105367549055
    ],
    "mean_I": [
      0.7435499257194463,
      0.8335038055101166,
      0.39467419782892843,
      -0.10900537212883074,
      -0.14504157581566235,
      0.3246632964909587,
      0.8035341883310156,
      0.7853056675731116,
      0.2892490453281719,
      -0.16020137992830535,
      -0.08788368534528761,
      0.4297473903936172,
      0.8454488957767021,
      0.7197384863002773,
      0.18551802729270067,
      -0.1924311254745909,
      -0.014538661068318713,
      0.5311263461530775,
      0.8676832893554054,
      0.6393219716974307,
      0.08746746857259202,
      -0.2044560377209944,
      0.07217488886464252,
      0.6249042273534725,
      0.8693829137910888,
      0.5471464853226551,
      -0.0011346028479276155,
      -0.19581400603353266,
      0.16892461135919418,
      0.7074772026115161,
      0.850482453469849,
      0.44675427942472956,
      -0.07688325905277901,
      -0.16683713884344958,
      0.27199246883773925,
      0.7756720387954972,
      0.8117082424823301,
      0.34200337017570814,
      -0.13686752166434843,
      -0.11863900090644511,
      0.3774176213384941,
      0.8268680465949716,
      0.7545503520119541,
      0.2369192762730499,
      -0.17878222911003394,
      -0.05307181963361059,
      0.481148639373964,
      0.8590977921412585,
      0.6812053277349863,
      0.13554032051359244,
      -0.2010166226887386,
      0.027344694969235604,
      0.5791991980940766,
      0.8711227043876608,
      0.5944917778020254,
      0.0417624393131928,
      -0.20271624712442177,
      0.11952018134400848,
      0.6678012695145938,
      0.8624806727001993,
      0.4977420553074758,
      -0.04081053594484872,
      -0.18381578680318172,
      0.21991238724193904
    ],
    "fit": {
      "A": 0.001645076278068541,
      "I0": 0.3333333333333335,
      "phi0": -2.0492118516475557,
      "R2": 5.493486454510865e-06,
      "visibility_fit": 0.00493522883420562,
      "visibility_fourier": 4.328613186916989e-16,
      "visibility": 4.328613186916989e-16
    },
    "cycles": 8,
    "per_cycle_V": [
      2.1451427004987243e-16,
      6.672463832770414e-16,
      7.934442766050012e-16,
      5.516191470497095e-16,
      1.8706984016889503e-16,
      2.0409192295877158e-16,
      4.981956998692513e-16,
      4.513853840859775e-16
    ]
  },
  "diagnostics": {
    "measured_link_count": 14,
    "selection_policy": "uniform",
    "num_links": 288,
    "visibility_qc": {
      "r2_ok": false,
      "v_in_unit_interval": true,
      "i0_very_small": false
    },
    "hybrid_knobs": {
      "kick_passes": 3,
      "loop_measurement_cycles": 4
    }
  },
  "artifacts": {
    "kernel_hash": "c776a5135c116bb3a99eaad342348026ed00e0c6d5dcf8a66155f4c58107111d",
    "flip_counts_hash": "3c718ce239e2c926749d06c4b85bf1839d5fe51eaf7ab8de2413bea26f16d7e1",
    "pivot_fit_hash": "d04f83ead3fcfaea1653e658999e83d0abac9536c46d06a4e4ad9b696714687e",
    "config_hash": "09be816148e3d54a4ba01072548fde7efe2f97f681380c3e050adf0677f43c72"
  }
}