{
  "sim": "MICC",
  "gauge": "SU3",
  "rep": "fundamental",
  "L": 8,
  "b": 3.0,
  "kappa": 1.0,
  "seed": 2,
  "measurement_model": "dephasing",
  "f": 0.3,
  "schedule": "during",
  "sigma": 0.585849208723045,
  "sigma_err": 0.09255699787750514,
  "visibility": 2.435079461031304e-16,
  "visibility_err": 6.281271964857071e-17,
  "coherence": {
    "C": 0.30903895455785213,
    "P_entropy": 0.21079154349699436
  },
  "twist_scan": {
    "phi_values": [
      0.0,
      0.09817477042468103,
      0.19634954084936207,
      0.2945243112740431,
      0.39269908169872414,
      0.4908738521234052,
      0.5890486225480862,
      0.6872233929727672,
      0.7853981633974483,
      0.8835729338221293,
      0.9817477042468103,
      1.0799224746714913,
      1.1780972450961724,
      1.2762720155208536,
      1.3744467859455345,
      1.4726215563702154,
      1.5707963267948966,
      1.6689710972195777,
      1.7671458676442586,
      1.8653206380689396,
      1.9634954084936207,
      2.061670178918302,
      2.1598449493429825,
      2.2580197197676637,
      2.356194490192345,
      2.454369260617026,
      2.552544031041707,
      2.650718801466388,
      2.748893571891069,
      2.84706834231575,
      2.945243112740431,
      3.043417883165112,
      3.141592653589793,
      3.2397674240144743,
      3.3379421944391554,
      3.436116964863836,
      3.5342917352885173,
      3.6324665057131984,
      3.730641276137879,
      3.8288160465625602,
      3.9269908169872414,
      4.025165587411922,
      4.123340357836604,
      4.221515128261284,
      4.319689898685965,
      4.417864669110647,
      4.516039439535327,
      4.614214209960009,
      4.71238898038469,
      4.81056375080937,
      4.908738521234052,
      5.006913291658733,
      5.105088062083414,
      5.203262832508095,
      5.301437602932776,
      5.399612373357457,
      5.497787143782138,
      5.595961914206819,
      5.6941366846315,
      5.792311455056181,
      5.890486225480862,
      5.988660995905543,
      6.086835766330224,
      6.1850105367549055
    ],
    "mean_I": [
      0.354238551459062,
      0.17123153518709566,
      0.06181534625572856,
      0.07566264690557711,
      0.2064870521433231,
      0.3948970171009556,
      0.5553583567231232,
      0.6150249775425387,
      0.546809481140849,
      0.3816802767217644,
      0.1946025707806052,
      0.07050573063241726,
      0.0657271272459084,
      0.18243614665360497,
      0.36764933404784145,
      0.5372837745528973,
      0.6143289786801565,
      0.5638080345187744,
      0.4086563944905084,
      0.2193096594554468,
      0.081727288499298,
      0.05836880163929451,
      0.15983846356040532,
      0.3400711691488122,
      0.5172450381430754,
      0.6109268381452396,
      0.5785869905339965,
      0.43490711000453547,
      0.24511485844141262,
      0.09537195011978555,
      0.053658534783796806,
      0.1389116309050627,
      0.3124281152076047,
      0.4954351314795712,
      0.6048513204109384,
      0.5910040197610901,
      0.460179614523344,
      0.2717696495657113,
      0.11130830994354395,
      0.051641689124128067,
      0.1198571855258177,
      0.2849863899449016,
      0.47206409588606174,
      0.5961609360342497,
      0.6009395394207588,
      0.484230520013062,
      0.2990173326188262,
      0.129382892113769,
      0.05233768798651035,
      0.10285863214789195,
      0.25801027217615863,
      0.44735700721121974,
      0.5849393781673693,
      0.6082978650273724,
      0.5068282031062618,
      0.3265954975178541,
      0.14942162852359164,
      0.05573982852142755,
      0.08807967613267034,
      0.23175955666213122,
      0.4215518082252533,
      0.5712947165468814,
      0.61300813188287,
      0.5277550357616039
    ],
    "fit": {
      "A": 0.0005582567851765434,
      "I0": 0.3333333333333335,
      "phi0": 0.8398754548555603,
      "R2": 3.313378826974578e-06,
      "visibility_fit": 0.0016747703555296295,
      "visibility_fourier": 2.435079461031304e-16,
      "visibility": 2.435079461031304e-16
    },
    "cycles": 8,
    "per_cycle_V": [
      6.938675789495255e-17,
      2.437953890503449e-16,
      1.848075953629057e-16,
      5.149647603079903e-16,
      7.383416794626288e-17,
      4.758335447033874e-16,
      1.7109081297553237e-16,
      4.187356666861498e-16
    ]
  },
  "diagnostics": {
    "measured_link_count": 38,
    "selection_policy": "uniform",
    "num_links": 128,
    "visibility_qc": {
      "r2_ok": false,
      "v_in_unit_interval": true,
      "i0_very_small": false
    },
    "hybrid_knobs": {
      "kick_passes": 3,
      "loop_measurement_cycles": 4
    }
  },
  "artifacts": {
    "kernel_hash": "59ad205957406ba8769e06c45a6e3db43b483f8e2d8e66b070b3ff98425f2b57",
    "flip_counts_hash": "2268e99a6015a7b96d81d3b1a331fda63562012ba66381118831ac9c8b2f0d5d",
    "pivot_fit_hash": "e730f86cf82cf01e0490c7477184968845e3929e6af95e60cac897b00c6a8382",
    "config_hash": "09be816148e3d54a4ba01072548fde7efe2f97f681380c3e050adf0677f43c72"
  }
}