{
  "sim": "MICC",
  "gauge": "SU3",
  "rep": "fundamental",
  "L": 8,
  "b": 3.0,
  "kappa": 0.75,
  "seed": 1,
  "measurement_model": "dephasing",
  "f": 0.3,
  "schedule": "during",
  "sigma": 0.552423471179264,
  "sigma_err": 0.053821359046160984,
  "visibility": 1.70333509760181e-16,
  "visibility_err": 4.332763532947235e-17,
  "coherence": {
    "C": 0.3180556807629988,
    "P_entropy": 0.2171350646789869
  },
  "twist_scan": {
    "phi_values": [
      0.0,
      0.09817477042468103,
      0.19634954084936207,
      0.2945243112740431,
      0.39269908169872414,
      0.4908738521234052,
      0.5890486225480862,
      0.6872233929727672,
      0.7853981633974483,
      0.8835729338221293,
      0.9817477042468103,
      1.0799224746714913,
      1.1780972450961724,
      1.2762720155208536,
      1.3744467859455345,
      1.4726215563702154,
      1.5707963267948966,
      1.6689710972195777,
      1.7671458676442586,
      1.8653206380689396,
      1.9634954084936207,
      2.061670178918302,
      2.1598449493429825,
      2.2580197197676637,
      2.356194490192345,
      2.454369260617026,
      2.552544031041707,
      2.650718801466388,
      2.748893571891069,
      2.84706834231575,
      2.945243112740431,
      3.043417883165112,
      3.141592653589793,
      3.2397674240144743,
      3.3379421944391554,
      3.436116964863836,
      3.5342917352885173,
      3.6324665057131984,
      3.730641276137879,
      3.8288160465625602,
      3.9269908169872414,
      4.025165587411922,
      4.123340357836604,
      4.221515128261284,
      4.319689898685965,
      4.417864669110647,
      4.516039439535327,
      4.614214209960009,
      4.71238898038469,
      4.81056375080937,
      4.908738521234052,
      5.006913291658733,
      5.105088062083414,
      5.203262832508095,
      5.301437602932776,
      5.399612373357457,
      5.497787143782138,
      5.595961914206819,
      5.6941366846315,
      5.792311455056181,
      5.890486225480862,
      5.988660995905543,
      6.086835766330224,
      6.1850105367549055
    ],
    "mean_I": [
      0.43005994717737095,
      0.326285589549314,
      0.2257107602539573,
      0.17399432910104723,
      0.19461447461277612,
      0.2782100818265407,
      0.3868304927777025,
      0.47116431179154705,
      0.4929257481797909,
      0.4422355647825478,
      0.34210604509641784,
      0.23799389767852402,
      0.1771638608125054,
      0.1872314994786534,
      0.2636263162038943,
      0.37166666136042964,
      0.462304477017029,
      0.4943920898055256,
      0.4533623943668534,
      0.3578420146335912,
      0.25119520598628337,
      0.18183738991525694,
      0.1812555648719377,
      0.249713867261936,
      0.35613365903912747,
      0.45220257962603855,
      0.49430734756276085,
      0.4633332784788471,
      0.37334195217203486,
      0.2651875493616627,
      0.1879699077692315,
      0.17674422230967007,
      0.23660671948929546,
      0.3403810771173526,
      0.4409559064127094,
      0.49267233756561934,
      0.47205219205389065,
      0.3884565848401259,
      0.27983617388896437,
      0.19550235487511974,
      0.17374091848687565,
      0.22443110188411833,
      0.3245606215702489,
      0.4286727689881425,
      0.48950280585416095,
      0.47943516718801316,
      0.4030403504627726,
      0.2950000053062365,
      0.2043621896496376,
      0.17227457686114103,
      0.21330427229981327,
      0.30882465203307513,
      0.4154714606803834,
      0.4848292767514096,
      0.4854111017947289,
      0.4169527994047302,
      0.3105330076275392,
      0.21446408704062855,
      0.17235931910390584,
      0.20333338818781943,
      0.29332471449463116,
      0.40147911730500385,
      0.47869675889743507,
      0.48992244435699656
    ],
    "fit": {
      "A": 2.7432671678744472e-06,
      "I0": 0.3333333333333333,
      "phi0": -0.6310816245700349,
      "R2": 3.083574506845821e-10,
      "visibility_fit": 8.229801503623342e-06,
      "visibility_fourier": 1.70333509760181e-16,
      "visibility": 1.70333509760181e-16
    },
    "cycles": 16,
    "per_cycle_V": [
      8.930043494234259e-17,
      5.074132886927203e-16,
      5.151446945357234e-16,
      2.451406047074308e-16,
      3.851283905228961e-17,
      4.203233550410857e-16,
      3.6664710308050354e-16,
      1.0493374425332654e-16,
      2.4485042021538225e-16,
      1.6041517681471082e-16,
      5.230005182356525e-16,
      4.778321418920961e-16,
      2.3533430001408125e-16,
      5.013646924670568e-16,
      1.801321563289407e-16,
      1.397822787998082e-16
    ]
  },
  "diagnostics": {
    "measured_link_count": 38,
    "selection_policy": "uniform",
    "num_links": 128,
    "creutz_sizes": [
      [
        2,
        2
      ],
      [
        3,
        3
      ]
    ],
    "loop_sizes_measured": [
      [
        1,
        1
      ],
      [
        1,
        2
      ],
      [
        2,
        1
      ],
      [
        2,
        2
      ],
      [
        2,
        3
      ],
      [
        3,
        2
      ],
      [
        3,
        3
      ]
    ],
    "visibility_qc": {
      "r2_ok": false,
      "v_in_unit_interval": true,
      "i0_very_small": false
    },
    "hybrid_knobs": {
      "kick_passes": 3,
      "loop_measurement_cycles": 6
    }
  },
  "artifacts": {
    "kernel_hash": "59ad205957406ba8769e06c45a6e3db43b483f8e2d8e66b070b3ff98425f2b57",
    "flip_counts_hash": "2f22c538feb77f48a899689bff9bdbb91197c5203a770852a4a789b6ab244652",
    "pivot_fit_hash": "d04f83ead3fcfaea1653e658999e83d0abac9536c46d06a4e4ad9b696714687e",
    "config_hash": "3e53227bb97f97d3e0f7892c2fd75b0f2e140b1e74473c1589a222acbe454fae"
  }
}