{
  "sim": "MICC",
  "gauge": "SU3",
  "rep": "fundamental",
  "L": 12,
  "b": 3.5,
  "kappa": 0.75,
  "seed": 1,
  "measurement_model": "dephasing",
  "f": 0.2,
  "schedule": "during",
  "sigma": 0.5504572303969374,
  "sigma_err": 0.029749169151577968,
  "visibility": 1.4489294221057604e-16,
  "visibility_err": 6.380801474124954e-17,
  "coherence": {
    "C": 0.25929443928891094,
    "P_entropy": 0.24507275657747796
  },
  "twist_scan": {
    "phi_values": [
      0.0,
      0.09817477042468103,
      0.19634954084936207,
      0.2945243112740431,
      0.39269908169872414,
      0.4908738521234052,
      0.5890486225480862,
      0.6872233929727672,
      0.7853981633974483,
      0.8835729338221293,
      0.9817477042468103,
      1.0799224746714913,
      1.1780972450961724,
      1.2762720155208536,
      1.3744467859455345,
      1.4726215563702154,
      1.5707963267948966,
      1.6689710972195777,
      1.7671458676442586,
      1.8653206380689396,
      1.9634954084936207,
      2.061670178918302,
      2.1598449493429825,
      2.2580197197676637,
      2.356194490192345,
      2.454369260617026,
      2.552544031041707,
      2.650718801466388,
      2.748893571891069,
      2.84706834231575,
      2.945243112740431,
      3.043417883165112,
      3.141592653589793,
      3.2397674240144743,
      3.3379421944391554,
      3.436116964863836,
      3.5342917352885173,
      3.6324665057131984,
      3.730641276137879,
      3.8288160465625602,
      3.9269908169872414,
      4.025165587411922,
      4.123340357836604,
      4.221515128261284,
      4.319689898685965,
      4.417864669110647,
      4.516039439535327,
      4.614214209960009,
      4.71238898038469,
      4.81056375080937,
      4.908738521234052,
      5.006913291658733,
      5.105088062083414,
      5.203262832508095,
      5.301437602932776,
      5.399612373357457,
      5.497787143782138,
      5.595961914206819,
      5.6941366846315,
      5.792311455056181,
      5.890486225480862,
      5.988660995905543,
      6.086835766330224,
      6.1850105367549055
    ],
    "mean_I": [
      0.28704120694265817,
      0.41020700242714286,
      0.4521014532413351,
      0.3684334725667052,
      0.2476573956188306,
      0.21745847917371336,
      0.3097632147857691,
      0.42698643355310584,
      0.445198983555375,
      0.34514643806873824,
      0.23260500115939878,
      0.22655421441249227,
      0.3333910090663886,
      0.4401668285588869,
      0.4339975796663613,
      0.3214054325806555,
      0.2214235400163117,
      0.23975341130897945,
      0.35701658690093124,
      0.4492416722560636,
      0.41892770524392875,
      0.29812280962925386,
      0.21454270947066278,
      0.25654883212863744,
      0.3797320305825929,
      0.4538622234905856,
      0.400568487110849,
      0.27619330735751135,
      0.2122269359815065,
      0.27629503826834784,
      0.40066439834965445,
      0.45385091706974456,
      0.3796254597240082,
      0.2564596642395234,
      0.21456521342533125,
      0.2982331940999608,
      0.4190092710478354,
      0.44920818749295294,
      0.35690345188089745,
      0.23968023311356068,
      0.2214676831112911,
      0.3215202285979273,
      0.4340616655072673,
      0.44011245225417406,
      0.33327565760027855,
      0.2264998381077797,
      0.23266908700030486,
      0.34526123408601117,
      0.4452431266503545,
      0.42691325535768726,
      0.30965007976573483,
      0.2174249944106027,
      0.24773896142273782,
      0.3685438570374123,
      0.4521239571960034,
      0.41011783453802847,
      0.2869346360840735,
      0.21280444317608074,
      0.26609817955581727,
      0.39047335930915483,
      0.45443973068515975,
      0.3903716283983185,
      0.2660022683170121,
      0.21281574959692168
    ],
    "fit": {
      "A": 3.4643673982232166e-13,
      "I0": 0.3333333333333331,
      "phi0": -2.3481716299210817,
      "R2": 0.0,
      "visibility_fit": 1.0393102194669657e-12,
      "visibility_fourier": 1.4489294221057604e-16,
      "visibility": 1.4489294221057604e-16
    },
    "cycles": 8,
    "per_cycle_V": [
      7.357407625690426e-16,
      3.6438484971941493e-16,
      4.705992518599768e-16,
      6.46012609524073e-16,
      5.73048722993055e-16,
      4.971558788319265e-16,
      4.480845325995008e-16,
      9.215432742536766e-16
    ]
  },
  "diagnostics": {
    "measured_link_count": 58,
    "selection_policy": "uniform",
    "num_links": 288,
    "visibility_qc": {
      "r2_ok": false,
      "v_in_unit_interval": true,
      "i0_very_small": false
    },
    "hybrid_knobs": {
      "kick_passes": 3,
      "loop_measurement_cycles": 4
    }
  },
  "artifacts": {
    "kernel_hash": "c776a5135c116bb3a99eaad342348026ed00e0c6d5dcf8a66155f4c58107111d",
    "flip_counts_hash": "1045813912820017453b344ca74f8b8f873bba658c2e9b55c71942b9dd07c053",
    "pivot_fit_hash": "32e5af21ae29df0c4428cd8be3189fb5b9433eb374572ce92302aca28369a080",
    "config_hash": "09be816148e3d54a4ba01072548fde7efe2f97f681380c3e050adf0677f43c72"
  }
}