{
  "sim": "MICC",
  "gauge": "SU3",
  "rep": "fundamental",
  "L": 12,
  "b": 3.0,
  "kappa": 1.0,
  "seed": 1,
  "measurement_model": "dephasing",
  "f": 0.3,
  "schedule": "during",
  "sigma": 0.595855652888131,
  "sigma_err": 0.05921137355245435,
  "visibility": 2.1867194031147528e-16,
  "visibility_err": 5.647810378628608e-17,
  "coherence": {
    "C": 0.3222441677026202,
    "P_entropy": 0.2047771718585889
  },
  "twist_scan": {
    "phi_values": [
      0.0,
      0.09817477042468103,
      0.19634954084936207,
      0.2945243112740431,
      0.39269908169872414,
      0.4908738521234052,
      0.5890486225480862,
      0.6872233929727672,
      0.7853981633974483,
      0.8835729338221293,
      0.9817477042468103,
      1.0799224746714913,
      1.1780972450961724,
      1.2762720155208536,
      1.3744467859455345,
      1.4726215563702154,
      1.5707963267948966,
      1.6689710972195777,
      1.7671458676442586,
      1.8653206380689396,
      1.9634954084936207,
      2.061670178918302,
      2.1598449493429825,
      2.2580197197676637,
      2.356194490192345,
      2.454369260617026,
      2.552544031041707,
      2.650718801466388,
      2.748893571891069,
      2.84706834231575,
      2.945243112740431,
      3.043417883165112,
      3.141592653589793,
      3.2397674240144743,
      3.3379421944391554,
      3.436116964863836,
      3.5342917352885173,
      3.6324665057131984,
      3.730641276137879,
      3.8288160465625602,
      3.9269908169872414,
      4.025165587411922,
      4.123340357836604,
      4.221515128261284,
      4.319689898685965,
      4.417864669110647,
      4.516039439535327,
      4.614214209960009,
      4.71238898038469,
      4.81056375080937,
      4.908738521234052,
      5.006913291658733,
      5.105088062083414,
      5.203262832508095,
      5.301437602932776,
      5.399612373357457,
      5.497787143782138,
      5.595961914206819,
      5.6941366846315,
      5.792311455056181,
      5.890486225480862,
      5.988660995905543,
      6.086835766330224,
      6.1850105367549055
    ],
    "mean_I": [
      0.17223661395684067,
      0.2697327840641026,
      0.43446786993811326,
      0.4922828636743694,
      0.3820553765741323,
      0.22031862738271274,
      0.17806176289559014,
      0.2999590160315536,
      0.45713981523136804,
      0.4834315937643938,
      0.3510385117762205,
      0.199927399588071,
      0.1898539112089623,
      0.33146780429637956,
      0.4750539468567559,
      0.4688121318821271,
      0.319341246899927,
      0.18466288701234956,
      0.20715989325038706,
      0.36304828379589416,
      0.48752183478227457,
      0.4489862957490154,
      0.28818169005841726,
      0.1751116963133971,
      0.2293146498353191,
      0.39348683441346965,
      0.4940643450670186,
      0.424715981129198,
      0.2587572855466286,
      0.17164087439340442,
      0.25546678609272955,
      0.4216137197190066,
      0.49443005270982626,
      0.39693388260256435,
      0.2321987967285535,
      0.1743838029922974,
      0.28461129009253455,
      0.4463480392839542,
      0.4886049037710769,
      0.3667076506351137,
      0.2095268514352992,
      0.1832350729022726,
      0.3156281548904466,
      0.46673926707859587,
      0.4768127554577052,
      0.3351988623702877,
      0.19161271980991157,
      0.1978545347845401,
      0.34732541976673975,
      0.48200377965431696,
      0.4595067734162797,
      0.30361838287077314,
      0.17914483188439217,
      0.2176803709176515,
      0.3784849766082494,
      0.4915549703532699,
      0.43735201683134817,
      0.2731798322531985,
      0.17260232159964872,
      0.2419506855374689,
      0.4079093811200376,
      0.4950257922732627,
      0.41119988057393747,
      0.24505294694765978
    ],
    "fit": {
      "A": 3.685163377272111e-11,
      "I0": 0.3333333333333336,
      "phi0": -1.2516585965659044,
      "R2": 0.0,
      "visibility_fit": 1.1055490131816324e-10,
      "visibility_fourier": 2.1867194031147528e-16,
      "visibility": 2.1867194031147528e-16
    },
    "cycles": 16,
    "per_cycle_V": [
      8.479495285123601e-16,
      8.591753805199058e-16,
      8.45683949528095e-16,
      4.420568983387408e-16,
      7.960268539093371e-16,
      6.262141887067906e-16,
      4.688814778044412e-16,
      4.0148447459979967e-16,
      4.635734577543001e-16,
      5.068228967989235e-16,
      4.910470734801708e-16,
      1.2045968406329785e-15,
      6.523094058807391e-16,
      9.39577084216647e-16,
      8.308678424180928e-16,
      6.111027040317209e-16
    ]
  },
  "diagnostics": {
    "measured_link_count": 86,
    "selection_policy": "uniform",
    "num_links": 288,
    "creutz_sizes": [
      [
        2,
        2
      ],
      [
        3,
        3
      ]
    ],
    "loop_sizes_measured": [
      [
        1,
        1
      ],
      [
        1,
        2
      ],
      [
        2,
        1
      ],
      [
        2,
        2
      ],
      [
        2,
        3
      ],
      [
        3,
        2
      ],
      [
        3,
        3
      ]
    ],
    "visibility_qc": {
      "r2_ok": false,
      "v_in_unit_interval": true,
      "i0_very_small": false
    },
    "hybrid_knobs": {
      "kick_passes": 3,
      "loop_measurement_cycles": 6
    }
  },
  "artifacts": {
    "kernel_hash": "c776a5135c116bb3a99eaad342348026ed00e0c6d5dcf8a66155f4c58107111d",
    "flip_counts_hash": "1045813912820017453b344ca74f8b8f873bba658c2e9b55c71942b9dd07c053",
    "pivot_fit_hash": "e730f86cf82cf01e0490c7477184968845e3929e6af95e60cac897b00c6a8382",
    "config_hash": "3e53227bb97f97d3e0f7892c2fd75b0f2e140b1e74473c1589a222acbe454fae"
  }
}