{
  "sim": "MICC",
  "gauge": "SU3",
  "rep": "fundamental",
  "L": 8,
  "b": 3.5,
  "kappa": 0.75,
  "seed": 4,
  "measurement_model": "dephasing",
  "f": 0.1,
  "schedule": "during",
  "sigma": 0.38784603731301615,
  "sigma_err": 0.03549553089158216,
  "visibility": 4.0203900718035366e-16,
  "visibility_err": 3.996894410793306e-17,
  "coherence": {
    "C": 0.25040733632339945,
    "P_entropy": 0.2886046553449493
  },
  "twist_scan": {
    "phi_values": [
      0.0,
      0.09817477042468103,
      0.19634954084936207,
      0.2945243112740431,
      0.39269908169872414,
      0.4908738521234052,
      0.5890486225480862,
      0.6872233929727672,
      0.7853981633974483,
      0.8835729338221293,
      0.9817477042468103,
      1.0799224746714913,
      1.1780972450961724,
      1.2762720155208536,
      1.3744467859455345,
      1.4726215563702154,
      1.5707963267948966,
      1.6689710972195777,
      1.7671458676442586,
      1.8653206380689396,
      1.9634954084936207,
      2.061670178918302,
      2.1598449493429825,
      2.2580197197676637,
      2.356194490192345,
      2.454369260617026,
      2.552544031041707,
      2.650718801466388,
      2.748893571891069,
      2.84706834231575,
      2.945243112740431,
      3.043417883165112,
      3.141592653589793,
      3.2397674240144743,
      3.3379421944391554,
      3.436116964863836,
      3.5342917352885173,
      3.6324665057131984,
      3.730641276137879,
      3.8288160465625602,
      3.9269908169872414,
      4.025165587411922,
      4.123340357836604,
      4.221515128261284,
      4.319689898685965,
      4.417864669110647,
      4.516039439535327,
      4.614214209960009,
      4.71238898038469,
      4.81056375080937,
      4.908738521234052,
      5.006913291658733,
      5.105088062083414,
      5.203262832508095,
      5.301437602932776,
      5.399612373357457,
      5.497787143782138,
      5.595961914206819,
      5.6941366846315,
      5.792311455056181,
      5.890486225480862,
      5.988660995905543,
      6.086835766330224,
      6.1850105367549055
    ],
    "mean_I": [
      0.5801074439203655,
      0.23344426301209356,
      -0.06787136832370658,
      -0.18704845298376693,
      -0.06998308613501217,
      0.23017950312671046,
      0.5771717746934303,
      0.8134664917460196,
      0.8317907928913835,
      0.6238258285106592,
      0.2839833445662786,
      -0.033455276224526265,
      -0.18437953662483073,
      -0.10027297774497451,
      0.18068178107632357,
      0.5309371531782077,
      0.7914845223193334,
      0.8440408301019484,
      0.6647466115730445,
      0.3349976934897389,
      0.004493190691745082,
      -0.17672476231755435,
      -0.12638700354593227,
      0.1326541769219983,
      0.4827994988566439,
      0.7650903064917965,
      0.8513724749375159,
      0.7024757035970548,
      0.38599601371506015,
      0.04560856794396293,
      -0.16415784972304204,
      -0.14807367119404274,
      0.08655922274630057,
      0.43322240365457293,
      0.7345380349903733,
      0.8537151196504337,
      0.7366497528016792,
      0.4364871635399561,
      0.08949489197323718,
      -0.14679982507935257,
      -0.16512412622471678,
      0.04284083815600544,
      0.3826833221003883,
      0.7001219428911929,
      0.851046203291497,
      0.7669396444116412,
      0.485984885590344,
      0.13572951348845763,
      -0.12481785565266673,
      -0.17737416343528217,
      0.0019200550936223203,
      0.3316689731769272,
      0.6621734759749224,
      0.8433914289842209,
      0.7930536702125992,
      0.5340124897446673,
      0.1838671678100233,
      -0.0984236398251284,
      -0.18470580827084904,
      -0.03580903693038849,
      0.2806706529516043,
      0.6210580987227036,
      0.8308245163897081,
      0.814740337860709
    ],
    "fit": {
      "A": 0.08018905203846895,
      "I0": 0.3333333333333328,
      "phi0": 2.4571681888856625,
      "R2": 0.015317297915205641,
      "visibility_fit": 0.24056715611540722,
      "visibility_fourier": 4.0203900718035366e-16,
      "visibility": 4.0203900718035366e-16
    },
    "cycles": 16,
    "per_cycle_V": [
      3.5762345796360936e-16,
      5.099356790121483e-16,
      2.261130079274228e-16,
      4.1986854262903435e-16,
      1.0531415535744707e-16,
      5.532185542664042e-16,
      5.012448161308033e-16,
      5.122755104385589e-16,
      4.688972717524565e-16,
      1.3800867330371475e-16,
      3.8929284153179383e-16,
      3.9448847643190423e-16,
      8.939403064821564e-17,
      4.857926541439631e-16,
      5.723700327478107e-16,
      4.446159636984761e-16
    ]
  },
  "diagnostics": {
    "measured_link_count": 13,
    "selection_policy": "uniform",
    "num_links": 128,
    "creutz_sizes": [
      [
        2,
        2
      ],
      [
        3,
        3
      ]
    ],
    "loop_sizes_measured": [
      [
        1,
        1
      ],
      [
        1,
        2
      ],
      [
        2,
        1
      ],
      [
        2,
        2
      ],
      [
        2,
        3
      ],
      [
        3,
        2
      ],
      [
        3,
        3
      ]
    ],
    "visibility_qc": {
      "r2_ok": false,
      "v_in_unit_interval": true,
      "i0_very_small": false
    },
    "hybrid_knobs": {
      "kick_passes": 3,
      "loop_measurement_cycles": 6
    }
  },
  "artifacts": {
    "kernel_hash": "59ad205957406ba8769e06c45a6e3db43b483f8e2d8e66b070b3ff98425f2b57",
    "flip_counts_hash": "b3326e9c852a05e144e201e0a4a89d13606dfe15c97d7e29e97870d36629453e",
    "pivot_fit_hash": "32e5af21ae29df0c4428cd8be3189fb5b9433eb374572ce92302aca28369a080",
    "config_hash": "3e53227bb97f97d3e0f7892c2fd75b0f2e140b1e74473c1589a222acbe454fae"
  }
}