{
  "sim": "MICC",
  "gauge": "SU3",
  "rep": "fundamental",
  "L": 8,
  "b": 3.5,
  "kappa": 1.0,
  "seed": 2,
  "measurement_model": "dephasing",
  "f": 0.1,
  "schedule": "during",
  "sigma": 0.3586709443962697,
  "sigma_err": 0.06856124123083633,
  "visibility": 2.602377932087314e-16,
  "visibility_err": 4.8769232400483574e-17,
  "coherence": {
    "C": 0.25968859905755526,
    "P_entropy": 0.29312088988309015
  },
  "twist_scan": {
    "phi_values": [
      0.0,
      0.09817477042468103,
      0.19634954084936207,
      0.2945243112740431,
      0.39269908169872414,
      0.4908738521234052,
      0.5890486225480862,
      0.6872233929727672,
      0.7853981633974483,
      0.8835729338221293,
      0.9817477042468103,
      1.0799224746714913,
      1.1780972450961724,
      1.2762720155208536,
      1.3744467859455345,
      1.4726215563702154,
      1.5707963267948966,
      1.6689710972195777,
      1.7671458676442586,
      1.8653206380689396,
      1.9634954084936207,
      2.061670178918302,
      2.1598449493429825,
      2.2580197197676637,
      2.356194490192345,
      2.454369260617026,
      2.552544031041707,
      2.650718801466388,
      2.748893571891069,
      2.84706834231575,
      2.945243112740431,
      3.043417883165112,
      3.141592653589793,
      3.2397674240144743,
      3.3379421944391554,
      3.436116964863836,
      3.5342917352885173,
      3.6324665057131984,
      3.730641276137879,
      3.8288160465625602,
      3.9269908169872414,
      4.025165587411922,
      4.123340357836604,
      4.221515128261284,
      4.319689898685965,
      4.417864669110647,
      4.516039439535327,
      4.614214209960009,
      4.71238898038469,
      4.81056375080937,
      4.908738521234052,
      5.006913291658733,
      5.105088062083414,
      5.203262832508095,
      5.301437602932776,
      5.399612373357457,
      5.497787143782138,
      5.595961914206819,
      5.6941366846315,
      5.792311455056181,
      5.890486225480862,
      5.988660995905543,
      6.086835766330224,
      6.1850105367549055
    ],
    "mean_I": [
      0.5366075641946498,
      0.2627992870681041,
      0.02101199231003083,
      -0.07898794323999965,
      0.008197360486526514,
      0.24298759835697714,
      0.5187929110732143,
      0.710403452848024,
      0.7308320436646373,
      0.5708045303872514,
      0.3029700583925118,
      0.048919878424251564,
      -0.07601253916930897,
      -0.015110488728449736,
      0.20397777210912782,
      0.4817907533412874,
      0.692207169648361,
      0.7397023671451872,
      0.6027145191372628,
      0.3434332446528543,
      0.07956682158545564,
      -0.06909491057520172,
      -0.035062633458202486,
      0.16621371062881032,
      0.44335886949960357,
      0.67055473522459,
      0.7446591346862188,
      0.6320302198092469,
      0.3837991632460159,
      0.11265767497767865,
      -0.05830167800259917,
      -0.051466923642031814,
      0.1300591024720164,
      0.4038673795985624,
      0.6456546743566359,
      0.7456546099066665,
      0.6584693061801403,
      0.42367906830968954,
      0.14787375559345284,
      -0.043736786181357096,
      -0.06416537699797092,
      0.09586213627941367,
      0.36369660827415506,
      0.617746788242415,
      0.7426792058359752,
      0.6817771553951164,
      0.4626888945575397,
      0.18487591332537823,
      -0.025540502981694253,
      -0.07303570047852084,
      0.06395214752940394,
      0.323233422013812,
      0.5870998450812116,
      0.7357615772418681,
      0.7017293001248694,
      0.5004529560378554,
      0.22330779716706348,
      -0.0038880685579221405,
      -0.07799246801955183,
      0.034636446857419415,
      0.2828675034206491,
      0.5540089916889878,
      0.7249683446692653,
      0.7181335903086983
    ],
    "fit": {
      "A": 0.0008853779199436023,
      "I0": 0.33333333333333326,
      "phi0": -1.2232723629808482,
      "R2": 4.161860755580449e-06,
      "visibility_fit": 0.0026561337598308074,
      "visibility_fourier": 2.602377932087314e-16,
      "visibility": 2.602377932087314e-16
    },
    "cycles": 8,
    "per_cycle_V": [
      8.48400496742492e-17,
      4.948017441810728e-16,
      4.893827276635365e-16,
      3.7622409035931523e-16,
      4.568421039311393e-16,
      3.332294980281258e-16,
      3.5428754273752866e-16,
      2.486678841056867e-16
    ]
  },
  "diagnostics": {
    "measured_link_count": 13,
    "selection_policy": "uniform",
    "num_links": 128,
    "visibility_qc": {
      "r2_ok": false,
      "v_in_unit_interval": true,
      "i0_very_small": false
    },
    "hybrid_knobs": {
      "kick_passes": 3,
      "loop_measurement_cycles": 4
    }
  },
  "artifacts": {
    "kernel_hash": "59ad205957406ba8769e06c45a6e3db43b483f8e2d8e66b070b3ff98425f2b57",
    "flip_counts_hash": "2268e99a6015a7b96d81d3b1a331fda63562012ba66381118831ac9c8b2f0d5d",
    "pivot_fit_hash": "18f843e4852e0cb06a5603a8f3e251da6d346190d1181f60fc167ac1ef296fd4",
    "config_hash": "09be816148e3d54a4ba01072548fde7efe2f97f681380c3e050adf0677f43c72"
  }
}