{
  "sim": "MICC",
  "gauge": "SU3",
  "rep": "fundamental",
  "L": 8,
  "b": 3.0,
  "kappa": 0.75,
  "seed": 1,
  "measurement_model": "dephasing",
  "f": 0.05,
  "schedule": "during",
  "sigma": 0.43557416336293114,
  "sigma_err": 0.026519861144947875,
  "visibility": 3.312041552022802e-16,
  "visibility_err": 2.362379726651683e-17,
  "coherence": {
    "C": 0.2566884738201519,
    "P_entropy": 0.3257889912583099
  },
  "twist_scan": {
    "phi_values": [
      0.0,
      0.09817477042468103,
      0.19634954084936207,
      0.2945243112740431,
      0.39269908169872414,
      0.4908738521234052,
      0.5890486225480862,
      0.6872233929727672,
      0.7853981633974483,
      0.8835729338221293,
      0.9817477042468103,
      1.0799224746714913,
      1.1780972450961724,
      1.2762720155208536,
      1.3744467859455345,
      1.4726215563702154,
      1.5707963267948966,
      1.6689710972195777,
      1.7671458676442586,
      1.8653206380689396,
      1.9634954084936207,
      2.061670178918302,
      2.1598449493429825,
      2.2580197197676637,
      2.356194490192345,
      2.454369260617026,
      2.552544031041707,
      2.650718801466388,
      2.748893571891069,
      2.84706834231575,
      2.945243112740431,
      3.043417883165112,
      3.141592653589793,
      3.2397674240144743,
      3.3379421944391554,
      3.436116964863836,
      3.5342917352885173,
      3.6324665057131984,
      3.730641276137879,
      3.8288160465625602,
      3.9269908169872414,
      4.025165587411922,
      4.123340357836604,
      4.221515128261284,
      4.319689898685965,
      4.417864669110647,
      4.516039439535327,
      4.614214209960009,
      4.71238898038469,
      4.81056375080937,
      4.908738521234052,
      5.006913291658733,
      5.105088062083414,
      5.203262832508095,
      5.301437602932776,
      5.399612373357457,
      5.497787143782138,
      5.595961914206819,
      5.6941366846315,
      5.792311455056181,
      5.890486225480862,
      5.988660995905543,
      6.086835766330224,
      6.1850105367549055
    ],
    "mean_I": [
      0.6658125498101911,
      0.2471477957316038,
      -0.13239052613317256,
      -0.3004999525610318,
      -0.18086231857135376,
      0.17220939123571807,
      0.5984280021810824,
      0.9042991757310351,
      0.9509637938585535,
      0.7172370955381038,
      0.30922611534725364,
      -0.08784069188090417,
      -0.2937032970315211,
      -0.2149043812791866,
      0.11278299505183804,
      0.5405956139772853,
      0.874315490665982,
      0.9624407780911052,
      0.764964438172841,
      0.37153660065045613,
      -0.0392347215286815,
      -0.2808679359785076,
      -0.24366661509808035,
      0.05548061919068742,
      0.4807671767098005,
      0.8391218516948863,
      0.9678591137255281,
      0.8085349373144104,
      0.4334791676053631,
      0.012959282858278482,
      -0.26211748094545295,
      -0.266872023993323,
      0.0008541168564751411,
      0.41951887093506285,
      0.7990571927998399,
      0.9671666192276985,
      0.8475289852380212,
      0.4944572754309487,
      0.06823866448558535,
      -0.23763250906436784,
      -0.28429712719188693,
      -0.05057042887143916,
      0.3574405513194133,
      0.7545073585475709,
      0.9603699636981871,
      0.8815710479458534,
      0.5538836716148301,
      0.12607105268937993,
      -0.20764882399931492,
      -0.2957741114244386,
      -0.0982977715061738,
      0.2951300660162103,
      0.7059013881953494,
      0.9475346026451739,
      0.9103332817647476,
      0.6111860474759782,
      0.18589948995686686,
      -0.1724551850282178,
      -0.30119244705886095,
      -0.14186827064774404,
      0.2331874990613012,
      0.6537073838083879,
      0.928784147612119,
      0.9335386906599896
    ],
    "fit": {
      "A": 0.32314647995746576,
      "I0": 0.333333333333332,
      "phi0": 2.566090222562673,
      "R2": 0.16013113540450596,
      "visibility_fit": 0.9694394398724012,
      "visibility_fourier": 3.312041552022802e-16,
      "visibility": 3.312041552022802e-16
    },
    "cycles": 16,
    "per_cycle_V": [
      5.313964781122315e-16,
      3.193920483595662e-16,
      3.9743817180980374e-16,
      4.0529095647135363e-16,
      4.778670396027088e-16,
      4.2540711198869494e-16,
      4.533461447957379e-16,
      3.848047961747612e-16,
      2.5356399183096514e-16,
      2.5942998375589665e-16,
      4.2694224106118765e-16,
      2.4047829041755396e-16,
      2.191320382589967e-16,
      4.256875418702699e-16,
      2.706950386171759e-16,
      3.794765995281302e-16
    ]
  },
  "diagnostics": {
    "measured_link_count": 6,
    "selection_policy": "uniform",
    "num_links": 128,
    "creutz_sizes": [
      [
        2,
        2
      ],
      [
        3,
        3
      ]
    ],
    "loop_sizes_measured": [
      [
        1,
        1
      ],
      [
        1,
        2
      ],
      [
        2,
        1
      ],
      [
        2,
        2
      ],
      [
        2,
        3
      ],
      [
        3,
        2
      ],
      [
        3,
        3
      ]
    ],
    "visibility_qc": {
      "r2_ok": false,
      "v_in_unit_interval": true,
      "i0_very_small": false
    },
    "hybrid_knobs": {
      "kick_passes": 3,
      "loop_measurement_cycles": 6
    }
  },
  "artifacts": {
    "kernel_hash": "59ad205957406ba8769e06c45a6e3db43b483f8e2d8e66b070b3ff98425f2b57",
    "flip_counts_hash": "2f22c538feb77f48a899689bff9bdbb91197c5203a770852a4a789b6ab244652",
    "pivot_fit_hash": "d04f83ead3fcfaea1653e658999e83d0abac9536c46d06a4e4ad9b696714687e",
    "config_hash": "3e53227bb97f97d3e0f7892c2fd75b0f2e140b1e74473c1589a222acbe454fae"
  }
}