{
  "sim": "MICC",
  "gauge": "SU3",
  "rep": "fundamental",
  "L": 8,
  "b": 3.5,
  "kappa": 1.0,
  "seed": 4,
  "measurement_model": "dephasing",
  "f": 0.3,
  "schedule": "during",
  "sigma": 0.6070585216348288,
  "sigma_err": 0.02729135400845171,
  "visibility": 7.851929566015458e-17,
  "visibility_err": 3.2064316204966997e-17,
  "coherence": {
    "C": 0.2805522548942346,
    "P_entropy": 0.22497229340165273
  },
  "twist_scan": {
    "phi_values": [
      0.0,
      0.09817477042468103,
      0.19634954084936207,
      0.2945243112740431,
      0.39269908169872414,
      0.4908738521234052,
      0.5890486225480862,
      0.6872233929727672,
      0.7853981633974483,
      0.8835729338221293,
      0.9817477042468103,
      1.0799224746714913,
      1.1780972450961724,
      1.2762720155208536,
      1.3744467859455345,
      1.4726215563702154,
      1.5707963267948966,
      1.6689710972195777,
      1.7671458676442586,
      1.8653206380689396,
      1.9634954084936207,
      2.061670178918302,
      2.1598449493429825,
      2.2580197197676637,
      2.356194490192345,
      2.454369260617026,
      2.552544031041707,
      2.650718801466388,
      2.748893571891069,
      2.84706834231575,
      2.945243112740431,
      3.043417883165112,
      3.141592653589793,
      3.2397674240144743,
      3.3379421944391554,
      3.436116964863836,
      3.5342917352885173,
      3.6324665057131984,
      3.730641276137879,
      3.8288160465625602,
      3.9269908169872414,
      4.025165587411922,
      4.123340357836604,
      4.221515128261284,
      4.319689898685965,
      4.417864669110647,
      4.516039439535327,
      4.614214209960009,
      4.71238898038469,
      4.81056375080937,
      4.908738521234052,
      5.006913291658733,
      5.105088062083414,
      5.203262832508095,
      5.301437602932776,
      5.399612373357457,
      5.497787143782138,
      5.595961914206819,
      5.6941366846315,
      5.792311455056181,
      5.890486225480862,
      5.988660995905543,
      6.086835766330224,
      6.1850105367549055
    ],
    "mean_I": [
      0.21334028599727045,
      0.23550280451228767,
      0.30207833779605053,
      0.3828429856141283,
      0.4411312863814337,
      0.45048157016711254,
      0.40664900361628276,
      0.3295326555475854,
      0.2541417357338905,
      0.21470214559335185,
      0.2291186344970898,
      0.29084641788438337,
      0.37186237262322275,
      0.4353869490404995,
      0.4525813175336499,
      0.41563959428472547,
      0.3413325493182714,
      0.26339402753206814,
      0.217206488377773,
      0.22373810900123434,
      0.2800236701942004,
      0.36051070392184026,
      0.42865977959212376,
      0.453532641624759,
      0.4238375306670274,
      0.35305540626620635,
      0.27331987307782546,
      0.2208291961605071,
      0.21941304542654091,
      0.2697143237020735,
      0.3488973022850283,
      0.42101456435553997,
      0.4533263806693959,
      0.4311638621543788,
      0.3645883288706159,
      0.2838236810525383,
      0.2255353802852327,
      0.21618509649955395,
      0.2600176630503835,
      0.33713401111908087,
      0.41252493093277587,
      0.45196452107331464,
      0.43754803216957655,
      0.3758202487822831,
      0.2948042940434441,
      0.23127971762616695,
      0.21408534913301658,
      0.2510270723819411,
      0.32533411734839485,
      0.4032726391345979,
      0.44946017828889345,
      0.4429285576654321,
      0.38664299647246575,
      0.30615596274482615,
      0.2380068870745427,
      0.21313402504190743,
      0.2428291359996391,
      0.31361126040045956,
      0.39334679358884084,
      0.44583747050615924,
      0.44725362124012563,
      0.396952342964593,
      0.31776936438163833,
      0.2456521023111262
    ],
    "fit": {
      "A": 0.00020065247193533448,
      "I0": 0.3333333333333332,
      "phi0": 2.1540511460039107,
      "R2": 3.4546532168278077e-06,
      "visibility_fit": 0.0006019574158060036,
      "visibility_fourier": 7.851929566015458e-17,
      "visibility": 7.851929566015458e-17
    },
    "cycles": 16,
    "per_cycle_V": [
      3.7528314082171803e-16,
      2.203524828372718e-16,
      1.52221985016965e-16,
      5.667623690635179e-16,
      4.510941935442926e-16,
      3.6889156752468467e-16,
      5.255475413509759e-16,
      4.869169338600134e-16,
      4.1383957157364317e-16,
      2.607318680410013e-16,
      2.0581700230926774e-16,
      1.4718610541960933e-16,
      3.163039012874681e-16,
      3.542423001393952e-16,
      3.328228724977404e-16,
      4.37516202064375e-16
    ]
  },
  "diagnostics": {
    "measured_link_count": 38,
    "selection_policy": "uniform",
    "num_links": 128,
    "creutz_sizes": [
      [
        2,
        2
      ],
      [
        3,
        3
      ]
    ],
    "loop_sizes_measured": [
      [
        1,
        1
      ],
      [
        1,
        2
      ],
      [
        2,
        1
      ],
      [
        2,
        2
      ],
      [
        2,
        3
      ],
      [
        3,
        2
      ],
      [
        3,
        3
      ]
    ],
    "visibility_qc": {
      "r2_ok": false,
      "v_in_unit_interval": true,
      "i0_very_small": false
    },
    "hybrid_knobs": {
      "kick_passes": 3,
      "loop_measurement_cycles": 6
    }
  },
  "artifacts": {
    "kernel_hash": "59ad205957406ba8769e06c45a6e3db43b483f8e2d8e66b070b3ff98425f2b57",
    "flip_counts_hash": "b3326e9c852a05e144e201e0a4a89d13606dfe15c97d7e29e97870d36629453e",
    "pivot_fit_hash": "18f843e4852e0cb06a5603a8f3e251da6d346190d1181f60fc167ac1ef296fd4",
    "config_hash": "3e53227bb97f97d3e0f7892c2fd75b0f2e140b1e74473c1589a222acbe454fae"
  }
}