{
  "sim": "MICC",
  "gauge": "SU3",
  "rep": "fundamental",
  "L": 8,
  "b": 3.0,
  "kappa": 0.75,
  "seed": 1,
  "measurement_model": "dephasing",
  "f": 0.5,
  "schedule": "during",
  "sigma": 0.6478602317290807,
  "sigma_err": 0.058588820826984335,
  "visibility": 1.801662174347246e-16,
  "visibility_err": 4.409952187057883e-17,
  "coherence": {
    "C": 0.37904463011804235,
    "P_entropy": 0.18814413860395976
  },
  "twist_scan": {
    "phi_values": [
      0.0,
      0.09817477042468103,
      0.19634954084936207,
      0.2945243112740431,
      0.39269908169872414,
      0.4908738521234052,
      0.5890486225480862,
      0.6872233929727672,
      0.7853981633974483,
      0.8835729338221293,
      0.9817477042468103,
      1.0799224746714913,
      1.1780972450961724,
      1.2762720155208536,
      1.3744467859455345,
      1.4726215563702154,
      1.5707963267948966,
      1.6689710972195777,
      1.7671458676442586,
      1.8653206380689396,
      1.9634954084936207,
      2.061670178918302,
      2.1598449493429825,
      2.2580197197676637,
      2.356194490192345,
      2.454369260617026,
      2.552544031041707,
      2.650718801466388,
      2.748893571891069,
      2.84706834231575,
      2.945243112740431,
      3.043417883165112,
      3.141592653589793,
      3.2397674240144743,
      3.3379421944391554,
      3.436116964863836,
      3.5342917352885173,
      3.6324665057131984,
      3.730641276137879,
      3.8288160465625602,
      3.9269908169872414,
      4.025165587411922,
      4.123340357836604,
      4.221515128261284,
      4.319689898685965,
      4.417864669110647,
      4.516039439535327,
      4.614214209960009,
      4.71238898038469,
      4.81056375080937,
      4.908738521234052,
      5.006913291658733,
      5.105088062083414,
      5.203262832508095,
      5.301437602932776,
      5.399612373357457,
      5.497787143782138,
      5.595961914206819,
      5.6941366846315,
      5.792311455056181,
      5.890486225480862,
      5.988660995905543,
      6.086835766330224,
      6.1850105367549055
    ],
    "mean_I": [
      0.4615824697805834,
      0.47744950913054063,
      0.4278908176658895,
      0.33540500520162414,
      0.24197869702102986,
      0.19002548379991913,
      0.2031310381691101,
      0.2753457124392173,
      0.3738855542639822,
      0.4540155356003828,
      0.4793583201772154,
      0.43840881363123796,
      0.34975723581423224,
      0.25364954964091885,
      0.1937166353369713,
      0.19716678299539558,
      0.2624336977105568,
      0.35988756471924055,
      0.445286365840748,
      0.47986083077520597,
      0.447914875281217,
      0.36395129526773073,
      0.26608780065735305,
      0.19875237199797913,
      0.19251388613764336,
      0.25020448523062716,
      0.3456338434102332,
      0.435479027178314,
      0.47895220147275336,
      0.45631745404559576,
      0.3778504870103209,
      0.2791736629136041,
      0.2050841968860833,
      0.189217157536126,
      0.23877584900077728,
      0.3312616614650422,
      0.4246879696456367,
      0.4766411828667475,
      0.4635356284975567,
      0.3913209542274496,
      0.29278111240268456,
      0.21265113106628405,
      0.18730834648945124,
      0.22825785303542856,
      0.3169094308524339,
      0.41301711702574767,
      0.4729500313296952,
      0.46949988367127105,
      0.40423296895610994,
      0.3067791019474267,
      0.22138030082591856,
      0.18680583589146077,
      0.21875179138544984,
      0.3027153713989359,
      0.40057886600931336,
      0.46791429466868767,
      0.4741527805290233,
      0.41646218143603997,
      0.3210328232564335,
      0.23118763948835291,
      0.18771446519391333,
      0.21034921262107067,
      0.28881617965634554,
      0.3874930037530628
    ],
    "fit": {
      "A": 0.0012095837853527767,
      "I0": 0.3333333333333334,
      "phi0": -0.5745811212362658,
      "R2": 7.28218677924497e-05,
      "visibility_fit": 0.003628751356058329,
      "visibility_fourier": 1.801662174347246e-16,
      "visibility": 1.801662174347246e-16
    },
    "cycles": 8,
    "per_cycle_V": [
      5.767244668480905e-16,
      2.855818158678896e-16,
      2.1986176546191116e-16,
      4.186143760589013e-16,
      1.8954975047181545e-16,
      3.143763245968045e-16,
      2.514298499931729e-16,
      3.42274648840684e-16
    ]
  },
  "diagnostics": {
    "measured_link_count": 64,
    "selection_policy": "uniform",
    "num_links": 128,
    "visibility_qc": {
      "r2_ok": false,
      "v_in_unit_interval": true,
      "i0_very_small": false
    },
    "hybrid_knobs": {
      "kick_passes": 3,
      "loop_measurement_cycles": 4
    }
  },
  "artifacts": {
    "kernel_hash": "59ad205957406ba8769e06c45a6e3db43b483f8e2d8e66b070b3ff98425f2b57",
    "flip_counts_hash": "2f22c538feb77f48a899689bff9bdbb91197c5203a770852a4a789b6ab244652",
    "pivot_fit_hash": "d04f83ead3fcfaea1653e658999e83d0abac9536c46d06a4e4ad9b696714687e",
    "config_hash": "09be816148e3d54a4ba01072548fde7efe2f97f681380c3e050adf0677f43c72"
  }
}