{
  "sim": "MICC",
  "gauge": "SU3",
  "rep": "fundamental",
  "L": 8,
  "b": 3.0,
  "kappa": 0.75,
  "seed": 1,
  "measurement_model": "dephasing",
  "f": 0.3,
  "schedule": "pre",
  "sigma": 0.5109263794940072,
  "sigma_err": 0.11353053749392059,
  "visibility": 3.093090277056346e-16,
  "visibility_err": 1.3044561088975574e-31,
  "coherence": {
    "C": 0.2665844694700239,
    "P_entropy": 0.2908262813686757
  },
  "twist_scan": {
    "phi_values": [
      0.0,
      0.09817477042468103,
      0.19634954084936207,
      0.2945243112740431,
      0.39269908169872414,
      0.4908738521234052,
      0.5890486225480862,
      0.6872233929727672,
      0.7853981633974483,
      0.8835729338221293,
      0.9817477042468103,
      1.0799224746714913,
      1.1780972450961724,
      1.2762720155208536,
      1.3744467859455345,
      1.4726215563702154,
      1.5707963267948966,
      1.6689710972195777,
      1.7671458676442586,
      1.8653206380689396,
      1.9634954084936207,
      2.061670178918302,
      2.1598449493429825,
      2.2580197197676637,
      2.356194490192345,
      2.454369260617026,
      2.552544031041707,
      2.650718801466388,
      2.748893571891069,
      2.84706834231575,
      2.945243112740431,
      3.043417883165112,
      3.141592653589793,
      3.2397674240144743,
      3.3379421944391554,
      3.436116964863836,
      3.5342917352885173,
      3.6324665057131984,
      3.730641276137879,
      3.8288160465625602,
      3.9269908169872414,
      4.025165587411922,
      4.123340357836604,
      4.221515128261284,
      4.319689898685965,
      4.417864669110647,
      4.516039439535327,
      4.614214209960009,
      4.71238898038469,
      4.81056375080937,
      4.908738521234052,
      5.006913291658733,
      5.105088062083414,
      5.203262832508095,
      5.301437602932776,
      5.399612373357457,
      5.497787143782138,
      5.595961914206819,
      5.6941366846315,
      5.792311455056181,
      5.890486225480862,
      5.988660995905543,
      6.086835766330224,
      6.1850105367549055
    ],
    "mean_I": [
      0.7332831967865366,
      0.3041318213357061,
      -0.11176267817619577,
      -0.32559289396289387,
      -0.2402843785468469,
      0.10543458559477338,
      0.5546148165931443,
      0.9033378804627843,
      0.9932907968642402,
      0.7836368223721771,
      0.3695544782279056,
      -0.06097150843296885,
      -0.3124913405550233,
      -0.27082027281092386,
      0.04512390124908012,
      0.49190913195985886,
      0.866704265394885,
      0.9993601467136183,
      0.8296537791974476,
      0.4346283056942789,
      -0.006382967514581449,
      -0.293170142493929,
      -0.29553783758387636,
      -0.012411168714340372,
      0.42767627569945166,
      0.8249339966810226,
      0.9990152942628533,
      0.8708908988126922,
      0.4987266072033504,
      0.05147722708879272,
      -0.2678153734789798,
      -0.3141990292049445,
      -0.0666165301198708,
      0.36253484533096025,
      0.778429344842863,
      0.9922595606295604,
      0.9069510452135142,
      0.5612320810718933,
      0.11205185007352346,
      -0.2366712137961175,
      -0.3266241301975738,
      -0.11697015570551285,
      0.29711218843876125,
      0.7276381750996358,
      0.9791580072216889,
      0.9374869394775908,
      0.6215427654175879,
      0.17475753470680627,
      -0.20003759872821772,
      -0.33269348004695165,
      -0.16298711253078094,
      0.23203836097238723,
      0.6730496341812491,
      0.9598368091605953,
      0.9622045042505434,
      0.6790778353810057,
      0.23899039096721558,
      -0.1582673300143539,
      -0.33234862759618616,
      -0.20422423214602617,
      0.16794005946331356,
      0.6151894395778735,
      0.9344820401456457,
      0.9808656958716109
    ],
    "fit": {
      "A": 7.955850365188412e-17,
      "I0": 0.33333333333333326,
      "phi0": 3.118249738586478,
      "R2": 0.0,
      "visibility_fit": 2.386755109556524e-16,
      "visibility_fourier": 3.093090277056346e-16,
      "visibility": 3.093090277056346e-16
    },
    "cycles": 8,
    "per_cycle_V": [
      3.7413063167268623e-16,
      3.7413063167268623e-16,
      3.7413063167268623e-16,
      3.7413063167268623e-16,
      3.7413063167268623e-16,
      3.7413063167268623e-16,
      3.7413063167268623e-16,
      3.7413063167268623e-16
    ]
  },
  "diagnostics": {
    "measured_link_count": 38,
    "selection_policy": "uniform",
    "num_links": 128,
    "visibility_qc": {
      "r2_ok": false,
      "v_in_unit_interval": true,
      "i0_very_small": false
    },
    "hybrid_knobs": {
      "kick_passes": 3,
      "loop_measurement_cycles": 4
    }
  },
  "artifacts": {
    "kernel_hash": "59ad205957406ba8769e06c45a6e3db43b483f8e2d8e66b070b3ff98425f2b57",
    "flip_counts_hash": "2f22c538feb77f48a899689bff9bdbb91197c5203a770852a4a789b6ab244652",
    "pivot_fit_hash": "d04f83ead3fcfaea1653e658999e83d0abac9536c46d06a4e4ad9b696714687e",
    "config_hash": "09be816148e3d54a4ba01072548fde7efe2f97f681380c3e050adf0677f43c72"
  }
}