{
  "sim": "MICC",
  "gauge": "SU3",
  "rep": "fundamental",
  "L": 8,
  "b": 3.0,
  "kappa": 0.75,
  "seed": 3,
  "measurement_model": "dephasing",
  "f": 0.2,
  "schedule": "during",
  "sigma": 0.4246368777712024,
  "sigma_err": 0.04456944394644741,
  "visibility": 6.293604503407234e-17,
  "visibility_err": 3.4687971432061163e-17,
  "coherence": {
    "C": 0.2878205278561159,
    "P_entropy": 0.2396678511671416
  },
  "twist_scan": {
    "phi_values": [
      0.0,
      0.09817477042468103,
      0.19634954084936207,
      0.2945243112740431,
      0.39269908169872414,
      0.4908738521234052,
      0.5890486225480862,
      0.6872233929727672,
      0.7853981633974483,
      0.8835729338221293,
      0.9817477042468103,
      1.0799224746714913,
      1.1780972450961724,
      1.2762720155208536,
      1.3744467859455345,
      1.4726215563702154,
      1.5707963267948966,
      1.6689710972195777,
      1.7671458676442586,
      1.8653206380689396,
      1.9634954084936207,
      2.061670178918302,
      2.1598449493429825,
      2.2580197197676637,
      2.356194490192345,
      2.454369260617026,
      2.552544031041707,
      2.650718801466388,
      2.748893571891069,
      2.84706834231575,
      2.945243112740431,
      3.043417883165112,
      3.141592653589793,
      3.2397674240144743,
      3.3379421944391554,
      3.436116964863836,
      3.5342917352885173,
      3.6324665057131984,
      3.730641276137879,
      3.8288160465625602,
      3.9269908169872414,
      4.025165587411922,
      4.123340357836604,
      4.221515128261284,
      4.319689898685965,
      4.417864669110647,
      4.516039439535327,
      4.614214209960009,
      4.71238898038469,
      4.81056375080937,
      4.908738521234052,
      5.006913291658733,
      5.105088062083414,
      5.203262832508095,
      5.301437602932776,
      5.399612373357457,
      5.497787143782138,
      5.595961914206819,
      5.6941366846315,
      5.792311455056181,
      5.890486225480862,
      5.988660995905543,
      6.086835766330224,
      6.1850105367549055
    ],
    "mean_I": [
      0.2526829403587107,
      0.2531877072263778,
      0.29007691276399994,
      0.34660362888998947,
      0.3971059082716834,
      0.4186567719070834,
      0.4014725782637076,
      0.3533545919904298,
      0.2961473728657883,
      0.25582180235674573,
      0.2506848463987745,
      0.2830685755998658,
      0.33827145394046054,
      0.3912325287653514,
      0.4179085793466902,
      0.40618923642941507,
      0.36139483668488426,
      0.30386110109289616,
      0.2597071427701981,
      0.2489779356806096,
      0.27654431553021674,
      0.32989172219003365,
      0.3848015483560891,
      0.41634588093365604,
      0.4102042524212197,
      0.3691648337620852,
      0.31185866302764026,
      0.2643015436469434,
      0.24808341355519148,
      0.2705669647460466,
      0.3215451350362926,
      0.37787490090076975,
      0.413983726307956,
      0.4134789594402889,
      0.3765897539026668,
      0.32006303777667733,
      0.2695607583949834,
      0.24800989475958335,
      0.2651940884029591,
      0.3133120746762369,
      0.3705192938008782,
      0.41084486430992107,
      0.41598182026789227,
      0.3835980910668009,
      0.3283952127262064,
      0.27543413790131543,
      0.24875808731997667,
      0.26047743023725173,
      0.30527182998178237,
      0.3628055655737703,
      0.4069595238964687,
      0.4176887309860572,
      0.39012235113644983,
      0.3367749444766331,
      0.28186511831057764,
      0.2503207857330107,
      0.25646241424544713,
      0.29750183290458115,
      0.3548080036390264,
      0.4023651230197232,
      0.4185832531114753,
      0.39609970192062033,
      0.3451215316303743,
      0.2887917657658968
    ],
    "fit": {
      "A": 3.169886520993697e-05,
      "I0": 0.33333333333333326,
      "phi0": 0.49931973352861175,
      "R2": 1.6065938479581376e-07,
      "visibility_fit": 9.509659562981092e-05,
      "visibility_fourier": 6.293604503407234e-17,
      "visibility": 6.293604503407234e-17
    },
    "cycles": 16,
    "per_cycle_V": [
      1.6937587338706653e-16,
      9.581949149964274e-17,
      3.516403120232846e-16,
      4.4281057281317e-16,
      5.116009892035891e-17,
      4.329814282446004e-16,
      2.9379446320077874e-16,
      2.7653588114386e-16,
      2.61930163215824e-16,
      1.0589719593475848e-16,
      2.107089113122774e-16,
      6.282247613846725e-17,
      4.448519432876598e-16,
      4.023252069013687e-17,
      2.0520441639678155e-16,
      2.3824715523006403e-16
    ]
  },
  "diagnostics": {
    "measured_link_count": 26,
    "selection_policy": "uniform",
    "num_links": 128,
    "creutz_sizes": [
      [
        2,
        2
      ],
      [
        3,
        3
      ]
    ],
    "loop_sizes_measured": [
      [
        1,
        1
      ],
      [
        1,
        2
      ],
      [
        2,
        1
      ],
      [
        2,
        2
      ],
      [
        2,
        3
      ],
      [
        3,
        2
      ],
      [
        3,
        3
      ]
    ],
    "visibility_qc": {
      "r2_ok": false,
      "v_in_unit_interval": true,
      "i0_very_small": false
    },
    "hybrid_knobs": {
      "kick_passes": 3,
      "loop_measurement_cycles": 6
    }
  },
  "artifacts": {
    "kernel_hash": "59ad205957406ba8769e06c45a6e3db43b483f8e2d8e66b070b3ff98425f2b57",
    "flip_counts_hash": "c1b27689be21b2ac0fdae0da5c804f2dab3460dc84baee0f4b6cda147a262623",
    "pivot_fit_hash": "d04f83ead3fcfaea1653e658999e83d0abac9536c46d06a4e4ad9b696714687e",
    "config_hash": "3e53227bb97f97d3e0f7892c2fd75b0f2e140b1e74473c1589a222acbe454fae"
  }
}