{
  "sim": "MICC",
  "gauge": "SU3",
  "rep": "fundamental",
  "L": 8,
  "b": 3.5,
  "kappa": 0.75,
  "seed": 1,
  "measurement_model": "dephasing",
  "f": 0.1,
  "schedule": "during",
  "sigma": 0.37715049592536715,
  "sigma_err": 0.04290402411895625,
  "visibility": 2.4773504817845264e-16,
  "visibility_err": 5.2753662838506846e-17,
  "coherence": {
    "C": 0.25177918075939154,
    "P_entropy": 0.28589095711383633
  },
  "twist_scan": {
    "phi_values": [
      0.0,
      0.09817477042468103,
      0.19634954084936207,
      0.2945243112740431,
      0.39269908169872414,
      0.4908738521234052,
      0.5890486225480862,
      0.6872233929727672,
      0.7853981633974483,
      0.8835729338221293,
      0.9817477042468103,
      1.0799224746714913,
      1.1780972450961724,
      1.2762720155208536,
      1.3744467859455345,
      1.4726215563702154,
      1.5707963267948966,
      1.6689710972195777,
      1.7671458676442586,
      1.8653206380689396,
      1.9634954084936207,
      2.061670178918302,
      2.1598449493429825,
      2.2580197197676637,
      2.356194490192345,
      2.454369260617026,
      2.552544031041707,
      2.650718801466388,
      2.748893571891069,
      2.84706834231575,
      2.945243112740431,
      3.043417883165112,
      3.141592653589793,
      3.2397674240144743,
      3.3379421944391554,
      3.436116964863836,
      3.5342917352885173,
      3.6324665057131984,
      3.730641276137879,
      3.8288160465625602,
      3.9269908169872414,
      4.025165587411922,
      4.123340357836604,
      4.221515128261284,
      4.319689898685965,
      4.417864669110647,
      4.516039439535327,
      4.614214209960009,
      4.71238898038469,
      4.81056375080937,
      4.908738521234052,
      5.006913291658733,
      5.105088062083414,
      5.203262832508095,
      5.301437602932776,
      5.399612373357457,
      5.497787143782138,
      5.595961914206819,
      5.6941366846315,
      5.792311455056181,
      5.890486225480862,
      5.988660995905543,
      6.086835766330224,
      6.1850105367549055
    ],
    "mean_I": [
      0.18405654428859816,
      -0.16081920132252636,
      -0.2813600273112747,
      -0.12284291879271267,
      0.24276867103940314,
      0.6494947241424309,
      0.9126901157175316,
      0.912869640543407,
      0.649951798102386,
      0.24329579211153785,
      -0.12248505255477185,
      -0.28133387969774126,
      -0.161136642803284,
      0.1835396255091521,
      0.5962191054778385,
      0.8895539409735889,
      0.9303762493522105,
      0.7001535560706029,
      0.3034021506759701,
      -0.07976112355523843,
      -0.2753881508114411,
      -0.1946683506388748,
      0.1257531752708165,
      0.5404117531195128,
      0.8610610577169577,
      0.9421330085028952,
      0.7468226347695286,
      0.3637967628914419,
      -0.03305886911546832,
      -0.2635801012718145,
      -0.22311511362273334,
      0.06996583542948162,
      0.4826101223780679,
      0.8274858679891929,
      0.9480266939779411,
      0.78950958545938,
      0.423897995627264,
      0.01717194252423556,
      -0.24602344905086482,
      -0.24620297387674067,
      0.01671486856428009,
      0.42337087455512656,
      0.7891517192214386,
      0.948000546364408,
      0.8278033094699521,
      0.48312704115751504,
      0.07044756118882947,
      -0.22288727430692323,
      -0.2637095826855442,
      -0.03348688940393801,
      0.3632645159906969,
      0.7464277902219045,
      0.9420548174781079,
      0.8613350173055414,
      0.5409134913958505,
      0.1262549135471524,
      -0.19439439105029058,
      -0.2754663418362288,
      -0.08015596810286196,
      0.30286990377522394,
      0.699725535782133,
      0.930246767938481,
      0.8897817802893999,
      0.5967008312371838
    ],
    "fit": {
      "A": 0.3147196757919277,
      "I0": 0.33333333333333187,
      "phi0": 2.7195358159224265,
      "R2": 0.16067991520920177,
      "visibility_fit": 0.9441590273757873,
      "visibility_fourier": 2.4773504817845264e-16,
      "visibility": 2.4773504817845264e-16
    },
    "cycles": 8,
    "per_cycle_V": [
      2.0306687013826208e-16,
      4.961733705796544e-16,
      1.0812165055587929e-16,
      2.8807151749287943e-16,
      2.1950347083489674e-16,
      3.754426655955277e-16,
      4.2240076945900706e-17,
      1.3200454203614125e-16
    ]
  },
  "diagnostics": {
    "measured_link_count": 13,
    "selection_policy": "uniform",
    "num_links": 128,
    "visibility_qc": {
      "r2_ok": false,
      "v_in_unit_interval": true,
      "i0_very_small": false
    },
    "hybrid_knobs": {
      "kick_passes": 3,
      "loop_measurement_cycles": 4
    }
  },
  "artifacts": {
    "kernel_hash": "59ad205957406ba8769e06c45a6e3db43b483f8e2d8e66b070b3ff98425f2b57",
    "flip_counts_hash": "2f22c538feb77f48a899689bff9bdbb91197c5203a770852a4a789b6ab244652",
    "pivot_fit_hash": "32e5af21ae29df0c4428cd8be3189fb5b9433eb374572ce92302aca28369a080",
    "config_hash": "09be816148e3d54a4ba01072548fde7efe2f97f681380c3e050adf0677f43c72"
  }
}