{
  "sim": "MICC",
  "gauge": "SU3",
  "rep": "fundamental",
  "L": 12,
  "b": 3.0,
  "kappa": 1.0,
  "seed": 3,
  "measurement_model": "dephasing",
  "f": 0.05,
  "schedule": "during",
  "sigma": 0.393793694713894,
  "sigma_err": 0.04137383953439396,
  "visibility": 4.803456749319883e-16,
  "visibility_err": 1.0620502266238725e-16,
  "coherence": {
    "C": 0.25077976504354105,
    "P_entropy": 0.3164007640473382
  },
  "twist_scan": {
    "phi_values": [
      0.0,
      0.09817477042468103,
      0.19634954084936207,
      0.2945243112740431,
      0.39269908169872414,
      0.4908738521234052,
      0.5890486225480862,
      0.6872233929727672,
      0.7853981633974483,
      0.8835729338221293,
      0.9817477042468103,
      1.0799224746714913,
      1.1780972450961724,
      1.2762720155208536,
      1.3744467859455345,
      1.4726215563702154,
      1.5707963267948966,
      1.6689710972195777,
      1.7671458676442586,
      1.8653206380689396,
      1.9634954084936207,
      2.061670178918302,
      2.1598449493429825,
      2.2580197197676637,
      2.356194490192345,
      2.454369260617026,
      2.552544031041707,
      2.650718801466388,
      2.748893571891069,
      2.84706834231575,
      2.945243112740431,
      3.043417883165112,
      3.141592653589793,
      3.2397674240144743,
      3.3379421944391554,
      3.436116964863836,
      3.5342917352885173,
      3.6324665057131984,
      3.730641276137879,
      3.8288160465625602,
      3.9269908169872414,
      4.025165587411922,
      4.123340357836604,
      4.221515128261284,
      4.319689898685965,
      4.417864669110647,
      4.516039439535327,
      4.614214209960009,
      4.71238898038469,
      4.81056375080937,
      4.908738521234052,
      5.006913291658733,
      5.105088062083414,
      5.203262832508095,
      5.301437602932776,
      5.399612373357457,
      5.497787143782138,
      5.595961914206819,
      5.6941366846315,
      5.792311455056181,
      5.890486225480862,
      5.988660995905543,
      6.086835766330224,
      6.1850105367549055
    ],
    "mean_I": [
      0.8268504281934294,
      0.8641092886180224,
      0.3402283450870453,
      -0.1909420498692018,
      -0.16784508810012777,
      0.38510097167319257,
      0.88331794633999,
      0.8000875987451691,
      0.22340159555618605,
      -0.23706385700201874,
      -0.09450167732712486,
      0.5003704678181728,
      0.91864986424363,
      0.7181288042113468,
      0.1107994610576743,
      -0.2612656199926777,
      -0.004716807027078676,
      0.609220820560408,
      0.9314883961136791,
      0.6213825355274696,
      0.00674917847228243,
      -0.2626172786619536,
      0.09805914058631421,
      0.7074689718879895,
      0.9213401643703036,
      0.5135666975431229,
      -0.08475065819230435,
      -0.24106688952520314,
      0.20987654348368973,
      0.7913393004436005,
      0.8885951598682079,
      0.3988245924482326,
      -0.16018376152676234,
      -0.1974426219513556,
      0.32643832157962227,
      0.8576087165358679,
      0.8345117547667955,
      0.2815656949934743,
      -0.21665127967332315,
      -0.13342093207850317,
      0.44326507111047986,
      0.9037305236686852,
      0.7611683439937913,
      0.16629619884849417,
      -0.2519831975769624,
      -0.05146213754468029,
      0.5558672056089901,
      0.9279322866593451,
      0.6713834736937465,
      0.057445846106262174,
      -0.2648217294470123,
      0.04528413113919651,
      0.6599174881943859,
      0.9292839453286199,
      0.5686075260803536,
      -0.04080230522132394,
      -0.2546734977036368,
      0.15309996912353976,
      0.7514173248589704,
      0.90773355619187,
      0.45679012318298073,
      -0.12467263377693316,
      -0.22192849320154096,
      0.26784207421843637
    ],
    "fit": {
      "A": 0.017626437127759614,
      "I0": 0.3333333333333354,
      "phi0": -3.0552861121179324,
      "R2": 0.0002996620625163038,
      "visibility_fit": 0.05287931138327851,
      "visibility_fourier": 4.803456749319883e-16,
      "visibility": 4.803456749319883e-16
    },
    "cycles": 8,
    "per_cycle_V": [
      1.0480511956804e-16,
      6.431921498283846e-16,
      6.333883318143875e-16,
      8.283142679871955e-16,
      7.343689911122966e-16,
      4.868821687455115e-16,
      2.5662293922737664e-16,
      2.5278947322424026e-17
    ]
  },
  "diagnostics": {
    "measured_link_count": 14,
    "selection_policy": "uniform",
    "num_links": 288,
    "visibility_qc": {
      "r2_ok": false,
      "v_in_unit_interval": true,
      "i0_very_small": false
    },
    "hybrid_knobs": {
      "kick_passes": 3,
      "loop_measurement_cycles": 4
    }
  },
  "artifacts": {
    "kernel_hash": "c776a5135c116bb3a99eaad342348026ed00e0c6d5dcf8a66155f4c58107111d",
    "flip_counts_hash": "f9f0d5ea10777d9547c57c830847aa737adfb2a8c3d087b6a31b748452bdd993",
    "pivot_fit_hash": "e730f86cf82cf01e0490c7477184968845e3929e6af95e60cac897b00c6a8382",
    "config_hash": "09be816148e3d54a4ba01072548fde7efe2f97f681380c3e050adf0677f43c72"
  }
}