{
  "sim": "MICC",
  "gauge": "SU3",
  "rep": "fundamental",
  "L": 8,
  "b": 3.5,
  "kappa": 1.0,
  "seed": 1,
  "measurement_model": "dephasing",
  "f": 0.3,
  "schedule": "during",
  "sigma": 0.4912621064449143,
  "sigma_err": 0.08084412174075725,
  "visibility": 1.1222388094757712e-16,
  "visibility_err": 6.686179947756785e-17,
  "coherence": {
    "C": 0.2905768032501236,
    "P_entropy": 0.21545759170518564
  },
  "twist_scan": {
    "phi_values": [
      0.0,
      0.09817477042468103,
      0.19634954084936207,
      0.2945243112740431,
      0.39269908169872414,
      0.4908738521234052,
      0.5890486225480862,
      0.6872233929727672,
      0.7853981633974483,
      0.8835729338221293,
      0.9817477042468103,
      1.0799224746714913,
      1.1780972450961724,
      1.2762720155208536,
      1.3744467859455345,
      1.4726215563702154,
      1.5707963267948966,
      1.6689710972195777,
      1.7671458676442586,
      1.8653206380689396,
      1.9634954084936207,
      2.061670178918302,
      2.1598449493429825,
      2.2580197197676637,
      2.356194490192345,
      2.454369260617026,
      2.552544031041707,
      2.650718801466388,
      2.748893571891069,
      2.84706834231575,
      2.945243112740431,
      3.043417883165112,
      3.141592653589793,
      3.2397674240144743,
      3.3379421944391554,
      3.436116964863836,
      3.5342917352885173,
      3.6324665057131984,
      3.730641276137879,
      3.8288160465625602,
      3.9269908169872414,
      4.025165587411922,
      4.123340357836604,
      4.221515128261284,
      4.319689898685965,
      4.417864669110647,
      4.516039439535327,
      4.614214209960009,
      4.71238898038469,
      4.81056375080937,
      4.908738521234052,
      5.006913291658733,
      5.105088062083414,
      5.203262832508095,
      5.301437602932776,
      5.399612373357457,
      5.497787143782138,
      5.595961914206819,
      5.6941366846315,
      5.792311455056181,
      5.890486225480862,
      5.988660995905543,
      6.086835766330224,
      6.1850105367549055
    ],
    "mean_I": [
      0.36279437308004553,
      0.20318110647836615,
      0.10265422981196518,
      0.1068508433995755,
      0.21386577240987004,
      0.37511647640391776,
      0.5173985069926217,
      0.5761187969400637,
      0.5246195622590869,
      0.38628037881449284,
      0.22390434367079717,
      0.11120678203204687,
      0.09935003074525212,
      0.19371680700877364,
      0.3514665672992576,
      0.5009842184757562,
      0.5743918728286265,
      0.5383639899953414,
      0.40925647555715755,
      0.24568144185364915,
      0.12189853436788456,
      0.09410260520313628,
      0.17491242507833932,
      0.32764202523887154,
      0.4829553602876735,
      0.5703434232058473,
      0.5501338604267832,
      0.43150139093639556,
      0.26830267566684807,
      0.13462651939977782,
      0.09115910234973296,
      0.15763372309607865,
      0.3038722935866208,
      0.4634855601883004,
      0.5640124368547016,
      0.5598158232670913,
      0.45280089425679676,
      0.29155019026274887,
      0.14926815967404514,
      0.09054786972660286,
      0.1420471044075796,
      0.2803862878521728,
      0.4427623229958696,
      0.5554598846346196,
      0.5673166359214146,
      0.472949859657893,
      0.31520009936740967,
      0.16568244819090983,
      0.09227479383804016,
      0.12830267667132464,
      0.25741019110950925,
      0.4209852248130172,
      0.5447681322987823,
      0.5725640614635302,
      0.4917542415883276,
      0.33902464142779465,
      0.18371130637899336,
      0.09632324346081962,
      0.11653280623988359,
      0.23516527573027082,
      0.3983639909998175,
      0.5320401472668888,
      0.5755075643169336,
      0.5090329435705877
    ],
    "fit": {
      "A": 1.1753427857279507e-05,
      "I0": 0.3333333333333332,
      "phi0": 1.0526358585921345,
      "R2": 2.176498536954341e-09,
      "visibility_fit": 3.5260283571838535e-05,
      "visibility_fourier": 1.1222388094757712e-16,
      "visibility": 1.1222388094757712e-16
    },
    "cycles": 8,
    "per_cycle_V": [
      1.030296166209553e-16,
      5.41946326818277e-16,
      5.158371424562651e-16,
      3.088852982242241e-16,
      6.676009542406096e-17,
      3.983145712875376e-16,
      3.177981331540655e-16,
      9.428744728725498e-17
    ]
  },
  "diagnostics": {
    "measured_link_count": 38,
    "selection_policy": "uniform",
    "num_links": 128,
    "visibility_qc": {
      "r2_ok": false,
      "v_in_unit_interval": true,
      "i0_very_small": false
    },
    "hybrid_knobs": {
      "kick_passes": 3,
      "loop_measurement_cycles": 4
    }
  },
  "artifacts": {
    "kernel_hash": "59ad205957406ba8769e06c45a6e3db43b483f8e2d8e66b070b3ff98425f2b57",
    "flip_counts_hash": "2f22c538feb77f48a899689bff9bdbb91197c5203a770852a4a789b6ab244652",
    "pivot_fit_hash": "18f843e4852e0cb06a5603a8f3e251da6d346190d1181f60fc167ac1ef296fd4",
    "config_hash": "09be816148e3d54a4ba01072548fde7efe2f97f681380c3e050adf0677f43c72"
  }
}