{
  "sim": "MICC",
  "gauge": "SU3",
  "rep": "fundamental",
  "L": 12,
  "b": 3.0,
  "kappa": 1.0,
  "seed": 3,
  "measurement_model": "dephasing",
  "f": 0.5,
  "schedule": "during",
  "sigma": 0.5461248888473502,
  "sigma_err": 0.07956108444839147,
  "visibility": 8.342919866351941e-17,
  "visibility_err": 9.797130752962173e-17,
  "coherence": {
    "C": 0.38518371434751886,
    "P_entropy": 0.17876752117443165
  },
  "twist_scan": {
    "phi_values": [
      0.0,
      0.09817477042468103,
      0.19634954084936207,
      0.2945243112740431,
      0.39269908169872414,
      0.4908738521234052,
      0.5890486225480862,
      0.6872233929727672,
      0.7853981633974483,
      0.8835729338221293,
      0.9817477042468103,
      1.0799224746714913,
      1.1780972450961724,
      1.2762720155208536,
      1.3744467859455345,
      1.4726215563702154,
      1.5707963267948966,
      1.6689710972195777,
      1.7671458676442586,
      1.8653206380689396,
      1.9634954084936207,
      2.061670178918302,
      2.1598449493429825,
      2.2580197197676637,
      2.356194490192345,
      2.454369260617026,
      2.552544031041707,
      2.650718801466388,
      2.748893571891069,
      2.84706834231575,
      2.945243112740431,
      3.043417883165112,
      3.141592653589793,
      3.2397674240144743,
      3.3379421944391554,
      3.436116964863836,
      3.5342917352885173,
      3.6324665057131984,
      3.730641276137879,
      3.8288160465625602,
      3.9269908169872414,
      4.025165587411922,
      4.123340357836604,
      4.221515128261284,
      4.319689898685965,
      4.417864669110647,
      4.516039439535327,
      4.614214209960009,
      4.71238898038469,
      4.81056375080937,
      4.908738521234052,
      5.006913291658733,
      5.105088062083414,
      5.203262832508095,
      5.301437602932776,
      5.399612373357457,
      5.497787143782138,
      5.595961914206819,
      5.6941366846315,
      5.792311455056181,
      5.890486225480862,
      5.988660995905543,
      6.086835766330224,
      6.1850105367549055
    ],
    "mean_I": [
      0.3841277447456476,
      0.3934701088731274,
      0.3392354814264119,
      0.27876106449622157,
      0.27598080633824384,
      0.333834014022025,
      0.39115789881410507,
      0.3873492755966758,
      0.3264346456916039,
      0.2728133533846049,
      0.2831741788538518,
      0.3465635897949046,
      0.3959658872595265,
      0.37915263995153364,
      0.3138989226540393,
      0.26919139116242224,
      0.2922951395465287,
      0.3587847342315794,
      0.3983669417823049,
      0.36919519404881723,
      0.3021100531199368,
      0.2680343678066519,
      0.30299317501194806,
      0.37002779560504456,
      0.39826879120365744,
      0.3578595969503679,
      0.2915210767342179,
      0.2693867470759903,
      0.31485716574670153,
      0.37986070937189953,
      0.39567520739527773,
      0.3455814692956031,
      0.28253892192101937,
      0.27319655779353963,
      0.32743118524025516,
      0.3879056021704453,
      0.3906858603284231,
      0.332832652644642,
      0.27550876785256195,
      0.2793173910699909,
      0.3402320209750628,
      0.39385331328206186,
      0.38349248781281503,
      0.3201030768717623,
      0.27070077940714055,
      0.28751402671513326,
      0.3527677440126273,
      0.3974752755042449,
      0.3743715271201384,
      0.3078819324350877,
      0.268299724884362,
      0.29747147261784956,
      0.36455661354673036,
      0.39863229886001494,
      0.36367349165471896,
      0.29663887106162207,
      0.26839787546300947,
      0.3088070697162988,
      0.375145589932449,
      0.39727991959067654,
      0.3518095009199657,
      0.28680595729476743,
      0.27099145927138935,
      0.32108519737106406
    ],
    "fit": {
      "A": 1.1775232851778451e-17,
      "I0": 0.3333333333333335,
      "phi0": -1.6365980691051722,
      "R2": 0.0,
      "visibility_fit": 3.5325698555335337e-17,
      "visibility_fourier": 8.342919866351941e-17,
      "visibility": 8.342919866351941e-17
    },
    "cycles": 8,
    "per_cycle_V": [
      9.357387166153011e-16,
      5.42588194588105e-16,
      7.425791325794987e-16,
      9.321904454939626e-16,
      2.0624936684145353e-16,
      8.879375120341034e-16,
      3.2990153873821636e-16,
      6.374421707038827e-16
    ]
  },
  "diagnostics": {
    "measured_link_count": 144,
    "selection_policy": "uniform",
    "num_links": 288,
    "visibility_qc": {
      "r2_ok": false,
      "v_in_unit_interval": true,
      "i0_very_small": false
    },
    "hybrid_knobs": {
      "kick_passes": 3,
      "loop_measurement_cycles": 4
    }
  },
  "artifacts": {
    "kernel_hash": "c776a5135c116bb3a99eaad342348026ed00e0c6d5dcf8a66155f4c58107111d",
    "flip_counts_hash": "f9f0d5ea10777d9547c57c830847aa737adfb2a8c3d087b6a31b748452bdd993",
    "pivot_fit_hash": "e730f86cf82cf01e0490c7477184968845e3929e6af95e60cac897b00c6a8382",
    "config_hash": "09be816148e3d54a4ba01072548fde7efe2f97f681380c3e050adf0677f43c72"
  }
}