{
  "sim": "MICC",
  "gauge": "SU3",
  "rep": "fundamental",
  "L": 12,
  "b": 3.0,
  "kappa": 0.75,
  "seed": 0,
  "measurement_model": "dephasing",
  "f": 0.1,
  "schedule": "during",
  "sigma": 0.30962509915447306,
  "sigma_err": 0.01967324057800548,
  "visibility": 4.3554849308609247e-16,
  "visibility_err": 7.603201372364498e-17,
  "coherence": {
    "C": 0.2597329210440636,
    "P_entropy": 0.29200241761206175
  },
  "twist_scan": {
    "phi_values": [
      0.0,
      0.09817477042468103,
      0.19634954084936207,
      0.2945243112740431,
      0.39269908169872414,
      0.4908738521234052,
      0.5890486225480862,
      0.6872233929727672,
      0.7853981633974483,
      0.8835729338221293,
      0.9817477042468103,
      1.0799224746714913,
      1.1780972450961724,
      1.2762720155208536,
      1.3744467859455345,
      1.4726215563702154,
      1.5707963267948966,
      1.6689710972195777,
      1.7671458676442586,
      1.8653206380689396,
      1.9634954084936207,
      2.061670178918302,
      2.1598449493429825,
      2.2580197197676637,
      2.356194490192345,
      2.454369260617026,
      2.552544031041707,
      2.650718801466388,
      2.748893571891069,
      2.84706834231575,
      2.945243112740431,
      3.043417883165112,
      3.141592653589793,
      3.2397674240144743,
      3.3379421944391554,
      3.436116964863836,
      3.5342917352885173,
      3.6324665057131984,
      3.730641276137879,
      3.8288160465625602,
      3.9269908169872414,
      4.025165587411922,
      4.123340357836604,
      4.221515128261284,
      4.319689898685965,
      4.417864669110647,
      4.516039439535327,
      4.614214209960009,
      4.71238898038469,
      4.81056375080937,
      4.908738521234052,
      5.006913291658733,
      5.105088062083414,
      5.203262832508095,
      5.301437602932776,
      5.399612373357457,
      5.497787143782138,
      5.595961914206819,
      5.6941366846315,
      5.792311455056181,
      5.890486225480862,
      5.988660995905543,
      6.086835766330224,
      6.1850105367549055
    ],
    "mean_I": [
      0.6830009519924584,
      0.785457757739641,
      0.40992567128314017,
      -0.04658033472214809,
      -0.10143913141037206,
      0.3033463591048574,
      0.7398342744798607,
      0.7465667419081495,
      0.31642615288611065,
      -0.09584005462498045,
      -0.0543813554516587,
      0.39697184306614164,
      0.781045993767357,
      0.6917953979290934,
      0.2235763679520124,
      -0.12860688191178365,
      0.0075760785641595845,
      0.4881517347872838,
      0.8050523665945258,
      0.6232485578354646,
      0.13494448164510262,
      -0.14362160578577512,
      0.08205218119398323,
      0.5733820421637085,
      0.810930841516549,
      0.5435604382505482,
      0.05393656765082094,
      -0.14030721882882957,
      0.16618487758042985,
      0.6493874122806497,
      0.7984555120388596,
      0.4557934089203844,
      -0.01633428532579126,
      -0.11879109107297427,
      0.2567409953835273,
      0.7132470013888141,
      0.7681057980770396,
      0.3633203075618093,
      -0.07316760781319367,
      -0.07990007524148324,
      0.3502405137805552,
      0.7625067212916466,
      0.721048022118325,
      0.2696948236005251,
      -0.11437932710068907,
      -0.025128731262426714,
      0.44309029871465233,
      0.7952735485784509,
      0.6590905881025076,
      0.1785149318793856,
      -0.1383856999278591,
      0.043418108831201604,
      0.5317221850215655,
      0.8102882724524414,
      0.5846144854726841,
      0.09328462450295702,
      -0.14426417484988213,
      0.12310622841611553,
      0.6127300990158452,
      0.8069738854954961,
      0.5004817890862396,
      0.017279254386017247,
      -0.13178884537219268,
      0.2108732577462838
    ],
    "fit": {
      "A": 4.0106358139513053e-07,
      "I0": 0.3333333333333334,
      "phi0": -2.3668797615958725,
      "R2": 5.327960295176126e-13,
      "visibility_fit": 1.2031907441853912e-06,
      "visibility_fourier": 4.3554849308609247e-16,
      "visibility": 4.3554849308609247e-16
    },
    "cycles": 16,
    "per_cycle_V": [
      1.012938542610935e-15,
      8.065225979330488e-16,
      9.258546915819071e-16,
      1.5713994815396513e-16,
      5.904940513508807e-16,
      8.52091531743515e-16,
      5.849543121268311e-16,
      8.989912569275331e-16,
      1.2243806375484965e-17,
      7.255949145562596e-16,
      7.302364588239349e-16,
      1.8301924380740746e-16,
      6.4882399333307e-16,
      9.634975975857009e-16,
      4.012957253499222e-16,
      5.357263127434508e-16
    ]
  },
  "diagnostics": {
    "measured_link_count": 29,
    "selection_policy": "uniform",
    "num_links": 288,
    "creutz_sizes": [
      [
        2,
        2
      ],
      [
        3,
        3
      ]
    ],
    "loop_sizes_measured": [
      [
        1,
        1
      ],
      [
        1,
        2
      ],
      [
        2,
        1
      ],
      [
        2,
        2
      ],
      [
        2,
        3
      ],
      [
        3,
        2
      ],
      [
        3,
        3
      ]
    ],
    "visibility_qc": {
      "r2_ok": false,
      "v_in_unit_interval": true,
      "i0_very_small": false
    },
    "hybrid_knobs": {
      "kick_passes": 3,
      "loop_measurement_cycles": 6
    }
  },
  "artifacts": {
    "kernel_hash": "c776a5135c116bb3a99eaad342348026ed00e0c6d5dcf8a66155f4c58107111d",
    "flip_counts_hash": "526d3d4f7381a97e02c3ef4c6b8d2598448ee2e98060a326f334d01ae3e48798",
    "pivot_fit_hash": "d04f83ead3fcfaea1653e658999e83d0abac9536c46d06a4e4ad9b696714687e",
    "config_hash": "3e53227bb97f97d3e0f7892c2fd75b0f2e140b1e74473c1589a222acbe454fae"
  }
}