{
  "sim": "MICC",
  "gauge": "SU3",
  "rep": "fundamental",
  "L": 12,
  "b": 3.5,
  "kappa": 1.0,
  "seed": 2,
  "measurement_model": "dephasing",
  "f": 0.3,
  "schedule": "pre",
  "sigma": 0.43081530333445117,
  "sigma_err": 0.09341829335939189,
  "visibility": 5.177251557868593e-16,
  "visibility_err": 0.0,
  "coherence": {
    "C": 0.2540312322564864,
    "P_entropy": 0.2672659395824676
  },
  "twist_scan": {
    "phi_values": [
      0.0,
      0.09817477042468103,
      0.19634954084936207,
      0.2945243112740431,
      0.39269908169872414,
      0.4908738521234052,
      0.5890486225480862,
      0.6872233929727672,
      0.7853981633974483,
      0.8835729338221293,
      0.9817477042468103,
      1.0799224746714913,
      1.1780972450961724,
      1.2762720155208536,
      1.3744467859455345,
      1.4726215563702154,
      1.5707963267948966,
      1.6689710972195777,
      1.7671458676442586,
      1.8653206380689396,
      1.9634954084936207,
      2.061670178918302,
      2.1598449493429825,
      2.2580197197676637,
      2.356194490192345,
      2.454369260617026,
      2.552544031041707,
      2.650718801466388,
      2.748893571891069,
      2.84706834231575,
      2.945243112740431,
      3.043417883165112,
      3.141592653589793,
      3.2397674240144743,
      3.3379421944391554,
      3.436116964863836,
      3.5342917352885173,
      3.6324665057131984,
      3.730641276137879,
      3.8288160465625602,
      3.9269908169872414,
      4.025165587411922,
      4.123340357836604,
      4.221515128261284,
      4.319689898685965,
      4.417864669110647,
      4.516039439535327,
      4.614214209960009,
      4.71238898038469,
      4.81056375080937,
      4.908738521234052,
      5.006913291658733,
      5.105088062083414,
      5.203262832508095,
      5.301437602932776,
      5.399612373357457,
      5.497787143782138,
      5.595961914206819,
      5.6941366846315,
      5.792311455056181,
      5.890486225480862,
      5.988660995905543,
      6.086835766330224,
      6.1850105367549055
    ],
    "mean_I": [
      -0.154550404190989,
      0.5040280280604521,
      0.9821469150334028,
      0.774335849049815,
      0.1002940453148743,
      -0.32737710223145994,
      -0.056540865272461764,
      0.6264729189072799,
      0.9995776200872968,
      0.6683245131689506,
      -0.0170834553406273,
      -0.3320285079221854,
      0.0564513204545158,
      0.7376526198750759,
      0.9914049308353354,
      0.5494396541122226,
      -0.12099463532338861,
      -0.31111043119268117,
      0.1800839266592053,
      0.8332945574059385,
      0.9579429191421766,
      0.4222499503417802,
      -0.20744624626073088,
      -0.2654267420006695,
      0.30960582161912403,
      0.9097232654771784,
      0.9004775113514755,
      0.2916432308447194,
      -0.2731160012269578,
      -0.19673303890208935,
      0.440039551547676,
      0.9640016316993254,
      0.8212170708576557,
      0.16263863860621422,
      -0.31548024836673666,
      -0.10766918238315029,
      0.5663726213517912,
      0.9940437688981261,
      0.7232075319391302,
      0.040193747759387895,
      -0.3329109534206309,
      -0.001657846502288136,
      0.6837501220072941,
      0.9986951745888517,
      0.6102153462121541,
      -0.07098595320840824,
      -0.32473826416866963,
      0.1172270125544459,
      0.7876613019900541,
      0.977777097859348,
      0.48658274000746016,
      -0.16662789073927142,
      -0.2912762524755095,
      0.24441671632488543,
      0.8741129129273963,
      0.9320934086673346,
      0.35706084504754343,
      -0.2430565988105089,
      -0.23381084468480845,
      0.37502343582194597,
      0.9397826678936223,
      0.8633997055687564,
      0.22662711511899136,
      -0.29733496503266027
    ],
    "fit": {
      "A": 1.8939895620872019e-16,
      "I0": 0.33333333333333326,
      "phi0": 1.2786629353681203,
      "R2": 1.1102230246251565e-16,
      "visibility_fit": 5.681968686261607e-16,
      "visibility_fourier": 5.177251557868593e-16,
      "visibility": 5.177251557868593e-16
    },
    "cycles": 8,
    "per_cycle_V": [
      5.83179287213988e-16,
      5.83179287213988e-16,
      5.83179287213988e-16,
      5.83179287213988e-16,
      5.83179287213988e-16,
      5.83179287213988e-16,
      5.83179287213988e-16,
      5.83179287213988e-16
    ]
  },
  "diagnostics": {
    "measured_link_count": 86,
    "selection_policy": "uniform",
    "num_links": 288,
    "visibility_qc": {
      "r2_ok": false,
      "v_in_unit_interval": true,
      "i0_very_small": false
    },
    "hybrid_knobs": {
      "kick_passes": 3,
      "loop_measurement_cycles": 4
    }
  },
  "artifacts": {
    "kernel_hash": "c776a5135c116bb3a99eaad342348026ed00e0c6d5dcf8a66155f4c58107111d",
    "flip_counts_hash": "3c718ce239e2c926749d06c4b85bf1839d5fe51eaf7ab8de2413bea26f16d7e1",
    "pivot_fit_hash": "18f843e4852e0cb06a5603a8f3e251da6d346190d1181f60fc167ac1ef296fd4",
    "config_hash": "09be816148e3d54a4ba01072548fde7efe2f97f681380c3e050adf0677f43c72"
  }
}