{
  "sim": "MICC",
  "gauge": "SU3",
  "rep": "fundamental",
  "L": 12,
  "b": 3.0,
  "kappa": 0.75,
  "seed": 4,
  "measurement_model": "dephasing",
  "f": 0.5,
  "schedule": "during",
  "sigma": 0.7614139584525406,
  "sigma_err": 0.0743621605522194,
  "visibility": 6.889386090194246e-17,
  "visibility_err": 8.247594106145957e-17,
  "coherence": {
    "C": 0.3755874557289777,
    "P_entropy": 0.17923644325546909
  },
  "twist_scan": {
    "phi_values": [
      0.0,
      0.09817477042468103,
      0.19634954084936207,
      0.2945243112740431,
      0.39269908169872414,
      0.4908738521234052,
      0.5890486225480862,
      0.6872233929727672,
      0.7853981633974483,
      0.8835729338221293,
      0.9817477042468103,
      1.0799224746714913,
      1.1780972450961724,
      1.2762720155208536,
      1.3744467859455345,
      1.4726215563702154,
      1.5707963267948966,
      1.6689710972195777,
      1.7671458676442586,
      1.8653206380689396,
      1.9634954084936207,
      2.061670178918302,
      2.1598449493429825,
      2.2580197197676637,
      2.356194490192345,
      2.454369260617026,
      2.552544031041707,
      2.650718801466388,
      2.748893571891069,
      2.84706834231575,
      2.945243112740431,
      3.043417883165112,
      3.141592653589793,
      3.2397674240144743,
      3.3379421944391554,
      3.436116964863836,
      3.5342917352885173,
      3.6324665057131984,
      3.730641276137879,
      3.8288160465625602,
      3.9269908169872414,
      4.025165587411922,
      4.123340357836604,
      4.221515128261284,
      4.319689898685965,
      4.417864669110647,
      4.516039439535327,
      4.614214209960009,
      4.71238898038469,
      4.81056375080937,
      4.908738521234052,
      5.006913291658733,
      5.105088062083414,
      5.203262832508095,
      5.301437602932776,
      5.399612373357457,
      5.497787143782138,
      5.595961914206819,
      5.6941366846315,
      5.792311455056181,
      5.890486225480862,
      5.988660995905543,
      6.086835766330224,
      6.1850105367549055
    ],
    "mean_I": [
      0.4102765440395981,
      0.402523180859717,
      0.32162185931791976,
      0.2531019845383731,
      0.26940321532256173,
      0.35329178409793627,
      0.4160801484691775,
      0.39138803984429255,
      0.30532011661080355,
      0.2488679489203744,
      0.2817131368818183,
      0.3691315334231703,
      0.4187038391980351,
      0.3780218890151065,
      0.2900949061123414,
      0.2478798706566323,
      0.29600679364176735,
      0.38359557799481403,
      0.4180467892628432,
      0.36293838205270096,
      0.2765313241235926,
      0.25017572104070185,
      0.31173488838909813,
      0.3961280726915083,
      0.41413424872413396,
      0.34671716967071226,
      0.2651506114938401,
      0.25566727182985105,
      0.3282929992630889,
      0.4062474007703636,
      0.40711657432063153,
      0.32998162396402053,
      0.25639012262706895,
      0.26414348580695,
      0.34504480734874726,
      0.41356468212829384,
      0.3972634513441054,
      0.3133748825687307,
      0.25058651819748945,
      0.27527862682237425,
      0.3613465500558633,
      0.4177987177462927,
      0.38495352978484854,
      0.29753513324349673,
      0.24796282746863205,
      0.2886447776515604,
      0.3765717605543251,
      0.41878679601003466,
      0.37065987302489983,
      0.2830710886718535,
      0.24861987740382385,
      0.3037282846139659,
      0.39013534254307447,
      0.4164909456259651,
      0.354931778277569,
      0.27053859397515856,
      0.2525324179425331,
      0.3199494969959542,
      0.4015160551728267,
      0.41099939483681597,
      0.3383736674035786,
      0.26041926589630343,
      0.25955009234603543,
      0.33668504270264676
    ],
    "fit": {
      "A": 2.6813217528960244e-17,
      "I0": 0.3333333333333335,
      "phi0": 1.757786556317237,
      "R2": 0.0,
      "visibility_fit": 8.04396525868807e-17,
      "visibility_fourier": 6.889386090194246e-17,
      "visibility": 6.889386090194246e-17
    },
    "cycles": 16,
    "per_cycle_V": [
      6.618817705595587e-16,
      8.876286645565217e-16,
      1.0443669764740708e-15,
      7.232723338009824e-16,
      8.879693244638867e-16,
      1.262417839116661e-16,
      9.181526905144825e-16,
      7.244626666124129e-16,
      3.933330678090285e-16,
      2.263963676337904e-16,
      1.9271823994231073e-16,
      1.0498704447907564e-15,
      3.734209021741546e-16,
      1.0452482701561492e-15,
      2.474240829540436e-16,
      5.918714375904987e-16
    ]
  },
  "diagnostics": {
    "measured_link_count": 144,
    "selection_policy": "uniform",
    "num_links": 288,
    "creutz_sizes": [
      [
        2,
        2
      ],
      [
        3,
        3
      ]
    ],
    "loop_sizes_measured": [
      [
        1,
        1
      ],
      [
        1,
        2
      ],
      [
        2,
        1
      ],
      [
        2,
        2
      ],
      [
        2,
        3
      ],
      [
        3,
        2
      ],
      [
        3,
        3
      ]
    ],
    "visibility_qc": {
      "r2_ok": false,
      "v_in_unit_interval": true,
      "i0_very_small": false
    },
    "hybrid_knobs": {
      "kick_passes": 3,
      "loop_measurement_cycles": 6
    }
  },
  "artifacts": {
    "kernel_hash": "c776a5135c116bb3a99eaad342348026ed00e0c6d5dcf8a66155f4c58107111d",
    "flip_counts_hash": "7a11042fb34eaa3744d5206ec23f7fdadc3f7966920f4b324b412fb9e9cc0219",
    "pivot_fit_hash": "d04f83ead3fcfaea1653e658999e83d0abac9536c46d06a4e4ad9b696714687e",
    "config_hash": "3e53227bb97f97d3e0f7892c2fd75b0f2e140b1e74473c1589a222acbe454fae"
  }
}