{
  "sim": "MICC",
  "gauge": "SU3",
  "rep": "fundamental",
  "L": 8,
  "b": 3.0,
  "kappa": 1.0,
  "seed": 1,
  "measurement_model": "dephasing",
  "f": 0.5,
  "schedule": "during",
  "sigma": 0.6478602317203845,
  "sigma_err": 0.05858882082497348,
  "visibility": 1.2040093194588063e-16,
  "visibility_err": 4.5617046486385934e-17,
  "coherence": {
    "C": 0.3790446301180912,
    "P_entropy": 0.18814413860395976
  },
  "twist_scan": {
    "phi_values": [
      0.0,
      0.09817477042468103,
      0.19634954084936207,
      0.2945243112740431,
      0.39269908169872414,
      0.4908738521234052,
      0.5890486225480862,
      0.6872233929727672,
      0.7853981633974483,
      0.8835729338221293,
      0.9817477042468103,
      1.0799224746714913,
      1.1780972450961724,
      1.2762720155208536,
      1.3744467859455345,
      1.4726215563702154,
      1.5707963267948966,
      1.6689710972195777,
      1.7671458676442586,
      1.8653206380689396,
      1.9634954084936207,
      2.061670178918302,
      2.1598449493429825,
      2.2580197197676637,
      2.356194490192345,
      2.454369260617026,
      2.552544031041707,
      2.650718801466388,
      2.748893571891069,
      2.84706834231575,
      2.945243112740431,
      3.043417883165112,
      3.141592653589793,
      3.2397674240144743,
      3.3379421944391554,
      3.436116964863836,
      3.5342917352885173,
      3.6324665057131984,
      3.730641276137879,
      3.8288160465625602,
      3.9269908169872414,
      4.025165587411922,
      4.123340357836604,
      4.221515128261284,
      4.319689898685965,
      4.417864669110647,
      4.516039439535327,
      4.614214209960009,
      4.71238898038469,
      4.81056375080937,
      4.908738521234052,
      5.006913291658733,
      5.105088062083414,
      5.203262832508095,
      5.301437602932776,
      5.399612373357457,
      5.497787143782138,
      5.595961914206819,
      5.6941366846315,
      5.792311455056181,
      5.890486225480862,
      5.988660995905543,
      6.086835766330224,
      6.1850105367549055
    ],
    "mean_I": [
      0.46158246978047396,
      0.47744950913058176,
      0.4278908176660623,
      0.3354050052018505,
      0.24197869702120695,
      0.19002548379996648,
      0.20313103816900627,
      0.2753457124390094,
      0.37388555426376463,
      0.4540155356002545,
      0.47935832017723445,
      0.4384088136313956,
      0.3497572358144572,
      0.25364954964110886,
      0.1937166353370401,
      0.19716678299531193,
      0.26243369771035874,
      0.35988756471901806,
      0.44528636584060194,
      0.47986083077520275,
      0.4479148752813582,
      0.3639512952679521,
      0.26608780065755416,
      0.1987523719980686,
      0.19251388613758078,
      0.25020448523044075,
      0.34563384341000775,
      0.43547902717815173,
      0.47895220147272805,
      0.45631745404571883,
      0.3778504870105367,
      0.2791736629138145,
      0.20508419688619292,
      0.18921715753608498,
      0.2387758490006044,
      0.3312616614648159,
      0.4246879696454597,
      0.4766411828667002,
      0.4635356284976605,
      0.39132095422765745,
      0.2927811124029022,
      0.2126511310664125,
      0.1873083464894323,
      0.2282578530352709,
      0.31690943085220896,
      0.4130171170255578,
      0.4729500313296265,
      0.46949988367135476,
      0.4042329689563081,
      0.3067791019476493,
      0.22138030082606464,
      0.186805835891464,
      0.21875179138530879,
      0.3027153713987145,
      0.4005788660091123,
      0.46791429466859813,
      0.47415278052908594,
      0.4164621814362265,
      0.3210328232566591,
      0.23118763948851517,
      0.18771446519393875,
      0.21034921262094775,
      0.28881617965613005,
      0.3874930037528526
    ],
    "fit": {
      "A": 0.0012095837853528014,
      "I0": 0.33333333333333337,
      "phi0": -0.5745811212223604,
      "R2": 7.28218677924497e-05,
      "visibility_fit": 0.003628751356058404,
      "visibility_fourier": 1.2040093194588063e-16,
      "visibility": 1.2040093194588063e-16
    },
    "cycles": 8,
    "per_cycle_V": [
      4.503736152031017e-16,
      3.448155653713967e-16,
      4.541254927631019e-16,
      3.5485624066778954e-16,
      9.814394048764866e-17,
      3.1799847484549993e-16,
      1.4808042638904399e-16,
      3.5339982372882206e-16
    ]
  },
  "diagnostics": {
    "measured_link_count": 64,
    "selection_policy": "uniform",
    "num_links": 128,
    "visibility_qc": {
      "r2_ok": false,
      "v_in_unit_interval": true,
      "i0_very_small": false
    },
    "hybrid_knobs": {
      "kick_passes": 3,
      "loop_measurement_cycles": 4
    }
  },
  "artifacts": {
    "kernel_hash": "59ad205957406ba8769e06c45a6e3db43b483f8e2d8e66b070b3ff98425f2b57",
    "flip_counts_hash": "2f22c538feb77f48a899689bff9bdbb91197c5203a770852a4a789b6ab244652",
    "pivot_fit_hash": "e730f86cf82cf01e0490c7477184968845e3929e6af95e60cac897b00c6a8382",
    "config_hash": "09be816148e3d54a4ba01072548fde7efe2f97f681380c3e050adf0677f43c72"
  }
}