{
  "sim": "MICC",
  "gauge": "SU3",
  "rep": "fundamental",
  "L": 8,
  "b": 3.0,
  "kappa": 0.75,
  "seed": 4,
  "measurement_model": "dephasing",
  "f": 0.3,
  "schedule": "during",
  "sigma": 0.5477479879614863,
  "sigma_err": 0.07000673831442344,
  "visibility": 1.1598313233875675e-16,
  "visibility_err": 4.0357063092832726e-17,
  "coherence": {
    "C": 0.3118298448815828,
    "P_entropy": 0.21306276043879993
  },
  "twist_scan": {
    "phi_values": [
      0.0,
      0.09817477042468103,
      0.19634954084936207,
      0.2945243112740431,
      0.39269908169872414,
      0.4908738521234052,
      0.5890486225480862,
      0.6872233929727672,
      0.7853981633974483,
      0.8835729338221293,
      0.9817477042468103,
      1.0799224746714913,
      1.1780972450961724,
      1.2762720155208536,
      1.3744467859455345,
      1.4726215563702154,
      1.5707963267948966,
      1.6689710972195777,
      1.7671458676442586,
      1.8653206380689396,
      1.9634954084936207,
      2.061670178918302,
      2.1598449493429825,
      2.2580197197676637,
      2.356194490192345,
      2.454369260617026,
      2.552544031041707,
      2.650718801466388,
      2.748893571891069,
      2.84706834231575,
      2.945243112740431,
      3.043417883165112,
      3.141592653589793,
      3.2397674240144743,
      3.3379421944391554,
      3.436116964863836,
      3.5342917352885173,
      3.6324665057131984,
      3.730641276137879,
      3.8288160465625602,
      3.9269908169872414,
      4.025165587411922,
      4.123340357836604,
      4.221515128261284,
      4.319689898685965,
      4.417864669110647,
      4.516039439535327,
      4.614214209960009,
      4.71238898038469,
      4.81056375080937,
      4.908738521234052,
      5.006913291658733,
      5.105088062083414,
      5.203262832508095,
      5.301437602932776,
      5.399612373357457,
      5.497787143782138,
      5.595961914206819,
      5.6941366846315,
      5.792311455056181,
      5.890486225480862,
      5.988660995905543,
      6.086835766330224,
      6.1850105367549055
    ],
    "mean_I": [
      0.2168716117488988,
      0.22428612800854453,
      0.28120579566565906,
      0.3617902756077781,
      0.4294558986987791,
      0.4534838867219537,
      0.42296603546132994,
      0.3517568113608926,
      0.27218371341054065,
      0.22037126446682026,
      0.21984123312153384,
      0.2708342425242218,
      0.35020053250291255,
      0.4219094666965171,
      0.45340668818013957,
      0.43039311690397886,
      0.3633164330889947,
      0.2826280488333756,
      0.22495880365927448,
      0.21648932920065553,
      0.26106458979275493,
      0.3384483490494953,
      0.4135099981093272,
      0.45217311759237816,
      0.43688545957256764,
      0.3745873011760199,
      0.2935607038642732,
      0.2305900488160341,
      0.21426269691300492,
      0.25199092456769745,
      0.32664690519857886,
      0.40433838441132175,
      0.44979505491776794,
      0.44238053865812227,
      0.3854608710010077,
      0.3048763910588889,
      0.23721076796788768,
      0.2131827799447131,
      0.2437006312053366,
      0.3149098553057739,
      0.394482953256126,
      0.4462954021998463,
      0.44682543354513293,
      0.39583242414244485,
      0.3164661341637546,
      0.24475719997014983,
      0.21325997848652717,
      0.23627354976268797,
      0.30335023357767193,
      0.38403861783329074,
      0.4417078630073924,
      0.45017733746601124,
      0.40560207687391164,
      0.3282183176171716,
      0.25315666855733954,
      0.2144935490742885,
      0.2297812070940991,
      0.2920793654906462,
      0.37310596280239355,
      0.4360766178506326,
      0.45240396975366176,
      0.4146757420989693,
      0.340019761468088,
      0.2623282822553448
    ],
    "fit": {
      "A": 0.0002006524719352435,
      "I0": 0.3333333333333334,
      "phi0": -2.460419167442333,
      "R2": 3.45465321693883e-06,
      "visibility_fit": 0.0006019574158057303,
      "visibility_fourier": 1.1598313233875675e-16,
      "visibility": 1.1598313233875675e-16
    },
    "cycles": 16,
    "per_cycle_V": [
      3.788693259787749e-16,
      6.470071280203833e-17,
      1.923443102964834e-16,
      4.830553244768747e-16,
      4.999259391636602e-16,
      2.2909527989433647e-17,
      3.690428625877327e-16,
      5.002779514596117e-16,
      2.9989684721814856e-16,
      1.3700540818897053e-16,
      1.1452131474728347e-16,
      1.4641237672956128e-16,
      1.5846737674506987e-16,
      1.5097140545382713e-16,
      3.6459847530761466e-16,
      1.2428570452371626e-16
    ]
  },
  "diagnostics": {
    "measured_link_count": 38,
    "selection_policy": "uniform",
    "num_links": 128,
    "creutz_sizes": [
      [
        2,
        2
      ],
      [
        3,
        3
      ]
    ],
    "loop_sizes_measured": [
      [
        1,
        1
      ],
      [
        1,
        2
      ],
      [
        2,
        1
      ],
      [
        2,
        2
      ],
      [
        2,
        3
      ],
      [
        3,
        2
      ],
      [
        3,
        3
      ]
    ],
    "visibility_qc": {
      "r2_ok": false,
      "v_in_unit_interval": true,
      "i0_very_small": false
    },
    "hybrid_knobs": {
      "kick_passes": 3,
      "loop_measurement_cycles": 6
    }
  },
  "artifacts": {
    "kernel_hash": "59ad205957406ba8769e06c45a6e3db43b483f8e2d8e66b070b3ff98425f2b57",
    "flip_counts_hash": "b3326e9c852a05e144e201e0a4a89d13606dfe15c97d7e29e97870d36629453e",
    "pivot_fit_hash": "d04f83ead3fcfaea1653e658999e83d0abac9536c46d06a4e4ad9b696714687e",
    "config_hash": "3e53227bb97f97d3e0f7892c2fd75b0f2e140b1e74473c1589a222acbe454fae"
  }
}