{
  "sim": "MICC",
  "gauge": "SU3",
  "rep": "fundamental",
  "L": 8,
  "b": 3.5,
  "kappa": 1.0,
  "seed": 4,
  "measurement_model": "dephasing",
  "f": 0.05,
  "schedule": "during",
  "sigma": 0.2888898547155793,
  "sigma_err": 0.016642218312473585,
  "visibility": 3.7990666904507135e-16,
  "visibility_err": 3.0510653896361944e-17,
  "coherence": {
    "C": 0.2458338536135011,
    "P_entropy": 0.32579133087617546
  },
  "twist_scan": {
    "phi_values": [
      0.0,
      0.09817477042468103,
      0.19634954084936207,
      0.2945243112740431,
      0.39269908169872414,
      0.4908738521234052,
      0.5890486225480862,
      0.6872233929727672,
      0.7853981633974483,
      0.8835729338221293,
      0.9817477042468103,
      1.0799224746714913,
      1.1780972450961724,
      1.2762720155208536,
      1.3744467859455345,
      1.4726215563702154,
      1.5707963267948966,
      1.6689710972195777,
      1.7671458676442586,
      1.8653206380689396,
      1.9634954084936207,
      2.061670178918302,
      2.1598449493429825,
      2.2580197197676637,
      2.356194490192345,
      2.454369260617026,
      2.552544031041707,
      2.650718801466388,
      2.748893571891069,
      2.84706834231575,
      2.945243112740431,
      3.043417883165112,
      3.141592653589793,
      3.2397674240144743,
      3.3379421944391554,
      3.436116964863836,
      3.5342917352885173,
      3.6324665057131984,
      3.730641276137879,
      3.8288160465625602,
      3.9269908169872414,
      4.025165587411922,
      4.123340357836604,
      4.221515128261284,
      4.319689898685965,
      4.417864669110647,
      4.516039439535327,
      4.614214209960009,
      4.71238898038469,
      4.81056375080937,
      4.908738521234052,
      5.006913291658733,
      5.105088062083414,
      5.203262832508095,
      5.301437602932776,
      5.399612373357457,
      5.497787143782138,
      5.595961914206819,
      5.6941366846315,
      5.792311455056181,
      5.890486225480862,
      5.988660995905543,
      6.086835766330224,
      6.1850105367549055
    ],
    "mean_I": [
      0.4608998994999192,
      0.04838393775214888,
      -0.23477095576055107,
      -0.26001837922503984,
      -0.015896530229391664,
      0.3867683755708491,
      0.7651748893470162,
      0.9475343650858312,
      0.851059413341369,
      0.5195476452302834,
      0.10349847264948117,
      -0.2082104782751889,
      -0.274069860637392,
      -0.06418089174871333,
      0.326171224606438,
      0.7197747885873588,
      0.9379420111083693,
      0.8816295343071585,
      0.5764020453419831,
      0.16082644289571452,
      -0.17643463784607696,
      -0.28227171725144434,
      -0.10863697397711619,
      0.26564304866427374,
      0.6706530453632179,
      0.9225269450512108,
      0.906919263128378,
      0.6309155608821652,
      0.21981574879871976,
      -0.13974945318698725,
      -0.28454496070441326,
      -0.1488366405405719,
      0.20576676716674674,
      0.6182827289145175,
      0.9014376224272177,
      0.926685045891707,
      0.6825631968960587,
      0.2798982910958175,
      -0.09850822268034905,
      -0.28086769841916454,
      -0.1843927466747029,
      0.14711902143638053,
      0.5631681940171857,
      0.8748771449418553,
      0.9407365273040588,
      0.7308475584153801,
      0.34049544206022997,
      -0.05310812192069356,
      -0.27127534444170265,
      -0.21496286764049274,
      0.09026462132468381,
      0.5058402237709515,
      0.8431013045127438,
      0.9489383839181107,
      0.775303640643783,
      0.4010236180023914,
      -0.00398637869655092,
      -0.25586027838454306,
      -0.24025259646171102,
      0.03575110578450078,
      0.4468509178679442,
      0.8064161198536534,
      0.9512116273710791,
      0.8155033072072377
    ],
    "fit": {
      "A": 0.10044196237072182,
      "I0": 0.33333333333333376,
      "phi0": 1.085730567684676,
      "R2": 0.017047236007294853,
      "visibility_fit": 0.30132588711216507,
      "visibility_fourier": 3.7990666904507135e-16,
      "visibility": 3.7990666904507135e-16
    },
    "cycles": 16,
    "per_cycle_V": [
      4.003153977811855e-16,
      3.3702779855868514e-16,
      2.653616656407975e-16,
      5.787654805423193e-16,
      4.462120943478329e-16,
      8.060428845007475e-17,
      2.1770995598966042e-16,
      2.2904262949456705e-16,
      1.209619831296236e-16,
      2.5028759599055865e-16,
      3.177768269419399e-16,
      4.193315019830062e-16,
      3.226821732960612e-16,
      3.596176847875117e-16,
      3.0191197596037563e-16,
      3.0247212037034966e-16
    ]
  },
  "diagnostics": {
    "measured_link_count": 6,
    "selection_policy": "uniform",
    "num_links": 128,
    "creutz_sizes": [
      [
        2,
        2
      ],
      [
        3,
        3
      ]
    ],
    "loop_sizes_measured": [
      [
        1,
        1
      ],
      [
        1,
        2
      ],
      [
        2,
        1
      ],
      [
        2,
        2
      ],
      [
        2,
        3
      ],
      [
        3,
        2
      ],
      [
        3,
        3
      ]
    ],
    "visibility_qc": {
      "r2_ok": false,
      "v_in_unit_interval": true,
      "i0_very_small": false
    },
    "hybrid_knobs": {
      "kick_passes": 3,
      "loop_measurement_cycles": 6
    }
  },
  "artifacts": {
    "kernel_hash": "59ad205957406ba8769e06c45a6e3db43b483f8e2d8e66b070b3ff98425f2b57",
    "flip_counts_hash": "b3326e9c852a05e144e201e0a4a89d13606dfe15c97d7e29e97870d36629453e",
    "pivot_fit_hash": "18f843e4852e0cb06a5603a8f3e251da6d346190d1181f60fc167ac1ef296fd4",
    "config_hash": "3e53227bb97f97d3e0f7892c2fd75b0f2e140b1e74473c1589a222acbe454fae"
  }
}