{
  "sim": "MICC",
  "gauge": "SU3",
  "rep": "fundamental",
  "L": 8,
  "b": 3.0,
  "kappa": 0.75,
  "seed": 0,
  "measurement_model": "dephasing",
  "f": 0.5,
  "schedule": "during",
  "sigma": 0.6347023140652424,
  "sigma_err": 0.14518284583349167,
  "visibility": 2.159769915265931e-16,
  "visibility_err": 7.7241128596481e-17,
  "coherence": {
    "C": 0.3650649428016153,
    "P_entropy": 0.18785487766401446
  },
  "twist_scan": {
    "phi_values": [
      0.0,
      0.09817477042468103,
      0.19634954084936207,
      0.2945243112740431,
      0.39269908169872414,
      0.4908738521234052,
      0.5890486225480862,
      0.6872233929727672,
      0.7853981633974483,
      0.8835729338221293,
      0.9817477042468103,
      1.0799224746714913,
      1.1780972450961724,
      1.2762720155208536,
      1.3744467859455345,
      1.4726215563702154,
      1.5707963267948966,
      1.6689710972195777,
      1.7671458676442586,
      1.8653206380689396,
      1.9634954084936207,
      2.061670178918302,
      2.1598449493429825,
      2.2580197197676637,
      2.356194490192345,
      2.454369260617026,
      2.552544031041707,
      2.650718801466388,
      2.748893571891069,
      2.84706834231575,
      2.945243112740431,
      3.043417883165112,
      3.141592653589793,
      3.2397674240144743,
      3.3379421944391554,
      3.436116964863836,
      3.5342917352885173,
      3.6324665057131984,
      3.730641276137879,
      3.8288160465625602,
      3.9269908169872414,
      4.025165587411922,
      4.123340357836604,
      4.221515128261284,
      4.319689898685965,
      4.417864669110647,
      4.516039439535327,
      4.614214209960009,
      4.71238898038469,
      4.81056375080937,
      4.908738521234052,
      5.006913291658733,
      5.105088062083414,
      5.203262832508095,
      5.301437602932776,
      5.399612373357457,
      5.497787143782138,
      5.595961914206819,
      5.6941366846315,
      5.792311455056181,
      5.890486225480862,
      5.988660995905543,
      6.086835766330224,
      6.1850105367549055
    ],
    "mean_I": [
      0.518070682582796,
      0.5728391211049351,
      0.5188769392605215,
      0.38068183943439693,
      0.22099150774060816,
      0.11230201616620983,
      0.10395612154461652,
      0.19974268554870356,
      0.3561766107040137,
      0.5022401655111636,
      0.5716235497983498,
      0.5328281576785573,
      0.4034662860895591,
      0.24226552019962422,
      0.12240763754262493,
      0.09830561100898985,
      0.18090125675053728,
      0.3326978784050957,
      0.4847829833117922,
      0.5681131134445238,
      0.5448581318831844,
      0.425575314071107,
      0.2644165654818492,
      0.13454458867321858,
      0.0949185459185685,
      0.16352783217771238,
      0.3092252658845117,
      0.4658672581923277,
      0.5623416194645438,
      0.5548510066465595,
      0.4467960013535548,
      0.2872313169122208,
      0.14859598408387092,
      0.0938275455617316,
      0.14778972740614543,
      0.2859848272322695,
      0.44567515892605847,
      0.5543646505004569,
      0.5627105451220504,
      0.46692398111796335,
      0.3104900559626534,
      0.16442650115550364,
      0.09504311686831697,
      0.13383850898810923,
      0.2632003805771067,
      0.42440114646704225,
      0.5442590291240416,
      0.568361055657677,
      0.48576540991612976,
      0.33396878826157195,
      0.18188368335487448,
      0.09855355322214304,
      0.12180853478348246,
      0.24109135259555972,
      0.40225010118481724,
      0.5321220779934484,
      0.5717481207480981,
      0.5031388344889549,
      0.35744140078215514,
      0.20079940847433933,
      0.1043250472021232,
      0.11181566002010707,
      0.21987066531311206,
      0.37943534975444654
    ],
    "fit": {
      "A": 2.9390905134243145e-05,
      "I0": 0.33333333333333337,
      "phi0": -1.4936253557170969,
      "R2": 1.67491711611234e-08,
      "visibility_fit": 8.817271540272943e-05,
      "visibility_fourier": 2.159769915265931e-16,
      "visibility": 2.159769915265931e-16
    },
    "cycles": 8,
    "per_cycle_V": [
      5.527948074891235e-16,
      1.3639566049889085e-16,
      5.607527595921034e-16,
      4.897303288696715e-16,
      3.4995521941598965e-16,
      1.0544868061002154e-16,
      5.656379993250079e-17,
      9.966267147001429e-17
    ]
  },
  "diagnostics": {
    "measured_link_count": 64,
    "selection_policy": "uniform",
    "num_links": 128,
    "visibility_qc": {
      "r2_ok": false,
      "v_in_unit_interval": true,
      "i0_very_small": false
    },
    "hybrid_knobs": {
      "kick_passes": 3,
      "loop_measurement_cycles": 4
    }
  },
  "artifacts": {
    "kernel_hash": "59ad205957406ba8769e06c45a6e3db43b483f8e2d8e66b070b3ff98425f2b57",
    "flip_counts_hash": "051ffecc2b526e5161a7cdb343471ea2bcf4c30d07d6aca6b7e9329b81a2e42c",
    "pivot_fit_hash": "d04f83ead3fcfaea1653e658999e83d0abac9536c46d06a4e4ad9b696714687e",
    "config_hash": "09be816148e3d54a4ba01072548fde7efe2f97f681380c3e050adf0677f43c72"
  }
}