{
  "sim": "MICC",
  "gauge": "SU3",
  "rep": "fundamental",
  "L": 8,
  "b": 3.0,
  "kappa": 0.75,
  "seed": 2,
  "measurement_model": "dephasing",
  "f": 0.05,
  "schedule": "during",
  "sigma": 0.40753902524411084,
  "sigma_err": 0.032373196771682815,
  "visibility": 4.493176590528973e-16,
  "visibility_err": 1.5018722843427382e-17,
  "coherence": {
    "C": 0.25340060645961776,
    "P_entropy": 0.3302455814951776
  },
  "twist_scan": {
    "phi_values": [
      0.0,
      0.09817477042468103,
      0.19634954084936207,
      0.2945243112740431,
      0.39269908169872414,
      0.4908738521234052,
      0.5890486225480862,
      0.6872233929727672,
      0.7853981633974483,
      0.8835729338221293,
      0.9817477042468103,
      1.0799224746714913,
      1.1780972450961724,
      1.2762720155208536,
      1.3744467859455345,
      1.4726215563702154,
      1.5707963267948966,
      1.6689710972195777,
      1.7671458676442586,
      1.8653206380689396,
      1.9634954084936207,
      2.061670178918302,
      2.1598449493429825,
      2.2580197197676637,
      2.356194490192345,
      2.454369260617026,
      2.552544031041707,
      2.650718801466388,
      2.748893571891069,
      2.84706834231575,
      2.945243112740431,
      3.043417883165112,
      3.141592653589793,
      3.2397674240144743,
      3.3379421944391554,
      3.436116964863836,
      3.5342917352885173,
      3.6324665057131984,
      3.730641276137879,
      3.8288160465625602,
      3.9269908169872414,
      4.025165587411922,
      4.123340357836604,
      4.221515128261284,
      4.319689898685965,
      4.417864669110647,
      4.516039439535327,
      4.614214209960009,
      4.71238898038469,
      4.81056375080937,
      4.908738521234052,
      5.006913291658733,
      5.105088062083414,
      5.203262832508095,
      5.301437602932776,
      5.399612373357457,
      5.497787143782138,
      5.595961914206819,
      5.6941366846315,
      5.792311455056181,
      5.890486225480862,
      5.988660995905543,
      6.086835766330224,
      6.1850105367549055
    ],
    "mean_I": [
      0.7082047171263067,
      0.3190689042747016,
      -0.06359115600678707,
      -0.26605579651919353,
      -0.19641030334254278,
      0.11372772568017225,
      0.5235621093432704,
      0.8470366057586548,
      0.9373005563462351,
      0.7533760146628838,
      0.3787608773729434,
      -0.016477415169787523,
      -0.2529089412893895,
      -0.2231987311365713,
      0.059165401022494235,
      0.46599604249698534,
      0.8126005875540208,
      0.9416278191037761,
      0.7945020715595712,
      0.4380153583888628,
      0.034005194401302674,
      -0.23411625248234258,
      -0.24462745091838128,
      0.007243463428406413,
      0.4071523612406418,
      0.7735489636971102,
      0.9400968734357569,
      0.831186821406664,
      0.49626169427848044,
      0.08737049757971412,
      -0.20985871396439243,
      -0.2604900924023444,
      -0.04153805045964053,
      0.347597762391965,
      0.7302578226734541,
      0.9327224631858603,
      0.8630769700092101,
      0.5529389409864943,
      0.14310455732339714,
      -0.18036993909198762,
      -0.27063388967956853,
      -0.08670934799621925,
      0.28790578929372346,
      0.6831440818364541,
      0.9195756079560552,
      0.8898653978032378,
      0.6075012656441737,
      0.20067062416967982,
      -0.14593392088735374,
      -0.2749611524371094,
      -0.1278354048929044,
      0.22865130827780336,
      0.6326614722653652,
      0.9007829191490088,
      0.9112941175850481,
      0.6594232032382591,
      0.2595143054260254,
      -0.10688229703044164,
      -0.27343020676909,
      -0.16452015473999754,
      0.17040497238818378,
      0.5792961690869523,
      0.8765253806310584,
      0.927156759069011
    ],
    "fit": {
      "A": 0.24834838164901193,
      "I0": 0.33333333333333404,
      "phi0": -0.4751013880478298,
      "R2": 0.10403513213828308,
      "visibility_fit": 0.7450451449470342,
      "visibility_fourier": 4.493176590528973e-16,
      "visibility": 4.493176590528973e-16
    },
    "cycles": 8,
    "per_cycle_V": [
      4.859463804190116e-16,
      3.6780867985595187e-16,
      4.098537184694562e-16,
      3.773382451486006e-16,
      3.7122373087986643e-16,
      4.583900107560127e-16,
      4.2458065842253183e-16,
      4.06092059456591e-16
    ]
  },
  "diagnostics": {
    "measured_link_count": 6,
    "selection_policy": "uniform",
    "num_links": 128,
    "visibility_qc": {
      "r2_ok": false,
      "v_in_unit_interval": true,
      "i0_very_small": false
    },
    "hybrid_knobs": {
      "kick_passes": 3,
      "loop_measurement_cycles": 4
    }
  },
  "artifacts": {
    "kernel_hash": "59ad205957406ba8769e06c45a6e3db43b483f8e2d8e66b070b3ff98425f2b57",
    "flip_counts_hash": "2268e99a6015a7b96d81d3b1a331fda63562012ba66381118831ac9c8b2f0d5d",
    "pivot_fit_hash": "d04f83ead3fcfaea1653e658999e83d0abac9536c46d06a4e4ad9b696714687e",
    "config_hash": "09be816148e3d54a4ba01072548fde7efe2f97f681380c3e050adf0677f43c72"
  }
}