{
  "sim": "MICC",
  "gauge": "SU3",
  "rep": "fundamental",
  "L": 8,
  "b": 3.0,
  "kappa": 1.0,
  "seed": 2,
  "measurement_model": "dephasing",
  "f": 0.1,
  "schedule": "during",
  "sigma": 0.3848482135877773,
  "sigma_err": 0.03924155634690603,
  "visibility": 3.0640865458148486e-16,
  "visibility_err": 5.342852965480786e-17,
  "coherence": {
    "C": 0.2651577346992994,
    "P_entropy": 0.2869865579271197
  },
  "twist_scan": {
    "phi_values": [
      0.0,
      0.09817477042468103,
      0.19634954084936207,
      0.2945243112740431,
      0.39269908169872414,
      0.4908738521234052,
      0.5890486225480862,
      0.6872233929727672,
      0.7853981633974483,
      0.8835729338221293,
      0.9817477042468103,
      1.0799224746714913,
      1.1780972450961724,
      1.2762720155208536,
      1.3744467859455345,
      1.4726215563702154,
      1.5707963267948966,
      1.6689710972195777,
      1.7671458676442586,
      1.8653206380689396,
      1.9634954084936207,
      2.061670178918302,
      2.1598449493429825,
      2.2580197197676637,
      2.356194490192345,
      2.454369260617026,
      2.552544031041707,
      2.650718801466388,
      2.748893571891069,
      2.84706834231575,
      2.945243112740431,
      3.043417883165112,
      3.141592653589793,
      3.2397674240144743,
      3.3379421944391554,
      3.436116964863836,
      3.5342917352885173,
      3.6324665057131984,
      3.730641276137879,
      3.8288160465625602,
      3.9269908169872414,
      4.025165587411922,
      4.123340357836604,
      4.221515128261284,
      4.319689898685965,
      4.417864669110647,
      4.516039439535327,
      4.614214209960009,
      4.71238898038469,
      4.81056375080937,
      4.908738521234052,
      5.006913291658733,
      5.105088062083414,
      5.203262832508095,
      5.301437602932776,
      5.399612373357457,
      5.497787143782138,
      5.595961914206819,
      5.6941366846315,
      5.792311455056181,
      5.890486225480862,
      5.988660995905543,
      6.086835766330224,
      6.1850105367549055
    ],
    "mean_I": [
      0.5992826919472981,
      0.3389232701191163,
      0.07602613385746312,
      -0.07005891329312687,
      -0.033012314086262526,
      0.17034754996121915,
      0.4476995521606115,
      0.6731316820355604,
      0.7443024656704911,
      0.6289018552431798,
      0.37931931523874496,
      0.10886010086555281,
      -0.05969295896751503,
      -0.04982029898879431,
      0.133996099576367,
      0.40830743477836773,
      0.6485820953872802,
      0.7457404088430246,
      0.6556745320988803,
      0.41927249021412977,
      0.14385586781185744,
      -0.04554194659701981,
      -0.06293830495898273,
      0.09956437572141032,
      0.368193275814196,
      0.6209964908279173,
      0.7432066464337601,
      0.6793428870008452,
      0.45839802412963027,
      0.18067640633005302,
      -0.027742158166498852,
      -0.07223999842830345,
      0.06738397471936838,
      0.32774339654755036,
      0.590640532809204,
      0.7367255799597936,
      0.6996789807529296,
      0.49631911670544765,
      0.218967114506056,
      -0.006465015368893122,
      -0.07763579900382421,
      0.03776481142348584,
      0.287347351427922,
      0.5578065658011138,
      0.7263596256341812,
      0.716486965655461,
      0.5326705670903007,
      0.2583592318882981,
      0.01808457127938693,
      -0.07907374217635771,
      0.010992134567786652,
      0.24739417645253658,
      0.5228107988548101,
      0.7122086132636866,
      0.7296049716256496,
      0.5671022909452557,
      0.29847339085247127,
      0.04567017583875084,
      -0.07653997976709308,
      -0.01267622033417859,
      0.20826864253703514,
      0.4859902603366135,
      0.6944088248331652,
      0.7389066650949702
    ],
    "fit": {
      "A": 0.0008853779199437406,
      "I0": 0.3333333333333334,
      "phi0": 0.4454426307586704,
      "R2": 4.161860755358404e-06,
      "visibility_fit": 0.002656133759831221,
      "visibility_fourier": 3.0640865458148486e-16,
      "visibility": 3.0640865458148486e-16
    },
    "cycles": 8,
    "per_cycle_V": [
      9.037330772696804e-17,
      5.688921309465055e-16,
      4.532411190070265e-16,
      4.571679334971021e-16,
      3.501986443754731e-16,
      3.9767022267806797e-16,
      5.129050058185111e-16,
      2.7668365736590743e-16
    ]
  },
  "diagnostics": {
    "measured_link_count": 13,
    "selection_policy": "uniform",
    "num_links": 128,
    "visibility_qc": {
      "r2_ok": false,
      "v_in_unit_interval": true,
      "i0_very_small": false
    },
    "hybrid_knobs": {
      "kick_passes": 3,
      "loop_measurement_cycles": 4
    }
  },
  "artifacts": {
    "kernel_hash": "59ad205957406ba8769e06c45a6e3db43b483f8e2d8e66b070b3ff98425f2b57",
    "flip_counts_hash": "2268e99a6015a7b96d81d3b1a331fda63562012ba66381118831ac9c8b2f0d5d",
    "pivot_fit_hash": "e730f86cf82cf01e0490c7477184968845e3929e6af95e60cac897b00c6a8382",
    "config_hash": "09be816148e3d54a4ba01072548fde7efe2f97f681380c3e050adf0677f43c72"
  }
}