{
  "sim": "MICC",
  "gauge": "SU3",
  "rep": "fundamental",
  "L": 12,
  "b": 3.0,
  "kappa": 0.75,
  "seed": 3,
  "measurement_model": "dephasing",
  "f": 0.3,
  "schedule": "pre",
  "sigma": 0.4893862980253343,
  "sigma_err": 0.09346941843060208,
  "visibility": 1.399018103020996e-16,
  "visibility_err": 6.522280544487787e-32,
  "coherence": {
    "C": 0.2680059612085739,
    "P_entropy": 0.2750007855533688
  },
  "twist_scan": {
    "phi_values": [
      0.0,
      0.09817477042468103,
      0.19634954084936207,
      0.2945243112740431,
      0.39269908169872414,
      0.4908738521234052,
      0.5890486225480862,
      0.6872233929727672,
      0.7853981633974483,
      0.8835729338221293,
      0.9817477042468103,
      1.0799224746714913,
      1.1780972450961724,
      1.2762720155208536,
      1.3744467859455345,
      1.4726215563702154,
      1.5707963267948966,
      1.6689710972195777,
      1.7671458676442586,
      1.8653206380689396,
      1.9634954084936207,
      2.061670178918302,
      2.1598449493429825,
      2.2580197197676637,
      2.356194490192345,
      2.454369260617026,
      2.552544031041707,
      2.650718801466388,
      2.748893571891069,
      2.84706834231575,
      2.945243112740431,
      3.043417883165112,
      3.141592653589793,
      3.2397674240144743,
      3.3379421944391554,
      3.436116964863836,
      3.5342917352885173,
      3.6324665057131984,
      3.730641276137879,
      3.8288160465625602,
      3.9269908169872414,
      4.025165587411922,
      4.123340357836604,
      4.221515128261284,
      4.319689898685965,
      4.417864669110647,
      4.516039439535327,
      4.614214209960009,
      4.71238898038469,
      4.81056375080937,
      4.908738521234052,
      5.006913291658733,
      5.105088062083414,
      5.203262832508095,
      5.301437602932776,
      5.399612373357457,
      5.497787143782138,
      5.595961914206819,
      5.6941366846315,
      5.792311455056181,
      5.890486225480862,
      5.988660995905543,
      6.086835766330224,
      6.1850105367549055
    ],
    "mean_I": [
      -0.33018723505900444,
      0.07760409579536272,
      0.7557540455528715,
      0.9873180614873124,
      0.5274851546854408,
      -0.13760632475223078,
      -0.30481732414574575,
      0.20262871634089133,
      0.8482565309357553,
      0.9495041804573549,
      0.39933198905406136,
      -0.22061441190738057,
      -0.2549236413445783,
      0.33267624201744656,
      0.9209708066070331,
      0.888011199325014,
      0.2686425320958061,
      -0.28233459787040655,
      -0.18242357290485028,
      0.4627490193447677,
      0.9711025037312948,
      0.8052022588695424,
      0.1404391063500914,
      -0.3203950105078248,
      -0.09010325579819478,
      0.5878484244358265,
      0.9967250893022347,
      0.7042596602328588,
      0.019648497571011437,
      -0.3333330095065064,
      0.018489491962809107,
      0.7031669573095194,
      0.9968539017256716,
      0.5890625708713043,
      -0.08908737888620542,
      -0.32065139482064614,
      0.139181511981225,
      0.8042729914188975,
      0.9714839908124143,
      0.4640379503257773,
      -0.18158986426908805,
      -0.2828375137906902,
      0.2673346776126064,
      0.8872810785740475,
      0.921590308011247,
      0.33399042464922124,
      -0.25430413994036455,
      -0.2213445326583461,
      0.3980241345708598,
      0.9490012645370715,
      0.8490902395715169,
      0.20391764732190001,
      -0.30443583706462835,
      -0.13853559220287617,
      0.5262275603165744,
      0.9870616771744916,
      0.7567699224648622,
      0.07881824223084488,
      -0.330058422635567,
      -0.037592993566192445,
      0.6470181690956521,
      0.9999996761731735,
      0.6481771747038582,
      -0.03650029064285488
    ],
    "fit": {
      "A": 2.381891636449879e-17,
      "I0": 0.3333333333333335,
      "phi0": -2.55379219624819,
      "R2": 0.0,
      "visibility_fit": 7.145674909349634e-17,
      "visibility_fourier": 1.399018103020996e-16,
      "visibility": 1.399018103020996e-16
    },
    "cycles": 8,
    "per_cycle_V": [
      1.8688085611010162e-16,
      1.8688085611010162e-16,
      1.8688085611010162e-16,
      1.8688085611010162e-16,
      1.8688085611010162e-16,
      1.8688085611010162e-16,
      1.8688085611010162e-16,
      1.8688085611010162e-16
    ]
  },
  "diagnostics": {
    "measured_link_count": 86,
    "selection_policy": "uniform",
    "num_links": 288,
    "visibility_qc": {
      "r2_ok": false,
      "v_in_unit_interval": true,
      "i0_very_small": false
    },
    "hybrid_knobs": {
      "kick_passes": 3,
      "loop_measurement_cycles": 4
    }
  },
  "artifacts": {
    "kernel_hash": "c776a5135c116bb3a99eaad342348026ed00e0c6d5dcf8a66155f4c58107111d",
    "flip_counts_hash": "f9f0d5ea10777d9547c57c830847aa737adfb2a8c3d087b6a31b748452bdd993",
    "pivot_fit_hash": "d04f83ead3fcfaea1653e658999e83d0abac9536c46d06a4e4ad9b696714687e",
    "config_hash": "09be816148e3d54a4ba01072548fde7efe2f97f681380c3e050adf0677f43c72"
  }
}