{
  "sim": "MICC",
  "gauge": "SU3",
  "rep": "fundamental",
  "L": 12,
  "b": 3.0,
  "kappa": 0.75,
  "seed": 0,
  "measurement_model": "dephasing",
  "f": 0.3,
  "schedule": "during",
  "sigma": 0.5701359133087728,
  "sigma_err": 0.056372982270633004,
  "visibility": 2.79449445099412e-16,
  "visibility_err": 7.140357012156556e-17,
  "coherence": {
    "C": 0.312829857432571,
    "P_entropy": 0.20887779888620947
  },
  "twist_scan": {
    "phi_values": [
      0.0,
      0.09817477042468103,
      0.19634954084936207,
      0.2945243112740431,
      0.39269908169872414,
      0.4908738521234052,
      0.5890486225480862,
      0.6872233929727672,
      0.7853981633974483,
      0.8835729338221293,
      0.9817477042468103,
      1.0799224746714913,
      1.1780972450961724,
      1.2762720155208536,
      1.3744467859455345,
      1.4726215563702154,
      1.5707963267948966,
      1.6689710972195777,
      1.7671458676442586,
      1.8653206380689396,
      1.9634954084936207,
      2.061670178918302,
      2.1598449493429825,
      2.2580197197676637,
      2.356194490192345,
      2.454369260617026,
      2.552544031041707,
      2.650718801466388,
      2.748893571891069,
      2.84706834231575,
      2.945243112740431,
      3.043417883165112,
      3.141592653589793,
      3.2397674240144743,
      3.3379421944391554,
      3.436116964863836,
      3.5342917352885173,
      3.6324665057131984,
      3.730641276137879,
      3.8288160465625602,
      3.9269908169872414,
      4.025165587411922,
      4.123340357836604,
      4.221515128261284,
      4.319689898685965,
      4.417864669110647,
      4.516039439535327,
      4.614214209960009,
      4.71238898038469,
      4.81056375080937,
      4.908738521234052,
      5.006913291658733,
      5.105088062083414,
      5.203262832508095,
      5.301437602932776,
      5.399612373357457,
      5.497787143782138,
      5.595961914206819,
      5.6941366846315,
      5.792311455056181,
      5.890486225480862,
      5.988660995905543,
      6.086835766330224,
      6.1850105367549055
    ],
    "mean_I": [
      0.42019228536049846,
      0.27857194742930147,
      0.19484570406770854,
      0.25752948618419713,
      0.40035359022903894,
      0.4723234412862211,
      0.39735204311779654,
      0.2546996471568587,
      0.1951792974124906,
      0.28171629608495424,
      0.4228231634071522,
      0.46932079833353496,
      0.37205159776018365,
      0.23384919534589832,
      0.2008220728800349,
      0.3078867197799985,
      0.44185369260200363,
      0.4610922333635401,
      0.34526323121409985,
      0.21682186316644816,
      0.21155718177362826,
      0.3350350425632727,
      0.4567138452490781,
      0.44795396551340105,
      0.3180164053828219,
      0.2042720014451257,
      0.22697207987880863,
      0.36211796961516896,
      0.4668325540158196,
      0.4304108910485728,
      0.2913582005028502,
      0.19668189432983865,
      0.24647438130616803,
      0.38809471923736527,
      0.4718209625989582,
      0.40913718048246994,
      0.2663130764376278,
      0.19434322538044563,
      0.26931462354886965,
      0.41196701950980763,
      0.47148736925417617,
      0.3849503705817132,
      0.24384350325951445,
      0.19734586833313172,
      0.2946150689064823,
      0.43281747132076814,
      0.4658445937866319,
      0.35877994688666764,
      0.22481297406466336,
      0.2055744333031263,
      0.32140343545256705,
      0.44984480350021844,
      0.4551094848930382,
      0.33163162410339414,
      0.20995282141758856,
      0.2187127011532659,
      0.3486502612838446,
      0.4623946652215406,
      0.4396945867878581,
      0.3045486970514978,
      0.19983411265084738,
      0.2362557756180938,
      0.37530846616381613,
      0.46998477233682834
    ],
    "fit": {
      "A": 8.665280451145652e-14,
      "I0": 0.33333333333333337,
      "phi0": 0.42914691582634695,
      "R2": 0.0,
      "visibility_fit": 2.5995841353436954e-13,
      "visibility_fourier": 2.79449445099412e-16,
      "visibility": 2.79449445099412e-16
    },
    "cycles": 16,
    "per_cycle_V": [
      5.772939511573557e-16,
      5.986210001824803e-16,
      4.1678316604083616e-16,
      3.7867269181111445e-16,
      6.909752035144188e-16,
      7.773493452954742e-16,
      8.714072805044013e-16,
      4.583309232216513e-16,
      1.818561626072552e-16,
      8.995034955267119e-16,
      1.2270630523614354e-16,
      3.555814915929463e-16,
      1.1360009398492494e-15,
      1.5892203490696574e-16,
      6.761667507251624e-16,
      5.50798446711598e-16
    ]
  },
  "diagnostics": {
    "measured_link_count": 86,
    "selection_policy": "uniform",
    "num_links": 288,
    "creutz_sizes": [
      [
        2,
        2
      ],
      [
        3,
        3
      ]
    ],
    "loop_sizes_measured": [
      [
        1,
        1
      ],
      [
        1,
        2
      ],
      [
        2,
        1
      ],
      [
        2,
        2
      ],
      [
        2,
        3
      ],
      [
        3,
        2
      ],
      [
        3,
        3
      ]
    ],
    "visibility_qc": {
      "r2_ok": false,
      "v_in_unit_interval": true,
      "i0_very_small": false
    },
    "hybrid_knobs": {
      "kick_passes": 3,
      "loop_measurement_cycles": 6
    }
  },
  "artifacts": {
    "kernel_hash": "c776a5135c116bb3a99eaad342348026ed00e0c6d5dcf8a66155f4c58107111d",
    "flip_counts_hash": "526d3d4f7381a97e02c3ef4c6b8d2598448ee2e98060a326f334d01ae3e48798",
    "pivot_fit_hash": "d04f83ead3fcfaea1653e658999e83d0abac9536c46d06a4e4ad9b696714687e",
    "config_hash": "3e53227bb97f97d3e0f7892c2fd75b0f2e140b1e74473c1589a222acbe454fae"
  }
}