{
  "sim": "MICC",
  "gauge": "SU3",
  "rep": "fundamental",
  "L": 12,
  "b": 3.5,
  "kappa": 1.0,
  "seed": 4,
  "measurement_model": "dephasing",
  "f": 0.05,
  "schedule": "during",
  "sigma": 0.6835825395259474,
  "sigma_err": 0.031250564476575315,
  "visibility": 6.741705547822512e-16,
  "visibility_err": 7.078788395882203e-17,
  "coherence": {
    "C": 0.24610608679128101,
    "P_entropy": 0.3306006688485089
  },
  "twist_scan": {
    "phi_values": [
      0.0,
      0.09817477042468103,
      0.19634954084936207,
      0.2945243112740431,
      0.39269908169872414,
      0.4908738521234052,
      0.5890486225480862,
      0.6872233929727672,
      0.7853981633974483,
      0.8835729338221293,
      0.9817477042468103,
      1.0799224746714913,
      1.1780972450961724,
      1.2762720155208536,
      1.3744467859455345,
      1.4726215563702154,
      1.5707963267948966,
      1.6689710972195777,
      1.7671458676442586,
      1.8653206380689396,
      1.9634954084936207,
      2.061670178918302,
      2.1598449493429825,
      2.2580197197676637,
      2.356194490192345,
      2.454369260617026,
      2.552544031041707,
      2.650718801466388,
      2.748893571891069,
      2.84706834231575,
      2.945243112740431,
      3.043417883165112,
      3.141592653589793,
      3.2397674240144743,
      3.3379421944391554,
      3.436116964863836,
      3.5342917352885173,
      3.6324665057131984,
      3.730641276137879,
      3.8288160465625602,
      3.9269908169872414,
      4.025165587411922,
      4.123340357836604,
      4.221515128261284,
      4.319689898685965,
      4.417864669110647,
      4.516039439535327,
      4.614214209960009,
      4.71238898038469,
      4.81056375080937,
      4.908738521234052,
      5.006913291658733,
      5.105088062083414,
      5.203262832508095,
      5.301437602932776,
      5.399612373357457,
      5.497787143782138,
      5.595961914206819,
      5.6941366846315,
      5.792311455056181,
      5.890486225480862,
      5.988660995905543,
      6.086835766330224,
      6.1850105367549055
    ],
    "mean_I": [
      -0.014740200608018644,
      0.6190196986449112,
      0.9507501080018007,
      0.6297434737024504,
      -0.0046298954708588625,
      -0.2817063334867329,
      0.09144117822246935,
      0.72031865498726,
      0.9400727240986377,
      0.5183779495005226,
      -0.0989472009751064,
      -0.259262549366651,
      0.2069183369191842,
      0.8067459824423178,
      0.906078685671734,
      0.3999012644735068,
      -0.17665220797159745,
      -0.21404563780600847,
      0.3272535530337482,
      0.8749803272849876,
      0.8500743645537603,
      0.2788664111844978,
      -0.2347587566189257,
      -0.14779325935814563,
      0.4478224116956456,
      0.9223994819092314,
      0.7742119753976936,
      0.15992469116826952,
      -0.2710338448391051,
      -0.06305145577204929,
      0.563991519282292,
      0.9471811547958039,
      0.6814068672746857,
      0.047646968021754776,
      -0.2840834413351346,
      0.03692319296421385,
      0.6712965621375245,
      0.948373000153399,
      0.5752254884441987,
      -0.0536519883205922,
      -0.27340605743197166,
      0.1482887171661399,
      0.7656138676417727,
      0.9259292160333175,
      0.45974832974748575,
      -0.14007931577565055,
      -0.23941201900506848,
      0.26676540219316125,
      0.8433188746382629,
      0.880712304472676,
      0.33941311363291726,
      -0.2083136606183212,
      -0.18340769788709257,
      0.38780025548216784,
      0.9014254232855913,
      0.8144599260248101,
      0.21884425497102175,
      -0.2557328152425636,
      -0.10754530873102708,
      0.5067419754983956,
      0.9377005115057703,
      0.7297181224387159,
      0.10267514738437519,
      -0.28051448812913843
    ],
    "fit": {
      "A": 0.0008455734748195306,
      "I0": 0.3333333333333338,
      "phi0": 1.668311345302005,
      "R2": 9.443769184436235e-07,
      "visibility_fit": 0.002536720424458588,
      "visibility_fourier": 6.741705547822512e-16,
      "visibility": 6.741705547822512e-16
    },
    "cycles": 8,
    "per_cycle_V": [
      7.412548423153988e-16,
      7.616547849011367e-16,
      9.373323515982012e-16,
      4.7158094813338075e-16,
      3.043466542854363e-16,
      6.931872259732117e-16,
      5.539329277120271e-16,
      7.725334890228222e-16
    ]
  },
  "diagnostics": {
    "measured_link_count": 14,
    "selection_policy": "uniform",
    "num_links": 288,
    "visibility_qc": {
      "r2_ok": false,
      "v_in_unit_interval": true,
      "i0_very_small": false
    },
    "hybrid_knobs": {
      "kick_passes": 3,
      "loop_measurement_cycles": 4
    }
  },
  "artifacts": {
    "kernel_hash": "c776a5135c116bb3a99eaad342348026ed00e0c6d5dcf8a66155f4c58107111d",
    "flip_counts_hash": "7a11042fb34eaa3744d5206ec23f7fdadc3f7966920f4b324b412fb9e9cc0219",
    "pivot_fit_hash": "18f843e4852e0cb06a5603a8f3e251da6d346190d1181f60fc167ac1ef296fd4",
    "config_hash": "09be816148e3d54a4ba01072548fde7efe2f97f681380c3e050adf0677f43c72"
  }
}