{
  "sim": "MICC",
  "gauge": "SU3",
  "rep": "fundamental",
  "L": 8,
  "b": 3.5,
  "kappa": 0.75,
  "seed": 4,
  "measurement_model": "dephasing",
  "f": 0.3,
  "schedule": "pre",
  "sigma": 0.6065555500504217,
  "sigma_err": 0.15564428041351996,
  "visibility": 5.399718685060919e-16,
  "visibility_err": 0.0,
  "coherence": {
    "C": 0.25980301965409114,
    "P_entropy": 0.2793633165427245
  },
  "twist_scan": {
    "phi_values": [
      0.0,
      0.09817477042468103,
      0.19634954084936207,
      0.2945243112740431,
      0.39269908169872414,
      0.4908738521234052,
      0.5890486225480862,
      0.6872233929727672,
      0.7853981633974483,
      0.8835729338221293,
      0.9817477042468103,
      1.0799224746714913,
      1.1780972450961724,
      1.2762720155208536,
      1.3744467859455345,
      1.4726215563702154,
      1.5707963267948966,
      1.6689710972195777,
      1.7671458676442586,
      1.8653206380689396,
      1.9634954084936207,
      2.061670178918302,
      2.1598449493429825,
      2.2580197197676637,
      2.356194490192345,
      2.454369260617026,
      2.552544031041707,
      2.650718801466388,
      2.748893571891069,
      2.84706834231575,
      2.945243112740431,
      3.043417883165112,
      3.141592653589793,
      3.2397674240144743,
      3.3379421944391554,
      3.436116964863836,
      3.5342917352885173,
      3.6324665057131984,
      3.730641276137879,
      3.8288160465625602,
      3.9269908169872414,
      4.025165587411922,
      4.123340357836604,
      4.221515128261284,
      4.319689898685965,
      4.417864669110647,
      4.516039439535327,
      4.614214209960009,
      4.71238898038469,
      4.81056375080937,
      4.908738521234052,
      5.006913291658733,
      5.105088062083414,
      5.203262832508095,
      5.301437602932776,
      5.399612373357457,
      5.497787143782138,
      5.595961914206819,
      5.6941366846315,
      5.792311455056181,
      5.890486225480862,
      5.988660995905543,
      6.086835766330224,
      6.1850105367549055
    ],
    "mean_I": [
      0.9166112201290345,
      0.5794001230255933,
      0.13047984785268593,
      -0.22634918591413952,
      -0.32909405707139533,
      -0.13111074217250154,
      0.2777204730012563,
      0.7117987640829738,
      0.9740616620772167,
      0.9454472943530077,
      0.6389459856244097,
      0.19370292211548598,
      -0.18815085391521122,
      -0.33326171146181055,
      -0.17575235499101807,
      0.21287126066430065,
      0.656182138843878,
      0.9529264090330136,
      0.9683883765168336,
      0.695548631316794,
      0.2582707135680595,
      -0.14493034412082537,
      -0.33100969117292983,
      -0.21549119433642597,
      0.14918216393841602,
      0.5974563031206063,
      0.9258241359657953,
      0.9852135314584024,
      0.7486629456825731,
      0.32356139908237513,
      -0.09710389366703326,
      -0.3223596843912151,
      -0.2499445534623683,
      0.08726654364107317,
      0.5361868188139809,
      0.8930158525808058,
      0.995760723738062,
      0.797777408839168,
      0.3889461936654115,
      -0.045132097416306,
      -0.30739499541054943,
      -0.27878062768634276,
      0.027720681042257552,
      0.47296374455118034,
      0.8548175205818762,
      0.9999283781284769,
      0.8424190216576852,
      0.4537954060023642,
      0.010484527822789337,
      -0.28625974236634616,
      -0.30172170985016716,
      -0.028881964650127854,
      0.40839595309860843,
      0.8115970107874916,
      0.9976763578395963,
      0.8821578610030916,
      0.517484502728251,
      0.0692103635460632,
      -0.25915746929912803,
      -0.3185468647917356,
      -0.08199627901590868,
      0.34310526758429083,
      0.7637705603336996,
      0.9890263510578824
    ],
    "fit": {
      "A": 1.555358562808092e-16,
      "I0": 0.3333333333333333,
      "phi0": -2.7806852399361937,
      "R2": 0.0,
      "visibility_fit": 4.666075688424276e-16,
      "visibility_fourier": 5.399718685060919e-16,
      "visibility": 5.399718685060919e-16
    },
    "cycles": 8,
    "per_cycle_V": [
      4.853935226217065e-16,
      4.853935226217065e-16,
      4.853935226217065e-16,
      4.853935226217065e-16,
      4.853935226217065e-16,
      4.853935226217065e-16,
      4.853935226217065e-16,
      4.853935226217065e-16
    ]
  },
  "diagnostics": {
    "measured_link_count": 38,
    "selection_policy": "uniform",
    "num_links": 128,
    "visibility_qc": {
      "r2_ok": false,
      "v_in_unit_interval": true,
      "i0_very_small": false
    },
    "hybrid_knobs": {
      "kick_passes": 3,
      "loop_measurement_cycles": 4
    }
  },
  "artifacts": {
    "kernel_hash": "59ad205957406ba8769e06c45a6e3db43b483f8e2d8e66b070b3ff98425f2b57",
    "flip_counts_hash": "b3326e9c852a05e144e201e0a4a89d13606dfe15c97d7e29e97870d36629453e",
    "pivot_fit_hash": "32e5af21ae29df0c4428cd8be3189fb5b9433eb374572ce92302aca28369a080",
    "config_hash": "09be816148e3d54a4ba01072548fde7efe2f97f681380c3e050adf0677f43c72"
  }
}