{
  "sim": "MICC",
  "gauge": "SU3",
  "rep": "fundamental",
  "L": 8,
  "b": 3.0,
  "kappa": 1.0,
  "seed": 4,
  "measurement_model": "dephasing",
  "f": 0.1,
  "schedule": "during",
  "sigma": 0.33613124876870737,
  "sigma_err": 0.030169693826525745,
  "visibility": 3.48038016705897e-16,
  "visibility_err": 3.000533871137573e-17,
  "coherence": {
    "C": 0.2596716160193044,
    "P_entropy": 0.2912496742048523
  },
  "twist_scan": {
    "phi_values": [
      0.0,
      0.09817477042468103,
      0.19634954084936207,
      0.2945243112740431,
      0.39269908169872414,
      0.4908738521234052,
      0.5890486225480862,
      0.6872233929727672,
      0.7853981633974483,
      0.8835729338221293,
      0.9817477042468103,
      1.0799224746714913,
      1.1780972450961724,
      1.2762720155208536,
      1.3744467859455345,
      1.4726215563702154,
      1.5707963267948966,
      1.6689710972195777,
      1.7671458676442586,
      1.8653206380689396,
      1.9634954084936207,
      2.061670178918302,
      2.1598449493429825,
      2.2580197197676637,
      2.356194490192345,
      2.454369260617026,
      2.552544031041707,
      2.650718801466388,
      2.748893571891069,
      2.84706834231575,
      2.945243112740431,
      3.043417883165112,
      3.141592653589793,
      3.2397674240144743,
      3.3379421944391554,
      3.436116964863836,
      3.5342917352885173,
      3.6324665057131984,
      3.730641276137879,
      3.8288160465625602,
      3.9269908169872414,
      4.025165587411922,
      4.123340357836604,
      4.221515128261284,
      4.319689898685965,
      4.417864669110647,
      4.516039439535327,
      4.614214209960009,
      4.71238898038469,
      4.81056375080937,
      4.908738521234052,
      5.006913291658733,
      5.105088062083414,
      5.203262832508095,
      5.301437602932776,
      5.399612373357457,
      5.497787143782138,
      5.595961914206819,
      5.6941366846315,
      5.792311455056181,
      5.890486225480862,
      5.988660995905543,
      6.086835766330224,
      6.1850105367549055
    ],
    "mean_I": [
      0.6603389975651804,
      0.3293064147439378,
      0.0001019687725995165,
      -0.17782240446482372,
      -0.12369275933456843,
      0.1379171769478606,
      0.4882419627173594,
      0.7682414693786986,
      0.850801774780449,
      0.6984422263358551,
      0.3803308736995108,
      0.04088362030159681,
      -0.16579757754577493,
      -0.14588377704696023,
      0.09158457270393866,
      0.43880180560561,
      0.7381385570960648,
      0.8537022001499224,
      0.7330292568780922,
      0.430902720649889,
      0.0844817224363638,
      -0.1489658471022496,
      -0.16345967201966963,
      0.04758014117819269,
      0.3883459294509479,
      0.7041371492195507,
      0.8515911888693939,
      0.7637669971805762,
      0.4805349210635552,
      0.13047640162019736,
      -0.12748931189957807,
      -0.17625117877614815,
      0.00632766910148601,
      0.3373602519227289,
      0.6665646978940676,
      0.8444890711314903,
      0.7903594260012355,
      0.5287494897188061,
      0.17842470394930832,
      -0.10157480271203137,
      -0.18413510811378223,
      -0.03177555966918973,
      0.2863357929671563,
      0.6257830463650698,
      0.832464244212441,
      0.8125504437136271,
      0.5750820939627292,
      0.22786486106105552,
      -0.07147189042939756,
      -0.18703553348325547,
      -0.06636259021142527,
      0.23576394601677736,
      0.5821849442303039,
      0.8156325137689163,
      0.8301263386863368,
      0.6190865254884732,
      0.2783207372157194,
      -0.03747048255288215,
      -0.18492452220272684,
      -0.09710033051390958,
      0.1861317456031097,
      0.5361902650464693,
      0.7941559785662443,
      0.8429178454428148
    ],
    "fit": {
      "A": 0.08018905203846877,
      "I0": 0.3333333333333327,
      "phi0": -2.157302124547489,
      "R2": 0.015317298824531478,
      "visibility_fit": 0.24056715611540674,
      "visibility_fourier": 3.48038016705897e-16,
      "visibility": 3.48038016705897e-16
    },
    "cycles": 16,
    "per_cycle_V": [
      2.873743664257507e-16,
      5.037778265751163e-16,
      3.7571308278165823e-16,
      4.1411662597221533e-16,
      1.2612901841751729e-16,
      2.78450474922844e-16,
      4.1628941676648884e-16,
      4.57390498392565e-16,
      3.3582276280486165e-16,
      1.3700077495812775e-16,
      5.193332027756445e-16,
      3.7976406310438336e-16,
      3.0008992642149636e-16,
      4.251413425707348e-16,
      4.712581244818167e-16,
      4.953282964853799e-16
    ]
  },
  "diagnostics": {
    "measured_link_count": 13,
    "selection_policy": "uniform",
    "num_links": 128,
    "creutz_sizes": [
      [
        2,
        2
      ],
      [
        3,
        3
      ]
    ],
    "loop_sizes_measured": [
      [
        1,
        1
      ],
      [
        1,
        2
      ],
      [
        2,
        1
      ],
      [
        2,
        2
      ],
      [
        2,
        3
      ],
      [
        3,
        2
      ],
      [
        3,
        3
      ]
    ],
    "visibility_qc": {
      "r2_ok": false,
      "v_in_unit_interval": true,
      "i0_very_small": false
    },
    "hybrid_knobs": {
      "kick_passes": 3,
      "loop_measurement_cycles": 6
    }
  },
  "artifacts": {
    "kernel_hash": "59ad205957406ba8769e06c45a6e3db43b483f8e2d8e66b070b3ff98425f2b57",
    "flip_counts_hash": "b3326e9c852a05e144e201e0a4a89d13606dfe15c97d7e29e97870d36629453e",
    "pivot_fit_hash": "e730f86cf82cf01e0490c7477184968845e3929e6af95e60cac897b00c6a8382",
    "config_hash": "3e53227bb97f97d3e0f7892c2fd75b0f2e140b1e74473c1589a222acbe454fae"
  }
}