{
  "sim": "MICC",
  "gauge": "SU3",
  "rep": "fundamental",
  "L": 8,
  "b": 3.0,
  "kappa": 0.75,
  "seed": 3,
  "measurement_model": "dephasing",
  "f": 0.05,
  "schedule": "during",
  "sigma": 0.47998702401458737,
  "sigma_err": 0.03288037979381528,
  "visibility": 4.228928871244243e-16,
  "visibility_err": 2.5443886019688592e-17,
  "coherence": {
    "C": 0.25246050682160703,
    "P_entropy": 0.31786810019121375
  },
  "twist_scan": {
    "phi_values": [
      0.0,
      0.09817477042468103,
      0.19634954084936207,
      0.2945243112740431,
      0.39269908169872414,
      0.4908738521234052,
      0.5890486225480862,
      0.6872233929727672,
      0.7853981633974483,
      0.8835729338221293,
      0.9817477042468103,
      1.0799224746714913,
      1.1780972450961724,
      1.2762720155208536,
      1.3744467859455345,
      1.4726215563702154,
      1.5707963267948966,
      1.6689710972195777,
      1.7671458676442586,
      1.8653206380689396,
      1.9634954084936207,
      2.061670178918302,
      2.1598449493429825,
      2.2580197197676637,
      2.356194490192345,
      2.454369260617026,
      2.552544031041707,
      2.650718801466388,
      2.748893571891069,
      2.84706834231575,
      2.945243112740431,
      3.043417883165112,
      3.141592653589793,
      3.2397674240144743,
      3.3379421944391554,
      3.436116964863836,
      3.5342917352885173,
      3.6324665057131984,
      3.730641276137879,
      3.8288160465625602,
      3.9269908169872414,
      4.025165587411922,
      4.123340357836604,
      4.221515128261284,
      4.319689898685965,
      4.417864669110647,
      4.516039439535327,
      4.614214209960009,
      4.71238898038469,
      4.81056375080937,
      4.908738521234052,
      5.006913291658733,
      5.105088062083414,
      5.203262832508095,
      5.301437602932776,
      5.399612373357457,
      5.497787143782138,
      5.595961914206819,
      5.6941366846315,
      5.792311455056181,
      5.890486225480862,
      5.988660995905543,
      6.086835766330224,
      6.1850105367549055
    ],
    "mean_I": [
      0.6888883930522608,
      0.2730328615931465,
      -0.11544751638133133,
      -0.30019077112337433,
      -0.19732732735660513,
      0.14644496198664345,
      0.5750606646974151,
      0.8939372126958505,
      0.9583113198551086,
      0.7389584873766717,
      0.33546031525630066,
      -0.06900346218886982,
      -0.2908147460118931,
      -0.2292758507047329,
      0.08767585183994973,
      0.5161509150891015,
      0.8616306183381296,
      0.9672743991612854,
      0.7851221897303808,
      0.39786728492081075,
      -0.018684684715865776,
      -0.27542783370227075,
      -0.2558061400571093,
      0.03127255753007632,
      0.4554805322302253,
      0.8242362323291399,
      0.9701322794561018,
      0.8269349184240757,
      0.4596527573536857,
      0.03502421870357579,
      -0.2541782185713898,
      -0.2766626942243396,
      -0.0222217263855944,
      0.3936338050735203,
      0.7821141830479987,
      0.9668574377900413,
      0.8639939940232727,
      0.5202217046800234,
      0.09160600196925275,
      -0.22727054602918298,
      -0.2916446531884418,
      -0.07229182071000681,
      0.3312063514103666,
      0.7356701288555366,
      0.9574814126785594,
      0.8959425173713997,
      0.5789908148267185,
      0.15051575157756378,
      -0.19496395167146224,
      -0.3006077324946186,
      -0.11845552306371383,
      0.26879938174585566,
      0.6853513513825339,
      0.9420945003689374,
      0.9224728067237767,
      0.6353941091365891,
      0.21118613443644224,
      -0.1575695656624711,
      -0.3034656127894345,
      -0.16026825175740905,
      0.20701390931297875,
      0.6316424479630909,
      0.920844885238056,
      0.9433293608910063
    ],
    "fit": {
      "A": 0.1751181876495594,
      "I0": 0.33333333333333226,
      "phi0": -1.4529065555431402,
      "R2": 0.04742840880696686,
      "visibility_fit": 0.5253545629486799,
      "visibility_fourier": 4.228928871244243e-16,
      "visibility": 4.228928871244243e-16
    },
    "cycles": 8,
    "per_cycle_V": [
      4.764303624599574e-16,
      5.175075849318218e-16,
      3.117755263939052e-16,
      4.585229298684971e-16,
      4.180377649945108e-16,
      3.319673376568021e-16,
      4.078742634956978e-16,
      3.6388280110793995e-16
    ]
  },
  "diagnostics": {
    "measured_link_count": 6,
    "selection_policy": "uniform",
    "num_links": 128,
    "visibility_qc": {
      "r2_ok": false,
      "v_in_unit_interval": true,
      "i0_very_small": false
    },
    "hybrid_knobs": {
      "kick_passes": 3,
      "loop_measurement_cycles": 4
    }
  },
  "artifacts": {
    "kernel_hash": "59ad205957406ba8769e06c45a6e3db43b483f8e2d8e66b070b3ff98425f2b57",
    "flip_counts_hash": "c1b27689be21b2ac0fdae0da5c804f2dab3460dc84baee0f4b6cda147a262623",
    "pivot_fit_hash": "d04f83ead3fcfaea1653e658999e83d0abac9536c46d06a4e4ad9b696714687e",
    "config_hash": "09be816148e3d54a4ba01072548fde7efe2f97f681380c3e050adf0677f43c72"
  }
}