{
  "sim": "MICC",
  "gauge": "SU3",
  "rep": "fundamental",
  "L": 12,
  "b": 3.0,
  "kappa": 1.0,
  "seed": 4,
  "measurement_model": "dephasing",
  "f": 0.3,
  "schedule": "pre",
  "sigma": 0.37896685635271243,
  "sigma_err": 0.06967703799020723,
  "visibility": 3.435959677255606e-16,
  "visibility_err": 1.3044561088975574e-31,
  "coherence": {
    "C": 0.269492204639915,
    "P_entropy": 0.27782262810757596
  },
  "twist_scan": {
    "phi_values": [
      0.0,
      0.09817477042468103,
      0.19634954084936207,
      0.2945243112740431,
      0.39269908169872414,
      0.4908738521234052,
      0.5890486225480862,
      0.6872233929727672,
      0.7853981633974483,
      0.8835729338221293,
      0.9817477042468103,
      1.0799224746714913,
      1.1780972450961724,
      1.2762720155208536,
      1.3744467859455345,
      1.4726215563702154,
      1.5707963267948966,
      1.6689710972195777,
      1.7671458676442586,
      1.8653206380689396,
      1.9634954084936207,
      2.061670178918302,
      2.1598449493429825,
      2.2580197197676637,
      2.356194490192345,
      2.454369260617026,
      2.552544031041707,
      2.650718801466388,
      2.748893571891069,
      2.84706834231575,
      2.945243112740431,
      3.043417883165112,
      3.141592653589793,
      3.2397674240144743,
      3.3379421944391554,
      3.436116964863836,
      3.5342917352885173,
      3.6324665057131984,
      3.730641276137879,
      3.8288160465625602,
      3.9269908169872414,
      4.025165587411922,
      4.123340357836604,
      4.221515128261284,
      4.319689898685965,
      4.417864669110647,
      4.516039439535327,
      4.614214209960009,
      4.71238898038469,
      4.81056375080937,
      4.908738521234052,
      5.006913291658733,
      5.105088062083414,
      5.203262832508095,
      5.301437602932776,
      5.399612373357457,
      5.497787143782138,
      5.595961914206819,
      5.6941366846315,
      5.792311455056181,
      5.890486225480862,
      5.988660995905543,
      6.086835766330224,
      6.1850105367549055
    ],
    "mean_I": [
      -0.2781893691818938,
      0.2792039540306053,
      0.893823210309115,
      0.915888910696838,
      0.322073052735434,
      -0.2598383630893611,
      -0.21464479021116636,
      0.4098748311742066,
      0.9534742815057573,
      0.841456674173781,
      0.192247754715533,
      -0.3078045702543916,
      -0.130041719262296,
      0.5376042614807502,
      0.9892936838431827,
      0.7474975426210788,
      0.06784429636020912,
      -0.3311322073388263,
      -0.027631404905898934,
      0.657483674575043,
      0.999904897777318,
      0.637622312771411,
      -0.04635656719220284,
      -0.3289248063317976,
      0.08865058190967459,
      0.7649061718410257,
      0.9849001403075108,
      0.5160534280891663,
      -0.14596616079997093,
      -0.30126719641608046,
      0.21433558964278918,
      0.8557435669519908,
      0.9448560358485611,
      0.38746271263606186,
      -0.2271565436424487,
      -0.24922224403017218,
      0.3445936139312319,
      0.9265050297560278,
      0.8813114568778351,
      0.25679183549246215,
      -0.28680761483908995,
      -0.1747900075071167,
      0.47441891195113456,
      0.974471236921059,
      0.796708385928966,
      0.12906240518591747,
      -0.3226270171765147,
      -0.08083087595441019,
      0.5988223703064569,
      0.9977988740054925,
      0.6942980715725653,
      0.009182992091624766,
      -0.3332382311106504,
      0.029044353895255334,
      0.7130232338588688,
      0.9955914729984643,
      0.5780160847569934,
      -0.09823950517435497,
      -0.318233473640843,
      0.15061323857749967,
      0.8126328274666353,
      0.967933863082748,
      0.45233107702387876,
      -0.1890769002853252
    ],
    "fit": {
      "A": 1.2776448978620487e-16,
      "I0": 0.33333333333333354,
      "phi0": 1.2864902750183855,
      "R2": -2.220446049250313e-16,
      "visibility_fit": 3.832934693586144e-16,
      "visibility_fourier": 3.435959677255606e-16,
      "visibility": 3.435959677255606e-16
    },
    "cycles": 8,
    "per_cycle_V": [
      3.418648826945676e-16,
      3.418648826945676e-16,
      3.418648826945676e-16,
      3.418648826945676e-16,
      3.418648826945676e-16,
      3.418648826945676e-16,
      3.418648826945676e-16,
      3.418648826945676e-16
    ]
  },
  "diagnostics": {
    "measured_link_count": 86,
    "selection_policy": "uniform",
    "num_links": 288,
    "visibility_qc": {
      "r2_ok": false,
      "v_in_unit_interval": true,
      "i0_very_small": false
    },
    "hybrid_knobs": {
      "kick_passes": 3,
      "loop_measurement_cycles": 4
    }
  },
  "artifacts": {
    "kernel_hash": "c776a5135c116bb3a99eaad342348026ed00e0c6d5dcf8a66155f4c58107111d",
    "flip_counts_hash": "7a11042fb34eaa3744d5206ec23f7fdadc3f7966920f4b324b412fb9e9cc0219",
    "pivot_fit_hash": "e730f86cf82cf01e0490c7477184968845e3929e6af95e60cac897b00c6a8382",
    "config_hash": "09be816148e3d54a4ba01072548fde7efe2f97f681380c3e050adf0677f43c72"
  }
}