{
  "sim": "MICC",
  "gauge": "SU3",
  "rep": "fundamental",
  "L": 12,
  "b": 3.5,
  "kappa": 0.75,
  "seed": 1,
  "measurement_model": "dephasing",
  "f": 0.1,
  "schedule": "during",
  "sigma": 0.42690313715451406,
  "sigma_err": 0.03950079687480375,
  "visibility": 6.113215758862695e-16,
  "visibility_err": 5.817511661965919e-17,
  "coherence": {
    "C": 0.25100507868697863,
    "P_entropy": 0.2870185755203845
  },
  "twist_scan": {
    "phi_values": [
      0.0,
      0.09817477042468103,
      0.19634954084936207,
      0.2945243112740431,
      0.39269908169872414,
      0.4908738521234052,
      0.5890486225480862,
      0.6872233929727672,
      0.7853981633974483,
      0.8835729338221293,
      0.9817477042468103,
      1.0799224746714913,
      1.1780972450961724,
      1.2762720155208536,
      1.3744467859455345,
      1.4726215563702154,
      1.5707963267948966,
      1.6689710972195777,
      1.7671458676442586,
      1.8653206380689396,
      1.9634954084936207,
      2.061670178918302,
      2.1598449493429825,
      2.2580197197676637,
      2.356194490192345,
      2.454369260617026,
      2.552544031041707,
      2.650718801466388,
      2.748893571891069,
      2.84706834231575,
      2.945243112740431,
      3.043417883165112,
      3.141592653589793,
      3.2397674240144743,
      3.3379421944391554,
      3.436116964863836,
      3.5342917352885173,
      3.6324665057131984,
      3.730641276137879,
      3.8288160465625602,
      3.9269908169872414,
      4.025165587411922,
      4.123340357836604,
      4.221515128261284,
      4.319689898685965,
      4.417864669110647,
      4.516039439535327,
      4.614214209960009,
      4.71238898038469,
      4.81056375080937,
      4.908738521234052,
      5.006913291658733,
      5.105088062083414,
      5.203262832508095,
      5.301437602932776,
      5.399612373357457,
      5.497787143782138,
      5.595961914206819,
      5.6941366846315,
      5.792311455056181,
      5.890486225480862,
      5.988660995905543,
      6.086835766330224,
      6.1850105367549055
    ],
    "mean_I": [
      0.3934410629069134,
      0.7853274372481635,
      0.6993626950598365,
      0.226429322819256,
      -0.13348443181306655,
      0.00012460148257471826,
      0.48600408072698,
      0.8104790494443942,
      0.6305124530702021,
      0.1363661518158374,
      -0.14954515966185924,
      0.0750458230880505,
      0.5727000473434506,
      0.8172942193568777,
      0.5502417841690507,
      0.053872319137668476,
      -0.1470491378262252,
      0.15989288886294944,
      0.6501972853789117,
      0.8055110438278679,
      0.4616354451459426,
      -0.0178819834885051,
      -0.1260922870255231,
      0.2514051736523214,
      0.7155176194366135,
      0.7755823436848637,
      0.368098527918529,
      -0.07613927845303205,
      -0.08747996728328639,
      0.34606591167239514,
      0.7661508257107823,
      0.7286582620901534,
      0.27322560375975363,
      -0.11866077058149714,
      -0.032696028393169915,
      0.44023734384740904,
      0.8001510984797326,
      0.6665420651840916,
      0.18066258593968768,
      -0.1438123827777275,
      0.036154213596463376,
      0.5303005148508267,
      0.8162118263285252,
      0.5916208435786162,
      0.09396661932321834,
      -0.15062755269021105,
      0.11642488249761407,
      0.6127943475289995,
      0.8137158044928914,
      0.5067737778037193,
      0.016469381287753916,
      -0.1388443771612017,
      0.20503122152072506,
      0.684548650155171,
      0.7927589536921896,
      0.4152614930143431,
      -0.04885095276994661,
      -0.10891567701819861,
      0.29856813874813704,
      0.7428059451196978,
      0.7541466339499544,
      0.3206007549942717,
      -0.0994841590441153,
      -0.06199159542348627
    ],
    "fit": {
      "A": 8.996519378575058e-09,
      "I0": 0.33333333333333326,
      "phi0": 2.8805301612298635,
      "R2": 3.3306690738754696e-16,
      "visibility_fit": 2.6989558135725178e-08,
      "visibility_fourier": 6.113215758862695e-16,
      "visibility": 6.113215758862695e-16
    },
    "cycles": 16,
    "per_cycle_V": [
      8.494558518114381e-16,
      2.530708158061276e-16,
      8.665383903221033e-16,
      5.508778639085446e-16,
      9.247602646722869e-16,
      6.646329550815205e-16,
      1.0387414198475597e-15,
      6.718182190083737e-16,
      8.368134212440132e-16,
      8.474372755095236e-16,
      5.854974520658841e-16,
      8.740547762629235e-16,
      9.871923879083226e-16,
      6.343766880869696e-16,
      3.322349289535791e-16,
      4.3827952548697876e-16
    ]
  },
  "diagnostics": {
    "measured_link_count": 29,
    "selection_policy": "uniform",
    "num_links": 288,
    "creutz_sizes": [
      [
        2,
        2
      ],
      [
        3,
        3
      ]
    ],
    "loop_sizes_measured": [
      [
        1,
        1
      ],
      [
        1,
        2
      ],
      [
        2,
        1
      ],
      [
        2,
        2
      ],
      [
        2,
        3
      ],
      [
        3,
        2
      ],
      [
        3,
        3
      ]
    ],
    "visibility_qc": {
      "r2_ok": false,
      "v_in_unit_interval": true,
      "i0_very_small": false
    },
    "hybrid_knobs": {
      "kick_passes": 3,
      "loop_measurement_cycles": 6
    }
  },
  "artifacts": {
    "kernel_hash": "c776a5135c116bb3a99eaad342348026ed00e0c6d5dcf8a66155f4c58107111d",
    "flip_counts_hash": "1045813912820017453b344ca74f8b8f873bba658c2e9b55c71942b9dd07c053",
    "pivot_fit_hash": "32e5af21ae29df0c4428cd8be3189fb5b9433eb374572ce92302aca28369a080",
    "config_hash": "3e53227bb97f97d3e0f7892c2fd75b0f2e140b1e74473c1589a222acbe454fae"
  }
}