{
  "sim": "MICC",
  "gauge": "SU3",
  "rep": "fundamental",
  "L": 12,
  "b": 3.0,
  "kappa": 1.0,
  "seed": 3,
  "measurement_model": "dephasing",
  "f": 0.1,
  "schedule": "during",
  "sigma": 0.31484528598114264,
  "sigma_err": 0.020480582563951744,
  "visibility": 2.835355608028336e-16,
  "visibility_err": 5.420641791256093e-17,
  "coherence": {
    "C": 0.2614227002974392,
    "P_entropy": 0.2883228582200073
  },
  "twist_scan": {
    "phi_values": [
      0.0,
      0.09817477042468103,
      0.19634954084936207,
      0.2945243112740431,
      0.39269908169872414,
      0.4908738521234052,
      0.5890486225480862,
      0.6872233929727672,
      0.7853981633974483,
      0.8835729338221293,
      0.9817477042468103,
      1.0799224746714913,
      1.1780972450961724,
      1.2762720155208536,
      1.3744467859455345,
      1.4726215563702154,
      1.5707963267948966,
      1.6689710972195777,
      1.7671458676442586,
      1.8653206380689396,
      1.9634954084936207,
      2.061670178918302,
      2.1598449493429825,
      2.2580197197676637,
      2.356194490192345,
      2.454369260617026,
      2.552544031041707,
      2.650718801466388,
      2.748893571891069,
      2.84706834231575,
      2.945243112740431,
      3.043417883165112,
      3.141592653589793,
      3.2397674240144743,
      3.3379421944391554,
      3.436116964863836,
      3.5342917352885173,
      3.6324665057131984,
      3.730641276137879,
      3.8288160465625602,
      3.9269908169872414,
      4.025165587411922,
      4.123340357836604,
      4.221515128261284,
      4.319689898685965,
      4.417864669110647,
      4.516039439535327,
      4.614214209960009,
      4.71238898038469,
      4.81056375080937,
      4.908738521234052,
      5.006913291658733,
      5.105088062083414,
      5.203262832508095,
      5.301437602932776,
      5.399612373357457,
      5.497787143782138,
      5.595961914206819,
      5.6941366846315,
      5.792311455056181,
      5.890486225480862,
      5.988660995905543,
      6.086835766330224,
      6.1850105367549055
    ],
    "mean_I": [
      0.760254180700024,
      0.7136301514404212,
      0.2649538441286251,
      -0.11143122092761013,
      -0.01760829653091462,
      0.44723240932547015,
      0.7916582686979603,
      0.6515400152149402,
      0.1750115809191414,
      -0.13413806346151985,
      0.05092610373035488,
      0.5345530371463576,
      0.8054491864614194,
      0.5772213746571118,
      0.09115353386707405,
      -0.1388802423775832,
      0.1303132554494681,
      0.6141409045950227,
      0.8010969567547864,
      0.4935302534452011,
      0.016602320692498434,
      -0.12547551839950036,
      0.21750235490668574,
      0.6829374945587996,
      0.7787688333249297,
      0.4036828544328569,
      -0.04577709729108893,
      -0.09443902755229293,
      0.3091427739060803,
      0.7382989926669549,
      0.7393228734335027,
      0.3111319627771267,
      -0.09358751403335701,
      -0.04696348477375428,
      0.4017128225380425,
      0.7780978875942769,
      0.6842749631975822,
      0.21943425734119673,
      -0.12499160203129356,
      0.01512665145172601,
      0.4916550857475248,
      0.8008047301281869,
      0.6157405629363115,
      0.13211362952030944,
      -0.1387825197947523,
      0.08944529200955495,
      0.5755131327995912,
      0.8055469090442501,
      0.5363534112171996,
      0.0525257620716466,
      -0.13443029008811963,
      0.1731364132214652,
      0.6500643459741696,
      0.7921421850661671,
      0.44916431175998206,
      -0.016270827892133473,
      -0.11210216665826293,
      0.2629838122338067,
      0.7124437639577552,
      0.76110569421896,
      0.3575238927605895,
      -0.07163232600028777,
      -0.07265620676683594,
      0.35553470388954184
    ],
    "fit": {
      "A": 1.327880154072916e-06,
      "I0": 0.33333333333333337,
      "phi0": -0.44249690546184184,
      "R2": 6.064815316619843e-12,
      "visibility_fit": 3.983640462218748e-06,
      "visibility_fourier": 2.835355608028336e-16,
      "visibility": 2.835355608028336e-16
    },
    "cycles": 16,
    "per_cycle_V": [
      9.103477958250981e-16,
      5.950833630121114e-16,
      2.492617343066289e-16,
      4.776688276935354e-16,
      6.850949904781424e-16,
      3.1726651007947933e-16,
      5.200535387073891e-16,
      3.381365683029435e-16,
      7.725739551695317e-16,
      2.957827175862317e-16,
      7.337453710771948e-16,
      7.602994694614298e-16,
      5.493312501050377e-16,
      5.03711881543447e-16,
      2.987330953282054e-16,
      1.9763860706093875e-16
    ]
  },
  "diagnostics": {
    "measured_link_count": 29,
    "selection_policy": "uniform",
    "num_links": 288,
    "creutz_sizes": [
      [
        2,
        2
      ],
      [
        3,
        3
      ]
    ],
    "loop_sizes_measured": [
      [
        1,
        1
      ],
      [
        1,
        2
      ],
      [
        2,
        1
      ],
      [
        2,
        2
      ],
      [
        2,
        3
      ],
      [
        3,
        2
      ],
      [
        3,
        3
      ]
    ],
    "visibility_qc": {
      "r2_ok": false,
      "v_in_unit_interval": true,
      "i0_very_small": false
    },
    "hybrid_knobs": {
      "kick_passes": 3,
      "loop_measurement_cycles": 6
    }
  },
  "artifacts": {
    "kernel_hash": "c776a5135c116bb3a99eaad342348026ed00e0c6d5dcf8a66155f4c58107111d",
    "flip_counts_hash": "f9f0d5ea10777d9547c57c830847aa737adfb2a8c3d087b6a31b748452bdd993",
    "pivot_fit_hash": "e730f86cf82cf01e0490c7477184968845e3929e6af95e60cac897b00c6a8382",
    "config_hash": "3e53227bb97f97d3e0f7892c2fd75b0f2e140b1e74473c1589a222acbe454fae"
  }
}