{
  "sim": "MICC",
  "gauge": "SU3",
  "rep": "fundamental",
  "L": 12,
  "b": 3.0,
  "kappa": 1.0,
  "seed": 1,
  "measurement_model": "dephasing",
  "f": 0.2,
  "schedule": "during",
  "sigma": 0.5241058207195425,
  "sigma_err": 0.02456540556316386,
  "visibility": 5.020511688812893e-17,
  "visibility_err": 9.761419836170856e-17,
  "coherence": {
    "C": 0.28185196543231544,
    "P_entropy": 0.24367619733470308
  },
  "twist_scan": {
    "phi_values": [
      0.0,
      0.09817477042468103,
      0.19634954084936207,
      0.2945243112740431,
      0.39269908169872414,
      0.4908738521234052,
      0.5890486225480862,
      0.6872233929727672,
      0.7853981633974483,
      0.8835729338221293,
      0.9817477042468103,
      1.0799224746714913,
      1.1780972450961724,
      1.2762720155208536,
      1.3744467859455345,
      1.4726215563702154,
      1.5707963267948966,
      1.6689710972195777,
      1.7671458676442586,
      1.8653206380689396,
      1.9634954084936207,
      2.061670178918302,
      2.1598449493429825,
      2.2580197197676637,
      2.356194490192345,
      2.454369260617026,
      2.552544031041707,
      2.650718801466388,
      2.748893571891069,
      2.84706834231575,
      2.945243112740431,
      3.043417883165112,
      3.141592653589793,
      3.2397674240144743,
      3.3379421944391554,
      3.436116964863836,
      3.5342917352885173,
      3.6324665057131984,
      3.730641276137879,
      3.8288160465625602,
      3.9269908169872414,
      4.025165587411922,
      4.123340357836604,
      4.221515128261284,
      4.319689898685965,
      4.417864669110647,
      4.516039439535327,
      4.614214209960009,
      4.71238898038469,
      4.81056375080937,
      4.908738521234052,
      5.006913291658733,
      5.105088062083414,
      5.203262832508095,
      5.301437602932776,
      5.399612373357457,
      5.497787143782138,
      5.595961914206819,
      5.6941366846315,
      5.792311455056181,
      5.890486225480862,
      5.988660995905543,
      6.086835766330224,
      6.1850105367549055
    ],
    "mean_I": [
      0.4155335297927608,
      0.4505181676816091,
      0.36161423390845077,
      0.24281154747627925,
      0.21970908382886203,
      0.316730918308966,
      0.43130493430596933,
      0.4423027343579397,
      0.33809737247446325,
      0.2288554373192072,
      0.23006821568919342,
      0.340453550376659,
      0.4433113451369065,
      0.4298996680636387,
      0.314397431687986,
      0.21891435411407884,
      0.24439576810884417,
      0.3639025564964412,
      0.451091362650612,
      0.4137856116806765,
      0.2914251869823634,
      0.21337032811344325,
      0.2621411412833106,
      0.38617680451348246,
      0.454346005137118,
      0.39457981935898306,
      0.2700634488386493,
      0.21243641312738015,
      0.2826223904732185,
      0.4064203075680312,
      0.4529501985108931,
      0.37302035892674956,
      0.25113313687390637,
      0.2161484989850578,
      0.30505243275821636,
      0.42385511919038743,
      0.446957582837805,
      0.34993574835770097,
      0.23536173236069774,
      0.2243639323087271,
      0.3285692941922035,
      0.43781122934745953,
      0.4365984509774733,
      0.32621311629000793,
      0.22335532152976065,
      0.2367669986030283,
      0.3522692349786803,
      0.4477523125525882,
      0.4222708985578228,
      0.3027641101702264,
      0.21557530401605476,
      0.2528810549859903,
      0.37524147968430377,
      0.45329633855322343,
      0.40452552538335645,
      0.280489862153184,
      0.21232066152954882,
      0.27208684730768307,
      0.3966032178280175,
      0.4542302535392867,
      0.38404427619344905,
      0.2602463590986359,
      0.21371646815577394,
      0.2936463077399176
    ],
    "fit": {
      "A": 3.4644181736035553e-13,
      "I0": 0.3333333333333334,
      "phi0": 2.3409707300705884,
      "R2": 0.0,
      "visibility_fit": 1.0393254520810662e-12,
      "visibility_fourier": 5.020511688812893e-17,
      "visibility": 5.020511688812893e-17
    },
    "cycles": 8,
    "per_cycle_V": [
      7.730389978825401e-16,
      1.0645295664322942e-15,
      8.88638426642142e-16,
      7.674400838254311e-16,
      6.506725321160798e-16,
      5.7768635923377535e-16,
      1.1913977558673336e-15,
      3.1768235704784567e-16
    ]
  },
  "diagnostics": {
    "measured_link_count": 58,
    "selection_policy": "uniform",
    "num_links": 288,
    "visibility_qc": {
      "r2_ok": false,
      "v_in_unit_interval": true,
      "i0_very_small": false
    },
    "hybrid_knobs": {
      "kick_passes": 3,
      "loop_measurement_cycles": 4
    }
  },
  "artifacts": {
    "kernel_hash": "c776a5135c116bb3a99eaad342348026ed00e0c6d5dcf8a66155f4c58107111d",
    "flip_counts_hash": "1045813912820017453b344ca74f8b8f873bba658c2e9b55c71942b9dd07c053",
    "pivot_fit_hash": "e730f86cf82cf01e0490c7477184968845e3929e6af95e60cac897b00c6a8382",
    "config_hash": "09be816148e3d54a4ba01072548fde7efe2f97f681380c3e050adf0677f43c72"
  }
}