{
  "sim": "MICC",
  "gauge": "SU3",
  "rep": "fundamental",
  "L": 12,
  "b": 3.0,
  "kappa": 1.0,
  "seed": 4,
  "measurement_model": "dephasing",
  "f": 0.05,
  "schedule": "during",
  "sigma": 0.4105406934783966,
  "sigma_err": 0.013738682569592993,
  "visibility": 5.92928290303413e-16,
  "visibility_err": 7.06077419314484e-17,
  "coherence": {
    "C": 0.25176527620552847,
    "P_entropy": 0.32895395551370343
  },
  "twist_scan": {
    "phi_values": [
      0.0,
      0.09817477042468103,
      0.19634954084936207,
      0.2945243112740431,
      0.39269908169872414,
      0.4908738521234052,
      0.5890486225480862,
      0.6872233929727672,
      0.7853981633974483,
      0.8835729338221293,
      0.9817477042468103,
      1.0799224746714913,
      1.1780972450961724,
      1.2762720155208536,
      1.3744467859455345,
      1.4726215563702154,
      1.5707963267948966,
      1.6689710972195777,
      1.7671458676442586,
      1.8653206380689396,
      1.9634954084936207,
      2.061670178918302,
      2.1598449493429825,
      2.2580197197676637,
      2.356194490192345,
      2.454369260617026,
      2.552544031041707,
      2.650718801466388,
      2.748893571891069,
      2.84706834231575,
      2.945243112740431,
      3.043417883165112,
      3.141592653589793,
      3.2397674240144743,
      3.3379421944391554,
      3.436116964863836,
      3.5342917352885173,
      3.6324665057131984,
      3.730641276137879,
      3.8288160465625602,
      3.9269908169872414,
      4.025165587411922,
      4.123340357836604,
      4.221515128261284,
      4.319689898685965,
      4.417864669110647,
      4.516039439535327,
      4.614214209960009,
      4.71238898038469,
      4.81056375080937,
      4.908738521234052,
      5.006913291658733,
      5.105088062083414,
      5.203262832508095,
      5.301437602932776,
      5.399612373357457,
      5.497787143782138,
      5.595961914206819,
      5.6941366846315,
      5.792311455056181,
      5.890486225480862,
      5.988660995905543,
      6.086835766330224,
      6.1850105367549055
    ],
    "mean_I": [
      0.6504553333852836,
      0.9500538713031114,
      0.5976514315464372,
      -0.03418982667302266,
      -0.27748320154972106,
      0.12498265065321966,
      0.7477182043546384,
      0.9323633679924578,
      0.48371006951017903,
      -0.1239224958691728,
      -0.2481412144049669,
      0.24237875383342367,
      0.8290564971203582,
      0.8916524763897684,
      0.36398981383489015,
      -0.1960830799810934,
      -0.19645348648531302,
      0.36327019049589604,
      0.8913444267064952,
      0.829485693228403,
      0.24309144680627853,
      -0.24789848822948746,
      -0.12440634818790071,
      0.48301117052639136,
      0.9321883029105287,
      0.7482520531217177,
      0.1256610248686673,
      -0.2773774835337809,
      -0.03476853063299697,
      0.5970001152138577,
      0.950018518475446,
      0.6510733193026661,
      0.016211333281383848,
      -0.28338720463644435,
      0.06901523512023039,
      0.7008564933396881,
      0.9441498682163887,
      0.5416840160134471,
      -0.0810515376879706,
      -0.26569670132579143,
      0.18295659715648688,
      0.7905891625358378,
      0.9148078810716334,
      0.42428791283324346,
      -0.1623898304536891,
      -0.22498580972310142,
      0.3026768528317741,
      0.8627497466477614,
      0.8631201531519802,
      0.30339647617077437,
      -0.22467776003982878,
      -0.16281902656173666,
      0.4235752198603904,
      0.9145651548961535,
      0.7910730148545683,
      0.18365549614027363,
      -0.2655216362438614,
      -0.08158538645505403,
      0.5410056417979988,
      0.9440441502004474,
      0.7014351972996667,
      0.06966655145280959,
      -0.2833518518087787,
      0.015593347364002436
    ],
    "fit": {
      "A": 0.0008455734748188007,
      "I0": 0.333333333333334,
      "phi0": 0.07431442050348926,
      "R2": 1.350705125746643e-06,
      "visibility_fit": 0.0025367204244563972,
      "visibility_fourier": 5.92928290303413e-16,
      "visibility": 5.92928290303413e-16
    },
    "cycles": 8,
    "per_cycle_V": [
      5.819430517509915e-16,
      6.04813151694365e-16,
      2.8275460529649216e-16,
      8.439526165626384e-16,
      8.898685019340762e-16,
      8.480987344219891e-16,
      7.165672697121563e-16,
      7.611624827504831e-16
    ]
  },
  "diagnostics": {
    "measured_link_count": 14,
    "selection_policy": "uniform",
    "num_links": 288,
    "visibility_qc": {
      "r2_ok": false,
      "v_in_unit_interval": true,
      "i0_very_small": false
    },
    "hybrid_knobs": {
      "kick_passes": 3,
      "loop_measurement_cycles": 4
    }
  },
  "artifacts": {
    "kernel_hash": "c776a5135c116bb3a99eaad342348026ed00e0c6d5dcf8a66155f4c58107111d",
    "flip_counts_hash": "7a11042fb34eaa3744d5206ec23f7fdadc3f7966920f4b324b412fb9e9cc0219",
    "pivot_fit_hash": "e730f86cf82cf01e0490c7477184968845e3929e6af95e60cac897b00c6a8382",
    "config_hash": "09be816148e3d54a4ba01072548fde7efe2f97f681380c3e050adf0677f43c72"
  }
}