{
  "sim": "MICC",
  "gauge": "SU3",
  "rep": "fundamental",
  "L": 8,
  "b": 3.0,
  "kappa": 0.75,
  "seed": 1,
  "measurement_model": "dephasing",
  "f": 0.1,
  "schedule": "during",
  "sigma": 0.36082383435233345,
  "sigma_err": 0.055364399272958685,
  "visibility": 2.2039907530474733e-16,
  "visibility_err": 3.281609074246513e-17,
  "coherence": {
    "C": 0.26618947838509793,
    "P_entropy": 0.28649820378748003
  },
  "twist_scan": {
    "phi_values": [
      0.0,
      0.09817477042468103,
      0.19634954084936207,
      0.2945243112740431,
      0.39269908169872414,
      0.4908738521234052,
      0.5890486225480862,
      0.6872233929727672,
      0.7853981633974483,
      0.8835729338221293,
      0.9817477042468103,
      1.0799224746714913,
      1.1780972450961724,
      1.2762720155208536,
      1.3744467859455345,
      1.4726215563702154,
      1.5707963267948966,
      1.6689710972195777,
      1.7671458676442586,
      1.8653206380689396,
      1.9634954084936207,
      2.061670178918302,
      2.1598449493429825,
      2.2580197197676637,
      2.356194490192345,
      2.454369260617026,
      2.552544031041707,
      2.650718801466388,
      2.748893571891069,
      2.84706834231575,
      2.945243112740431,
      3.043417883165112,
      3.141592653589793,
      3.2397674240144743,
      3.3379421944391554,
      3.436116964863836,
      3.5342917352885173,
      3.6324665057131984,
      3.730641276137879,
      3.8288160465625602,
      3.9269908169872414,
      4.025165587411922,
      4.123340357836604,
      4.221515128261284,
      4.319689898685965,
      4.417864669110647,
      4.516039439535327,
      4.614214209960009,
      4.71238898038469,
      4.81056375080937,
      4.908738521234052,
      5.006913291658733,
      5.105088062083414,
      5.203262832508095,
      5.301437602932776,
      5.399612373357457,
      5.497787143782138,
      5.595961914206819,
      5.6941366846315,
      5.792311455056181,
      5.890486225480862,
      5.988660995905543,
      6.086835766330224,
      6.1850105367549055
    ],
    "mean_I": [
      0.2966813186804338,
      -0.08472541055513344,
      -0.27634221030472705,
      -0.19117905956186038,
      0.13210175171881836,
      0.5467374939590535,
      0.8644922088574125,
      0.9411118990606337,
      0.7418128270832831,
      0.3570726049120926,
      -0.038444750245420635,
      -0.26518262812050974,
      -0.22020677250445275,
      0.07606471845092835,
      0.48913078191861625,
      0.8314680609430727,
      0.9476625879987075,
      0.7849644770493395,
      0.4172352689812422,
      0.01141633624373,
      -0.24825901004538656,
      -0.24390359163202494,
      0.022505322581685597,
      0.43002365528075404,
      0.7936466032937106,
      0.9482969503878226,
      0.823766672214714,
      0.47658991154463926,
      0.06437765939258341,
      -0.22573433977281132,
      -0.2620413036223798,
      -0.02806062962814314,
      0.3699853479862322,
      0.7513920772218,
      0.9430088769713937,
      0.8578457262285277,
      0.534564914947849,
      0.11992917270761316,
      -0.19782554219074544,
      -0.2744452323939671,
      -0.07514616041661683,
      0.30959406175457177,
      0.7051114169120873,
      0.9318492947871766,
      0.88687343917112,
      0.5906019482157386,
      0.17753588474805188,
      -0.16480139427640708,
      -0.2809959213320409,
      -0.1182978103826744,
      0.24943139768542497,
      0.6552503304229362,
      0.9149256767120537,
      0.9105702582986914,
      0.6441613440849818,
      0.23664301138591132,
      -0.12697993662704354,
      -0.28163028372115556,
      -0.15710000554804737,
      0.19007675512202693,
      0.6022890072740811,
      0.8924010064394778,
      0.9287079702890462,
      0.6947272962948088
    ],
    "fit": {
      "A": 0.31471967579192767,
      "I0": 0.33333333333333426,
      "phi0": -1.8949344975154208,
      "R2": 0.16056071154544993,
      "visibility_fit": 0.9441590273757804,
      "visibility_fourier": 2.2039907530474733e-16,
      "visibility": 2.2039907530474733e-16
    },
    "cycles": 8,
    "per_cycle_V": [
      1.684787383240749e-16,
      4.255841424284552e-16,
      2.1261201838029126e-16,
      1.8274439085295352e-16,
      2.6156134166796425e-16,
      2.642269874171031e-16,
      1.2110882838100696e-16,
      2.792002271049543e-16
    ]
  },
  "diagnostics": {
    "measured_link_count": 13,
    "selection_policy": "uniform",
    "num_links": 128,
    "visibility_qc": {
      "r2_ok": false,
      "v_in_unit_interval": true,
      "i0_very_small": false
    },
    "hybrid_knobs": {
      "kick_passes": 3,
      "loop_measurement_cycles": 4
    }
  },
  "artifacts": {
    "kernel_hash": "59ad205957406ba8769e06c45a6e3db43b483f8e2d8e66b070b3ff98425f2b57",
    "flip_counts_hash": "2f22c538feb77f48a899689bff9bdbb91197c5203a770852a4a789b6ab244652",
    "pivot_fit_hash": "d04f83ead3fcfaea1653e658999e83d0abac9536c46d06a4e4ad9b696714687e",
    "config_hash": "09be816148e3d54a4ba01072548fde7efe2f97f681380c3e050adf0677f43c72"
  }
}