{
  "sim": "MICC",
  "gauge": "SU3",
  "rep": "fundamental",
  "L": 8,
  "b": 3.0,
  "kappa": 1.0,
  "seed": 3,
  "measurement_model": "dephasing",
  "f": 0.5,
  "schedule": "during",
  "sigma": 0.7704154878368773,
  "sigma_err": 0.06549357969054473,
  "visibility": 6.265321431486822e-17,
  "visibility_err": 2.386948850242466e-17,
  "coherence": {
    "C": 0.37561419677539853,
    "P_entropy": 0.18155617778550337
  },
  "twist_scan": {
    "phi_values": [
      0.0,
      0.09817477042468103,
      0.19634954084936207,
      0.2945243112740431,
      0.39269908169872414,
      0.4908738521234052,
      0.5890486225480862,
      0.6872233929727672,
      0.7853981633974483,
      0.8835729338221293,
      0.9817477042468103,
      1.0799224746714913,
      1.1780972450961724,
      1.2762720155208536,
      1.3744467859455345,
      1.4726215563702154,
      1.5707963267948966,
      1.6689710972195777,
      1.7671458676442586,
      1.8653206380689396,
      1.9634954084936207,
      2.061670178918302,
      2.1598449493429825,
      2.2580197197676637,
      2.356194490192345,
      2.454369260617026,
      2.552544031041707,
      2.650718801466388,
      2.748893571891069,
      2.84706834231575,
      2.945243112740431,
      3.043417883165112,
      3.141592653589793,
      3.2397674240144743,
      3.3379421944391554,
      3.436116964863836,
      3.5342917352885173,
      3.6324665057131984,
      3.730641276137879,
      3.8288160465625602,
      3.9269908169872414,
      4.025165587411922,
      4.123340357836604,
      4.221515128261284,
      4.319689898685965,
      4.417864669110647,
      4.516039439535327,
      4.614214209960009,
      4.71238898038469,
      4.81056375080937,
      4.908738521234052,
      5.006913291658733,
      5.105088062083414,
      5.203262832508095,
      5.301437602932776,
      5.399612373357457,
      5.497787143782138,
      5.595961914206819,
      5.6941366846315,
      5.792311455056181,
      5.890486225480862,
      5.988660995905543,
      6.086835766330224,
      6.1850105367549055
    ],
    "mean_I": [
      0.17789405529431973,
      0.3006081081511524,
      0.43817872906339633,
      0.5281517322880972,
      0.5296812554021197,
      0.44207292688901734,
      0.30509909629046505,
      0.1809430190239321,
      0.1259689584714011,
      0.1651339887961293,
      0.2806580050432267,
      0.42009551906540477,
      0.5201448146784212,
      0.5353856033771236,
      0.4588988857272863,
      0.3254080324551275,
      0.19551510008958406,
      0.12818876428873538,
      0.15399377393294675,
      0.26121519414199823,
      0.4011767417897787,
      0.5103388003818485,
      0.5391440775385992,
      0.4745155796548884,
      0.3457932935996569,
      0.21141444608048315,
      0.13238422444939774,
      0.1445806970637654,
      0.24246692034496783,
      0.38160459540373726,
      0.49882812667656734,
      0.5409204817257813,
      0.4887726113723473,
      0.3660585585155145,
      0.22848793760327044,
      0.13851493437856968,
      0.13698541126454686,
      0.2245937397776494,
      0.3615675703762013,
      0.48572364764273446,
      0.5406977081952656,
      0.501532677870538,
      0.3860086616234399,
      0.2465711476012621,
      0.14652185198824585,
      0.13128106328954328,
      0.20776778093938014,
      0.3412586342115398,
      0.4711515665770825,
      0.5384779023779313,
      0.5126728927337199,
      0.40545147252466857,
      0.26548992487688766,
      0.15632786628481843,
      0.12752258912806744,
      0.19215108701177877,
      0.3208733730670097,
      0.4552522205861829,
      0.5342824422172688,
      0.5220859696029013,
      0.4241997463216996,
      0.2850620712629297,
      0.16783853999009965,
      0.12574618494088546
    ],
    "fit": {
      "A": 0.0004986670010180571,
      "I0": 0.3333333333333333,
      "phi0": -0.56971524605541,
      "R2": 6.931495053486003e-06,
      "visibility_fit": 0.0014960010030541713,
      "visibility_fourier": 6.265321431486822e-17,
      "visibility": 6.265321431486822e-17
    },
    "cycles": 16,
    "per_cycle_V": [
      3.6482647537890074e-16,
      3.7370170009962586e-16,
      2.960551415325453e-16,
      1.8624864862021802e-16,
      1.4293864204874177e-16,
      1.6188049778426446e-16,
      2.44346747285028e-16,
      1.9749944889541488e-16,
      3.243538620780117e-16,
      3.5360859514974374e-16,
      1.621561363698354e-16,
      3.824340550545512e-16,
      3.3297795705034787e-16,
      2.187386951576239e-16,
      2.84697287339687e-16,
      4.604393106268777e-16
    ]
  },
  "diagnostics": {
    "measured_link_count": 64,
    "selection_policy": "uniform",
    "num_links": 128,
    "creutz_sizes": [
      [
        2,
        2
      ],
      [
        3,
        3
      ]
    ],
    "loop_sizes_measured": [
      [
        1,
        1
      ],
      [
        1,
        2
      ],
      [
        2,
        1
      ],
      [
        2,
        2
      ],
      [
        2,
        3
      ],
      [
        3,
        2
      ],
      [
        3,
        3
      ]
    ],
    "visibility_qc": {
      "r2_ok": false,
      "v_in_unit_interval": true,
      "i0_very_small": false
    },
    "hybrid_knobs": {
      "kick_passes": 3,
      "loop_measurement_cycles": 6
    }
  },
  "artifacts": {
    "kernel_hash": "59ad205957406ba8769e06c45a6e3db43b483f8e2d8e66b070b3ff98425f2b57",
    "flip_counts_hash": "c1b27689be21b2ac0fdae0da5c804f2dab3460dc84baee0f4b6cda147a262623",
    "pivot_fit_hash": "e730f86cf82cf01e0490c7477184968845e3929e6af95e60cac897b00c6a8382",
    "config_hash": "3e53227bb97f97d3e0f7892c2fd75b0f2e140b1e74473c1589a222acbe454fae"
  }
}