{
  "sim": "MICC",
  "gauge": "SU3",
  "rep": "fundamental",
  "L": 12,
  "b": 3.5,
  "kappa": 0.75,
  "seed": 2,
  "measurement_model": "dephasing",
  "f": 0.3,
  "schedule": "during",
  "sigma": 0.6644605766492647,
  "sigma_err": 0.029022236969104134,
  "visibility": 3.3993893097195286e-16,
  "visibility_err": 5.2909032323617303e-17,
  "coherence": {
    "C": 0.2850654657997305,
    "P_entropy": 0.2154830667353028
  },
  "twist_scan": {
    "phi_values": [
      0.0,
      0.09817477042468103,
      0.19634954084936207,
      0.2945243112740431,
      0.39269908169872414,
      0.4908738521234052,
      0.5890486225480862,
      0.6872233929727672,
      0.7853981633974483,
      0.8835729338221293,
      0.9817477042468103,
      1.0799224746714913,
      1.1780972450961724,
      1.2762720155208536,
      1.3744467859455345,
      1.4726215563702154,
      1.5707963267948966,
      1.6689710972195777,
      1.7671458676442586,
      1.8653206380689396,
      1.9634954084936207,
      2.061670178918302,
      2.1598449493429825,
      2.2580197197676637,
      2.356194490192345,
      2.454369260617026,
      2.552544031041707,
      2.650718801466388,
      2.748893571891069,
      2.84706834231575,
      2.945243112740431,
      3.043417883165112,
      3.141592653589793,
      3.2397674240144743,
      3.3379421944391554,
      3.436116964863836,
      3.5342917352885173,
      3.6324665057131984,
      3.730641276137879,
      3.8288160465625602,
      3.9269908169872414,
      4.025165587411922,
      4.123340357836604,
      4.221515128261284,
      4.319689898685965,
      4.417864669110647,
      4.516039439535327,
      4.614214209960009,
      4.71238898038469,
      4.81056375080937,
      4.908738521234052,
      5.006913291658733,
      5.105088062083414,
      5.203262832508095,
      5.301437602932776,
      5.399612373357457,
      5.497787143782138,
      5.595961914206819,
      5.6941366846315,
      5.792311455056181,
      5.890486225480862,
      5.988660995905543,
      6.086835766330224,
      6.1850105367549055
    ],
    "mean_I": [
      0.46026770074681267,
      0.2680780999898692,
      0.1448767578019978,
      0.2209129371990497,
      0.41580069308389417,
      0.5235034180297569,
      0.43015708831840743,
      0.23444805293131757,
      0.14328118134499074,
      0.25303868518722256,
      0.44768421508033907,
      0.521437246496872,
      0.39632559328531336,
      0.204618111743111,
      0.14898920250642134,
      0.2882501114738929,
      0.47517329681996,
      0.5121423470710024,
      0.3600733410287309,
      0.1797346243362892,
      0.1617814652341504,
      0.32519406069365997,
      0.4972115483075573,
      0.49597591752444425,
      0.32279348527238333,
      0.16075384917707486,
      0.18116637004553504,
      0.36245079759641213,
      0.5129520518976577,
      0.4735592246784335,
      0.2859186699662037,
      0.14840520681029643,
      0.2063989659198534,
      0.39858856667679715,
      0.5217899088646685,
      0.44575372946761704,
      0.2508659735827723,
      0.14316324863690946,
      0.2365095783482582,
      0.43221861373534826,
      0.5233854853216755,
      0.41362798147944463,
      0.21898245158632715,
      0.14522942016979418,
      0.2703410733813518,
      0.46204855492355507,
      0.5176774641602451,
      0.37841655519277284,
      0.19149336984670653,
      0.15452431959566376,
      0.3065933256379356,
      0.48693204233037674,
      0.5048852014325156,
      0.3414726059730066,
      0.16945511835910915,
      0.17069074914222238,
      0.3438731813942825,
      0.5059128174895908,
      0.48550029662113114,
      0.3042158690702545,
      0.1537146147690089,
      0.19310744198823265,
      0.38074799670046233,
      0.5182614598563702
    ],
    "fit": {
      "A": 1.2527914250976212e-16,
      "I0": 0.33333333333333315,
      "phi0": -2.004528771928992,
      "R2": 2.220446049250313e-16,
      "visibility_fit": 3.758374275292866e-16,
      "visibility_fourier": 3.3993893097195286e-16,
      "visibility": 3.3993893097195286e-16
    },
    "cycles": 16,
    "per_cycle_V": [
      3.766974751824164e-16,
      6.094162594211103e-16,
      6.987174190363863e-16,
      4.982968768903567e-16,
      8.551040828674142e-16,
      1.0244950527706216e-15,
      7.121330722297564e-16,
      1.0541591970182108e-15,
      3.7559930594199134e-16,
      6.6336110522280005e-16,
      8.390436280506741e-16,
      9.659592045768637e-16,
      7.264263152366407e-16,
      6.700237583573877e-16,
      5.765633837957542e-16,
      9.43983296176398e-16
    ]
  },
  "diagnostics": {
    "measured_link_count": 86,
    "selection_policy": "uniform",
    "num_links": 288,
    "creutz_sizes": [
      [
        2,
        2
      ],
      [
        3,
        3
      ]
    ],
    "loop_sizes_measured": [
      [
        1,
        1
      ],
      [
        1,
        2
      ],
      [
        2,
        1
      ],
      [
        2,
        2
      ],
      [
        2,
        3
      ],
      [
        3,
        2
      ],
      [
        3,
        3
      ]
    ],
    "visibility_qc": {
      "r2_ok": false,
      "v_in_unit_interval": true,
      "i0_very_small": false
    },
    "hybrid_knobs": {
      "kick_passes": 3,
      "loop_measurement_cycles": 6
    }
  },
  "artifacts": {
    "kernel_hash": "c776a5135c116bb3a99eaad342348026ed00e0c6d5dcf8a66155f4c58107111d",
    "flip_counts_hash": "3c718ce239e2c926749d06c4b85bf1839d5fe51eaf7ab8de2413bea26f16d7e1",
    "pivot_fit_hash": "32e5af21ae29df0c4428cd8be3189fb5b9433eb374572ce92302aca28369a080",
    "config_hash": "3e53227bb97f97d3e0f7892c2fd75b0f2e140b1e74473c1589a222acbe454fae"
  }
}