{
  "sim": "MICC",
  "gauge": "SU3",
  "rep": "fundamental",
  "L": 8,
  "b": 3.0,
  "kappa": 0.75,
  "seed": 1,
  "measurement_model": "dephasing",
  "f": 0.05,
  "schedule": "during",
  "sigma": 0.49282411576688223,
  "sigma_err": 0.06361204082456128,
  "visibility": 3.849816731608873e-16,
  "visibility_err": 2.2690621784688545e-17,
  "coherence": {
    "C": 0.25163545433385337,
    "P_entropy": 0.3302509802805052
  },
  "twist_scan": {
    "phi_values": [
      0.0,
      0.09817477042468103,
      0.19634954084936207,
      0.2945243112740431,
      0.39269908169872414,
      0.4908738521234052,
      0.5890486225480862,
      0.6872233929727672,
      0.7853981633974483,
      0.8835729338221293,
      0.9817477042468103,
      1.0799224746714913,
      1.1780972450961724,
      1.2762720155208536,
      1.3744467859455345,
      1.4726215563702154,
      1.5707963267948966,
      1.6689710972195777,
      1.7671458676442586,
      1.8653206380689396,
      1.9634954084936207,
      2.061670178918302,
      2.1598449493429825,
      2.2580197197676637,
      2.356194490192345,
      2.454369260617026,
      2.552544031041707,
      2.650718801466388,
      2.748893571891069,
      2.84706834231575,
      2.945243112740431,
      3.043417883165112,
      3.141592653589793,
      3.2397674240144743,
      3.3379421944391554,
      3.436116964863836,
      3.5342917352885173,
      3.6324665057131984,
      3.730641276137879,
      3.8288160465625602,
      3.9269908169872414,
      4.025165587411922,
      4.123340357836604,
      4.221515128261284,
      4.319689898685965,
      4.417864669110647,
      4.516039439535327,
      4.614214209960009,
      4.71238898038469,
      4.81056375080937,
      4.908738521234052,
      5.006913291658733,
      5.105088062083414,
      5.203262832508095,
      5.301437602932776,
      5.399612373357457,
      5.497787143782138,
      5.595961914206819,
      5.6941366846315,
      5.792311455056181,
      5.890486225480862,
      5.988660995905543,
      6.086835766330224,
      6.1850105367549055
    ],
    "mean_I": [
      0.7458074886834273,
      0.3321291597287595,
      -0.08100249958475848,
      -0.3060343531589756,
      -0.24080664415038294,
      0.08506861124892408,
      0.5236508600721632,
      0.8758329306722585,
      0.9817315259706331,
      0.7932708976946842,
      0.3960082309870758,
      -0.029707528928451736,
      -0.29061032737277315,
      -0.2682557484753471,
      0.027207696305438366,
      0.46164578021223374,
      0.8378326958291111,
      0.9849874483025782,
      0.8363048565336937,
      0.45928370871940316,
      0.02508372368975753,
      -0.2691773830516709,
      -0.2899112210804489,
      -0.027705061408173297,
      0.39840498134614283,
      0.7949738563377244,
      0.9819675852769945,
      0.8744949246520807,
      0.5213462154852826,
      0.08284358855521196,
      -0.2419419311659189,
      -0.3055645079264165,
      -0.07914082201676095,
      0.33453750693790707,
      0.7476691662514258,
      0.972701019825642,
      0.9074733108170503,
      0.5815980554177427,
      0.14301580659450447,
      -0.20916626400559116,
      -0.3150648593039665,
      -0.1266042310280195,
      0.2706584356795912,
      0.6963741955951184,
      0.9572769940394388,
      0.9349224151420138,
      0.6394589703612297,
      0.20502088645443153,
      -0.17116602916244392,
      -0.31832078163591127,
      -0.16963818986702647,
      0.2073829579472632,
      0.6415829429769104,
      0.9358440497183373,
      0.9565778877471162,
      0.6943717280748389,
      0.26826168532052447,
      -0.12830718967105564,
      -0.31530091861032733,
      -0.20782825798541416,
      0.1453204511813817,
      0.5838230781114544,
      0.9086085978325849,
      0.9722311745930832
    ],
    "fit": {
      "A": 0.5404187770977753,
      "I0": 0.33333333333333215,
      "phi0": -1.8148345647137143,
      "R2": 0.4775549754852202,
      "visibility_fit": 1.0,
      "visibility_fourier": 3.849816731608873e-16,
      "visibility": 3.849816731608873e-16
    },
    "cycles": 8,
    "per_cycle_V": [
      5.313964781122315e-16,
      3.193920483595662e-16,
      3.9743817180980374e-16,
      4.0529095647135363e-16,
      4.778670396027088e-16,
      4.2540711198869494e-16,
      4.533461447957379e-16,
      3.848047961747612e-16
    ]
  },
  "diagnostics": {
    "measured_link_count": 6,
    "selection_policy": "uniform",
    "num_links": 128,
    "visibility_qc": {
      "r2_ok": false,
      "v_in_unit_interval": true,
      "i0_very_small": false
    },
    "hybrid_knobs": {
      "kick_passes": 3,
      "loop_measurement_cycles": 4
    }
  },
  "artifacts": {
    "kernel_hash": "59ad205957406ba8769e06c45a6e3db43b483f8e2d8e66b070b3ff98425f2b57",
    "flip_counts_hash": "2f22c538feb77f48a899689bff9bdbb91197c5203a770852a4a789b6ab244652",
    "pivot_fit_hash": "d04f83ead3fcfaea1653e658999e83d0abac9536c46d06a4e4ad9b696714687e",
    "config_hash": "09be816148e3d54a4ba01072548fde7efe2f97f681380c3e050adf0677f43c72"
  }
}