{
  "sim": "MICC",
  "gauge": "SU3",
  "rep": "fundamental",
  "L": 8,
  "b": 3.0,
  "kappa": 0.75,
  "seed": 2,
  "measurement_model": "dephasing",
  "f": 0.3,
  "schedule": "during",
  "sigma": 0.5858492087232877,
  "sigma_err": 0.09255699787826316,
  "visibility": 2.0880112542236883e-16,
  "visibility_err": 5.748415958737906e-17,
  "coherence": {
    "C": 0.3090389545578324,
    "P_entropy": 0.21079154349699436
  },
  "twist_scan": {
    "phi_values": [
      0.0,
      0.09817477042468103,
      0.19634954084936207,
      0.2945243112740431,
      0.39269908169872414,
      0.4908738521234052,
      0.5890486225480862,
      0.6872233929727672,
      0.7853981633974483,
      0.8835729338221293,
      0.9817477042468103,
      1.0799224746714913,
      1.1780972450961724,
      1.2762720155208536,
      1.3744467859455345,
      1.4726215563702154,
      1.5707963267948966,
      1.6689710972195777,
      1.7671458676442586,
      1.8653206380689396,
      1.9634954084936207,
      2.061670178918302,
      2.1598449493429825,
      2.2580197197676637,
      2.356194490192345,
      2.454369260617026,
      2.552544031041707,
      2.650718801466388,
      2.748893571891069,
      2.84706834231575,
      2.945243112740431,
      3.043417883165112,
      3.141592653589793,
      3.2397674240144743,
      3.3379421944391554,
      3.436116964863836,
      3.5342917352885173,
      3.6324665057131984,
      3.730641276137879,
      3.8288160465625602,
      3.9269908169872414,
      4.025165587411922,
      4.123340357836604,
      4.221515128261284,
      4.319689898685965,
      4.417864669110647,
      4.516039439535327,
      4.614214209960009,
      4.71238898038469,
      4.81056375080937,
      4.908738521234052,
      5.006913291658733,
      5.105088062083414,
      5.203262832508095,
      5.301437602932776,
      5.399612373357457,
      5.497787143782138,
      5.595961914206819,
      5.6941366846315,
      5.792311455056181,
      5.890486225480862,
      5.988660995905543,
      6.086835766330224,
      6.1850105367549055
    ],
    "mean_I": [
      0.35423855145638783,
      0.17123153518490222,
      0.06181534625501165,
      0.07566264690666209,
      0.20648705214571728,
      0.3948970171035721,
      0.5553583567247743,
      0.6150249775424748,
      0.5468094811390988,
      0.38168027671912264,
      0.19460257077827103,
      0.07050573063145038,
      0.06572712724674767,
      0.1824361466558694,
      0.3676493340505027,
      0.5372837745547476,
      0.6143289786803555,
      0.5638080345172317,
      0.40865639448792446,
      0.2193096594529945,
      0.08172728849809063,
      0.058368801639880154,
      0.15983846356251805,
      0.3400711691514928,
      0.517245038145107,
      0.6109268381456996,
      0.5785869905326764,
      0.4349071100020342,
      0.24511485843886577,
      0.09537195011834929,
      0.05365853478412319,
      0.13891163090700331,
      0.3124281152102786,
      0.4954351314817644,
      0.6048513204116552,
      0.5910040197600048,
      0.4601796145209497,
      0.27176964956309446,
      0.11130830994189271,
      0.05164168912419201,
      0.11985718552756777,
      0.2849863899475431,
      0.4720640958883957,
      0.5961609360352162,
      0.6009395394199192,
      0.4842305200107974,
      0.29901733261616453,
      0.12938289211191847,
      0.05233768798631112,
      0.1028586321494344,
      0.25801027217874234,
      0.4473570072136719,
      0.5849393781685763,
      0.6082978650267864,
      0.5068282031041489,
      0.3265954975151732,
      0.14942162852155993,
      0.05573982852096729,
      0.08807967613399036,
      0.23175955666463216,
      0.42155180822780003,
      0.5712947165483173,
      0.6130081318825433,
      0.5277550357596629
    ],
    "fit": {
      "A": 0.0005582567851766092,
      "I0": 0.3333333333333334,
      "phi0": 0.8398754547699021,
      "R2": 3.3133788270856e-06,
      "visibility_fit": 0.001674770355529827,
      "visibility_fourier": 2.0880112542236883e-16,
      "visibility": 2.0880112542236883e-16
    },
    "cycles": 8,
    "per_cycle_V": [
      1.4966170056393289e-16,
      1.2880362877326425e-16,
      3.4367478204976074e-16,
      3.356589068483857e-16,
      1.9130255764857456e-16,
      5.529832857648939e-16,
      3.1762497881144714e-17,
      2.868939079948836e-16
    ]
  },
  "diagnostics": {
    "measured_link_count": 38,
    "selection_policy": "uniform",
    "num_links": 128,
    "visibility_qc": {
      "r2_ok": false,
      "v_in_unit_interval": true,
      "i0_very_small": false
    },
    "hybrid_knobs": {
      "kick_passes": 3,
      "loop_measurement_cycles": 4
    }
  },
  "artifacts": {
    "kernel_hash": "59ad205957406ba8769e06c45a6e3db43b483f8e2d8e66b070b3ff98425f2b57",
    "flip_counts_hash": "2268e99a6015a7b96d81d3b1a331fda63562012ba66381118831ac9c8b2f0d5d",
    "pivot_fit_hash": "d04f83ead3fcfaea1653e658999e83d0abac9536c46d06a4e4ad9b696714687e",
    "config_hash": "09be816148e3d54a4ba01072548fde7efe2f97f681380c3e050adf0677f43c72"
  }
}