{
  "sim": "MICC",
  "gauge": "SU3",
  "rep": "fundamental",
  "L": 12,
  "b": 3.5,
  "kappa": 0.75,
  "seed": 1,
  "measurement_model": "dephasing",
  "f": 0.3,
  "schedule": "pre",
  "sigma": 0.39495647782270116,
  "sigma_err": 0.09782116112813191,
  "visibility": 7.239472104982043e-16,
  "visibility_err": 2.6089122177951148e-31,
  "coherence": {
    "C": 0.25085707015878256,
    "P_entropy": 0.2825356758586842
  },
  "twist_scan": {
    "phi_values": [
      0.0,
      0.09817477042468103,
      0.19634954084936207,
      0.2945243112740431,
      0.39269908169872414,
      0.4908738521234052,
      0.5890486225480862,
      0.6872233929727672,
      0.7853981633974483,
      0.8835729338221293,
      0.9817477042468103,
      1.0799224746714913,
      1.1780972450961724,
      1.2762720155208536,
      1.3744467859455345,
      1.4726215563702154,
      1.5707963267948966,
      1.6689710972195777,
      1.7671458676442586,
      1.8653206380689396,
      1.9634954084936207,
      2.061670178918302,
      2.1598449493429825,
      2.2580197197676637,
      2.356194490192345,
      2.454369260617026,
      2.552544031041707,
      2.650718801466388,
      2.748893571891069,
      2.84706834231575,
      2.945243112740431,
      3.043417883165112,
      3.141592653589793,
      3.2397674240144743,
      3.3379421944391554,
      3.436116964863836,
      3.5342917352885173,
      3.6324665057131984,
      3.730641276137879,
      3.8288160465625602,
      3.9269908169872414,
      4.025165587411922,
      4.123340357836604,
      4.221515128261284,
      4.319689898685965,
      4.417864669110647,
      4.516039439535327,
      4.614214209960009,
      4.71238898038469,
      4.81056375080937,
      4.908738521234052,
      5.006913291658733,
      5.105088062083414,
      5.203262832508095,
      5.301437602932776,
      5.399612373357457,
      5.497787143782138,
      5.595961914206819,
      5.6941366846315,
      5.792311455056181,
      5.890486225480862,
      5.988660995905543,
      6.086835766330224,
      6.1850105367549055
    ],
    "mean_I": [
      -0.026452981743594457,
      0.6587069470231187,
      0.9998797678955559,
      0.6363753480348179,
      -0.047507067525978136,
      -0.3287625258013202,
      0.08995407926848219,
      0.7659728201133539,
      0.9846022719785364,
      0.5147059515002715,
      -0.1469386846049053,
      -0.30083660892345065,
      0.2157140685256129,
      0.8566126003536532,
      0.94429687598521,
      0.3860665069645068,
      -0.22791371737411698,
      -0.24853989681125402,
      0.3459941001676605,
      0.9271430518207532,
      0.8805124936800739,
      0.2554005561391977,
      -0.28732034073561247,
      -0.17388212278286821,
      0.47578758564050533,
      0.9748537288187107,
      0.7957003231044208,
      0.1277295182362577,
      -0.32287559146923034,
      -0.07973234322564017,
      0.6001066340864482,
      0.9979111367869462,
      0.6931196484102613,
      0.007959719643547315,
      -0.3332131012288899,
      0.0302913186318465,
      0.7141737341926435,
      0.9954291924679862,
      0.5767125873981861,
      -0.09930615344668617,
      -0.31793560531187065,
      0.15196071516639098,
      0.8136053512715716,
      0.9675032755901168,
      0.4509525981410572,
      -0.1899459336869861,
      -0.2776302093185445,
      0.28060015970216173,
      0.8945803840407819,
      0.9152065634779215,
      0.3206725664990043,
      -0.2604763851540865,
      -0.21384582701340676,
      0.41126611052746764,
      0.9539870074022778,
      0.8405487894495325,
      0.1908790810261617,
      -0.30818706215204267,
      -0.12903365643775436,
      0.5389371484304072,
      0.989542258135896,
      0.7463990098923072,
      0.06656003258021848,
      -0.33124447012028074
    ],
    "fit": {
      "A": 2.3645943029937183e-16,
      "I0": 0.33333333333333315,
      "phi0": 1.0723287708926386,
      "R2": 0.0,
      "visibility_fit": 7.093782908981159e-16,
      "visibility_fourier": 7.239472104982043e-16,
      "visibility": 7.239472104982043e-16
    },
    "cycles": 8,
    "per_cycle_V": [
      7.822601848801995e-16,
      7.822601848801995e-16,
      7.822601848801995e-16,
      7.822601848801995e-16,
      7.822601848801995e-16,
      7.822601848801995e-16,
      7.822601848801995e-16,
      7.822601848801995e-16
    ]
  },
  "diagnostics": {
    "measured_link_count": 86,
    "selection_policy": "uniform",
    "num_links": 288,
    "visibility_qc": {
      "r2_ok": false,
      "v_in_unit_interval": true,
      "i0_very_small": false
    },
    "hybrid_knobs": {
      "kick_passes": 3,
      "loop_measurement_cycles": 4
    }
  },
  "artifacts": {
    "kernel_hash": "c776a5135c116bb3a99eaad342348026ed00e0c6d5dcf8a66155f4c58107111d",
    "flip_counts_hash": "1045813912820017453b344ca74f8b8f873bba658c2e9b55c71942b9dd07c053",
    "pivot_fit_hash": "32e5af21ae29df0c4428cd8be3189fb5b9433eb374572ce92302aca28369a080",
    "config_hash": "09be816148e3d54a4ba01072548fde7efe2f97f681380c3e050adf0677f43c72"
  }
}