{
  "sim": "MICC",
  "gauge": "SU3",
  "rep": "fundamental",
  "L": 12,
  "b": 3.0,
  "kappa": 1.0,
  "seed": 2,
  "measurement_model": "dephasing",
  "f": 0.1,
  "schedule": "during",
  "sigma": 0.3404398794217361,
  "sigma_err": 0.021251359133360626,
  "visibility": 3.3549028017111325e-16,
  "visibility_err": 6.733542694617418e-17,
  "coherence": {
    "C": 0.26167720990488647,
    "P_entropy": 0.2884967166572127
  },
  "twist_scan": {
    "phi_values": [
      0.0,
      0.09817477042468103,
      0.19634954084936207,
      0.2945243112740431,
      0.39269908169872414,
      0.4908738521234052,
      0.5890486225480862,
      0.6872233929727672,
      0.7853981633974483,
      0.8835729338221293,
      0.9817477042468103,
      1.0799224746714913,
      1.1780972450961724,
      1.2762720155208536,
      1.3744467859455345,
      1.4726215563702154,
      1.5707963267948966,
      1.6689710972195777,
      1.7671458676442586,
      1.8653206380689396,
      1.9634954084936207,
      2.061670178918302,
      2.1598449493429825,
      2.2580197197676637,
      2.356194490192345,
      2.454369260617026,
      2.552544031041707,
      2.650718801466388,
      2.748893571891069,
      2.84706834231575,
      2.945243112740431,
      3.043417883165112,
      3.141592653589793,
      3.2397674240144743,
      3.3379421944391554,
      3.436116964863836,
      3.5342917352885173,
      3.6324665057131984,
      3.730641276137879,
      3.8288160465625602,
      3.9269908169872414,
      4.025165587411922,
      4.123340357836604,
      4.221515128261284,
      4.319689898685965,
      4.417864669110647,
      4.516039439535327,
      4.614214209960009,
      4.71238898038469,
      4.81056375080937,
      4.908738521234052,
      5.006913291658733,
      5.105088062083414,
      5.203262832508095,
      5.301437602932776,
      5.399612373357457,
      5.497787143782138,
      5.595961914206819,
      5.6941366846315,
      5.792311455056181,
      5.890486225480862,
      5.988660995905543,
      6.086835766330224,
      6.1850105367549055
    ],
    "mean_I": [
      0.7705147993000884,
      0.7101746745366045,
      0.2514354244552872,
      -0.12072082186590513,
      -0.01284805199503266,
      0.4610099377451822,
      0.7998873880392375,
      0.6455208468040879,
      0.1611076288833001,
      -0.14122745028802908,
      0.05814622813396871,
      0.5484495101395493,
      0.8113305661025679,
      0.5688698280056645,
      0.0773983705480407,
      -0.143496973932338,
      0.1397157943890754,
      0.6276222884977978,
      0.8044045785745126,
      0.4831672738073726,
      0.0035245493026390545,
      -0.12744217627794424,
      0.22872597408384196,
      0.6954857073482215,
      0.7793755872716372,
      0.39170668530450303,
      -0.05767490533136084,
      -0.09368003419507169,
      0.32175615593008555,
      0.7494318135626449,
      0.7372054422932909,
      0.2980028416215371,
      -0.10384813263342141,
      -0.04350800786993762,
      0.4152312422113803,
      0.7873874885325718,
      0.6795147186617002,
      0.20565672892148468,
      -0.13322072137257113,
      0.02114581986257813,
      0.505559037783366,
      0.8078941169546963,
      0.6085204385326977,
      0.11821715652711764,
      -0.1446638994359011,
      0.09779683866100196,
      0.5892682961186244,
      0.8101636405990049,
      0.5269508722775922,
      0.03904437816887145,
      -0.13773791190784587,
      0.18349939285929365,
      0.6631421173640288,
      0.7941088429446108,
      0.43794069258282575,
      -0.028819040681555576,
      -0.11270892060497034,
      0.2749599813621604,
      0.7243415719980271,
      0.7603467008617386,
      0.3449105107365841,
      -0.08276514689597805,
      -0.07053877562662408,
      0.36866382504513145
    ],
    "fit": {
      "A": 5.838420049058728e-06,
      "I0": 0.33333333333333326,
      "phi0": 2.1110195387130357,
      "R2": 1.0920897519639539e-10,
      "visibility_fit": 1.7515260147176188e-05,
      "visibility_fourier": 3.3549028017111325e-16,
      "visibility": 3.3549028017111325e-16
    },
    "cycles": 16,
    "per_cycle_V": [
      1.0129642352998545e-15,
      7.520483652241452e-16,
      9.334917381056434e-16,
      3.5578464334334983e-16,
      1.0077062135348897e-15,
      8.167898087193946e-16,
      3.5457409431995774e-16,
      7.880326572464269e-16,
      4.396880419946618e-16,
      1.6613091771692113e-16,
      5.833493341961712e-16,
      2.3263573189358896e-16,
      3.581542574837197e-16,
      5.90679075007525e-16,
      6.496099352614575e-16,
      5.316096550493058e-16
    ]
  },
  "diagnostics": {
    "measured_link_count": 29,
    "selection_policy": "uniform",
    "num_links": 288,
    "creutz_sizes": [
      [
        2,
        2
      ],
      [
        3,
        3
      ]
    ],
    "loop_sizes_measured": [
      [
        1,
        1
      ],
      [
        1,
        2
      ],
      [
        2,
        1
      ],
      [
        2,
        2
      ],
      [
        2,
        3
      ],
      [
        3,
        2
      ],
      [
        3,
        3
      ]
    ],
    "visibility_qc": {
      "r2_ok": false,
      "v_in_unit_interval": true,
      "i0_very_small": false
    },
    "hybrid_knobs": {
      "kick_passes": 3,
      "loop_measurement_cycles": 6
    }
  },
  "artifacts": {
    "kernel_hash": "c776a5135c116bb3a99eaad342348026ed00e0c6d5dcf8a66155f4c58107111d",
    "flip_counts_hash": "3c718ce239e2c926749d06c4b85bf1839d5fe51eaf7ab8de2413bea26f16d7e1",
    "pivot_fit_hash": "e730f86cf82cf01e0490c7477184968845e3929e6af95e60cac897b00c6a8382",
    "config_hash": "3e53227bb97f97d3e0f7892c2fd75b0f2e140b1e74473c1589a222acbe454fae"
  }
}