{
  "sim": "MICC",
  "gauge": "SU3",
  "rep": "fundamental",
  "L": 8,
  "b": 3.0,
  "kappa": 1.0,
  "seed": 0,
  "measurement_model": "dephasing",
  "f": 0.2,
  "schedule": "during",
  "sigma": 0.39519737992468956,
  "sigma_err": 0.042832344334155635,
  "visibility": 6.475219911370579e-17,
  "visibility_err": 2.7520985531045288e-17,
  "coherence": {
    "C": 0.2908199501407224,
    "P_entropy": 0.24636905130812284
  },
  "twist_scan": {
    "phi_values": [
      0.0,
      0.09817477042468103,
      0.19634954084936207,
      0.2945243112740431,
      0.39269908169872414,
      0.4908738521234052,
      0.5890486225480862,
      0.6872233929727672,
      0.7853981633974483,
      0.8835729338221293,
      0.9817477042468103,
      1.0799224746714913,
      1.1780972450961724,
      1.2762720155208536,
      1.3744467859455345,
      1.4726215563702154,
      1.5707963267948966,
      1.6689710972195777,
      1.7671458676442586,
      1.8653206380689396,
      1.9634954084936207,
      2.061670178918302,
      2.1598449493429825,
      2.2580197197676637,
      2.356194490192345,
      2.454369260617026,
      2.552544031041707,
      2.650718801466388,
      2.748893571891069,
      2.84706834231575,
      2.945243112740431,
      3.043417883165112,
      3.141592653589793,
      3.2397674240144743,
      3.3379421944391554,
      3.436116964863836,
      3.5342917352885173,
      3.6324665057131984,
      3.730641276137879,
      3.8288160465625602,
      3.9269908169872414,
      4.025165587411922,
      4.123340357836604,
      4.221515128261284,
      4.319689898685965,
      4.417864669110647,
      4.516039439535327,
      4.614214209960009,
      4.71238898038469,
      4.81056375080937,
      4.908738521234052,
      5.006913291658733,
      5.105088062083414,
      5.203262832508095,
      5.301437602932776,
      5.399612373357457,
      5.497787143782138,
      5.595961914206819,
      5.6941366846315,
      5.792311455056181,
      5.890486225480862,
      5.988660995905543,
      6.086835766330224,
      6.1850105367549055
    ],
    "mean_I": [
      0.13821011578203374,
      0.11941986291904166,
      0.19774185339393702,
      0.3376195409874705,
      0.4755513799165925,
      0.5489191990105724,
      0.5244155422815953,
      0.41316455759339293,
      0.2656718661006132,
      0.14889606615176804,
      0.11585092952404125,
      0.18153825738082122,
      0.3161373761820605,
      0.4585431000188224,
      0.5441062075065907,
      0.5339828366903181,
      0.43276878627405746,
      0.2864131190924251,
      0.1613582482281269,
      0.11437647056569968,
      0.16679653092875765,
      0.2948208178442839,
      0.44032898162124945,
      0.5372633580041475,
      0.5416177666955372,
      0.45141539718595514,
      0.30760623939657494,
      0.17547664438519348,
      0.1150106858898069,
      0.15365864492212677,
      0.2738751560837487,
      0.4210844366408936,
      0.528456550884633,
      0.5472468037476251,
      0.4689248132727297,
      0.3290471256791966,
      0.19111528675007428,
      0.11774746765609444,
      0.1422511243850712,
      0.2535021090732736,
      0.40099480056605336,
      0.5177706005148984,
      0.5508157371426254,
      0.4851284092858457,
      0.350529290484607,
      0.2081235666478445,
      0.12256045916007621,
      0.13268382997634875,
      0.23389788039260906,
      0.38025354757424096,
      0.50530841843854,
      0.5522901961009671,
      0.4998701357379087,
      0.371845848822383,
      0.22633768504541749,
      0.12940330866251912,
      0.12504889997112956,
      0.21525126948071097,
      0.3590604272700917,
      0.491190022281473,
      0.5516559807768598,
      0.5130080217445402,
      0.3927915105829182,
      0.24558223002577267
    ],
    "fit": {
      "A": 2.949024682056295e-05,
      "I0": 0.33333333333333337,
      "phi0": -1.0813529594573736,
      "R2": 1.6624411958154894e-08,
      "visibility_fit": 8.847074046168884e-05,
      "visibility_fourier": 6.475219911370579e-17,
      "visibility": 6.475219911370579e-17
    },
    "cycles": 16,
    "per_cycle_V": [
      8.995324281840134e-17,
      2.5299576595331355e-16,
      1.5443545635780623e-16,
      2.2733814925478795e-16,
      1.9690926332680974e-16,
      2.9169189550530625e-16,
      7.618757788066437e-17,
      3.6729978989263303e-16,
      1.5884745894366165e-16,
      3.3498246964100086e-16,
      2.0269559045955671e-16,
      1.888899252800865e-16,
      2.777657885048373e-16,
      1.1969989714842005e-16,
      3.3337423855539897e-16,
      4.854197856243381e-16
    ]
  },
  "diagnostics": {
    "measured_link_count": 26,
    "selection_policy": "uniform",
    "num_links": 128,
    "creutz_sizes": [
      [
        2,
        2
      ],
      [
        3,
        3
      ]
    ],
    "loop_sizes_measured": [
      [
        1,
        1
      ],
      [
        1,
        2
      ],
      [
        2,
        1
      ],
      [
        2,
        2
      ],
      [
        2,
        3
      ],
      [
        3,
        2
      ],
      [
        3,
        3
      ]
    ],
    "visibility_qc": {
      "r2_ok": false,
      "v_in_unit_interval": true,
      "i0_very_small": false
    },
    "hybrid_knobs": {
      "kick_passes": 3,
      "loop_measurement_cycles": 6
    }
  },
  "artifacts": {
    "kernel_hash": "59ad205957406ba8769e06c45a6e3db43b483f8e2d8e66b070b3ff98425f2b57",
    "flip_counts_hash": "051ffecc2b526e5161a7cdb343471ea2bcf4c30d07d6aca6b7e9329b81a2e42c",
    "pivot_fit_hash": "e730f86cf82cf01e0490c7477184968845e3929e6af95e60cac897b00c6a8382",
    "config_hash": "3e53227bb97f97d3e0f7892c2fd75b0f2e140b1e74473c1589a222acbe454fae"
  }
}