{
  "sim": "MICC",
  "gauge": "SU3",
  "rep": "fundamental",
  "L": 12,
  "b": 3.0,
  "kappa": 0.75,
  "seed": 2,
  "measurement_model": "dephasing",
  "f": 0.1,
  "schedule": "during",
  "sigma": 0.3404398794218341,
  "sigma_err": 0.021251359133637477,
  "visibility": 1.9411739907940937e-16,
  "visibility_err": 7.455391022806671e-17,
  "coherence": {
    "C": 0.2616772099049553,
    "P_entropy": 0.2884967166572127
  },
  "twist_scan": {
    "phi_values": [
      0.0,
      0.09817477042468103,
      0.19634954084936207,
      0.2945243112740431,
      0.39269908169872414,
      0.4908738521234052,
      0.5890486225480862,
      0.6872233929727672,
      0.7853981633974483,
      0.8835729338221293,
      0.9817477042468103,
      1.0799224746714913,
      1.1780972450961724,
      1.2762720155208536,
      1.3744467859455345,
      1.4726215563702154,
      1.5707963267948966,
      1.6689710972195777,
      1.7671458676442586,
      1.8653206380689396,
      1.9634954084936207,
      2.061670178918302,
      2.1598449493429825,
      2.2580197197676637,
      2.356194490192345,
      2.454369260617026,
      2.552544031041707,
      2.650718801466388,
      2.748893571891069,
      2.84706834231575,
      2.945243112740431,
      3.043417883165112,
      3.141592653589793,
      3.2397674240144743,
      3.3379421944391554,
      3.436116964863836,
      3.5342917352885173,
      3.6324665057131984,
      3.730641276137879,
      3.8288160465625602,
      3.9269908169872414,
      4.025165587411922,
      4.123340357836604,
      4.221515128261284,
      4.319689898685965,
      4.417864669110647,
      4.516039439535327,
      4.614214209960009,
      4.71238898038469,
      4.81056375080937,
      4.908738521234052,
      5.006913291658733,
      5.105088062083414,
      5.203262832508095,
      5.301437602932776,
      5.399612373357457,
      5.497787143782138,
      5.595961914206819,
      5.6941366846315,
      5.792311455056181,
      5.890486225480862,
      5.988660995905543,
      6.086835766330224,
      6.1850105367549055
    ],
    "mean_I": [
      0.7705147992930175,
      0.7101746745473518,
      0.2514354244724907,
      -0.12072082186043315,
      -0.012848052007077341,
      0.46100993772835464,
      0.7998873880354177,
      0.6455208468173136,
      0.16110762889958957,
      -0.14122745028589723,
      0.058146228119689045,
      0.5484495101239549,
      0.8113305661021453,
      0.5688698280208604,
      0.0773983705627901,
      -0.1434969739336282,
      0.13971579437310958,
      0.6276222884840358,
      0.8044045785775037,
      0.4831672738239549,
      0.003524549315281525,
      -0.127442176282607,
      0.22872597406680356,
      0.6954857073368205,
      0.7793755872779269,
      0.3917066853218341,
      -0.0576749053213109,
      -0.09368003420292782,
      0.3217561559126291,
      0.7494318135540434,
      0.7372054423026376,
      0.298002841638951,
      -0.1038481326263504,
      -0.04350800788068507,
      0.41523124219417684,
      0.7873874885270998,
      0.6795147186737451,
      0.20565672893831233,
      -0.1332207213687509,
      0.021145819849352425,
      0.5055590377670766,
      0.8078941169525645,
      0.6085204385469771,
      0.11821715654271198,
      -0.14466389943547828,
      0.09779683864580606,
      0.5892682961038751,
      0.8101636406002951,
      0.526950872293558,
      0.039044378182633635,
      -0.13773791191083673,
      0.18349939284271163,
      0.6631421173513865,
      0.7941088429492736,
      0.43794069259986423,
      -0.028819040670154596,
      -0.11270892061126019,
      0.2749599813448296,
      0.7243415719879771,
      0.7603467008695948,
      0.34491051075404067,
      -0.08276514688737634,
      -0.07053877563597077,
      0.36866382502771755
    ],
    "fit": {
      "A": 5.838420048977174e-06,
      "I0": 0.33333333333333337,
      "phi0": 2.111019539764352,
      "R2": 1.0920941928560524e-10,
      "visibility_fit": 1.751526014693152e-05,
      "visibility_fourier": 1.9411739907940937e-16,
      "visibility": 1.9411739907940937e-16
    },
    "cycles": 16,
    "per_cycle_V": [
      1.0122613157273173e-15,
      8.152495863595666e-16,
      9.144043770666714e-16,
      1.5846111777261602e-16,
      1.044049402989109e-15,
      7.942733418603577e-16,
      4.292770316650215e-16,
      7.472618374079165e-16,
      5.823804458556895e-16,
      2.5893689767961223e-16,
      6.078765680910002e-16,
      1.3964860686303295e-16,
      2.8433158047190294e-16,
      3.5262815204748415e-16,
      5.783189268652152e-16,
      3.425005473997419e-16
    ]
  },
  "diagnostics": {
    "measured_link_count": 29,
    "selection_policy": "uniform",
    "num_links": 288,
    "creutz_sizes": [
      [
        2,
        2
      ],
      [
        3,
        3
      ]
    ],
    "loop_sizes_measured": [
      [
        1,
        1
      ],
      [
        1,
        2
      ],
      [
        2,
        1
      ],
      [
        2,
        2
      ],
      [
        2,
        3
      ],
      [
        3,
        2
      ],
      [
        3,
        3
      ]
    ],
    "visibility_qc": {
      "r2_ok": false,
      "v_in_unit_interval": true,
      "i0_very_small": false
    },
    "hybrid_knobs": {
      "kick_passes": 3,
      "loop_measurement_cycles": 6
    }
  },
  "artifacts": {
    "kernel_hash": "c776a5135c116bb3a99eaad342348026ed00e0c6d5dcf8a66155f4c58107111d",
    "flip_counts_hash": "3c718ce239e2c926749d06c4b85bf1839d5fe51eaf7ab8de2413bea26f16d7e1",
    "pivot_fit_hash": "d04f83ead3fcfaea1653e658999e83d0abac9536c46d06a4e4ad9b696714687e",
    "config_hash": "3e53227bb97f97d3e0f7892c2fd75b0f2e140b1e74473c1589a222acbe454fae"
  }
}