{
  "sim": "MICC",
  "gauge": "SU3",
  "rep": "fundamental",
  "L": 12,
  "b": 3.0,
  "kappa": 0.75,
  "seed": 1,
  "measurement_model": "dephasing",
  "f": 0.2,
  "schedule": "during",
  "sigma": 0.5241058207188422,
  "sigma_err": 0.024565405563851797,
  "visibility": 1.7793660353290842e-16,
  "visibility_err": 7.409336957938249e-17,
  "coherence": {
    "C": 0.28185196543228286,
    "P_entropy": 0.24367619733470308
  },
  "twist_scan": {
    "phi_values": [
      0.0,
      0.09817477042468103,
      0.19634954084936207,
      0.2945243112740431,
      0.39269908169872414,
      0.4908738521234052,
      0.5890486225480862,
      0.6872233929727672,
      0.7853981633974483,
      0.8835729338221293,
      0.9817477042468103,
      1.0799224746714913,
      1.1780972450961724,
      1.2762720155208536,
      1.3744467859455345,
      1.4726215563702154,
      1.5707963267948966,
      1.6689710972195777,
      1.7671458676442586,
      1.8653206380689396,
      1.9634954084936207,
      2.061670178918302,
      2.1598449493429825,
      2.2580197197676637,
      2.356194490192345,
      2.454369260617026,
      2.552544031041707,
      2.650718801466388,
      2.748893571891069,
      2.84706834231575,
      2.945243112740431,
      3.043417883165112,
      3.141592653589793,
      3.2397674240144743,
      3.3379421944391554,
      3.436116964863836,
      3.5342917352885173,
      3.6324665057131984,
      3.730641276137879,
      3.8288160465625602,
      3.9269908169872414,
      4.025165587411922,
      4.123340357836604,
      4.221515128261284,
      4.319689898685965,
      4.417864669110647,
      4.516039439535327,
      4.614214209960009,
      4.71238898038469,
      4.81056375080937,
      4.908738521234052,
      5.006913291658733,
      5.105088062083414,
      5.203262832508095,
      5.301437602932776,
      5.399612373357457,
      5.497787143782138,
      5.595961914206819,
      5.6941366846315,
      5.792311455056181,
      5.890486225480862,
      5.988660995905543,
      6.086835766330224,
      6.1850105367549055
    ],
    "mean_I": [
      0.4155335297927919,
      0.4505181676815983,
      0.3616142339084092,
      0.2428115474762511,
      0.21970908382887694,
      0.3167309183090083,
      0.43130493430599426,
      0.44230273435792095,
      0.33809737247442045,
      0.2288554373191857,
      0.23006821568921584,
      0.3404535503767015,
      0.4433113451369244,
      0.42989966806361274,
      0.3143974316879439,
      0.2189143541140649,
      0.24439576810887328,
      0.36390255649648245,
      0.45109136265062183,
      0.41378561168064454,
      0.29142518698232345,
      0.2133703281134376,
      0.2621411412833452,
      0.3861768045135209,
      0.45434600513711954,
      0.3945798193589461,
      0.2700634488386129,
      0.21243641312738282,
      0.2826223904732573,
      0.40642030756806524,
      0.4529501985108863,
      0.37302035892670937,
      0.251133136873875,
      0.21614849898506855,
      0.3050524327582578,
      0.42385511919041574,
      0.4469575828377901,
      0.34993574835765856,
      0.23536173236067276,
      0.2243639323087458,
      0.3285692941922461,
      0.43781122934748107,
      0.4365984509774509,
      0.3262131162899654,
      0.2233553215297429,
      0.23676699860305414,
      0.35226923497872253,
      0.44775231255260217,
      0.4222708985577939,
      0.3027641101701851,
      0.21557530401604502,
      0.25288105498602226,
      0.37524147968434385,
      0.4532963385532292,
      0.40452552538332187,
      0.28048986215314553,
      0.21232066152954732,
      0.27208684730772,
      0.39660321782805386,
      0.4542302535392842,
      0.38404427619341025,
      0.2602463590986019,
      0.21371646815578066,
      0.2936463077399581
    ],
    "fit": {
      "A": 3.465226970382936e-13,
      "I0": 0.3333333333333334,
      "phi0": 2.3409596249777613,
      "R2": 0.0,
      "visibility_fit": 1.0395680911148805e-12,
      "visibility_fourier": 1.7793660353290842e-16,
      "visibility": 1.7793660353290842e-16
    },
    "cycles": 8,
    "per_cycle_V": [
      7.885551669560447e-16,
      9.846786923788445e-16,
      8.224396956672489e-16,
      9.38325117535924e-16,
      6.946312657131992e-16,
      6.889594930758472e-16,
      8.552908041467295e-16,
      3.1051458536814004e-16
    ]
  },
  "diagnostics": {
    "measured_link_count": 58,
    "selection_policy": "uniform",
    "num_links": 288,
    "visibility_qc": {
      "r2_ok": false,
      "v_in_unit_interval": true,
      "i0_very_small": false
    },
    "hybrid_knobs": {
      "kick_passes": 3,
      "loop_measurement_cycles": 4
    }
  },
  "artifacts": {
    "kernel_hash": "c776a5135c116bb3a99eaad342348026ed00e0c6d5dcf8a66155f4c58107111d",
    "flip_counts_hash": "1045813912820017453b344ca74f8b8f873bba658c2e9b55c71942b9dd07c053",
    "pivot_fit_hash": "d04f83ead3fcfaea1653e658999e83d0abac9536c46d06a4e4ad9b696714687e",
    "config_hash": "09be816148e3d54a4ba01072548fde7efe2f97f681380c3e050adf0677f43c72"
  }
}