{
  "sim": "MICC",
  "gauge": "SU3",
  "rep": "fundamental",
  "L": 8,
  "b": 3.0,
  "kappa": 0.75,
  "seed": 4,
  "measurement_model": "dephasing",
  "f": 0.1,
  "schedule": "during",
  "sigma": 0.336131248815938,
  "sigma_err": 0.03016969385646489,
  "visibility": 2.6319998685915486e-16,
  "visibility_err": 2.4774746080835073e-17,
  "coherence": {
    "C": 0.2596716160191988,
    "P_entropy": 0.2912496742048523
  },
  "twist_scan": {
    "phi_values": [
      0.0,
      0.09817477042468103,
      0.19634954084936207,
      0.2945243112740431,
      0.39269908169872414,
      0.4908738521234052,
      0.5890486225480862,
      0.6872233929727672,
      0.7853981633974483,
      0.8835729338221293,
      0.9817477042468103,
      1.0799224746714913,
      1.1780972450961724,
      1.2762720155208536,
      1.3744467859455345,
      1.4726215563702154,
      1.5707963267948966,
      1.6689710972195777,
      1.7671458676442586,
      1.8653206380689396,
      1.9634954084936207,
      2.061670178918302,
      2.1598449493429825,
      2.2580197197676637,
      2.356194490192345,
      2.454369260617026,
      2.552544031041707,
      2.650718801466388,
      2.748893571891069,
      2.84706834231575,
      2.945243112740431,
      3.043417883165112,
      3.141592653589793,
      3.2397674240144743,
      3.3379421944391554,
      3.436116964863836,
      3.5342917352885173,
      3.6324665057131984,
      3.730641276137879,
      3.8288160465625602,
      3.9269908169872414,
      4.025165587411922,
      4.123340357836604,
      4.221515128261284,
      4.319689898685965,
      4.417864669110647,
      4.516039439535327,
      4.614214209960009,
      4.71238898038469,
      4.81056375080937,
      4.908738521234052,
      5.006913291658733,
      5.105088062083414,
      5.203262832508095,
      5.301437602932776,
      5.399612373357457,
      5.497787143782138,
      5.595961914206819,
      5.6941366846315,
      5.792311455056181,
      5.890486225480862,
      5.988660995905543,
      6.086835766330224,
      6.1850105367549055
    ],
    "mean_I": [
      0.6603389975649101,
      0.32930641474359046,
      0.0001019687723326744,
      -0.17782240446488884,
      -0.1236927593344023,
      0.13791717694818262,
      0.4882419627176913,
      0.7682414693788895,
      0.8508017747804124,
      0.6984422263356073,
      0.38033087369916474,
      0.04088362030130932,
      -0.16579757754587324,
      -0.14588377704682476,
      0.09158457270424636,
      0.4388018056059503,
      0.738138557096283,
      0.8537022001499199,
      0.7330292568778697,
      0.4309027206495476,
      0.0844817224360586,
      -0.14896584710238026,
      -0.16345967201956615,
      0.04758014117848311,
      0.3883459294512934,
      0.7041371492197945,
      0.8515911888694252,
      0.763766997180381,
      0.4805349210632219,
      0.13047640161987725,
      -0.1274893118997395,
      -0.17625117877607765,
      0.006327669101756294,
      0.3373602519230763,
      0.6665646978943344,
      0.8444890711315555,
      0.7903594260010696,
      0.5287494897184841,
      0.1784247039489765,
      -0.10157480271222226,
      -0.1841351081137456,
      -0.031775559668942195,
      0.28633579296750244,
      0.6257830463653574,
      0.8324642442125392,
      0.8125504437134917,
      0.5750820939624216,
      0.22786486106071524,
      -0.07147189042961595,
      -0.18703553348325286,
      -0.06636259021120275,
      0.23576394601711875,
      0.5821849442306093,
      0.8156325137690468,
      0.8301263386862333,
      0.6190865254881827,
      0.2783207372153738,
      -0.03747048255312601,
      -0.18492452220275823,
      -0.09710033051371426,
      0.18613174560344298,
      0.5361902650467892,
      0.7941559785664057,
      0.8429178454427445
    ],
    "fit": {
      "A": 0.08018905203846896,
      "I0": 0.33333333333333276,
      "phi0": -2.1573021245534965,
      "R2": 0.015317298824531922,
      "visibility_fit": 0.2405671561154073,
      "visibility_fourier": 2.6319998685915486e-16,
      "visibility": 2.6319998685915486e-16
    },
    "cycles": 16,
    "per_cycle_V": [
      2.0020843380726833e-16,
      3.9676893639226725e-16,
      1.8119558310596518e-16,
      3.247787565352928e-16,
      2.5859346904764954e-16,
      3.7815492159521726e-16,
      5.474843097453157e-16,
      4.1991238320927935e-16,
      3.5044446629202416e-16,
      1.6333137786506713e-16,
      3.700460001457911e-16,
      3.3170208205099676e-16,
      2.4876805621126388e-16,
      3.656446431956081e-16,
      3.8088563953712236e-16,
      2.9791318956255105e-16
    ]
  },
  "diagnostics": {
    "measured_link_count": 13,
    "selection_policy": "uniform",
    "num_links": 128,
    "creutz_sizes": [
      [
        2,
        2
      ],
      [
        3,
        3
      ]
    ],
    "loop_sizes_measured": [
      [
        1,
        1
      ],
      [
        1,
        2
      ],
      [
        2,
        1
      ],
      [
        2,
        2
      ],
      [
        2,
        3
      ],
      [
        3,
        2
      ],
      [
        3,
        3
      ]
    ],
    "visibility_qc": {
      "r2_ok": false,
      "v_in_unit_interval": true,
      "i0_very_small": false
    },
    "hybrid_knobs": {
      "kick_passes": 3,
      "loop_measurement_cycles": 6
    }
  },
  "artifacts": {
    "kernel_hash": "59ad205957406ba8769e06c45a6e3db43b483f8e2d8e66b070b3ff98425f2b57",
    "flip_counts_hash": "b3326e9c852a05e144e201e0a4a89d13606dfe15c97d7e29e97870d36629453e",
    "pivot_fit_hash": "d04f83ead3fcfaea1653e658999e83d0abac9536c46d06a4e4ad9b696714687e",
    "config_hash": "3e53227bb97f97d3e0f7892c2fd75b0f2e140b1e74473c1589a222acbe454fae"
  }
}