{
  "sim": "MICC",
  "gauge": "SU3",
  "rep": "fundamental",
  "L": 12,
  "b": 3.0,
  "kappa": 1.0,
  "seed": 2,
  "measurement_model": "dephasing",
  "f": 0.3,
  "schedule": "pre",
  "sigma": 0.33879892277422813,
  "sigma_err": 0.06305130551704712,
  "visibility": 7.476987730937204e-16,
  "visibility_err": 1.1457169306481573e-30,
  "coherence": {
    "C": 0.2723345973095962,
    "P_entropy": 0.2685209336261233
  },
  "twist_scan": {
    "phi_values": [
      0.0,
      0.09817477042468103,
      0.19634954084936207,
      0.2945243112740431,
      0.39269908169872414,
      0.4908738521234052,
      0.5890486225480862,
      0.6872233929727672,
      0.7853981633974483,
      0.8835729338221293,
      0.9817477042468103,
      1.0799224746714913,
      1.1780972450961724,
      1.2762720155208536,
      1.3744467859455345,
      1.4726215563702154,
      1.5707963267948966,
      1.6689710972195777,
      1.7671458676442586,
      1.8653206380689396,
      1.9634954084936207,
      2.061670178918302,
      2.1598449493429825,
      2.2580197197676637,
      2.356194490192345,
      2.454369260617026,
      2.552544031041707,
      2.650718801466388,
      2.748893571891069,
      2.84706834231575,
      2.945243112740431,
      3.043417883165112,
      3.141592653589793,
      3.2397674240144743,
      3.3379421944391554,
      3.436116964863836,
      3.5342917352885173,
      3.6324665057131984,
      3.730641276137879,
      3.8288160465625602,
      3.9269908169872414,
      4.025165587411922,
      4.123340357836604,
      4.221515128261284,
      4.319689898685965,
      4.417864669110647,
      4.516039439535327,
      4.614214209960009,
      4.71238898038469,
      4.81056375080937,
      4.908738521234052,
      5.006913291658733,
      5.105088062083414,
      5.203262832508095,
      5.301437602932776,
      5.399612373357457,
      5.497787143782138,
      5.595961914206819,
      5.6941366846315,
      5.792311455056181,
      5.890486225480862,
      5.988660995905543,
      6.086835766330224,
      6.1850105367549055
    ],
    "mean_I": [
      0.5413199594740519,
      0.9899798289380309,
      0.7444287377451774,
      0.06426490205645077,
      -0.3314380320521356,
      -0.024340340145929902,
      0.660892293665418,
      0.9998274568499195,
      0.6341406828800926,
      -0.049561584204013236,
      -0.3284648455621554,
      0.09228924693323674,
      0.7678767207084044,
      0.9840620893692776,
      0.5122927702666314,
      -0.14867363351346014,
      -0.3000591261979159,
      0.2181820230736805,
      0.8581618890693057,
      0.9432895807270647,
      0.38356754685343203,
      -0.22926242539960817,
      -0.2473124898244744,
      0.34849999948980154,
      0.928278190360519,
      0.8790767955649144,
      0.2529118507863254,
      -0.28823097778498236,
      -0.17225196009700725,
      0.478235129431096,
      0.9755310944450959,
      0.7938913952056653,
      0.12534670719261626,
      -0.32331316227136375,
      -0.07776207107850944,
      0.602401764610215,
      0.9981046987188035,
      0.6910070068125973,
      0.005774373001250467,
      -0.3331607901832528,
      0.03252598378657322,
      0.716228250870678,
      0.9951315122288221,
      0.5743774197334305,
      -0.10121005404173443,
      -0.31739542270261,
      0.15437389640003293,
      0.8153403001801286,
      0.9667257928645833,
      0.4484846435929903,
      -0.1914952224026392,
      -0.2766229140603977,
      0.28309911981323743,
      0.8959290920662738,
      0.9139791564911429,
      0.3181666671768629,
      -0.2616115236938511,
      -0.21241012889824928,
      0.41375481588034096,
      0.9548976444516485,
      0.8389186267636769,
      0.18843153723557163,
      -0.30886442777842843,
      -0.12722472853899663
    ],
    "fit": {
      "A": 2.70248332040781e-16,
      "I0": 0.3333333333333336,
      "phi0": 0.9049806854961853,
      "R2": 0.0,
      "visibility_fit": 8.107449961223424e-16,
      "visibility_fourier": 7.476987730937204e-16,
      "visibility": 7.476987730937204e-16
    },
    "cycles": 16,
    "per_cycle_V": [
      8.201136933903748e-16,
      8.201136933903748e-16,
      8.201136933903748e-16,
      8.201136933903748e-16,
      8.201136933903748e-16,
      8.201136933903748e-16,
      8.201136933903748e-16,
      8.201136933903748e-16,
      8.201136933903748e-16,
      8.201136933903748e-16,
      8.201136933903748e-16,
      8.201136933903748e-16,
      8.201136933903748e-16,
      8.201136933903748e-16,
      8.201136933903748e-16,
      8.201136933903748e-16
    ]
  },
  "diagnostics": {
    "measured_link_count": 86,
    "selection_policy": "uniform",
    "num_links": 288,
    "creutz_sizes": [
      [
        2,
        2
      ],
      [
        3,
        3
      ]
    ],
    "loop_sizes_measured": [
      [
        1,
        1
      ],
      [
        1,
        2
      ],
      [
        2,
        1
      ],
      [
        2,
        2
      ],
      [
        2,
        3
      ],
      [
        3,
        2
      ],
      [
        3,
        3
      ]
    ],
    "visibility_qc": {
      "r2_ok": false,
      "v_in_unit_interval": true,
      "i0_very_small": false
    },
    "hybrid_knobs": {
      "kick_passes": 3,
      "loop_measurement_cycles": 6
    }
  },
  "artifacts": {
    "kernel_hash": "c776a5135c116bb3a99eaad342348026ed00e0c6d5dcf8a66155f4c58107111d",
    "flip_counts_hash": "3c718ce239e2c926749d06c4b85bf1839d5fe51eaf7ab8de2413bea26f16d7e1",
    "pivot_fit_hash": "e730f86cf82cf01e0490c7477184968845e3929e6af95e60cac897b00c6a8382",
    "config_hash": "3e53227bb97f97d3e0f7892c2fd75b0f2e140b1e74473c1589a222acbe454fae"
  }
}