{
  "sim": "MICC",
  "gauge": "SU3",
  "rep": "fundamental",
  "L": 12,
  "b": 3.0,
  "kappa": 0.75,
  "seed": 4,
  "measurement_model": "dephasing",
  "f": 0.05,
  "schedule": "during",
  "sigma": 0.28212201518436625,
  "sigma_err": 0.017587585072612526,
  "visibility": 5.718329481892403e-16,
  "visibility_err": 5.94234553366791e-17,
  "coherence": {
    "C": 0.24871645986329727,
    "P_entropy": 0.3268379042507708
  },
  "twist_scan": {
    "phi_values": [
      0.0,
      0.09817477042468103,
      0.19634954084936207,
      0.2945243112740431,
      0.39269908169872414,
      0.4908738521234052,
      0.5890486225480862,
      0.6872233929727672,
      0.7853981633974483,
      0.8835729338221293,
      0.9817477042468103,
      1.0799224746714913,
      1.1780972450961724,
      1.2762720155208536,
      1.3744467859455345,
      1.4726215563702154,
      1.5707963267948966,
      1.6689710972195777,
      1.7671458676442586,
      1.8653206380689396,
      1.9634954084936207,
      2.061670178918302,
      2.1598449493429825,
      2.2580197197676637,
      2.356194490192345,
      2.454369260617026,
      2.552544031041707,
      2.650718801466388,
      2.748893571891069,
      2.84706834231575,
      2.945243112740431,
      3.043417883165112,
      3.141592653589793,
      3.2397674240144743,
      3.3379421944391554,
      3.436116964863836,
      3.5342917352885173,
      3.6324665057131984,
      3.730641276137879,
      3.8288160465625602,
      3.9269908169872414,
      4.025165587411922,
      4.123340357836604,
      4.221515128261284,
      4.319689898685965,
      4.417864669110647,
      4.516039439535327,
      4.614214209960009,
      4.71238898038469,
      4.81056375080937,
      4.908738521234052,
      5.006913291658733,
      5.105088062083414,
      5.203262832508095,
      5.301437602932776,
      5.399612373357457,
      5.497787143782138,
      5.595961914206819,
      5.6941366846315,
      5.792311455056181,
      5.890486225480862,
      5.988660995905543,
      6.086835766330224,
      6.1850105367549055
    ],
    "mean_I": [
      0.7271697566536883,
      0.8743982564376195,
      0.4496093883377182,
      -0.09810728397081753,
      -0.18970211993379332,
      0.27165953880862476,
      0.7982231356272105,
      0.8333021994280764,
      0.339810915022768,
      -0.16052851101956217,
      -0.13875397209774928,
      0.3821143471318477,
      0.8514110602117844,
      0.7729926192802824,
      0.22976351187616295,
      -0.20397090435073784,
      -0.06966377386359927,
      0.4906945284515041,
      0.8846895482937553,
      0.6957871793373164,
      0.12369623888553145,
      -0.2267649971514039,
      0.014913377196746347,
      0.5932274072919417,
      0.8967797262389253,
      0.6046528413588739,
      0.02568520186869097,
      -0.22803482521830232,
      0.11172722859945368,
      0.6857727026204274,
      0.8872169752891114,
      0.5030918468447457,
      -0.06050308998702072,
      -0.20773158977095252,
      0.21705727832894955,
      0.764773950637484,
      0.8563687866004611,
      0.3950071278580424,
      -0.1315564689605428,
      -0.16663553276140958,
      0.3268557516438983,
      0.8271951776862284,
      0.8054206387644158,
      0.2845523195348196,
      -0.18474439354511568,
      -0.10632595261361552,
      0.43690315479050185,
      0.8706375710174058,
      0.7363304405302672,
      0.17597213821516625,
      -0.21802288162708827,
      -0.02912051267064992,
      0.5429704277811375,
      0.8934316638180705,
      0.6517532894699218,
      0.07343925937472379,
      -0.23011305957225817,
      0.06201382530778982,
      0.6409814647979755,
      0.8947014918849692,
      0.5549394380672166,
      -0.01910603595375985,
      -0.22055030862244365,
      0.16357481982192307
    ],
    "fit": {
      "A": 1.4660751902273425e-05,
      "I0": 0.33333333333333365,
      "phi0": 0.8648440524340009,
      "R2": 4.872919845411161e-10,
      "visibility_fit": 4.3982255706820234e-05,
      "visibility_fourier": 5.718329481892403e-16,
      "visibility": 5.718329481892403e-16
    },
    "cycles": 16,
    "per_cycle_V": [
      7.280453109296906e-16,
      7.651261666577765e-16,
      3.5793231535968843e-16,
      8.843321073125453e-16,
      1.046245366671856e-15,
      9.161756132840731e-16,
      7.950592124851725e-16,
      7.352690158136311e-16,
      7.282936812395133e-16,
      5.599881445248725e-16,
      1.7248209253769728e-16,
      8.599479904699705e-16,
      2.6436468654062096e-16,
      6.920573149661958e-16,
      6.732219795005983e-16,
      7.626596989604544e-16
    ]
  },
  "diagnostics": {
    "measured_link_count": 14,
    "selection_policy": "uniform",
    "num_links": 288,
    "creutz_sizes": [
      [
        2,
        2
      ],
      [
        3,
        3
      ]
    ],
    "loop_sizes_measured": [
      [
        1,
        1
      ],
      [
        1,
        2
      ],
      [
        2,
        1
      ],
      [
        2,
        2
      ],
      [
        2,
        3
      ],
      [
        3,
        2
      ],
      [
        3,
        3
      ]
    ],
    "visibility_qc": {
      "r2_ok": false,
      "v_in_unit_interval": true,
      "i0_very_small": false
    },
    "hybrid_knobs": {
      "kick_passes": 3,
      "loop_measurement_cycles": 6
    }
  },
  "artifacts": {
    "kernel_hash": "c776a5135c116bb3a99eaad342348026ed00e0c6d5dcf8a66155f4c58107111d",
    "flip_counts_hash": "7a11042fb34eaa3744d5206ec23f7fdadc3f7966920f4b324b412fb9e9cc0219",
    "pivot_fit_hash": "d04f83ead3fcfaea1653e658999e83d0abac9536c46d06a4e4ad9b696714687e",
    "config_hash": "3e53227bb97f97d3e0f7892c2fd75b0f2e140b1e74473c1589a222acbe454fae"
  }
}