{
  "sim": "MICC",
  "gauge": "SU3",
  "rep": "fundamental",
  "L": 8,
  "b": 3.5,
  "kappa": 0.75,
  "seed": 0,
  "measurement_model": "dephasing",
  "f": 0.0,
  "schedule": "pre",
  "sigma": 0.27617387235541363,
  "sigma_err": 0.05664582073296407,
  "visibility": 4.225985865289282e-16,
  "visibility_err": 3.819056435493858e-31,
  "coherence": {
    "C": 0.24660493780316123,
    "P_entropy": 0.35995650639322163
  },
  "twist_scan": {
    "phi_values": [
      0.0,
      0.09817477042468103,
      0.19634954084936207,
      0.2945243112740431,
      0.39269908169872414,
      0.4908738521234052,
      0.5890486225480862,
      0.6872233929727672,
      0.7853981633974483,
      0.8835729338221293,
      0.9817477042468103,
      1.0799224746714913,
      1.1780972450961724,
      1.2762720155208536,
      1.3744467859455345,
      1.4726215563702154,
      1.5707963267948966,
      1.6689710972195777,
      1.7671458676442586,
      1.8653206380689396,
      1.9634954084936207,
      2.061670178918302,
      2.1598449493429825,
      2.2580197197676637,
      2.356194490192345,
      2.454369260617026,
      2.552544031041707,
      2.650718801466388,
      2.748893571891069,
      2.84706834231575,
      2.945243112740431,
      3.043417883165112,
      3.141592653589793,
      3.2397674240144743,
      3.3379421944391554,
      3.436116964863836,
      3.5342917352885173,
      3.6324665057131984,
      3.730641276137879,
      3.8288160465625602,
      3.9269908169872414,
      4.025165587411922,
      4.123340357836604,
      4.221515128261284,
      4.319689898685965,
      4.417864669110647,
      4.516039439535327,
      4.614214209960009,
      4.71238898038469,
      4.81056375080937,
      4.908738521234052,
      5.006913291658733,
      5.105088062083414,
      5.203262832508095,
      5.301437602932776,
      5.399612373357457,
      5.497787143782138,
      5.595961914206819,
      5.6941366846315,
      5.792311455056181,
      5.890486225480862,
      5.988660995905543,
      6.086835766330224,
      6.1850105367549055
    ],
    "mean_I": [
      0.5130212527411693,
      0.06495709365962833,
      -0.2612698634784168,
      -0.31755940046972925,
      -0.07835724435014993,
      0.34774382693584277,
      0.7673028354025301,
      0.9898487628110453,
      0.9143504108245338,
      0.5750824528215508,
      0.12606544875339237,
      -0.22885626900823508,
      -0.32855566085047194,
      -0.1277712872647561,
      0.28234494388477416,
      0.7156088378436897,
      0.9753276448839316,
      0.9435944564790296,
      0.6348154767277501,
      0.18916990687981314,
      -0.19102848134340708,
      -0.33317756839189483,
      -0.1727446406175773,
      0.21743710689718398,
      0.6602333182033677,
      0.9546237707867964,
      0.9669613539149681,
      0.6916450627861567,
      0.25366273761072483,
      -0.1481508027579157,
      -0.33138061159778254,
      -0.21284418643088857,
      0.15364541392549685,
      0.6017095730070381,
      0.9279365301450837,
      0.9842260671363959,
      0.7450239110168172,
      0.3189228397308238,
      -0.10063616873586277,
      -0.32318209614437876,
      -0.24768374415786723,
      0.09158421384511292,
      0.5406012179132744,
      0.8955229356749013,
      0.9952223275171388,
      0.7944379539314229,
      0.38432172278189375,
      -0.04894217117702481,
      -0.30866097821726546,
      -0.27692778981236377,
      0.031851189938916905,
      0.4774967597868525,
      0.8576951480100736,
      0.9998442350585607,
      0.8394113072842443,
      0.4492295597694811,
      0.006433348463299308,
      -0.2879571041201289,
      -0.3002946872483011,
      -0.024978396119490705,
      0.4130039290559387,
      0.814817469424582,
      0.998047278264449,
      0.879510853097554
    ],
    "fit": {
      "A": 1.1415961485949947e-16,
      "I0": 0.33333333333333315,
      "phi0": -3.0493536656737312,
      "R2": 0.0,
      "visibility_fit": 3.424788445784986e-16,
      "visibility_fourier": 4.225985865289282e-16,
      "visibility": 4.225985865289282e-16
    },
    "cycles": 16,
    "per_cycle_V": [
      4.54793954382026e-16,
      4.54793954382026e-16,
      4.54793954382026e-16,
      4.54793954382026e-16,
      4.54793954382026e-16,
      4.54793954382026e-16,
      4.54793954382026e-16,
      4.54793954382026e-16,
      4.54793954382026e-16,
      4.54793954382026e-16,
      4.54793954382026e-16,
      4.54793954382026e-16,
      4.54793954382026e-16,
      4.54793954382026e-16,
      4.54793954382026e-16,
      4.54793954382026e-16
    ]
  },
  "diagnostics": {
    "measured_link_count": 0,
    "selection_policy": "uniform",
    "num_links": 128,
    "creutz_sizes": [
      [
        2,
        2
      ],
      [
        3,
        3
      ]
    ],
    "loop_sizes_measured": [
      [
        1,
        1
      ],
      [
        1,
        2
      ],
      [
        2,
        1
      ],
      [
        2,
        2
      ],
      [
        2,
        3
      ],
      [
        3,
        2
      ],
      [
        3,
        3
      ]
    ],
    "visibility_qc": {
      "r2_ok": false,
      "v_in_unit_interval": true,
      "i0_very_small": false
    },
    "hybrid_knobs": {
      "kick_passes": 3,
      "loop_measurement_cycles": 6
    }
  },
  "artifacts": {
    "kernel_hash": "59ad205957406ba8769e06c45a6e3db43b483f8e2d8e66b070b3ff98425f2b57",
    "flip_counts_hash": "051ffecc2b526e5161a7cdb343471ea2bcf4c30d07d6aca6b7e9329b81a2e42c",
    "pivot_fit_hash": "32e5af21ae29df0c4428cd8be3189fb5b9433eb374572ce92302aca28369a080",
    "config_hash": "3e53227bb97f97d3e0f7892c2fd75b0f2e140b1e74473c1589a222acbe454fae"
  }
}