{
  "sim": "MICC",
  "gauge": "SU3",
  "rep": "fundamental",
  "L": 8,
  "b": 3.0,
  "kappa": 0.75,
  "seed": 3,
  "measurement_model": "dephasing",
  "f": 0.5,
  "schedule": "during",
  "sigma": 0.7704154878334258,
  "sigma_err": 0.06549357968998823,
  "visibility": 5.147859962583745e-17,
  "visibility_err": 2.7083406152990244e-17,
  "coherence": {
    "C": 0.37561419677537006,
    "P_entropy": 0.18155617778550337
  },
  "twist_scan": {
    "phi_values": [
      0.0,
      0.09817477042468103,
      0.19634954084936207,
      0.2945243112740431,
      0.39269908169872414,
      0.4908738521234052,
      0.5890486225480862,
      0.6872233929727672,
      0.7853981633974483,
      0.8835729338221293,
      0.9817477042468103,
      1.0799224746714913,
      1.1780972450961724,
      1.2762720155208536,
      1.3744467859455345,
      1.4726215563702154,
      1.5707963267948966,
      1.6689710972195777,
      1.7671458676442586,
      1.8653206380689396,
      1.9634954084936207,
      2.061670178918302,
      2.1598449493429825,
      2.2580197197676637,
      2.356194490192345,
      2.454369260617026,
      2.552544031041707,
      2.650718801466388,
      2.748893571891069,
      2.84706834231575,
      2.945243112740431,
      3.043417883165112,
      3.141592653589793,
      3.2397674240144743,
      3.3379421944391554,
      3.436116964863836,
      3.5342917352885173,
      3.6324665057131984,
      3.730641276137879,
      3.8288160465625602,
      3.9269908169872414,
      4.025165587411922,
      4.123340357836604,
      4.221515128261284,
      4.319689898685965,
      4.417864669110647,
      4.516039439535327,
      4.614214209960009,
      4.71238898038469,
      4.81056375080937,
      4.908738521234052,
      5.006913291658733,
      5.105088062083414,
      5.203262832508095,
      5.301437602932776,
      5.399612373357457,
      5.497787143782138,
      5.595961914206819,
      5.6941366846315,
      5.792311455056181,
      5.890486225480862,
      5.988660995905543,
      6.086835766330224,
      6.1850105367549055
    ],
    "mean_I": [
      0.1778940552945325,
      0.3006081081514691,
      0.43817872906367317,
      0.5281517322882086,
      0.5296812554020148,
      0.442072926888744,
      0.3050990962901472,
      0.180943019023714,
      0.12596895847138184,
      0.16513398879631763,
      0.28065800504353705,
      0.42009551906569625,
      0.5201448146785616,
      0.535385603377049,
      0.4588988857270306,
      0.32540803245480693,
      0.19551510008934403,
      0.1281887642886848,
      0.15399377393310865,
      0.2612151941422992,
      0.40117674179008195,
      0.5103388003820164,
      0.5391440775385556,
      0.4745155796546531,
      0.3457932935993366,
      0.21141444608022342,
      0.13238422444931636,
      0.14458069706389934,
      0.24246692034525635,
      0.3816045954040493,
      0.4988281266767613,
      0.540920481725769,
      0.48877261137213424,
      0.3660585585151977,
      0.22848793760299346,
      0.13851493437845822,
      0.13698541126465164,
      0.2245937397779228,
      0.3615675703765192,
      0.48572364764295245,
      0.540697708195285,
      0.5015326778703496,
      0.3860086616231294,
      0.24657114760097049,
      0.14652185198810566,
      0.13128106328961783,
      0.2077677809396357,
      0.3412586342118603,
      0.4711515665773225,
      0.5384779023779818,
      0.5126728927335581,
      0.40545147252436775,
      0.26548992487658446,
      0.15632786628465042,
      0.127522589128111,
      0.1921510870120141,
      0.32087337306732994,
      0.4552522205864425,
      0.5342824422173503,
      0.5220859696027674,
      0.42419974632141105,
      0.28506207126261773,
      0.16783853998990575,
      0.12574618494089773
    ],
    "fit": {
      "A": 0.0004986670010180218,
      "I0": 0.3333333333333334,
      "phi0": -0.5697152460693614,
      "R2": 6.931495053486003e-06,
      "visibility_fit": 0.0014960010030540649,
      "visibility_fourier": 5.147859962583745e-17,
      "visibility": 5.147859962583745e-17
    },
    "cycles": 16,
    "per_cycle_V": [
      4.554058005187085e-16,
      3.590135075711082e-16,
      4.231046017885706e-16,
      9.250277981226926e-17,
      1.536676729090554e-16,
      1.9437229295727298e-16,
      3.0347010547197593e-16,
      2.531995403226246e-16,
      2.583806416178671e-16,
      1.923636290114713e-16,
      2.40310177001697e-16,
      3.680990761335291e-16,
      4.577120082550447e-16,
      2.55104730545778e-16,
      3.8781669226035304e-16,
      3.0024681095022943e-16
    ]
  },
  "diagnostics": {
    "measured_link_count": 64,
    "selection_policy": "uniform",
    "num_links": 128,
    "creutz_sizes": [
      [
        2,
        2
      ],
      [
        3,
        3
      ]
    ],
    "loop_sizes_measured": [
      [
        1,
        1
      ],
      [
        1,
        2
      ],
      [
        2,
        1
      ],
      [
        2,
        2
      ],
      [
        2,
        3
      ],
      [
        3,
        2
      ],
      [
        3,
        3
      ]
    ],
    "visibility_qc": {
      "r2_ok": false,
      "v_in_unit_interval": true,
      "i0_very_small": false
    },
    "hybrid_knobs": {
      "kick_passes": 3,
      "loop_measurement_cycles": 6
    }
  },
  "artifacts": {
    "kernel_hash": "59ad205957406ba8769e06c45a6e3db43b483f8e2d8e66b070b3ff98425f2b57",
    "flip_counts_hash": "c1b27689be21b2ac0fdae0da5c804f2dab3460dc84baee0f4b6cda147a262623",
    "pivot_fit_hash": "d04f83ead3fcfaea1653e658999e83d0abac9536c46d06a4e4ad9b696714687e",
    "config_hash": "3e53227bb97f97d3e0f7892c2fd75b0f2e140b1e74473c1589a222acbe454fae"
  }
}