{
  "sim": "MICC",
  "gauge": "SU3",
  "rep": "fundamental",
  "L": 8,
  "b": 3.0,
  "kappa": 0.75,
  "seed": 3,
  "measurement_model": "dephasing",
  "f": 0.3,
  "schedule": "pre",
  "sigma": 0.30486107312344213,
  "sigma_err": 0.07159705859395371,
  "visibility": 1.5139127667931408e-16,
  "visibility_err": 6.522280544487787e-32,
  "coherence": {
    "C": 0.28391389382533244,
    "P_entropy": 0.2672385497298295
  },
  "twist_scan": {
    "phi_values": [
      0.0,
      0.09817477042468103,
      0.19634954084936207,
      0.2945243112740431,
      0.39269908169872414,
      0.4908738521234052,
      0.5890486225480862,
      0.6872233929727672,
      0.7853981633974483,
      0.8835729338221293,
      0.9817477042468103,
      1.0799224746714913,
      1.1780972450961724,
      1.2762720155208536,
      1.3744467859455345,
      1.4726215563702154,
      1.5707963267948966,
      1.6689710972195777,
      1.7671458676442586,
      1.8653206380689396,
      1.9634954084936207,
      2.061670178918302,
      2.1598449493429825,
      2.2580197197676637,
      2.356194490192345,
      2.454369260617026,
      2.552544031041707,
      2.650718801466388,
      2.748893571891069,
      2.84706834231575,
      2.945243112740431,
      3.043417883165112,
      3.141592653589793,
      3.2397674240144743,
      3.3379421944391554,
      3.436116964863836,
      3.5342917352885173,
      3.6324665057131984,
      3.730641276137879,
      3.8288160465625602,
      3.9269908169872414,
      4.025165587411922,
      4.123340357836604,
      4.221515128261284,
      4.319689898685965,
      4.417864669110647,
      4.516039439535327,
      4.614214209960009,
      4.71238898038469,
      4.81056375080937,
      4.908738521234052,
      5.006913291658733,
      5.105088062083414,
      5.203262832508095,
      5.301437602932776,
      5.399612373357457,
      5.497787143782138,
      5.595961914206819,
      5.6941366846315,
      5.792311455056181,
      5.890486225480862,
      5.988660995905543,
      6.086835766330224,
      6.1850105367549055
    ],
    "mean_I": [
      0.35124636392048464,
      -0.07559586381347788,
      -0.31679278541325107,
      -0.26284604111036275,
      0.0617536750314487,
      0.5096448782009554,
      0.8774943260976282,
      0.9983060599038007,
      0.8172340782492238,
      0.41648127518286227,
      -0.022018955131991005,
      -0.29919667573632797,
      -0.289218996354293,
      0.0033844251752752634,
      0.4457777528573582,
      0.8371236649201437,
      0.9997592990486772,
      0.8598514775271574,
      0.48091542631194006,
      0.03498019034273852,
      -0.2755089562959889,
      -0.30959643234160955,
      -0.051807236326916584,
      0.38082772628537176,
      0.7919012274496693,
      0.9947944918382239,
      0.89739821925241,
      0.5439282812090559,
      0.09485263968088407,
      -0.24595775277946824,
      -0.32378210322431616,
      -0.10328978360402752,
      0.3154203027461815,
      0.7422625304801446,
      0.9834594520799183,
      0.9295127077770305,
      0.604912991635219,
      0.15702178846571135,
      -0.210827659430961,
      -0.331639393237134,
      -0.15056741158255701,
      0.2501853914838022,
      0.6886856217986581,
      0.9658633424029952,
      0.9558856630209605,
      0.6632822414913918,
      0.22088891380931067,
      -0.17045699825347785,
      -0.3330926323820101,
      -0.19318481086049236,
      0.18575124035472726,
      0.6316864763239279,
      0.9421756229626563,
      0.9762630990082763,
      0.7184739029935842,
      0.2858389403812939,
      -0.12523456078300207,
      -0.3281278251715562,
      -0.23073155258574318,
      0.12273838545761026,
      0.5718140269857801,
      0.9126244194461348,
      0.9904487698909826,
      0.7699564502706931
    ],
    "fit": {
      "A": 3.1985016697378606e-17,
      "I0": 0.33333333333333337,
      "phi0": -1.0712429046401775,
      "R2": 1.1102230246251565e-16,
      "visibility_fit": 9.595505009213581e-17,
      "visibility_fourier": 1.5139127667931408e-16,
      "visibility": 1.5139127667931408e-16
    },
    "cycles": 8,
    "per_cycle_V": [
      1.5764105712906046e-16,
      1.5764105712906046e-16,
      1.5764105712906046e-16,
      1.5764105712906046e-16,
      1.5764105712906046e-16,
      1.5764105712906046e-16,
      1.5764105712906046e-16,
      1.5764105712906046e-16
    ]
  },
  "diagnostics": {
    "measured_link_count": 38,
    "selection_policy": "uniform",
    "num_links": 128,
    "visibility_qc": {
      "r2_ok": false,
      "v_in_unit_interval": true,
      "i0_very_small": false
    },
    "hybrid_knobs": {
      "kick_passes": 3,
      "loop_measurement_cycles": 4
    }
  },
  "artifacts": {
    "kernel_hash": "59ad205957406ba8769e06c45a6e3db43b483f8e2d8e66b070b3ff98425f2b57",
    "flip_counts_hash": "c1b27689be21b2ac0fdae0da5c804f2dab3460dc84baee0f4b6cda147a262623",
    "pivot_fit_hash": "d04f83ead3fcfaea1653e658999e83d0abac9536c46d06a4e4ad9b696714687e",
    "config_hash": "09be816148e3d54a4ba01072548fde7efe2f97f681380c3e050adf0677f43c72"
  }
}