{
  "sim": "MICC",
  "gauge": "SU3",
  "rep": "fundamental",
  "L": 8,
  "b": 3.5,
  "kappa": 0.75,
  "seed": 0,
  "measurement_model": "dephasing",
  "f": 0.2,
  "schedule": "during",
  "sigma": 0.47545446544116565,
  "sigma_err": 0.038769244146435476,
  "visibility": 1.3680294426452103e-17,
  "visibility_err": 3.326900515584411e-17,
  "coherence": {
    "C": 0.26851121139045225,
    "P_entropy": 0.24638113608241263
  },
  "twist_scan": {
    "phi_values": [
      0.0,
      0.09817477042468103,
      0.19634954084936207,
      0.2945243112740431,
      0.39269908169872414,
      0.4908738521234052,
      0.5890486225480862,
      0.6872233929727672,
      0.7853981633974483,
      0.8835729338221293,
      0.9817477042468103,
      1.0799224746714913,
      1.1780972450961724,
      1.2762720155208536,
      1.3744467859455345,
      1.4726215563702154,
      1.5707963267948966,
      1.6689710972195777,
      1.7671458676442586,
      1.8653206380689396,
      1.9634954084936207,
      2.061670178918302,
      2.1598449493429825,
      2.2580197197676637,
      2.356194490192345,
      2.454369260617026,
      2.552544031041707,
      2.650718801466388,
      2.748893571891069,
      2.84706834231575,
      2.945243112740431,
      3.043417883165112,
      3.141592653589793,
      3.2397674240144743,
      3.3379421944391554,
      3.436116964863836,
      3.5342917352885173,
      3.6324665057131984,
      3.730641276137879,
      3.8288160465625602,
      3.9269908169872414,
      4.025165587411922,
      4.123340357836604,
      4.221515128261284,
      4.319689898685965,
      4.417864669110647,
      4.516039439535327,
      4.614214209960009,
      4.71238898038469,
      4.81056375080937,
      4.908738521234052,
      5.006913291658733,
      5.105088062083414,
      5.203262832508095,
      5.301437602932776,
      5.399612373357457,
      5.497787143782138,
      5.595961914206819,
      5.6941366846315,
      5.792311455056181,
      5.890486225480862,
      5.988660995905543,
      6.086835766330224,
      6.1850105367549055
    ],
    "mean_I": [
      0.12322333167683938,
      0.13173613602588888,
      0.23176985321525764,
      0.37791126701843586,
      0.503815230907199,
      0.5523239775156584,
      0.5014155500426211,
      0.3742013102323291,
      0.22843386332546656,
      0.13028858269775395,
      0.12432137385773365,
      0.21324122486397803,
      0.35668038238256655,
      0.4895204677431483,
      0.5514548594432154,
      0.5143666384962626,
      0.3950930818189525,
      0.24778189052327804,
      0.1393092656628403,
      0.11891951111688796,
      0.19586914916628304,
      0.33522465290155806,
      0.47372153709415765,
      0.5484851118369792,
      0.5255742772583138,
      0.4153900732663465,
      0.2679538248825263,
      0.15019850646393795,
      0.11558257069450453,
      0.17982092870768343,
      0.3137507089792064,
      0.4565705912989521,
      0.5434433349898271,
      0.5349305306407778,
      0.4348968134514088,
      0.28875539964823116,
      0.16285143575946748,
      0.11434268915100829,
      0.16525111662404512,
      0.29246535643433713,
      0.43823280334119985,
      0.5363780839689124,
      0.5423452928089327,
      0.45342544180268857,
      0.3099862842841009,
      0.1771461989235185,
      0.11521180722345138,
      0.15230002817040417,
      0.27157358484771393,
      0.4188847761433877,
      0.5273574010038263,
      0.5477471555497785,
      0.4707975175003832,
      0.33144201376510857,
      0.19294512957250917,
      0.11818155482968724,
      0.14109238940835261,
      0.25127659340031916,
      0.3987128417841403,
      0.5164681602027285,
      0.551084095972162,
      0.4868457379589832,
      0.35291595768746026,
      0.21009607536771402
    ],
    "fit": {
      "A": 2.9490246820558906e-05,
      "I0": 0.33333333333333326,
      "phi0": -2.750067953143031,
      "R2": 1.6624411958154894e-08,
      "visibility_fit": 8.847074046167674e-05,
      "visibility_fourier": 1.3680294426452103e-17,
      "visibility": 1.3680294426452103e-17
    },
    "cycles": 16,
    "per_cycle_V": [
      1.1639969478868833e-16,
      3.8965099325188315e-16,
      1.0401070774147785e-16,
      1.913066361411357e-16,
      1.0633785044562473e-16,
      3.748109334414137e-16,
      1.5085924243280615e-16,
      2.943492089669138e-16,
      4.0525963124827394e-16,
      3.9547040755255694e-16,
      2.9486344677378367e-16,
      1.2576614348164808e-16,
      1.892162432195367e-16,
      7.932159729468934e-17,
      2.295151263959068e-16,
      4.944800665486704e-16
    ]
  },
  "diagnostics": {
    "measured_link_count": 26,
    "selection_policy": "uniform",
    "num_links": 128,
    "creutz_sizes": [
      [
        2,
        2
      ],
      [
        3,
        3
      ]
    ],
    "loop_sizes_measured": [
      [
        1,
        1
      ],
      [
        1,
        2
      ],
      [
        2,
        1
      ],
      [
        2,
        2
      ],
      [
        2,
        3
      ],
      [
        3,
        2
      ],
      [
        3,
        3
      ]
    ],
    "visibility_qc": {
      "r2_ok": false,
      "v_in_unit_interval": true,
      "i0_very_small": false
    },
    "hybrid_knobs": {
      "kick_passes": 3,
      "loop_measurement_cycles": 6
    }
  },
  "artifacts": {
    "kernel_hash": "59ad205957406ba8769e06c45a6e3db43b483f8e2d8e66b070b3ff98425f2b57",
    "flip_counts_hash": "051ffecc2b526e5161a7cdb343471ea2bcf4c30d07d6aca6b7e9329b81a2e42c",
    "pivot_fit_hash": "32e5af21ae29df0c4428cd8be3189fb5b9433eb374572ce92302aca28369a080",
    "config_hash": "3e53227bb97f97d3e0f7892c2fd75b0f2e140b1e74473c1589a222acbe454fae"
  }
}