{
  "sim": "MICC",
  "gauge": "SU3",
  "rep": "fundamental",
  "L": 8,
  "b": 3.5,
  "kappa": 1.0,
  "seed": 3,
  "measurement_model": "dephasing",
  "f": 0.2,
  "schedule": "during",
  "sigma": 0.4295872488803992,
  "sigma_err": 0.0571652876409574,
  "visibility": 6.464836726191238e-17,
  "visibility_err": 3.528703731627162e-17,
  "coherence": {
    "C": 0.2706934023385195,
    "P_entropy": 0.24168086767642405
  },
  "twist_scan": {
    "phi_values": [
      0.0,
      0.09817477042468103,
      0.19634954084936207,
      0.2945243112740431,
      0.39269908169872414,
      0.4908738521234052,
      0.5890486225480862,
      0.6872233929727672,
      0.7853981633974483,
      0.8835729338221293,
      0.9817477042468103,
      1.0799224746714913,
      1.1780972450961724,
      1.2762720155208536,
      1.3744467859455345,
      1.4726215563702154,
      1.5707963267948966,
      1.6689710972195777,
      1.7671458676442586,
      1.8653206380689396,
      1.9634954084936207,
      2.061670178918302,
      2.1598449493429825,
      2.2580197197676637,
      2.356194490192345,
      2.454369260617026,
      2.552544031041707,
      2.650718801466388,
      2.748893571891069,
      2.84706834231575,
      2.945243112740431,
      3.043417883165112,
      3.141592653589793,
      3.2397674240144743,
      3.3379421944391554,
      3.436116964863836,
      3.5342917352885173,
      3.6324665057131984,
      3.730641276137879,
      3.8288160465625602,
      3.9269908169872414,
      4.025165587411922,
      4.123340357836604,
      4.221515128261284,
      4.319689898685965,
      4.417864669110647,
      4.516039439535327,
      4.614214209960009,
      4.71238898038469,
      4.81056375080937,
      4.908738521234052,
      5.006913291658733,
      5.105088062083414,
      5.203262832508095,
      5.301437602932776,
      5.399612373357457,
      5.497787143782138,
      5.595961914206819,
      5.6941366846315,
      5.792311455056181,
      5.890486225480862,
      5.988660995905543,
      6.086835766330224,
      6.1850105367549055
    ],
    "mean_I": [
      0.24889206758049937,
      0.25999465655210824,
      0.3043914715108113,
      0.3619272866573793,
      0.4064820448007629,
      0.41782881723796295,
      0.3908164065063468,
      0.33770788233701265,
      0.28261340437750326,
      0.25054471377631005,
      0.25606032561506376,
      0.2966562674323529,
      0.3539028303713393,
      0.4018112716958986,
      0.4186321606533115,
      0.3967291653266204,
      0.3460457876742325,
      0.28959122152686934,
      0.25299465963531775,
      0.252870175984069,
      0.2892742835482449,
      0.3456802785843925,
      0.3964810186107536,
      0.4186140297324867,
      0.40203138762911184,
      0.3542612651268151,
      0.29699029912480246,
      0.25621831083962376,
      0.2504549305439838,
      0.28231661239869377,
      0.3373388189651507,
      0.39054261879635116,
      0.4177745990861672,
      0.4066720101145583,
      0.3622751951558552,
      0.3047393800092873,
      0.26018462186590363,
      0.24883784942870354,
      0.2758502601603196,
      0.3289587843296537,
      0.3840532622891632,
      0.4161219528903566,
      0.4106063410516027,
      0.37001039923431356,
      0.31276383629532756,
      0.26485539497076793,
      0.24803450601335503,
      0.2699375013400461,
      0.3206208789924338,
      0.3770754451397968,
      0.4136720070313488,
      0.4137964906825975,
      0.3773923831184214,
      0.32098638808227414,
      0.2701856480559129,
      0.24805263693417992,
      0.26463527903755474,
      0.312405401539851,
      0.369676367541864,
      0.41044835582704264,
      0.41621173612268264,
      0.38435005426797275,
      0.32932784770151585,
      0.2761240478703152
    ],
    "fit": {
      "A": 3.1698865209960264e-05,
      "I0": 0.33333333333333326,
      "phi0": -1.1693952601968451,
      "R2": 1.6065938468479146e-07,
      "visibility_fit": 9.509659562988081e-05,
      "visibility_fourier": 6.464836726191238e-17,
      "visibility": 6.464836726191238e-17
    },
    "cycles": 16,
    "per_cycle_V": [
      1.2479257669148325e-16,
      3.716442781773797e-16,
      4.1480668301502775e-16,
      5.309800193763679e-16,
      3.2858731917219142e-16,
      2.4961376373421686e-16,
      3.779030492624423e-16,
      2.116674926336463e-16,
      3.685362599458358e-16,
      2.7813114215943747e-17,
      2.7237866920436055e-16,
      9.168658735317022e-17,
      4.5563491490222875e-16,
      1.8104634310561598e-16,
      1.3999514689112532e-16,
      3.026147912882969e-16
    ]
  },
  "diagnostics": {
    "measured_link_count": 26,
    "selection_policy": "uniform",
    "num_links": 128,
    "creutz_sizes": [
      [
        2,
        2
      ],
      [
        3,
        3
      ]
    ],
    "loop_sizes_measured": [
      [
        1,
        1
      ],
      [
        1,
        2
      ],
      [
        2,
        1
      ],
      [
        2,
        2
      ],
      [
        2,
        3
      ],
      [
        3,
        2
      ],
      [
        3,
        3
      ]
    ],
    "visibility_qc": {
      "r2_ok": false,
      "v_in_unit_interval": true,
      "i0_very_small": false
    },
    "hybrid_knobs": {
      "kick_passes": 3,
      "loop_measurement_cycles": 6
    }
  },
  "artifacts": {
    "kernel_hash": "59ad205957406ba8769e06c45a6e3db43b483f8e2d8e66b070b3ff98425f2b57",
    "flip_counts_hash": "c1b27689be21b2ac0fdae0da5c804f2dab3460dc84baee0f4b6cda147a262623",
    "pivot_fit_hash": "18f843e4852e0cb06a5603a8f3e251da6d346190d1181f60fc167ac1ef296fd4",
    "config_hash": "3e53227bb97f97d3e0f7892c2fd75b0f2e140b1e74473c1589a222acbe454fae"
  }
}