{
  "sim": "MICC",
  "gauge": "SU3",
  "rep": "fundamental",
  "L": 12,
  "b": 3.5,
  "kappa": 0.75,
  "seed": 1,
  "measurement_model": "dephasing",
  "f": 0.05,
  "schedule": "during",
  "sigma": 0.39750164334572274,
  "sigma_err": 0.03103983379891555,
  "visibility": 8.91885584258236e-16,
  "visibility_err": 1.760726048837052e-17,
  "coherence": {
    "C": 0.24511485923157897,
    "P_entropy": 0.3261968949332004
  },
  "twist_scan": {
    "phi_values": [
      0.0,
      0.09817477042468103,
      0.19634954084936207,
      0.2945243112740431,
      0.39269908169872414,
      0.4908738521234052,
      0.5890486225480862,
      0.6872233929727672,
      0.7853981633974483,
      0.8835729338221293,
      0.9817477042468103,
      1.0799224746714913,
      1.1780972450961724,
      1.2762720155208536,
      1.3744467859455345,
      1.4726215563702154,
      1.5707963267948966,
      1.6689710972195777,
      1.7671458676442586,
      1.8653206380689396,
      1.9634954084936207,
      2.061670178918302,
      2.1598449493429825,
      2.2580197197676637,
      2.356194490192345,
      2.454369260617026,
      2.552544031041707,
      2.650718801466388,
      2.748893571891069,
      2.84706834231575,
      2.945243112740431,
      3.043417883165112,
      3.141592653589793,
      3.2397674240144743,
      3.3379421944391554,
      3.436116964863836,
      3.5342917352885173,
      3.6324665057131984,
      3.730641276137879,
      3.8288160465625602,
      3.9269908169872414,
      4.025165587411922,
      4.123340357836604,
      4.221515128261284,
      4.319689898685965,
      4.417864669110647,
      4.516039439535327,
      4.614214209960009,
      4.71238898038469,
      4.81056375080937,
      4.908738521234052,
      5.006913291658733,
      5.105088062083414,
      5.203262832508095,
      5.301437602932776,
      5.399612373357457,
      5.497787143782138,
      5.595961914206819,
      5.6941366846315,
      5.792311455056181,
      5.890486225480862,
      5.988660995905543,
      6.086835766330224,
      6.1850105367549055
    ],
    "mean_I": [
      0.3977813267313391,
      0.9234123154079881,
      0.8252079531745243,
      0.20699053270001,
      -0.2776564543878705,
      -0.11636105036491272,
      0.5203541909658744,
      0.9593497610443377,
      0.7365166781456634,
      0.08743553179657532,
      -0.30168085395322597,
      -0.01945609658010315,
      0.635739948524097,
      0.9712297464378112,
      0.6323312932834885,
      -0.022669754494876987,
      -0.3013020144212176,
      0.09100635714968963,
      0.7395043894521217,
      0.9585957304121093,
      0.5166555845004169,
      -0.11909404176992516,
      -0.2765344943826055,
      0.2107813006756836,
      0.8276599044768543,
      0.921933231117862,
      0.39393490441329654,
      -0.1981317987439472,
      -0.22833009574268806,
      0.33526585008874166,
      0.8968187265940752,
      0.8626511678423817,
      0.26888533993532815,
      -0.25674564874132183,
      -0.15854128650785781,
      0.45967613396665463,
      0.944323121054537,
      0.7830277170315791,
      0.14631247570079361,
      -0.29268309437767087,
      -0.06985001147899743,
      0.5792311348700879,
      0.9683475206198918,
      0.6861227632467699,
      0.03092671814257285,
      -0.3045630797711446,
      0.03433537338317569,
      0.6893364211615456,
      0.9679686810878837,
      0.57566030951698,
      -0.07283772278545601,
      -0.2919290637454432,
      0.15001108216625134,
      0.7857607084365907,
      0.943201161049272,
      0.45588536599098056,
      -0.1609932378101872,
      -0.2552665644511972,
      0.2727317622533694,
      0.8647984654106124,
      0.8949967624093563,
      0.33140081657792536,
      -0.23015205992740823,
      -0.19598450117571448
    ],
    "fit": {
      "A": 0.007290138084274528,
      "I0": 0.3333333333333339,
      "phi0": 3.0391249484513203,
      "R2": 5.158840037988721e-05,
      "visibility_fit": 0.021870414252823545,
      "visibility_fourier": 8.91885584258236e-16,
      "visibility": 8.91885584258236e-16
    },
    "cycles": 16,
    "per_cycle_V": [
      8.027758443899899e-16,
      9.114739031613686e-16,
      9.13299476127574e-16,
      8.173595027312614e-16,
      9.202126834158321e-16,
      9.27019106208706e-16,
      8.360816670111281e-16,
      8.560939598788857e-16,
      7.000056595809474e-16,
      8.951291916849248e-16,
      9.641175629197093e-16,
      7.84074993642229e-16,
      9.296097943951537e-16,
      8.334271073790456e-16,
      9.10514430399349e-16,
      7.993522721318696e-16
    ]
  },
  "diagnostics": {
    "measured_link_count": 14,
    "selection_policy": "uniform",
    "num_links": 288,
    "creutz_sizes": [
      [
        2,
        2
      ],
      [
        3,
        3
      ]
    ],
    "loop_sizes_measured": [
      [
        1,
        1
      ],
      [
        1,
        2
      ],
      [
        2,
        1
      ],
      [
        2,
        2
      ],
      [
        2,
        3
      ],
      [
        3,
        2
      ],
      [
        3,
        3
      ]
    ],
    "visibility_qc": {
      "r2_ok": false,
      "v_in_unit_interval": true,
      "i0_very_small": false
    },
    "hybrid_knobs": {
      "kick_passes": 3,
      "loop_measurement_cycles": 6
    }
  },
  "artifacts": {
    "kernel_hash": "c776a5135c116bb3a99eaad342348026ed00e0c6d5dcf8a66155f4c58107111d",
    "flip_counts_hash": "1045813912820017453b344ca74f8b8f873bba658c2e9b55c71942b9dd07c053",
    "pivot_fit_hash": "32e5af21ae29df0c4428cd8be3189fb5b9433eb374572ce92302aca28369a080",
    "config_hash": "3e53227bb97f97d3e0f7892c2fd75b0f2e140b1e74473c1589a222acbe454fae"
  }
}