{
  "sim": "MICC",
  "gauge": "SU3",
  "rep": "fundamental",
  "L": 12,
  "b": 3.5,
  "kappa": 0.75,
  "seed": 4,
  "measurement_model": "dephasing",
  "f": 0.3,
  "schedule": "pre",
  "sigma": 0.507369199363605,
  "sigma_err": 0.07291972780789732,
  "visibility": 7.865929725858328e-16,
  "visibility_err": 7.638112870987716e-31,
  "coherence": {
    "C": 0.25614046547643315,
    "P_entropy": 0.28112755643385434
  },
  "twist_scan": {
    "phi_values": [
      0.0,
      0.09817477042468103,
      0.19634954084936207,
      0.2945243112740431,
      0.39269908169872414,
      0.4908738521234052,
      0.5890486225480862,
      0.6872233929727672,
      0.7853981633974483,
      0.8835729338221293,
      0.9817477042468103,
      1.0799224746714913,
      1.1780972450961724,
      1.2762720155208536,
      1.3744467859455345,
      1.4726215563702154,
      1.5707963267948966,
      1.6689710972195777,
      1.7671458676442586,
      1.8653206380689396,
      1.9634954084936207,
      2.061670178918302,
      2.1598449493429825,
      2.2580197197676637,
      2.356194490192345,
      2.454369260617026,
      2.552544031041707,
      2.650718801466388,
      2.748893571891069,
      2.84706834231575,
      2.945243112740431,
      3.043417883165112,
      3.141592653589793,
      3.2397674240144743,
      3.3379421944391554,
      3.436116964863836,
      3.5342917352885173,
      3.6324665057131984,
      3.730641276137879,
      3.8288160465625602,
      3.9269908169872414,
      4.025165587411922,
      4.123340357836604,
      4.221515128261284,
      4.319689898685965,
      4.417864669110647,
      4.516039439535327,
      4.614214209960009,
      4.71238898038469,
      4.81056375080937,
      4.908738521234052,
      5.006913291658733,
      5.105088062083414,
      5.203262832508095,
      5.301437602932776,
      5.399612373357457,
      5.497787143782138,
      5.595961914206819,
      5.6941366846315,
      5.792311455056181,
      5.890486225480862,
      5.988660995905543,
      6.086835766330224,
      6.1850105367549055
    ],
    "mean_I": [
      -0.16403471893597316,
      -0.2926312997883808,
      0.24054601475852214,
      0.871818688065046,
      0.9338011300063832,
      0.3609650984431649,
      -0.2410834155286827,
      -0.23585479376000415,
      0.3711232306915487,
      0.9381495290259741,
      0.8657601980331685,
      0.2304857108766916,
      -0.29605759859924896,
      -0.15720470721180962,
      0.5002482020619164,
      0.9812376227712639,
      0.7772584002379647,
      0.10395869976361322,
      -0.32684464112214695,
      -0.05970351886236935,
      0.6229587286339824,
      0.9994271180223661,
      0.6716968110776628,
      -0.013753572816154035,
      -0.33226141431879513,
      0.05290185529934865,
      0.7345391136884382,
      0.9920190026775662,
      0.553132103224069,
      -0.11812749024117818,
      -0.31209975463300677,
      0.17628405389412447,
      0.830701385602639,
      0.9592979664550471,
      0.42612065190814347,
      -0.20515202139837896,
      -0.26713446333971713,
      0.3057015682235016,
      0.9077500821953479,
      0.9025214604266711,
      0.29554343597511884,
      -0.2714828623593068,
      -0.19909353136650146,
      0.43618095578997446,
      0.9627242652659139,
      0.823871373878476,
      0.16641846460475235,
      -0.31457095610459873,
      -0.11059173357129871,
      0.5627079669030495,
      0.9935113077888142,
      0.7263701855290362,
      0.0437079380326821,
      -0.33276045135569976,
      -0.005030144410997398,
      0.6804202394828226,
      0.9989280809854613,
      0.6137648113673217,
      -0.06787244702177134,
      -0.3253523360108997,
      0.11353456344259373,
      0.7847941569078443,
      0.9787664212996728,
      0.49038261277253964
    ],
    "fit": {
      "A": 2.2140977373284353e-16,
      "I0": 0.33333333333333315,
      "phi0": -2.215985089264901,
      "R2": 0.0,
      "visibility_fit": 6.642293211985309e-16,
      "visibility_fourier": 7.865929725858328e-16,
      "visibility": 7.865929725858328e-16
    },
    "cycles": 16,
    "per_cycle_V": [
      8.40422165596578e-16,
      8.40422165596578e-16,
      8.40422165596578e-16,
      8.40422165596578e-16,
      8.40422165596578e-16,
      8.40422165596578e-16,
      8.40422165596578e-16,
      8.40422165596578e-16,
      8.40422165596578e-16,
      8.40422165596578e-16,
      8.40422165596578e-16,
      8.40422165596578e-16,
      8.40422165596578e-16,
      8.40422165596578e-16,
      8.40422165596578e-16,
      8.40422165596578e-16
    ]
  },
  "diagnostics": {
    "measured_link_count": 86,
    "selection_policy": "uniform",
    "num_links": 288,
    "creutz_sizes": [
      [
        2,
        2
      ],
      [
        3,
        3
      ]
    ],
    "loop_sizes_measured": [
      [
        1,
        1
      ],
      [
        1,
        2
      ],
      [
        2,
        1
      ],
      [
        2,
        2
      ],
      [
        2,
        3
      ],
      [
        3,
        2
      ],
      [
        3,
        3
      ]
    ],
    "visibility_qc": {
      "r2_ok": false,
      "v_in_unit_interval": true,
      "i0_very_small": false
    },
    "hybrid_knobs": {
      "kick_passes": 3,
      "loop_measurement_cycles": 6
    }
  },
  "artifacts": {
    "kernel_hash": "c776a5135c116bb3a99eaad342348026ed00e0c6d5dcf8a66155f4c58107111d",
    "flip_counts_hash": "7a11042fb34eaa3744d5206ec23f7fdadc3f7966920f4b324b412fb9e9cc0219",
    "pivot_fit_hash": "32e5af21ae29df0c4428cd8be3189fb5b9433eb374572ce92302aca28369a080",
    "config_hash": "3e53227bb97f97d3e0f7892c2fd75b0f2e140b1e74473c1589a222acbe454fae"
  }
}