{
  "sim": "MICC",
  "gauge": "SU3",
  "rep": "fundamental",
  "L": 12,
  "b": 3.5,
  "kappa": 0.75,
  "seed": 3,
  "measurement_model": "dephasing",
  "f": 0.2,
  "schedule": "during",
  "sigma": 0.47683850260957844,
  "sigma_err": 0.025959329322428705,
  "visibility": 1.3500785667620366e-16,
  "visibility_err": 7.124523849731093e-17,
  "coherence": {
    "C": 0.2619556899348979,
    "P_entropy": 0.2424496836251591
  },
  "twist_scan": {
    "phi_values": [
      0.0,
      0.09817477042468103,
      0.19634954084936207,
      0.2945243112740431,
      0.39269908169872414,
      0.4908738521234052,
      0.5890486225480862,
      0.6872233929727672,
      0.7853981633974483,
      0.8835729338221293,
      0.9817477042468103,
      1.0799224746714913,
      1.1780972450961724,
      1.2762720155208536,
      1.3744467859455345,
      1.4726215563702154,
      1.5707963267948966,
      1.6689710972195777,
      1.7671458676442586,
      1.8653206380689396,
      1.9634954084936207,
      2.061670178918302,
      2.1598449493429825,
      2.2580197197676637,
      2.356194490192345,
      2.454369260617026,
      2.552544031041707,
      2.650718801466388,
      2.748893571891069,
      2.84706834231575,
      2.945243112740431,
      3.043417883165112,
      3.141592653589793,
      3.2397674240144743,
      3.3379421944391554,
      3.436116964863836,
      3.5342917352885173,
      3.6324665057131984,
      3.730641276137879,
      3.8288160465625602,
      3.9269908169872414,
      4.025165587411922,
      4.123340357836604,
      4.221515128261284,
      4.319689898685965,
      4.417864669110647,
      4.516039439535327,
      4.614214209960009,
      4.71238898038469,
      4.81056375080937,
      4.908738521234052,
      5.006913291658733,
      5.105088062083414,
      5.203262832508095,
      5.301437602932776,
      5.399612373357457,
      5.497787143782138,
      5.595961914206819,
      5.6941366846315,
      5.792311455056181,
      5.890486225480862,
      5.988660995905543,
      6.086835766330224,
      6.1850105367549055
    ],
    "mean_I": [
      0.36682289029615694,
      0.3034098467995278,
      0.27163210855752434,
      0.305085307832171,
      0.3684025040230911,
      0.39464434408718685,
      0.3560677834453157,
      0.2934562137721235,
      0.2730029951510016,
      0.31633140379302305,
      0.377634363305569,
      0.3921019848075287,
      0.34443900442629755,
      0.2850350360861099,
      0.2766923428071825,
      0.32823087437131704,
      0.3851637588505178,
      0.3873011792095568,
      0.3323834406953088,
      0.27846993487731014,
      0.28255837196464995,
      0.3403264295860295,
      0.39070134020967845,
      0.3804264195600781,
      0.3203643808056935,
      0.2740132033034269,
      0.29037565441258956,
      0.35215324403352416,
      0.3940343012369305,
      0.3717418990170126,
      0.30884371048864306,
      0.27183611105948086,
      0.29984377637050913,
      0.36325681986713826,
      0.39503455810914195,
      0.3615813588344953,
      0.29826416264357514,
      0.2720223225794793,
      0.3105988832213502,
      0.37321045289454263,
      0.39366367151566456,
      0.3503352628736437,
      0.2890323033610973,
      0.27456468185913746,
      0.32222766224036836,
      0.3816316305805563,
      0.3899743238594837,
      0.3384357922953491,
      0.2815029078161485,
      0.2793654874571094,
      0.33428322597135746,
      0.3881967317893561,
      0.38410829470201613,
      0.32634023708063686,
      0.27596532645698785,
      0.2862402471065883,
      0.34630228586097267,
      0.3926534633632391,
      0.3762910122540767,
      0.3145134226331421,
      0.27263236542973585,
      0.2949247676496536,
      0.35782295617802307,
      0.39483055560718544
    ],
    "fit": {
      "A": 9.020176196147016e-15,
      "I0": 0.3333333333333331,
      "phi0": -3.07813813497029,
      "R2": 1.1102230246251565e-16,
      "visibility_fit": 2.7060528588441067e-14,
      "visibility_fourier": 1.3500785667620366e-16,
      "visibility": 1.3500785667620366e-16
    },
    "cycles": 16,
    "per_cycle_V": [
      8.831384502290004e-16,
      4.198257054567933e-16,
      5.434434879013639e-16,
      1.112936487447554e-15,
      9.355256310407072e-16,
      9.503570787837665e-16,
      2.67914804393348e-16,
      9.343284757979374e-16,
      4.085285439355678e-16,
      1.108848625279828e-15,
      5.690336333372856e-16,
      8.695672436972411e-16,
      7.304771504570445e-16,
      6.377554397979388e-16,
      1.0194789636790251e-15,
      2.9817036193026183e-16
    ]
  },
  "diagnostics": {
    "measured_link_count": 58,
    "selection_policy": "uniform",
    "num_links": 288,
    "creutz_sizes": [
      [
        2,
        2
      ],
      [
        3,
        3
      ]
    ],
    "loop_sizes_measured": [
      [
        1,
        1
      ],
      [
        1,
        2
      ],
      [
        2,
        1
      ],
      [
        2,
        2
      ],
      [
        2,
        3
      ],
      [
        3,
        2
      ],
      [
        3,
        3
      ]
    ],
    "visibility_qc": {
      "r2_ok": false,
      "v_in_unit_interval": true,
      "i0_very_small": false
    },
    "hybrid_knobs": {
      "kick_passes": 3,
      "loop_measurement_cycles": 6
    }
  },
  "artifacts": {
    "kernel_hash": "c776a5135c116bb3a99eaad342348026ed00e0c6d5dcf8a66155f4c58107111d",
    "flip_counts_hash": "f9f0d5ea10777d9547c57c830847aa737adfb2a8c3d087b6a31b748452bdd993",
    "pivot_fit_hash": "32e5af21ae29df0c4428cd8be3189fb5b9433eb374572ce92302aca28369a080",
    "config_hash": "3e53227bb97f97d3e0f7892c2fd75b0f2e140b1e74473c1589a222acbe454fae"
  }
}