{
  "sim": "MICC",
  "gauge": "SU3",
  "rep": "fundamental",
  "L": 8,
  "b": 3.5,
  "kappa": 0.75,
  "seed": 1,
  "measurement_model": "dephasing",
  "f": 0.05,
  "schedule": "during",
  "sigma": 0.32890826672176593,
  "sigma_err": 0.027559808613891273,
  "visibility": 3.3107124823255876e-16,
  "visibility_err": 2.3918476405358186e-17,
  "coherence": {
    "C": 0.24839576918976822,
    "P_entropy": 0.32435122611921535
  },
  "twist_scan": {
    "phi_values": [
      0.0,
      0.09817477042468103,
      0.19634954084936207,
      0.2945243112740431,
      0.39269908169872414,
      0.4908738521234052,
      0.5890486225480862,
      0.6872233929727672,
      0.7853981633974483,
      0.8835729338221293,
      0.9817477042468103,
      1.0799224746714913,
      1.1780972450961724,
      1.2762720155208536,
      1.3744467859455345,
      1.4726215563702154,
      1.5707963267948966,
      1.6689710972195777,
      1.7671458676442586,
      1.8653206380689396,
      1.9634954084936207,
      2.061670178918302,
      2.1598449493429825,
      2.2580197197676637,
      2.356194490192345,
      2.454369260617026,
      2.552544031041707,
      2.650718801466388,
      2.748893571891069,
      2.84706834231575,
      2.945243112740431,
      3.043417883165112,
      3.141592653589793,
      3.2397674240144743,
      3.3379421944391554,
      3.436116964863836,
      3.5342917352885173,
      3.6324665057131984,
      3.730641276137879,
      3.8288160465625602,
      3.9269908169872414,
      4.025165587411922,
      4.123340357836604,
      4.221515128261284,
      4.319689898685965,
      4.417864669110647,
      4.516039439535327,
      4.614214209960009,
      4.71238898038469,
      4.81056375080937,
      4.908738521234052,
      5.006913291658733,
      5.105088062083414,
      5.203262832508095,
      5.301437602932776,
      5.399612373357457,
      5.497787143782138,
      5.595961914206819,
      5.6941366846315,
      5.792311455056181,
      5.890486225480862,
      5.988660995905543,
      6.086835766330224,
      6.1850105367549055
    ],
    "mean_I": [
      0.5603826564899083,
      0.13264762151991216,
      -0.2039802959678739,
      -0.296679059221453,
      -0.10336536775129568,
      0.28820040407142467,
      0.70025558219729,
      0.945735730481646,
      0.9131979937894653,
      0.617413824321468,
      0.19266305113769583,
      -0.1682263548842288,
      -0.30141814842609155,
      -0.1464460398241479,
      0.226335873575649,
      0.6476923967389169,
      0.9263364773346895,
      0.9357695283077825,
      0.6717091417306194,
      0.2540332124712225,
      -0.1276421198226343,
      -0.30004423387093065,
      -0.18490617425941014,
      0.1655017871081008,
      0.5921017616538049,
      0.9012262797425066,
      0.9525392729433727,
      0.7227457151298724,
      0.3161670773185056,
      -0.0826184391523313,
      -0.2925705471041941,
      -0.21837537893802106,
      0.10628401017675787,
      0.5340190451467544,
      0.8706469626345407,
      0.96334572588812,
      0.7700320344179626,
      0.3784662625952418,
      -0.03358891553062239,
      -0.2790690638149789,
      -0.2465313271227988,
      0.04925284234519615,
      0.47400361552897113,
      0.8348930215508954,
      0.9680848150927581,
      0.8131127064908147,
      0.44033079309101897,
      0.018974269927748137,
      -0.2596698106680227,
      -0.2691028616411165,
      -0.005042475063952549,
      0.41263345419544356,
      0.7943087864893017,
      0.9667109005375967,
      0.8515728409260771,
      0.5011648795585644,
      0.07456490501286236,
      -0.23455961307583864,
      -0.28587260627670585,
      -0.056079048463206244,
      0.3504995893481584,
      0.7492851058189977,
      0.9592372137708604,
      0.8850420456046872
    ],
    "fit": {
      "A": 0.32314647995746604,
      "I0": 0.333333333333335,
      "phi0": 0.8973752288209436,
      "R2": 0.160255962738017,
      "visibility_fit": 0.9694394398723933,
      "visibility_fourier": 3.3107124823255876e-16,
      "visibility": 3.3107124823255876e-16
    },
    "cycles": 16,
    "per_cycle_V": [
      4.583844716232235e-16,
      2.836899462973227e-16,
      4.824763501063882e-16,
      3.869524692498933e-16,
      4.1267514888881765e-16,
      3.9875841618679137e-16,
      4.831074463133936e-16,
      5.278835080716829e-16,
      4.984215946829383e-16,
      2.2958886619745477e-16,
      3.7516979757676117e-16,
      2.6500420725482425e-16,
      2.8102821476480687e-16,
      4.4290708432392423e-16,
      2.739003706513108e-16,
      4.448519432876599e-16
    ]
  },
  "diagnostics": {
    "measured_link_count": 6,
    "selection_policy": "uniform",
    "num_links": 128,
    "creutz_sizes": [
      [
        2,
        2
      ],
      [
        3,
        3
      ]
    ],
    "loop_sizes_measured": [
      [
        1,
        1
      ],
      [
        1,
        2
      ],
      [
        2,
        1
      ],
      [
        2,
        2
      ],
      [
        2,
        3
      ],
      [
        3,
        2
      ],
      [
        3,
        3
      ]
    ],
    "visibility_qc": {
      "r2_ok": false,
      "v_in_unit_interval": true,
      "i0_very_small": false
    },
    "hybrid_knobs": {
      "kick_passes": 3,
      "loop_measurement_cycles": 6
    }
  },
  "artifacts": {
    "kernel_hash": "59ad205957406ba8769e06c45a6e3db43b483f8e2d8e66b070b3ff98425f2b57",
    "flip_counts_hash": "2f22c538feb77f48a899689bff9bdbb91197c5203a770852a4a789b6ab244652",
    "pivot_fit_hash": "32e5af21ae29df0c4428cd8be3189fb5b9433eb374572ce92302aca28369a080",
    "config_hash": "3e53227bb97f97d3e0f7892c2fd75b0f2e140b1e74473c1589a222acbe454fae"
  }
}