{
  "sim": "MICC",
  "gauge": "SU3",
  "rep": "fundamental",
  "L": 8,
  "b": 3.0,
  "kappa": 0.75,
  "seed": 4,
  "measurement_model": "dephasing",
  "f": 0.1,
  "schedule": "during",
  "sigma": 0.41594684624250416,
  "sigma_err": 0.07530218734305003,
  "visibility": 3.351138254142523e-16,
  "visibility_err": 4.344796984967346e-17,
  "coherence": {
    "C": 0.2576815769208898,
    "P_entropy": 0.2908034993645403
  },
  "twist_scan": {
    "phi_values": [
      0.0,
      0.09817477042468103,
      0.19634954084936207,
      0.2945243112740431,
      0.39269908169872414,
      0.4908738521234052,
      0.5890486225480862,
      0.6872233929727672,
      0.7853981633974483,
      0.8835729338221293,
      0.9817477042468103,
      1.0799224746714913,
      1.1780972450961724,
      1.2762720155208536,
      1.3744467859455345,
      1.4726215563702154,
      1.5707963267948966,
      1.6689710972195777,
      1.7671458676442586,
      1.8653206380689396,
      1.9634954084936207,
      2.061670178918302,
      2.1598449493429825,
      2.2580197197676637,
      2.356194490192345,
      2.454369260617026,
      2.552544031041707,
      2.650718801466388,
      2.748893571891069,
      2.84706834231575,
      2.945243112740431,
      3.043417883165112,
      3.141592653589793,
      3.2397674240144743,
      3.3379421944391554,
      3.436116964863836,
      3.5342917352885173,
      3.6324665057131984,
      3.730641276137879,
      3.8288160465625602,
      3.9269908169872414,
      4.025165587411922,
      4.123340357836604,
      4.221515128261284,
      4.319689898685965,
      4.417864669110647,
      4.516039439535327,
      4.614214209960009,
      4.71238898038469,
      4.81056375080937,
      4.908738521234052,
      5.006913291658733,
      5.105088062083414,
      5.203262832508095,
      5.301437602932776,
      5.399612373357457,
      5.497787143782138,
      5.595961914206819,
      5.6941366846315,
      5.792311455056181,
      5.890486225480862,
      5.988660995905543,
      6.086835766330224,
      6.1850105367549055
    ],
    "mean_I": [
      0.6860227058699979,
      0.36390481664925206,
      0.027908113152688204,
      -0.1694319258230938,
      -0.13852704831710905,
      0.10659257740271551,
      0.4546477659083026,
      0.7476287383123915,
      0.8525282584162855,
      0.7217241371982847,
      0.4145987110055095,
      0.07058050234250829,
      -0.15415341435196409,
      -0.15757853934891705,
      0.061860062492117666,
      0.4045418536779169,
      0.7148964653642622,
      0.8520293923442177,
      0.7536851527693417,
      0.4645099753506101,
      0.11578334493007723,
      -0.13418013901326162,
      -0.1719022806870674,
      0.01974198358210591,
      0.3537501644700768,
      0.67848953087105,
      0.8465351996757667,
      0.7815979505315516,
      0.5131579369246367,
      0.1630813128308906,
      -0.10970445336699963,
      -0.18136032687232043,
      -0.019356039203331492,
      0.3027618500174146,
      0.6387585535139789,
      0.8360985924897605,
      0.8051937149837763,
      0.5600740892639513,
      0.21201890075836521,
      -0.08096207164572419,
      -0.1858615917496187,
      -0.055057470531619315,
      0.2520679556611576,
      0.5960861643241584,
      0.8208200810186301,
      0.8242452060155839,
      0.6048066041745501,
      0.26212481298874873,
      -0.04822979869759506,
      -0.18536272567755077,
      -0.08701848610267476,
      0.2021566913160562,
      0.5508833217365905,
      0.800846805679928,
      0.8385689473537344,
      0.6469246830845601,
      0.3129165021965904,
      -0.011822864204381276,
      -0.17986853300909983,
      -0.11493128386488483,
      0.1535087297420282,
      0.5035853538357757,
      0.7763711200336659,
      0.8480269935389873
    ],
    "fit": {
      "A": 0.07873222177074214,
      "I0": 0.3333333333333327,
      "phi0": -2.08104408409014,
      "R2": 0.014923951440768524,
      "visibility_fit": 0.23619666531222688,
      "visibility_fourier": 3.351138254142523e-16,
      "visibility": 3.351138254142523e-16
    },
    "cycles": 8,
    "per_cycle_V": [
      2.0020843380726833e-16,
      3.9676893639226725e-16,
      1.8119558310596518e-16,
      3.247787565352928e-16,
      2.5859346904764954e-16,
      3.7815492159521726e-16,
      5.474843097453157e-16,
      4.1991238320927935e-16
    ]
  },
  "diagnostics": {
    "measured_link_count": 13,
    "selection_policy": "uniform",
    "num_links": 128,
    "visibility_qc": {
      "r2_ok": false,
      "v_in_unit_interval": true,
      "i0_very_small": false
    },
    "hybrid_knobs": {
      "kick_passes": 3,
      "loop_measurement_cycles": 4
    }
  },
  "artifacts": {
    "kernel_hash": "59ad205957406ba8769e06c45a6e3db43b483f8e2d8e66b070b3ff98425f2b57",
    "flip_counts_hash": "b3326e9c852a05e144e201e0a4a89d13606dfe15c97d7e29e97870d36629453e",
    "pivot_fit_hash": "d04f83ead3fcfaea1653e658999e83d0abac9536c46d06a4e4ad9b696714687e",
    "config_hash": "09be816148e3d54a4ba01072548fde7efe2f97f681380c3e050adf0677f43c72"
  }
}