{
  "sim": "MICC",
  "gauge": "SU3",
  "rep": "fundamental",
  "L": 8,
  "b": 3.0,
  "kappa": 0.75,
  "seed": 3,
  "measurement_model": "dephasing",
  "f": 0.3,
  "schedule": "during",
  "sigma": 0.5581418549643812,
  "sigma_err": 0.09314047461196948,
  "visibility": 9.490479352827528e-17,
  "visibility_err": 3.5871897091465104e-17,
  "coherence": {
    "C": 0.3108016878951336,
    "P_entropy": 0.2197826643248926
  },
  "twist_scan": {
    "phi_values": [
      0.0,
      0.09817477042468103,
      0.19634954084936207,
      0.2945243112740431,
      0.39269908169872414,
      0.4908738521234052,
      0.5890486225480862,
      0.6872233929727672,
      0.7853981633974483,
      0.8835729338221293,
      0.9817477042468103,
      1.0799224746714913,
      1.1780972450961724,
      1.2762720155208536,
      1.3744467859455345,
      1.4726215563702154,
      1.5707963267948966,
      1.6689710972195777,
      1.7671458676442586,
      1.8653206380689396,
      1.9634954084936207,
      2.061670178918302,
      2.1598449493429825,
      2.2580197197676637,
      2.356194490192345,
      2.454369260617026,
      2.552544031041707,
      2.650718801466388,
      2.748893571891069,
      2.84706834231575,
      2.945243112740431,
      3.043417883165112,
      3.141592653589793,
      3.2397674240144743,
      3.3379421944391554,
      3.436116964863836,
      3.5342917352885173,
      3.6324665057131984,
      3.730641276137879,
      3.8288160465625602,
      3.9269908169872414,
      4.025165587411922,
      4.123340357836604,
      4.221515128261284,
      4.319689898685965,
      4.417864669110647,
      4.516039439535327,
      4.614214209960009,
      4.71238898038469,
      4.81056375080937,
      4.908738521234052,
      5.006913291658733,
      5.105088062083414,
      5.203262832508095,
      5.301437602932776,
      5.399612373357457,
      5.497787143782138,
      5.595961914206819,
      5.6941366846315,
      5.792311455056181,
      5.890486225480862,
      5.988660995905543,
      6.086835766330224,
      6.1850105367549055
    ],
    "mean_I": [
      0.4616994432463203,
      0.5155227414640845,
      0.48663585737442777,
      0.3881528324238988,
      0.26478290098247126,
      0.17253343266326476,
      0.1532837574488899,
      0.21577282543899762,
      0.33163190620786864,
      0.44826339932043086,
      0.5127190452861891,
      0.4957373283931848,
      0.40502759307874836,
      0.2817701627321,
      0.18192133382135958,
      0.15081038715994788,
      0.20256104210412484,
      0.31367958324597023,
      0.43372051603192086,
      0.5081877666399826,
      0.5032747601604606,
      0.4212118988201801,
      0.2992540060019154,
      0.19276741530497307,
      0.15009481261984717,
      0.19060866742119553,
      0.2959165366412459,
      0.4182108492968071,
      0.5019725442158768,
      0.5091755630879575,
      0.43654988593666366,
      0.3170660518235871,
      0.2049672234203466,
      0.15114392520258213,
      0.18003080929223897,
      0.27851383424276754,
      0.4018837656841953,
      0.49413323400340203,
      0.513382909217777,
      0.4508938412276693,
      0.33503476045879826,
      0.21840326734623638,
      0.15394762138047768,
      0.17092933827348197,
      0.2616390735879179,
      0.38489650393456665,
      0.48474533284530696,
      0.515856279506719,
      0.4641056245625421,
      0.35298708342069707,
      0.23294615063474583,
      0.15847890002668438,
      0.16339190650620636,
      0.24545476784648657,
      0.36741266066475126,
      0.473899251361694,
      0.5165718540468196,
      0.4760579992454717,
      0.37075013002542095,
      0.24845581736985992,
      0.16469412245079032,
      0.1574911035787091,
      0.23011678073000302,
      0.34960061484308014
    ],
    "fit": {
      "A": 1.0438809348903695e-05,
      "I0": 0.33333333333333337,
      "phi0": 1.594704373578481,
      "R2": 2.994207326523224e-09,
      "visibility_fit": 3.131642804671108e-05,
      "visibility_fourier": 9.490479352827528e-17,
      "visibility": 9.490479352827528e-17
    },
    "cycles": 16,
    "per_cycle_V": [
      9.696259524785191e-17,
      4.152492374433663e-16,
      2.2489063399438075e-16,
      2.1517212497264323e-16,
      3.317148395780508e-16,
      2.387805325554278e-16,
      3.5333847725160695e-17,
      1.5197714762567743e-16,
      1.6851672439479868e-16,
      4.441162644494345e-16,
      3.5736836455172676e-16,
      3.557536798630261e-16,
      1.2931974520031912e-16,
      3.2288030367828567e-16,
      2.4216523815218195e-16,
      5.862366466523211e-16
    ]
  },
  "diagnostics": {
    "measured_link_count": 38,
    "selection_policy": "uniform",
    "num_links": 128,
    "creutz_sizes": [
      [
        2,
        2
      ],
      [
        3,
        3
      ]
    ],
    "loop_sizes_measured": [
      [
        1,
        1
      ],
      [
        1,
        2
      ],
      [
        2,
        1
      ],
      [
        2,
        2
      ],
      [
        2,
        3
      ],
      [
        3,
        2
      ],
      [
        3,
        3
      ]
    ],
    "visibility_qc": {
      "r2_ok": false,
      "v_in_unit_interval": true,
      "i0_very_small": false
    },
    "hybrid_knobs": {
      "kick_passes": 3,
      "loop_measurement_cycles": 6
    }
  },
  "artifacts": {
    "kernel_hash": "59ad205957406ba8769e06c45a6e3db43b483f8e2d8e66b070b3ff98425f2b57",
    "flip_counts_hash": "c1b27689be21b2ac0fdae0da5c804f2dab3460dc84baee0f4b6cda147a262623",
    "pivot_fit_hash": "d04f83ead3fcfaea1653e658999e83d0abac9536c46d06a4e4ad9b696714687e",
    "config_hash": "3e53227bb97f97d3e0f7892c2fd75b0f2e140b1e74473c1589a222acbe454fae"
  }
}