{
  "sim": "MICC",
  "gauge": "SU3",
  "rep": "fundamental",
  "L": 12,
  "b": 3.0,
  "kappa": 0.75,
  "seed": 1,
  "measurement_model": "dephasing",
  "f": 0.3,
  "schedule": "pre",
  "sigma": 0.3134414561588293,
  "sigma_err": 0.0654209811828136,
  "visibility": 7.952963337056398e-16,
  "visibility_err": 2.6089122177951148e-31,
  "coherence": {
    "C": 0.26532922151987265,
    "P_entropy": 0.287668913668956
  },
  "twist_scan": {
    "phi_values": [
      0.0,
      0.09817477042468103,
      0.19634954084936207,
      0.2945243112740431,
      0.39269908169872414,
      0.4908738521234052,
      0.5890486225480862,
      0.6872233929727672,
      0.7853981633974483,
      0.8835729338221293,
      0.9817477042468103,
      1.0799224746714913,
      1.1780972450961724,
      1.2762720155208536,
      1.3744467859455345,
      1.4726215563702154,
      1.5707963267948966,
      1.6689710972195777,
      1.7671458676442586,
      1.8653206380689396,
      1.9634954084936207,
      2.061670178918302,
      2.1598449493429825,
      2.2580197197676637,
      2.356194490192345,
      2.454369260617026,
      2.552544031041707,
      2.650718801466388,
      2.748893571891069,
      2.84706834231575,
      2.945243112740431,
      3.043417883165112,
      3.141592653589793,
      3.2397674240144743,
      3.3379421944391554,
      3.436116964863836,
      3.5342917352885173,
      3.6324665057131984,
      3.730641276137879,
      3.8288160465625602,
      3.9269908169872414,
      4.025165587411922,
      4.123340357836604,
      4.221515128261284,
      4.319689898685965,
      4.417864669110647,
      4.516039439535327,
      4.614214209960009,
      4.71238898038469,
      4.81056375080937,
      4.908738521234052,
      5.006913291658733,
      5.105088062083414,
      5.203262832508095,
      5.301437602932776,
      5.399612373357457,
      5.497787143782138,
      5.595961914206819,
      5.6941366846315,
      5.792311455056181,
      5.890486225480862,
      5.988660995905543,
      6.086835766330224,
      6.1850105367549055
    ],
    "mean_I": [
      0.692086660997348,
      0.9980070118412661,
      0.6012300118748621,
      -0.07876910503259887,
      -0.3230908345756703,
      0.12656335024721602,
      0.7948161106416115,
      0.9751862670684928,
      0.47698531299494995,
      -0.1730854514996645,
      -0.2877669716036086,
      0.2541828041885181,
      0.8798110359564417,
      0.9276994740075503,
      0.3472201490976002,
      -0.24794040806852416,
      -0.22857457222988334,
      0.38484396857673,
      0.943805129627692,
      0.8573715234848701,
      0.21692132265824557,
      -0.30045734073738245,
      -0.14778836716694885,
      0.5135256081400322,
      0.9843391345238778,
      0.7669050791986668,
      0.09109614450452602,
      -0.32861805323560495,
      -0.0485129249699452,
      0.6352825596355071,
      0.9998553515685715,
      0.6597767158686985,
      -0.02541999433068084,
      -0.33134034517459915,
      0.06543665479180562,
      0.7454357716992646,
      0.9897575012423375,
      0.5401033164194508,
      -0.12814944397494396,
      -0.3085196004018264,
      0.18968135367171593,
      0.8397521181663299,
      0.954433638270274,
      0.41248386247814917,
      -0.21314436928977296,
      -0.2610328073408837,
      0.319446517569064,
      0.9146070747351925,
      0.8952412388965508,
      0.2818226980899408,
      -0.2771384629610259,
      -0.19070485681820395,
      0.4497453440084235,
      0.9671240074040484,
      0.8144550338336166,
      0.15314105852663243,
      -0.3176724678572112,
      -0.10023841253200369,
      0.57557052216214,
      0.9952847199022712,
      0.7151795916366153,
      0.03138410703115984,
      -0.3331886849019034,
      0.006889950797970208
    ],
    "fit": {
      "A": 2.7472794131749544e-16,
      "I0": 0.3333333333333335,
      "phi0": 0.9299457334036813,
      "R2": 0.0,
      "visibility_fit": 8.241838239524859e-16,
      "visibility_fourier": 7.952963337056398e-16,
      "visibility": 7.952963337056398e-16
    },
    "cycles": 8,
    "per_cycle_V": [
      7.714209637468888e-16,
      7.714209637468888e-16,
      7.714209637468888e-16,
      7.714209637468888e-16,
      7.714209637468888e-16,
      7.714209637468888e-16,
      7.714209637468888e-16,
      7.714209637468888e-16
    ]
  },
  "diagnostics": {
    "measured_link_count": 86,
    "selection_policy": "uniform",
    "num_links": 288,
    "visibility_qc": {
      "r2_ok": false,
      "v_in_unit_interval": true,
      "i0_very_small": false
    },
    "hybrid_knobs": {
      "kick_passes": 3,
      "loop_measurement_cycles": 4
    }
  },
  "artifacts": {
    "kernel_hash": "c776a5135c116bb3a99eaad342348026ed00e0c6d5dcf8a66155f4c58107111d",
    "flip_counts_hash": "1045813912820017453b344ca74f8b8f873bba658c2e9b55c71942b9dd07c053",
    "pivot_fit_hash": "d04f83ead3fcfaea1653e658999e83d0abac9536c46d06a4e4ad9b696714687e",
    "config_hash": "09be816148e3d54a4ba01072548fde7efe2f97f681380c3e050adf0677f43c72"
  }
}