{
  "sim": "MICC",
  "gauge": "SU3",
  "rep": "fundamental",
  "L": 8,
  "b": 3.5,
  "kappa": 0.75,
  "seed": 4,
  "measurement_model": "dephasing",
  "f": 0.2,
  "schedule": "during",
  "sigma": 0.46706545756807055,
  "sigma_err": 0.07034146666362431,
  "visibility": 2.522823602808732e-16,
  "visibility_err": 7.104835214406686e-17,
  "coherence": {
    "C": 0.26655062118821377,
    "P_entropy": 0.2527016509670733
  },
  "twist_scan": {
    "phi_values": [
      0.0,
      0.09817477042468103,
      0.19634954084936207,
      0.2945243112740431,
      0.39269908169872414,
      0.4908738521234052,
      0.5890486225480862,
      0.6872233929727672,
      0.7853981633974483,
      0.8835729338221293,
      0.9817477042468103,
      1.0799224746714913,
      1.1780972450961724,
      1.2762720155208536,
      1.3744467859455345,
      1.4726215563702154,
      1.5707963267948966,
      1.6689710972195777,
      1.7671458676442586,
      1.8653206380689396,
      1.9634954084936207,
      2.061670178918302,
      2.1598449493429825,
      2.2580197197676637,
      2.356194490192345,
      2.454369260617026,
      2.552544031041707,
      2.650718801466388,
      2.748893571891069,
      2.84706834231575,
      2.945243112740431,
      3.043417883165112,
      3.141592653589793,
      3.2397674240144743,
      3.3379421944391554,
      3.436116964863836,
      3.5342917352885173,
      3.6324665057131984,
      3.730641276137879,
      3.8288160465625602,
      3.9269908169872414,
      4.025165587411922,
      4.123340357836604,
      4.221515128261284,
      4.319689898685965,
      4.417864669110647,
      4.516039439535327,
      4.614214209960009,
      4.71238898038469,
      4.81056375080937,
      4.908738521234052,
      5.006913291658733,
      5.105088062083414,
      5.203262832508095,
      5.301437602932776,
      5.399612373357457,
      5.497787143782138,
      5.595961914206819,
      5.6941366846315,
      5.792311455056181,
      5.890486225480862,
      5.988660995905543,
      6.086835766330224,
      6.1850105367549055
    ],
    "mean_I": [
      0.47625035159260276,
      0.30656522035347816,
      0.14903225277361826,
      0.07516812263577322,
      0.11850560076543329,
      0.259370378136491,
      0.4338127908437155,
      0.5626396305376606,
      0.5873662053446461,
      0.49676716725401193,
      0.33197258542968866,
      0.1677957547048374,
      0.07876952382861095,
      0.10530994037184764,
      0.23536821009712044,
      0.4099005976416962,
      0.5496730479610507,
      0.591231790794444,
      0.5157100257527434,
      0.35739305525207193,
      0.18815347401029392,
      0.08482251366571267,
      0.0943102699027471,
      0.21230949974769842,
      0.3852510198284636,
      0.5346229956692582,
      0.5926136731172541,
      0.5328964970062345,
      0.3825818167999954,
      0.20990935472441563,
      0.09326879854604678,
      0.08561252219778105,
      0.1904163150740635,
      0.36010144631318824,
      0.5176344138930484,
      0.5914985440308934,
      0.5481610659012335,
      0.40729628853017547,
      0.2328538758229515,
      0.10402703612900624,
      0.07930046132202039,
      0.1698994994126537,
      0.33469408123697786,
      0.4988709119618289,
      0.5878971428380554,
      0.5613567262948189,
      0.4312984565695466,
      0.25676606902496957,
      0.11699361870561589,
      0.0754348758722223,
      0.15095664091392327,
      0.3092736114145943,
      0.4785131926563729,
      0.5818441530009537,
      0.5723563967639195,
      0.4543571669189675,
      0.2814156468382032,
      0.1320436709974091,
      0.07405299354941253,
      0.13377016966043187,
      0.28408484986666993,
      0.45675731194225067,
      0.5733978681206193,
      0.5810541444688853
    ],
    "fit": {
      "A": 0.00014432990694324854,
      "I0": 0.33333333333333315,
      "phi0": 2.9810348596955603,
      "R2": 3.1651005794053333e-07,
      "visibility_fit": 0.0004329897208297458,
      "visibility_fourier": 2.522823602808732e-16,
      "visibility": 2.522823602808732e-16
    },
    "cycles": 8,
    "per_cycle_V": [
      2.0267184089807627e-16,
      5.532829009443899e-16,
      4.582113399818264e-16,
      3.8505586308379375e-16,
      7.660216364537128e-17,
      9.436427587436105e-17,
      5.082772191468939e-16,
      5.542013916564303e-16
    ]
  },
  "diagnostics": {
    "measured_link_count": 26,
    "selection_policy": "uniform",
    "num_links": 128,
    "visibility_qc": {
      "r2_ok": false,
      "v_in_unit_interval": true,
      "i0_very_small": false
    },
    "hybrid_knobs": {
      "kick_passes": 3,
      "loop_measurement_cycles": 4
    }
  },
  "artifacts": {
    "kernel_hash": "59ad205957406ba8769e06c45a6e3db43b483f8e2d8e66b070b3ff98425f2b57",
    "flip_counts_hash": "b3326e9c852a05e144e201e0a4a89d13606dfe15c97d7e29e97870d36629453e",
    "pivot_fit_hash": "32e5af21ae29df0c4428cd8be3189fb5b9433eb374572ce92302aca28369a080",
    "config_hash": "09be816148e3d54a4ba01072548fde7efe2f97f681380c3e050adf0677f43c72"
  }
}