{
  "sim": "MICC",
  "gauge": "SU3",
  "rep": "fundamental",
  "L": 8,
  "b": 3.0,
  "kappa": 1.0,
  "seed": 1,
  "measurement_model": "dephasing",
  "f": 0.2,
  "schedule": "during",
  "sigma": 0.4177413018230386,
  "sigma_err": 0.0672364822817095,
  "visibility": 5.773994988715912e-17,
  "visibility_err": 3.705170084100778e-17,
  "coherence": {
    "C": 0.28178300117034183,
    "P_entropy": 0.2436317601194838
  },
  "twist_scan": {
    "phi_values": [
      0.0,
      0.09817477042468103,
      0.19634954084936207,
      0.2945243112740431,
      0.39269908169872414,
      0.4908738521234052,
      0.5890486225480862,
      0.6872233929727672,
      0.7853981633974483,
      0.8835729338221293,
      0.9817477042468103,
      1.0799224746714913,
      1.1780972450961724,
      1.2762720155208536,
      1.3744467859455345,
      1.4726215563702154,
      1.5707963267948966,
      1.6689710972195777,
      1.7671458676442586,
      1.8653206380689396,
      1.9634954084936207,
      2.061670178918302,
      2.1598449493429825,
      2.2580197197676637,
      2.356194490192345,
      2.454369260617026,
      2.552544031041707,
      2.650718801466388,
      2.748893571891069,
      2.84706834231575,
      2.945243112740431,
      3.043417883165112,
      3.141592653589793,
      3.2397674240144743,
      3.3379421944391554,
      3.436116964863836,
      3.5342917352885173,
      3.6324665057131984,
      3.730641276137879,
      3.8288160465625602,
      3.9269908169872414,
      4.025165587411922,
      4.123340357836604,
      4.221515128261284,
      4.319689898685965,
      4.417864669110647,
      4.516039439535327,
      4.614214209960009,
      4.71238898038469,
      4.81056375080937,
      4.908738521234052,
      5.006913291658733,
      5.105088062083414,
      5.203262832508095,
      5.301437602932776,
      5.399612373357457,
      5.497787143782138,
      5.595961914206819,
      5.6941366846315,
      5.792311455056181,
      5.890486225480862,
      5.988660995905543,
      6.086835766330224,
      6.1850105367549055
    ],
    "mean_I": [
      0.33471339375834164,
      0.4757714351641021,
      0.5521655562529856,
      0.5292144232015564,
      0.41733737058212544,
      0.26732424130108834,
      0.1472778597687247,
      0.1116967734239845,
      0.17673405158337574,
      0.3128641296790549,
      0.4582867982897548,
      0.5469832061780283,
      0.5386870385140496,
      0.43716458197156477,
      0.28850490931873385,
      0.16019640395297702,
      0.11048844479964973,
      0.16194740608370714,
      0.29121199522056374,
      0.4395987912413652,
      0.5397432910346761,
      0.5461819853878982,
      0.45599184167668416,
      0.3101172995653495,
      0.17478235141343507,
      0.11142623427130184,
      0.14881130075253038,
      0.26996551227396415,
      0.41988738974271306,
      0.5305155351634995,
      0.5516270833875527,
      0.47363783289449524,
      0.33195327290832555,
      0.19089523150256482,
      0.11450111041368126,
      0.1374522434651102,
      0.24932929608454113,
      0.3993424253655785,
      0.519388806897942,
      0.5549698932426823,
      0.4899326150832912,
      0.35380253698761266,
      0.208379868376912,
      0.11968346048863844,
      0.12797962815261688,
      0.22950208469510194,
      0.3781617573479323,
      0.5064702627136901,
      0.556178221867017,
      0.5047192605829601,
      0.3754546714461029,
      0.22706787542530193,
      0.12692337563199055,
      0.12048468127876862,
      0.2106748249899824,
      0.35654936710131785,
      0.4918843152532317,
      0.5552404323953648,
      0.5178553659141363,
      0.3967011543927029,
      0.2467792769239547,
      0.13615113150316743,
      0.1150395832791143,
      0.19302883377217195
    ],
    "fit": {
      "A": 1.1664284956424752e-06,
      "I0": 0.33333333333333337,
      "phi0": -1.9719837149587085,
      "R2": 2.8262836515580148e-11,
      "visibility_fit": 3.4992854869274255e-06,
      "visibility_fourier": 5.773994988715912e-17,
      "visibility": 5.773994988715912e-17
    },
    "cycles": 8,
    "per_cycle_V": [
      1.9934020374648002e-16,
      1.0423389164500536e-16,
      3.3902182357714416e-16,
      3.5612699490338863e-16,
      2.1881475210555538e-16,
      1.0788683641841407e-16,
      3.6429715732095637e-16,
      2.277419246891223e-16
    ]
  },
  "diagnostics": {
    "measured_link_count": 26,
    "selection_policy": "uniform",
    "num_links": 128,
    "visibility_qc": {
      "r2_ok": false,
      "v_in_unit_interval": true,
      "i0_very_small": false
    },
    "hybrid_knobs": {
      "kick_passes": 3,
      "loop_measurement_cycles": 4
    }
  },
  "artifacts": {
    "kernel_hash": "59ad205957406ba8769e06c45a6e3db43b483f8e2d8e66b070b3ff98425f2b57",
    "flip_counts_hash": "2f22c538feb77f48a899689bff9bdbb91197c5203a770852a4a789b6ab244652",
    "pivot_fit_hash": "e730f86cf82cf01e0490c7477184968845e3929e6af95e60cac897b00c6a8382",
    "config_hash": "09be816148e3d54a4ba01072548fde7efe2f97f681380c3e050adf0677f43c72"
  }
}