{
  "sim": "MICC",
  "gauge": "SU3",
  "rep": "fundamental",
  "L": 8,
  "b": 3.5,
  "kappa": 0.75,
  "seed": 4,
  "measurement_model": "dephasing",
  "f": 0.3,
  "schedule": "during",
  "sigma": 0.6070585216348028,
  "sigma_err": 0.027291354009473613,
  "visibility": 3.549367275534137e-17,
  "visibility_err": 3.411686831435661e-17,
  "coherence": {
    "C": 0.2805522548942083,
    "P_entropy": 0.22497229340165273
  },
  "twist_scan": {
    "phi_values": [
      0.0,
      0.09817477042468103,
      0.19634954084936207,
      0.2945243112740431,
      0.39269908169872414,
      0.4908738521234052,
      0.5890486225480862,
      0.6872233929727672,
      0.7853981633974483,
      0.8835729338221293,
      0.9817477042468103,
      1.0799224746714913,
      1.1780972450961724,
      1.2762720155208536,
      1.3744467859455345,
      1.4726215563702154,
      1.5707963267948966,
      1.6689710972195777,
      1.7671458676442586,
      1.8653206380689396,
      1.9634954084936207,
      2.061670178918302,
      2.1598449493429825,
      2.2580197197676637,
      2.356194490192345,
      2.454369260617026,
      2.552544031041707,
      2.650718801466388,
      2.748893571891069,
      2.84706834231575,
      2.945243112740431,
      3.043417883165112,
      3.141592653589793,
      3.2397674240144743,
      3.3379421944391554,
      3.436116964863836,
      3.5342917352885173,
      3.6324665057131984,
      3.730641276137879,
      3.8288160465625602,
      3.9269908169872414,
      4.025165587411922,
      4.123340357836604,
      4.221515128261284,
      4.319689898685965,
      4.417864669110647,
      4.516039439535327,
      4.614214209960009,
      4.71238898038469,
      4.81056375080937,
      4.908738521234052,
      5.006913291658733,
      5.105088062083414,
      5.203262832508095,
      5.301437602932776,
      5.399612373357457,
      5.497787143782138,
      5.595961914206819,
      5.6941366846315,
      5.792311455056181,
      5.890486225480862,
      5.988660995905543,
      6.086835766330224,
      6.1850105367549055
    ],
    "mean_I": [
      0.21334028599726426,
      0.2355028045123423,
      0.3020783377961411,
      0.3828429856142137,
      0.44113128638147525,
      0.45048157016709145,
      0.4066490036162085,
      0.32953265554749167,
      0.25414173573381993,
      0.21470214559333653,
      0.2291186344971367,
      0.29084641788447113,
      0.3718623726233116,
      0.43538694904054914,
      0.45258131753363773,
      0.4156395942846572,
      0.341332549318178,
      0.26339402753199187,
      0.21720648837774864,
      0.22373810900127303,
      0.2800236701942845,
      0.36051070392193174,
      0.42865977959218093,
      0.4535326416247561,
      0.4238375306669656,
      0.3530554062661138,
      0.27331987307774436,
      0.22082919616047403,
      0.21941304542657097,
      0.26971432370215304,
      0.3488973022851213,
      0.42101456435560414,
      0.4533263806694022,
      0.43116386215432434,
      0.36458832887052534,
      0.2838236810524528,
      0.2255353802851912,
      0.21618509649957512,
      0.2600176630504578,
      0.33713401111917446,
      0.41252493093284637,
      0.45196452107333007,
      0.43754803216952975,
      0.37582024878219544,
      0.29480429404335534,
      0.2312797176261175,
      0.21408534913302876,
      0.25102707238200955,
      0.3253341173484884,
      0.4032726391346742,
      0.44946017828891793,
      0.4429285576653936,
      0.38664299647238176,
      0.3061559627447348,
      0.23800688707448556,
      0.2131340250419104,
      0.2428291359997008,
      0.3136112604005521,
      0.39334679358892205,
      0.4458374705061923,
      0.4472536212400956,
      0.3969523429645137,
      0.31776936438154546,
      0.24565210231106213
    ],
    "fit": {
      "A": 0.00020065247193528613,
      "I0": 0.3333333333333333,
      "phi0": 2.1540511459970695,
      "R2": 3.4546532167167854e-06,
      "visibility_fit": 0.0006019574158058585,
      "visibility_fourier": 3.549367275534137e-17,
      "visibility": 3.549367275534137e-17
    },
    "cycles": 16,
    "per_cycle_V": [
      4.1316297502840417e-16,
      2.2844808707439144e-16,
      1.6101552131743683e-16,
      5.934897339943328e-16,
      3.9543348868060116e-16,
      2.9577252363374957e-16,
      4.95689123020295e-16,
      3.7928028019565784e-16,
      4.1112434941120085e-16,
      1.576183216379479e-16,
      2.469412875432981e-16,
      1.0536236325103753e-16,
      2.1395130430600535e-16,
      3.918343401263914e-16,
      2.0306687013826203e-16,
      2.3165158610412694e-16
    ]
  },
  "diagnostics": {
    "measured_link_count": 38,
    "selection_policy": "uniform",
    "num_links": 128,
    "creutz_sizes": [
      [
        2,
        2
      ],
      [
        3,
        3
      ]
    ],
    "loop_sizes_measured": [
      [
        1,
        1
      ],
      [
        1,
        2
      ],
      [
        2,
        1
      ],
      [
        2,
        2
      ],
      [
        2,
        3
      ],
      [
        3,
        2
      ],
      [
        3,
        3
      ]
    ],
    "visibility_qc": {
      "r2_ok": false,
      "v_in_unit_interval": true,
      "i0_very_small": false
    },
    "hybrid_knobs": {
      "kick_passes": 3,
      "loop_measurement_cycles": 6
    }
  },
  "artifacts": {
    "kernel_hash": "59ad205957406ba8769e06c45a6e3db43b483f8e2d8e66b070b3ff98425f2b57",
    "flip_counts_hash": "b3326e9c852a05e144e201e0a4a89d13606dfe15c97d7e29e97870d36629453e",
    "pivot_fit_hash": "32e5af21ae29df0c4428cd8be3189fb5b9433eb374572ce92302aca28369a080",
    "config_hash": "3e53227bb97f97d3e0f7892c2fd75b0f2e140b1e74473c1589a222acbe454fae"
  }
}