{
  "sim": "MICC",
  "gauge": "SU3",
  "rep": "fundamental",
  "L": 12,
  "b": 3.0,
  "kappa": 0.75,
  "seed": 4,
  "measurement_model": "dephasing",
  "f": 0.1,
  "schedule": "during",
  "sigma": 0.4753051204777478,
  "sigma_err": 0.06423530574041446,
  "visibility": 3.121974087045814e-16,
  "visibility_err": 9.35920658461953e-17,
  "coherence": {
    "C": 0.26039996388564235,
    "P_entropy": 0.28503195173453144
  },
  "twist_scan": {
    "phi_values": [
      0.0,
      0.09817477042468103,
      0.19634954084936207,
      0.2945243112740431,
      0.39269908169872414,
      0.4908738521234052,
      0.5890486225480862,
      0.6872233929727672,
      0.7853981633974483,
      0.8835729338221293,
      0.9817477042468103,
      1.0799224746714913,
      1.1780972450961724,
      1.2762720155208536,
      1.3744467859455345,
      1.4726215563702154,
      1.5707963267948966,
      1.6689710972195777,
      1.7671458676442586,
      1.8653206380689396,
      1.9634954084936207,
      2.061670178918302,
      2.1598449493429825,
      2.2580197197676637,
      2.356194490192345,
      2.454369260617026,
      2.552544031041707,
      2.650718801466388,
      2.748893571891069,
      2.84706834231575,
      2.945243112740431,
      3.043417883165112,
      3.141592653589793,
      3.2397674240144743,
      3.3379421944391554,
      3.436116964863836,
      3.5342917352885173,
      3.6324665057131984,
      3.730641276137879,
      3.8288160465625602,
      3.9269908169872414,
      4.025165587411922,
      4.123340357836604,
      4.221515128261284,
      4.319689898685965,
      4.417864669110647,
      4.516039439535327,
      4.614214209960009,
      4.71238898038469,
      4.81056375080937,
      4.908738521234052,
      5.006913291658733,
      5.105088062083414,
      5.203262832508095,
      5.301437602932776,
      5.399612373357457,
      5.497787143782138,
      5.595961914206819,
      5.6941366846315,
      5.792311455056181,
      5.890486225480862,
      5.988660995905543,
      6.086835766330224,
      6.1850105367549055
    ],
    "mean_I": [
      0.40914651662837764,
      0.6076568736191342,
      0.5161505934888524,
      0.23136871279309534,
      0.05438449438907568,
      0.172306809034124,
      0.4604674160834321,
      0.6142210411280689,
      0.47101834832118,
      0.1822541590888171,
      0.053211858863024195,
      0.22031580961746808,
      0.5069026240360155,
      0.6099908515500931,
      0.42059494524217045,
      0.13894549332457903,
      0.0628041345069341,
      0.2726680102562563,
      0.5466676614856746,
      0.5951288686983712,
      0.3668181273543801,
      0.10310704323791961,
      0.08279269554721988,
      0.3273515452393903,
      0.5782343803437087,
      0.5702062302391983,
      0.3117545076108491,
      0.07611606036723736,
      0.11240939279281773,
      0.3822649569843502,
      0.6003896893072234,
      0.5361806991917845,
      0.2575201500382898,
      0.0590097930475328,
      0.15051607317781493,
      0.4352979538735712,
      0.6122821722775915,
      0.4943598576325431,
      0.2061992505832356,
      0.05244562553859841,
      0.19564831834548665,
      0.48441250757784887,
      0.6134548078036427,
      0.44635085704919913,
      0.1597640426306528,
      0.05667581511657402,
      0.24607172142449552,
      0.5277211733420889,
      0.6038625321597331,
      0.39399865641041226,
      0.11999900518099242,
      0.07153779796829567,
      0.2998485393122879,
      0.5635596234287471,
      0.5838739711194474,
      0.3393151214272757,
      0.0884322863229586,
      0.0964604364274678,
      0.3549121590558176,
      0.5905506062994293,
      0.5542572738738504,
      0.2844017096823171,
      0.06627697735944404,
      0.13048596747488309
    ],
    "fit": {
      "A": 7.694074720679036e-15,
      "I0": 0.33333333333333365,
      "phi0": -0.40445399042186087,
      "R2": 0.0,
      "visibility_fit": 2.3082224162037086e-14,
      "visibility_fourier": 3.121974087045814e-16,
      "visibility": 3.121974087045814e-16
    },
    "cycles": 8,
    "per_cycle_V": [
      8.730622775714205e-17,
      5.902293463595689e-16,
      9.54912982234023e-16,
      8.825438333241577e-16,
      5.427889880598369e-16,
      6.049135479874768e-16,
      7.094732075943214e-16,
      7.353791597219886e-16
    ]
  },
  "diagnostics": {
    "measured_link_count": 29,
    "selection_policy": "uniform",
    "num_links": 288,
    "visibility_qc": {
      "r2_ok": false,
      "v_in_unit_interval": true,
      "i0_very_small": false
    },
    "hybrid_knobs": {
      "kick_passes": 3,
      "loop_measurement_cycles": 4
    }
  },
  "artifacts": {
    "kernel_hash": "c776a5135c116bb3a99eaad342348026ed00e0c6d5dcf8a66155f4c58107111d",
    "flip_counts_hash": "7a11042fb34eaa3744d5206ec23f7fdadc3f7966920f4b324b412fb9e9cc0219",
    "pivot_fit_hash": "d04f83ead3fcfaea1653e658999e83d0abac9536c46d06a4e4ad9b696714687e",
    "config_hash": "09be816148e3d54a4ba01072548fde7efe2f97f681380c3e050adf0677f43c72"
  }
}