{
  "sim": "MICC",
  "gauge": "SU3",
  "rep": "fundamental",
  "L": 8,
  "b": 3.0,
  "kappa": 1.0,
  "seed": 0,
  "measurement_model": "dephasing",
  "f": 0.3,
  "schedule": "pre",
  "sigma": 0.40943013645845533,
  "sigma_err": 0.10767111889536474,
  "visibility": 2.1924401664727982e-16,
  "visibility_err": 0.0,
  "coherence": {
    "C": 0.27940114368557983,
    "P_entropy": 0.2715333182023223
  },
  "twist_scan": {
    "phi_values": [
      0.0,
      0.09817477042468103,
      0.19634954084936207,
      0.2945243112740431,
      0.39269908169872414,
      0.4908738521234052,
      0.5890486225480862,
      0.6872233929727672,
      0.7853981633974483,
      0.8835729338221293,
      0.9817477042468103,
      1.0799224746714913,
      1.1780972450961724,
      1.2762720155208536,
      1.3744467859455345,
      1.4726215563702154,
      1.5707963267948966,
      1.6689710972195777,
      1.7671458676442586,
      1.8653206380689396,
      1.9634954084936207,
      2.061670178918302,
      2.1598449493429825,
      2.2580197197676637,
      2.356194490192345,
      2.454369260617026,
      2.552544031041707,
      2.650718801466388,
      2.748893571891069,
      2.84706834231575,
      2.945243112740431,
      3.043417883165112,
      3.141592653589793,
      3.2397674240144743,
      3.3379421944391554,
      3.436116964863836,
      3.5342917352885173,
      3.6324665057131984,
      3.730641276137879,
      3.8288160465625602,
      3.9269908169872414,
      4.025165587411922,
      4.123340357836604,
      4.221515128261284,
      4.319689898685965,
      4.417864669110647,
      4.516039439535327,
      4.614214209960009,
      4.71238898038469,
      4.81056375080937,
      4.908738521234052,
      5.006913291658733,
      5.105088062083414,
      5.203262832508095,
      5.301437602932776,
      5.399612373357457,
      5.497787143782138,
      5.595961914206819,
      5.6941366846315,
      5.792311455056181,
      5.890486225480862,
      5.988660995905543,
      6.086835766330224,
      6.1850105367549055
    ],
    "mean_I": [
      -0.33291725316006165,
      -0.19662526870309957,
      0.18025684137939788,
      0.6266324784807881,
      0.9398564356099435,
      0.9777315847175105,
      0.7230633999539987,
      0.29146591292421725,
      -0.12112464055049121,
      -0.32740077511004145,
      -0.23371743822291724,
      0.11739509377593416,
      0.5665390719723518,
      0.9098125203950118,
      0.9913764701837744,
      0.7742025933696494,
      0.3568832896316262,
      -0.07112720191335074,
      -0.3155210664017078,
      -0.26534859883116524,
      0.056612949463258955,
      0.504199766717598,
      0.8742167954730952,
      0.9986840405191988,
      0.8210959748074975,
      0.422073867386167,
      -0.01723458722116604,
      -0.29739253512403024,
      -0.29121412515983386,
      -0.0015042262819989405,
      0.44021492430425774,
      0.8334120671337973,
      0.9995839198267287,
      0.8632919353697666,
      0.4864098252872685,
      0.040034188185879865,
      -0.2731897689432765,
      -0.3110649180508438,
      -0.05639673328733364,
      0.37520075374244877,
      0.7877913072171577,
      0.9940674417767088,
      0.9003841048895838,
      0.549271572890733,
      0.10012759469431728,
      -0.2431458537283444,
      -0.32470980351710743,
      -0.10753592670298186,
      0.30978337703504005,
      0.7377938685800156,
      0.9821877330683747,
      0.9320152654978324,
      0.6100537172034065,
      0.16246689994906924,
      -0.2075501288064278,
      -0.3320173738525316,
      -0.1544293081408309,
      0.244592799280497,
      0.6839012538878323,
      0.9640592017906966,
      0.9578807918265015,
      0.6681708929486662,
      0.22645174236240967,
      -0.16674540046713135
    ],
    "fit": {
      "A": 1.2802031441333847e-16,
      "I0": 0.33333333333333337,
      "phi0": 0.32229969028951555,
      "R2": -2.220446049250313e-16,
      "visibility_fit": 3.840609432400154e-16,
      "visibility_fourier": 2.1924401664727982e-16,
      "visibility": 2.1924401664727982e-16
    },
    "cycles": 8,
    "per_cycle_V": [
      2.3774662517098657e-16,
      2.3774662517098657e-16,
      2.3774662517098657e-16,
      2.3774662517098657e-16,
      2.3774662517098657e-16,
      2.3774662517098657e-16,
      2.3774662517098657e-16,
      2.3774662517098657e-16
    ]
  },
  "diagnostics": {
    "measured_link_count": 38,
    "selection_policy": "uniform",
    "num_links": 128,
    "visibility_qc": {
      "r2_ok": false,
      "v_in_unit_interval": true,
      "i0_very_small": false
    },
    "hybrid_knobs": {
      "kick_passes": 3,
      "loop_measurement_cycles": 4
    }
  },
  "artifacts": {
    "kernel_hash": "59ad205957406ba8769e06c45a6e3db43b483f8e2d8e66b070b3ff98425f2b57",
    "flip_counts_hash": "051ffecc2b526e5161a7cdb343471ea2bcf4c30d07d6aca6b7e9329b81a2e42c",
    "pivot_fit_hash": "e730f86cf82cf01e0490c7477184968845e3929e6af95e60cac897b00c6a8382",
    "config_hash": "09be816148e3d54a4ba01072548fde7efe2f97f681380c3e050adf0677f43c72"
  }
}