{
  "sim": "MICC",
  "gauge": "SU3",
  "rep": "fundamental",
  "L": 8,
  "b": 3.5,
  "kappa": 1.0,
  "seed": 3,
  "measurement_model": "dephasing",
  "f": 0.3,
  "schedule": "pre",
  "sigma": 0.45670064544782957,
  "sigma_err": 0.12910463897748717,
  "visibility": 3.428068278789177e-16,
  "visibility_err": 1.3044561088975574e-31,
  "coherence": {
    "C": 0.2745568614622342,
    "P_entropy": 0.2596085905965674
  },
  "twist_scan": {
    "phi_values": [
      0.0,
      0.09817477042468103,
      0.19634954084936207,
      0.2945243112740431,
      0.39269908169872414,
      0.4908738521234052,
      0.5890486225480862,
      0.6872233929727672,
      0.7853981633974483,
      0.8835729338221293,
      0.9817477042468103,
      1.0799224746714913,
      1.1780972450961724,
      1.2762720155208536,
      1.3744467859455345,
      1.4726215563702154,
      1.5707963267948966,
      1.6689710972195777,
      1.7671458676442586,
      1.8653206380689396,
      1.9634954084936207,
      2.061670178918302,
      2.1598449493429825,
      2.2580197197676637,
      2.356194490192345,
      2.454369260617026,
      2.552544031041707,
      2.650718801466388,
      2.748893571891069,
      2.84706834231575,
      2.945243112740431,
      3.043417883165112,
      3.141592653589793,
      3.2397674240144743,
      3.3379421944391554,
      3.436116964863836,
      3.5342917352885173,
      3.6324665057131984,
      3.730641276137879,
      3.8288160465625602,
      3.9269908169872414,
      4.025165587411922,
      4.123340357836604,
      4.221515128261284,
      4.319689898685965,
      4.417864669110647,
      4.516039439535327,
      4.614214209960009,
      4.71238898038469,
      4.81056375080937,
      4.908738521234052,
      5.006913291658733,
      5.105088062083414,
      5.203262832508095,
      5.301437602932776,
      5.399612373357457,
      5.497787143782138,
      5.595961914206819,
      5.6941366846315,
      5.792311455056181,
      5.890486225480862,
      5.988660995905543,
      6.086835766330224,
      6.1850105367549055
    ],
    "mean_I": [
      0.22808221166704643,
      -0.1656517199775085,
      -0.33285686956246635,
      -0.1976255948884167,
      0.17864993258575723,
      0.6251484900759356,
      0.9391690673043434,
      0.9781528873512856,
      0.7244021109394732,
      0.2931142854620477,
      -0.11991493313040667,
      -0.3271789146854011,
      -0.2345841447881327,
      0.11583328688147522,
      0.5649911924264641,
      0.9089812731504355,
      0.9916392241108907,
      0.77544006367887,
      0.35853369067401775,
      -0.0698131177065523,
      -0.31513986578719294,
      -0.2660733389182653,
      0.05511128552214316,
      0.5026029029568583,
      0.8732496746549162,
      0.9987857152757018,
      0.8222202869249171,
      0.42371040266888066,
      -0.015828781576917427,
      -0.29685566548994385,
      -0.29178991912559793,
      -0.0029312854251233303,
      0.43858445499961934,
      0.832318386644175,
      0.9995235362291324,
      0.864292261555084,
      0.48801673408090973,
      0.04151817659073067,
      -0.272502400637677,
      -0.31148622068461934,
      -0.0577354442728072,
      0.3735523812046162,
      0.7865815997970731,
      0.9938455813520675,
      0.9012508114548002,
      0.5508333797851915,
      0.10167547424020397,
      -0.2423146064837703,
      -0.324972557444224,
      -0.10877339701220536,
      0.3081329759926494,
      0.7364797843732181,
      0.9818065324538596,
      0.9327400055849315,
      0.6115553811445239,
      0.1640637637098066,
      -0.20658300798824938,
      -0.3321190486090353,
      -0.15555362025825045,
      0.2429562639977853,
      0.6824954482435814,
      0.9635223321566101,
      0.9584565857922642,
      0.6695979520917887
    ],
    "fit": {
      "A": 1.0299711117371028e-16,
      "I0": 0.3333333333333331,
      "phi0": 2.5945393699898442,
      "R2": 0.0,
      "visibility_fit": 3.0899133352113106e-16,
      "visibility_fourier": 3.428068278789177e-16,
      "visibility": 3.428068278789177e-16
    },
    "cycles": 8,
    "per_cycle_V": [
      2.876010523141752e-16,
      2.876010523141752e-16,
      2.876010523141752e-16,
      2.876010523141752e-16,
      2.876010523141752e-16,
      2.876010523141752e-16,
      2.876010523141752e-16,
      2.876010523141752e-16
    ]
  },
  "diagnostics": {
    "measured_link_count": 38,
    "selection_policy": "uniform",
    "num_links": 128,
    "visibility_qc": {
      "r2_ok": false,
      "v_in_unit_interval": true,
      "i0_very_small": false
    },
    "hybrid_knobs": {
      "kick_passes": 3,
      "loop_measurement_cycles": 4
    }
  },
  "artifacts": {
    "kernel_hash": "59ad205957406ba8769e06c45a6e3db43b483f8e2d8e66b070b3ff98425f2b57",
    "flip_counts_hash": "c1b27689be21b2ac0fdae0da5c804f2dab3460dc84baee0f4b6cda147a262623",
    "pivot_fit_hash": "18f843e4852e0cb06a5603a8f3e251da6d346190d1181f60fc167ac1ef296fd4",
    "config_hash": "09be816148e3d54a4ba01072548fde7efe2f97f681380c3e050adf0677f43c72"
  }
}