{
  "sim": "MICC",
  "gauge": "SU3",
  "rep": "fundamental",
  "L": 12,
  "b": 3.0,
  "kappa": 1.0,
  "seed": 1,
  "measurement_model": "dephasing",
  "f": 0.5,
  "schedule": "during",
  "sigma": 0.7202147601884817,
  "sigma_err": 0.06176820339365782,
  "visibility": 4.1998947106009673e-17,
  "visibility_err": 3.4108146109830346e-17,
  "coherence": {
    "C": 0.37658658272378864,
    "P_entropy": 0.17998908735966124
  },
  "twist_scan": {
    "phi_values": [
      0.0,
      0.09817477042468103,
      0.19634954084936207,
      0.2945243112740431,
      0.39269908169872414,
      0.4908738521234052,
      0.5890486225480862,
      0.6872233929727672,
      0.7853981633974483,
      0.8835729338221293,
      0.9817477042468103,
      1.0799224746714913,
      1.1780972450961724,
      1.2762720155208536,
      1.3744467859455345,
      1.4726215563702154,
      1.5707963267948966,
      1.6689710972195777,
      1.7671458676442586,
      1.8653206380689396,
      1.9634954084936207,
      2.061670178918302,
      2.1598449493429825,
      2.2580197197676637,
      2.356194490192345,
      2.454369260617026,
      2.552544031041707,
      2.650718801466388,
      2.748893571891069,
      2.84706834231575,
      2.945243112740431,
      3.043417883165112,
      3.141592653589793,
      3.2397674240144743,
      3.3379421944391554,
      3.436116964863836,
      3.5342917352885173,
      3.6324665057131984,
      3.730641276137879,
      3.8288160465625602,
      3.9269908169872414,
      4.025165587411922,
      4.123340357836604,
      4.221515128261284,
      4.319689898685965,
      4.417864669110647,
      4.516039439535327,
      4.614214209960009,
      4.71238898038469,
      4.81056375080937,
      4.908738521234052,
      5.006913291658733,
      5.105088062083414,
      5.203262832508095,
      5.301437602932776,
      5.399612373357457,
      5.497787143782138,
      5.595961914206819,
      5.6941366846315,
      5.792311455056181,
      5.890486225480862,
      5.988660995905543,
      6.086835766330224,
      6.1850105367549055
    ],
    "mean_I": [
      0.3952767281409552,
      0.46507011052220804,
      0.3955905122993295,
      0.2602922181615844,
      0.20221346767514845,
      0.2827554948964194,
      0.41676874300177075,
      0.4625735314771309,
      0.3717447390083588,
      0.24030715777374936,
      0.20721745646192716,
      0.30745828325465696,
      0.4350543818601451,
      0.4551103240961256,
      0.34642283693866144,
      0.223897041142989,
      0.2170680076702756,
      0.3331554352765234,
      0.44943093786945515,
      0.44296729525342965,
      0.32059791258608955,
      0.21169249984852356,
      0.23138657014150926,
      0.3588594238209459,
      0.4593459280447288,
      0.42661109473757824,
      0.29526240331072773,
      0.20416254756791435,
      0.24962288954980155,
      0.38358245902312643,
      0.464418324873921,
      0.4066702821617334,
      0.27138993852571164,
      0.20159655614445873,
      0.27107615436733734,
      0.4063744485050823,
      0.4644531989915184,
      0.3839111717702474,
      0.24989792366489633,
      0.20409313518953595,
      0.2949219276583076,
      0.426359508892917,
      0.45944921020473944,
      0.35920838341200984,
      0.23161228480652227,
      0.21155634257054115,
      0.3202438297280047,
      0.4427696255236781,
      0.44959865899639134,
      0.3335112313901443,
      0.21723572879721154,
      0.2236993714132371,
      0.3460687540805777,
      0.45497416681814307,
      0.4352800965251576,
      0.30780724284572053,
      0.207320738621938,
      0.24005557192908808,
      0.3714042633559389,
      0.4625041190987522,
      0.4170437771168659,
      0.2830842076435404,
      0.20224834179274598,
      0.2599963845049338
    ],
    "fit": {
      "A": 8.563819084633361e-16,
      "I0": 0.3333333333333335,
      "phi0": 1.8384072557124282,
      "R2": 3.3306690738754696e-16,
      "visibility_fit": 2.5691457253900072e-15,
      "visibility_fourier": 4.1998947106009673e-17,
      "visibility": 4.1998947106009673e-17
    },
    "cycles": 16,
    "per_cycle_V": [
      8.566853784131489e-16,
      6.719919897462394e-16,
      6.762468545920168e-16,
      7.018097610937267e-16,
      5.27332085493012e-16,
      4.988952379519781e-16,
      4.124672204511971e-16,
      7.795387080545296e-16,
      7.625687423303026e-16,
      6.0487926819994525e-16,
      8.500636367341174e-16,
      5.817872096171218e-16,
      4.587651312463664e-16,
      5.173346075628647e-16,
      6.819700612259217e-16,
      7.359546956930159e-16
    ]
  },
  "diagnostics": {
    "measured_link_count": 144,
    "selection_policy": "uniform",
    "num_links": 288,
    "creutz_sizes": [
      [
        2,
        2
      ],
      [
        3,
        3
      ]
    ],
    "loop_sizes_measured": [
      [
        1,
        1
      ],
      [
        1,
        2
      ],
      [
        2,
        1
      ],
      [
        2,
        2
      ],
      [
        2,
        3
      ],
      [
        3,
        2
      ],
      [
        3,
        3
      ]
    ],
    "visibility_qc": {
      "r2_ok": false,
      "v_in_unit_interval": true,
      "i0_very_small": false
    },
    "hybrid_knobs": {
      "kick_passes": 3,
      "loop_measurement_cycles": 6
    }
  },
  "artifacts": {
    "kernel_hash": "c776a5135c116bb3a99eaad342348026ed00e0c6d5dcf8a66155f4c58107111d",
    "flip_counts_hash": "1045813912820017453b344ca74f8b8f873bba658c2e9b55c71942b9dd07c053",
    "pivot_fit_hash": "e730f86cf82cf01e0490c7477184968845e3929e6af95e60cac897b00c6a8382",
    "config_hash": "3e53227bb97f97d3e0f7892c2fd75b0f2e140b1e74473c1589a222acbe454fae"
  }
}