{
  "sim": "MICC",
  "gauge": "SU3",
  "rep": "fundamental",
  "L": 8,
  "b": 3.5,
  "kappa": 1.0,
  "seed": 3,
  "measurement_model": "dephasing",
  "f": 0.05,
  "schedule": "during",
  "sigma": 0.32156621067430186,
  "sigma_err": 0.030806838080758563,
  "visibility": 4.2930463296037873e-16,
  "visibility_err": 3.951204994042338e-17,
  "coherence": {
    "C": 0.24896913680928984,
    "P_entropy": 0.31658206662532185
  },
  "twist_scan": {
    "phi_values": [
      0.0,
      0.09817477042468103,
      0.19634954084936207,
      0.2945243112740431,
      0.39269908169872414,
      0.4908738521234052,
      0.5890486225480862,
      0.6872233929727672,
      0.7853981633974483,
      0.8835729338221293,
      0.9817477042468103,
      1.0799224746714913,
      1.1780972450961724,
      1.2762720155208536,
      1.3744467859455345,
      1.4726215563702154,
      1.5707963267948966,
      1.6689710972195777,
      1.7671458676442586,
      1.8653206380689396,
      1.9634954084936207,
      2.061670178918302,
      2.1598449493429825,
      2.2580197197676637,
      2.356194490192345,
      2.454369260617026,
      2.552544031041707,
      2.650718801466388,
      2.748893571891069,
      2.84706834231575,
      2.945243112740431,
      3.043417883165112,
      3.141592653589793,
      3.2397674240144743,
      3.3379421944391554,
      3.436116964863836,
      3.5342917352885173,
      3.6324665057131984,
      3.730641276137879,
      3.8288160465625602,
      3.9269908169872414,
      4.025165587411922,
      4.123340357836604,
      4.221515128261284,
      4.319689898685965,
      4.417864669110647,
      4.516039439535327,
      4.614214209960009,
      4.71238898038469,
      4.81056375080937,
      4.908738521234052,
      5.006913291658733,
      5.105088062083414,
      5.203262832508095,
      5.301437602932776,
      5.399612373357457,
      5.497787143782138,
      5.595961914206819,
      5.6941366846315,
      5.792311455056181,
      5.890486225480862,
      5.988660995905543,
      6.086835766330224,
      6.1850105367549055
    ],
    "mean_I": [
      0.5854014700438605,
      0.1571979345871052,
      -0.1910438122532903,
      -0.3012292980063861,
      -0.12333661575797915,
      0.26187467590462593,
      0.6795267040733305,
      0.9400141796958394,
      0.9250812347796757,
      0.6415071141177974,
      0.21802853988440607,
      -0.1531040687688347,
      -0.303404266680918,
      -0.16463890628473285,
      0.2001954399291464,
      0.6254716062711387,
      0.918123104354041,
      0.9452922724327439,
      0.6946448762178558,
      0.2799695933746324,
      -0.11047966718840341,
      -0.29944710419113374,
      -0.20114545192464878,
      0.13979839464772473,
      0.5686030572015321,
      0.8906001838387063,
      0.9596098109715002,
      0.7443030106469553,
      0.3424245688522474,
      -0.06358110380008199,
      -0.2893959201750146,
      -0.23250467468670505,
      0.08126519662280547,
      0.5094687320795612,
      0.8577104789199571,
      0.9678959646730529,
      0.790003282424646,
      0.4047919907620406,
      -0.012860037406663128,
      -0.2733475130291724,
      -0.25841456811300945,
      0.02515955254886663,
      0.4486381267822608,
      0.8197707354355009,
      0.9700709333475843,
      0.8313055729513995,
      0.4664712267375215,
      0.04119506039552639,
      -0.2514564376873742,
      -0.27862560576607787,
      -0.027978209551188765,
      0.38669707329203357,
      0.7771463338550707,
      0.9661137708577999,
      0.8678121185913157,
      0.5268682720189404,
      0.098063609465135,
      -0.22393351717203838,
      -0.2929431443048332,
      -0.07763634398028896,
      0.3242420978144165,
      0.7302477704667484,
      0.9560625868416804,
      0.8991713413533711
    ],
    "fit": {
      "A": 0.1751181876495603,
      "I0": 0.3333333333333321,
      "phi0": -3.1216215492686556,
      "R2": 0.04742728260310025,
      "visibility_fit": 0.5253545629486829,
      "visibility_fourier": 4.2930463296037873e-16,
      "visibility": 4.2930463296037873e-16
    },
    "cycles": 8,
    "per_cycle_V": [
      5.13554330417536e-16,
      4.95053123097728e-16,
      3.433175098891679e-16,
      4.608336257327548e-16,
      3.5403661984765355e-16,
      4.280113802336906e-16,
      7.012764478631311e-16,
      4.801975362647164e-16
    ]
  },
  "diagnostics": {
    "measured_link_count": 6,
    "selection_policy": "uniform",
    "num_links": 128,
    "visibility_qc": {
      "r2_ok": false,
      "v_in_unit_interval": true,
      "i0_very_small": false
    },
    "hybrid_knobs": {
      "kick_passes": 3,
      "loop_measurement_cycles": 4
    }
  },
  "artifacts": {
    "kernel_hash": "59ad205957406ba8769e06c45a6e3db43b483f8e2d8e66b070b3ff98425f2b57",
    "flip_counts_hash": "c1b27689be21b2ac0fdae0da5c804f2dab3460dc84baee0f4b6cda147a262623",
    "pivot_fit_hash": "18f843e4852e0cb06a5603a8f3e251da6d346190d1181f60fc167ac1ef296fd4",
    "config_hash": "09be816148e3d54a4ba01072548fde7efe2f97f681380c3e050adf0677f43c72"
  }
}